index,school_id,year,category,1,2A(1),2A(2),2B,2C,2C(S),3,Total,sort_id
0,admiralty,2009,applied,0,0,0,51,139,0,0,0,2
1,admiralty,2009,ballot,,,,,,,,,4
2,admiralty,2009,odds,,,,1,0.539568345323741,,,,5
3,admiralty,2009,taken,168,0,7,51,75,0,0,301,3
4,admiralty,2009,vacancy,0,0,0,63,75,0,0,300,1
5,admiralty,2010,applied,0,0,0,40,163,0,0,0,2
6,admiralty,2010,ballot,,,,,,,,,4
7,admiralty,2010,odds,,,,1,0.515337423312883,,,,5
8,admiralty,2010,taken,132,0,14,40,84,0,0,270,3
9,admiralty,2010,vacancy,0,0,0,62,84,0,0,270,1
10,admiralty,2011,applied,0,0,0,31,143,0,0,0,2
11,admiralty,2011,ballot,,,,,,,,,4
12,admiralty,2011,odds,,,,1,0.426573426573427,,,,5
13,admiralty,2011,taken,134,0,16,31,61,0,0,242,3
14,admiralty,2011,vacancy,0,0,0,45,61,0,0,240,1
15,admiralty,2012,applied,0,0,0,48,81,0,0,0,2
16,admiralty,2012,ballot,,,,,,,,,4
17,admiralty,2012,odds,,,,1,0.765432098765432,,,,5
18,admiralty,2012,taken,104,1,25,48,62,0,0,240,3
19,admiralty,2012,vacancy,0,0,0,55,62,0,0,240,1
20,admiralty,2013,applied,0,0,0,40,96,0,0,0,2
21,admiralty,2013,ballot,,,,,,,,,4
22,admiralty,2013,odds,,,,1,0.895833333333333,,,,5
23,admiralty,2013,taken,98,1,15,40,86,0,0,240,3
24,admiralty,2013,vacancy,0,0,0,63,86,0,0,240,1
25,admiralty,2014,applied,0,0,0,41,85,0,0,0,2
26,admiralty,2014,ballot,,,,,,,,,4
27,admiralty,2014,odds,,,,1,0.882352941176471,,,,5
28,admiralty,2014,taken,101,0,23,41,75,0,0,240,3
29,admiralty,2014,vacancy,0,0,0,58,75,0,0,240,1
30,admiralty,2015,applied,0,0,0,22,87,0,0,0,2
31,admiralty,2015,ballot,,,,,,,,,4
32,admiralty,2015,odds,,,,1,0.908045977011494,,,,5
33,admiralty,2015,taken,110,0,33,18,79,0,0,240,3
34,admiralty,2015,vacancy,0,0,0,49,79,0,0,240,1
35,admiralty,2016,applied,0,0,0,30,95,0,0,0,2
36,admiralty,2016,ballot,,,,,,,,,4
37,admiralty,2016,odds,,,,1,0.968421052631579,,,,5
38,admiralty,2016,taken,70,0,21,27,92,0,0,210,3
39,admiralty,2016,vacancy,0,0,0,60,92,0,0,210,1
40,admiralty,2017,applied,0,0,0,35,91,0,0,0,2
41,admiralty,2017,ballot,,,,,,,,,4
42,admiralty,2017,odds,,,,1,0.857142857142857,,,,5
43,admiralty,2017,taken,73,0,24,35,78,0,0,210,3
44,admiralty,2017,vacancy,0,0,0,57,78,0,0,210,1
45,admiralty,2018,applied,0,0,0,35,87,0,0,0,2
46,admiralty,2018,ballot,,,,,,,,,4
47,admiralty,2018,odds,,,,1,0.528735632183908,,,,5
48,admiralty,2018,taken,108,0,21,35,46,0,0,210,3
49,admiralty,2018,vacancy,0,0,0,41,46,0,0,210,1
50,admiralty,2019,applied,83,0,22,44,86,0,0,0,2
51,admiralty,2019,ballot,,,,,SC<1,,,,4
52,admiralty,2019,odds,,,,,0.709302325581395,,,,5
53,admiralty,2019,taken,83,0,22,44,61,0,0,210,3
54,admiralty,2019,vacancy,170,87,87,53,61,0,0,210,1
55,admiralty,2020,applied,89,1,23,48,79,0,0,0,2
56,admiralty,2020,ballot,,,,,SC<1,,,,4
57,admiralty,2020,odds,,,,,0.632911392405063,,,,5
58,admiralty,2020,taken,89,1,23,48,50,0,0,211,3
59,admiralty,2020,vacancy,170,81,80,49,50,0,0,210,1
60,admiralty,2021,applied,83,0,28,60,93,0,0,0,2
61,admiralty,2021,ballot,,,,SC1-2,SC<1,,,,4
62,admiralty,2021,odds,,,,0.833333333333333,0.537634408602151,,,,5
63,admiralty,2021,taken,83,0,28,50,50,0,0,211,3
64,admiralty,2021,vacancy,170,87,87,50,50,0,0,210,1
65,admiralty,2022,applied,107,37,0,49,104,0,0,0,2
66,admiralty,2022,ballot,,,,SC<1,SC<1,,,,4
67,admiralty,2022,odds,,,,0.448979591836735,0.432692307692308,,,,5
68,admiralty,2022,taken,107,37,0,22,45,0,0,211,3
69,admiralty,2022,vacancy,150,44,0,22,45,0,0,210,1
70,admiralty,2023,applied,75,32,0,37,109,0,0,0,2
71,admiralty,2023,ballot,,,,PR<1,SC<1,,,,4
72,admiralty,2023,odds,,,,0.918918918918919,0.642201834862385,,,,5
73,admiralty,2023,taken,75,32,0,34,70,0,0,211,3
74,admiralty,2023,vacancy,150,75,0,34,70,0,0,210,1
75,ahmad-ibrahim,2009,applied,0,0,0,3,71,11,0,0,2
76,ahmad-ibrahim,2009,ballot,,,,,,,,,4
77,ahmad-ibrahim,2009,odds,,,,1,1,1,1,,5
78,ahmad-ibrahim,2009,taken,57,1,4,3,70,11,0,146,3
79,ahmad-ibrahim,2009,vacancy,0,0,0,59,116,46,35,180,1
80,ahmad-ibrahim,2010,applied,0,0,0,0,58,11,0,0,2
81,ahmad-ibrahim,2010,ballot,,,,,,,,,4
82,ahmad-ibrahim,2010,odds,,,,1,1,1,1,,5
83,ahmad-ibrahim,2010,taken,52,0,5,0,58,11,0,126,3
84,ahmad-ibrahim,2010,vacancy,0,0,0,61,123,66,54,180,1
85,ahmad-ibrahim,2011,applied,0,0,0,1,72,32,0,0,2
86,ahmad-ibrahim,2011,ballot,,,,,,,,,4
87,ahmad-ibrahim,2011,odds,,,,1,1,1,1,,5
88,ahmad-ibrahim,2011,taken,54,0,4,1,72,32,0,163,3
89,ahmad-ibrahim,2011,vacancy,0,0,0,61,124,53,21,180,1
90,ahmad-ibrahim,2012,applied,0,0,0,1,90,11,0,0,2
91,ahmad-ibrahim,2012,ballot,,,,,,,,,4
92,ahmad-ibrahim,2012,odds,,,,1,1,1,1,,5
93,ahmad-ibrahim,2012,taken,42,6,7,1,90,11,0,157,3
94,ahmad-ibrahim,2012,vacancy,0,0,0,63,124,34,23,180,1
95,ahmad-ibrahim,2013,applied,0,0,0,2,73,41,0,0,2
96,ahmad-ibrahim,2013,ballot,,,,,,,,,4
97,ahmad-ibrahim,2013,odds,,,,1,1,1,,,5
98,ahmad-ibrahim,2013,taken,54,0,6,2,73,46,0,181,3
99,ahmad-ibrahim,2013,vacancy,0,0,0,60,118,46,0,180,1
100,ahmad-ibrahim,2014,applied,0,0,0,0,53,20,0,0,2
101,ahmad-ibrahim,2014,ballot,,,,,,,,,4
102,ahmad-ibrahim,2014,odds,,,,1,1,1,1,,5
103,ahmad-ibrahim,2014,taken,59,2,7,0,53,20,0,141,3
104,ahmad-ibrahim,2014,vacancy,0,0,0,56,112,59,39,180,1
105,ahmad-ibrahim,2015,applied,0,0,0,0,52,11,0,0,2
106,ahmad-ibrahim,2015,ballot,,,,,,,,,4
107,ahmad-ibrahim,2015,odds,,,,1,1,1,1,,5
108,ahmad-ibrahim,2015,taken,56,0,6,0,52,11,0,125,3
109,ahmad-ibrahim,2015,vacancy,0,0,0,59,119,67,56,180,1
110,ahmad-ibrahim,2016,applied,0,0,0,1,47,12,0,0,2
111,ahmad-ibrahim,2016,ballot,,,,,,,,,4
112,ahmad-ibrahim,2016,odds,,,,1,1,1,1,,5
113,ahmad-ibrahim,2016,taken,46,0,13,0,47,12,0,118,3
114,ahmad-ibrahim,2016,vacancy,0,0,0,61,121,74,62,180,1
115,ahmad-ibrahim,2017,applied,0,0,0,0,49,23,0,0,2
116,ahmad-ibrahim,2017,ballot,,,,,,,,,4
117,ahmad-ibrahim,2017,odds,,,,1,1,1,1,,5
118,ahmad-ibrahim,2017,taken,46,0,5,0,49,23,0,123,3
119,ahmad-ibrahim,2017,vacancy,0,0,0,65,129,80,57,180,1
120,ahmad-ibrahim,2018,applied,0,0,0,0,50,37,0,0,2
121,ahmad-ibrahim,2018,ballot,,,,,,,,,4
122,ahmad-ibrahim,2018,odds,,,,1,1,1,1,,5
123,ahmad-ibrahim,2018,taken,55,0,8,0,50,37,0,150,3
124,ahmad-ibrahim,2018,vacancy,0,0,0,74,147,97,60,210,1
125,ahmad-ibrahim,2019,applied,49,1,7,0,32,9,0,0,2
126,ahmad-ibrahim,2019,ballot,,,,,,,,,4
127,ahmad-ibrahim,2019,odds,,,,,,,,,5
128,ahmad-ibrahim,2019,taken,49,1,7,0,32,9,0,98,3
129,ahmad-ibrahim,2019,vacancy,200,151,150,92,183,151,142,240,1
130,ahmad-ibrahim,2020,applied,38,1,7,0,31,14,0,0,2
131,ahmad-ibrahim,2020,ballot,,,,,,,,,4
132,ahmad-ibrahim,2020,odds,,,,,,,,,5
133,ahmad-ibrahim,2020,taken,38,1,7,0,31,14,0,91,3
134,ahmad-ibrahim,2020,vacancy,200,162,161,97,194,163,149,240,1
135,ahmad-ibrahim,2021,applied,40,0,6,0,26,12,0,0,2
136,ahmad-ibrahim,2021,ballot,,,,,,,,,4
137,ahmad-ibrahim,2021,odds,,,,,,,,,5
138,ahmad-ibrahim,2021,taken,40,0,6,0,26,12,0,84,3
139,ahmad-ibrahim,2021,vacancy,170,130,130,82,164,138,126,210,1
140,ahmad-ibrahim,2022,applied,56,5,0,0,31,20,0,0,2
141,ahmad-ibrahim,2022,ballot,,,,,,,,,4
142,ahmad-ibrahim,2022,odds,,,,,,,,,5
143,ahmad-ibrahim,2022,taken,56,5,0,0,31,20,0,112,3
144,ahmad-ibrahim,2022,vacancy,130,74,0,43,129,98,78,190,1
145,ahmad-ibrahim,2023,applied,54,10,0,0,27,15,0,0,2
146,ahmad-ibrahim,2023,ballot,,,,,,,,,4
147,ahmad-ibrahim,2023,odds,,,,,,,,,5
148,ahmad-ibrahim,2023,taken,54,10,0,0,27,15,0,106,3
149,ahmad-ibrahim,2023,vacancy,160,106,0,52,157,130,115,220,1
150,ai-tong,2009,applied,0,0,0,65,64,0,0,0,2
151,ai-tong,2009,ballot,,,,,,,,,4
152,ai-tong,2009,odds,,,,0.692307692307692,0.75,,,,5
153,ai-tong,2009,taken,144,29,68,45,48,0,0,334,3
154,ai-tong,2009,vacancy,0,0,0,45,48,0,0,330,1
155,ai-tong,2010,applied,0,0,0,56,68,0,0,0,2
156,ai-tong,2010,ballot,,,,,,,,,4
157,ai-tong,2010,odds,,,,0.660714285714286,0.544117647058823,,,,5
158,ai-tong,2010,taken,149,34,73,37,37,0,0,330,3
159,ai-tong,2010,vacancy,0,0,0,37,37,0,0,330,1
160,ai-tong,2011,applied,0,0,0,61,68,0,0,0,2
161,ai-tong,2011,ballot,,,,,,,,,4
162,ai-tong,2011,odds,,,,0.327868852459016,0.294117647058824,,,,5
163,ai-tong,2011,taken,144,39,107,20,20,0,0,330,3
164,ai-tong,2011,vacancy,0,0,0,20,20,0,0,330,1
165,ai-tong,2012,applied,0,0,0,49,58,0,0,0,2
166,ai-tong,2012,ballot,,,,,,,,,4
167,ai-tong,2012,odds,,,,0.408163265306122,0.344827586206897,,,,5
168,ai-tong,2012,taken,150,60,80,20,20,0,0,330,3
169,ai-tong,2012,vacancy,0,0,0,20,20,0,0,330,1
170,ai-tong,2013,applied,0,0,0,25,38,0,0,0,2
171,ai-tong,2013,ballot,,,,,,,,,4
172,ai-tong,2013,odds,,,,0.32,0.184210526315789,,,,5
173,ai-tong,2013,taken,170,76,69,8,7,0,0,330,3
174,ai-tong,2013,vacancy,0,0,0,8,7,0,0,330,1
175,ai-tong,2014,applied,0,0,0,37,49,0,0,0,2
176,ai-tong,2014,ballot,,,,,,,,,4
177,ai-tong,2014,odds,,,,0.837837837837838,0.612244897959184,,,,5
178,ai-tong,2014,taken,138,82,49,31,30,0,0,330,3
179,ai-tong,2014,vacancy,0,0,0,31,30,0,0,330,1
180,ai-tong,2015,applied,0,0,0,28,44,0,0,0,2
181,ai-tong,2015,ballot,,,,,,,,,4
182,ai-tong,2015,odds,,,,0.714285714285714,0.5,,,,5
183,ai-tong,2015,taken,158,98,34,18,22,0,0,330,3
184,ai-tong,2015,vacancy,0,0,0,20,22,0,0,330,1
185,ai-tong,2016,applied,0,0,0,36,56,0,0,0,2
186,ai-tong,2016,ballot,,,,,,,,,4
187,ai-tong,2016,odds,,,,0.972222222222222,0.660714285714286,,,,5
188,ai-tong,2016,taken,122,94,44,33,37,0,0,330,3
189,ai-tong,2016,vacancy,0,0,0,35,37,0,0,330,1
190,ai-tong,2017,applied,0,0,0,35,45,0,0,0,2
191,ai-tong,2017,ballot,,,,,,,,,4
192,ai-tong,2017,odds,,,,0.828571428571429,0.733333333333333,,,,5
193,ai-tong,2017,taken,138,97,37,25,33,0,0,330,3
194,ai-tong,2017,vacancy,0,0,0,29,33,0,0,330,1
195,ai-tong,2018,applied,0,0,0,28,60,0,0,0,2
196,ai-tong,2018,ballot,,,,,,,,,4
197,ai-tong,2018,odds,,,,0.75,0.366666666666667,,,,5
198,ai-tong,2018,taken,165,109,15,19,22,0,0,330,3
199,ai-tong,2018,vacancy,0,0,0,21,22,0,0,330,1
200,ai-tong,2019,applied,121,84,36,32,55,0,0,0,2
201,ai-tong,2019,ballot,,,,SC>2,SC<1,,,,4
202,ai-tong,2019,odds,,,,0.96875,0.545454545454545,,,,5
203,ai-tong,2019,taken,121,84,36,31,30,0,0,302,3
204,ai-tong,2019,vacancy,260,139,55,31,30,0,0,300,1
205,ai-tong,2020,applied,143,110,29,27,64,0,0,0,2
206,ai-tong,2020,ballot,,,SC1-2,SC<1,SC<1,,,,4
207,ai-tong,2020,odds,,,0.310344827586207,0.740740740740741,0.3125,,,,5
208,ai-tong,2020,taken,143,110,9,20,20,0,0,302,3
209,ai-tong,2020,vacancy,260,117,9,20,20,0,0,300,1
210,ai-tong,2021,applied,147,113,0,38,66,0,0,0,2
211,ai-tong,2021,ballot,,,,SC<1,SC<1,,,,4
212,ai-tong,2021,odds,,,,0.526315789473684,0.303030303030303,,,,5
213,ai-tong,2021,taken,147,113,0,20,20,0,0,300,3
214,ai-tong,2021,vacancy,260,113,0,20,20,0,0,300,1
215,ai-tong,2022,applied,130,146,0,48,86,0,0,0,2
216,ai-tong,2022,ballot,,SC>2,,SC<1,SC<1,,,,4
217,ai-tong,2022,odds,,0.753424657534247,,0.416666666666667,0.488372093023256,,,,5
218,ai-tong,2022,taken,130,110,0,20,42,0,0,302,3
219,ai-tong,2022,vacancy,240,110,0,20,42,0,0,300,1
220,ai-tong,2023,applied,114,120,0,56,78,0,0,0,2
221,ai-tong,2023,ballot,,,,SC<1,SC<1,,,,4
222,ai-tong,2023,odds,,,,0.392857142857143,0.576923076923077,,,,5
223,ai-tong,2023,taken,114,120,0,22,45,0,0,301,3
224,ai-tong,2023,vacancy,240,126,0,22,45,0,0,300,1
225,alexandra,2013,applied,0,0,0,0,232,0,0,0,2
226,alexandra,2013,ballot,,,,,,,,,4
227,alexandra,2013,odds,,,,1,0.905172413793103,,,,5
228,alexandra,2013,taken,0,0,0,0,210,0,0,210,3
229,alexandra,2013,vacancy,0,0,0,105,210,0,0,210,1
230,alexandra,2014,applied,0,0,0,4,254,0,0,0,2
231,alexandra,2014,ballot,,,,,,,,,4
232,alexandra,2014,odds,,,,1,0.736220472440945,,,,5
233,alexandra,2014,taken,18,0,1,4,187,0,0,210,3
234,alexandra,2014,vacancy,0,0,0,96,187,0,0,210,1
235,alexandra,2015,applied,0,0,0,6,206,0,0,0,2
236,alexandra,2015,ballot,,,,,,,,,4
237,alexandra,2015,odds,,,,1,0.733009708737864,,,,5
238,alexandra,2015,taken,53,0,0,6,151,0,0,210,3
239,alexandra,2015,vacancy,0,0,0,79,151,0,0,210,1
240,alexandra,2016,applied,0,0,0,3,147,0,0,0,2
241,alexandra,2016,ballot,,,,,,,,,4
242,alexandra,2016,odds,,,,1,0.897959183673469,,,,5
243,alexandra,2016,taken,73,0,2,3,132,0,0,210,3
244,alexandra,2016,vacancy,0,0,0,68,132,0,0,210,1
245,alexandra,2017,applied,0,0,0,2,161,0,0,0,2
246,alexandra,2017,ballot,,,,,,,,,4
247,alexandra,2017,odds,,,,1,0.788819875776398,,,,5
248,alexandra,2017,taken,82,0,0,2,127,0,0,211,3
249,alexandra,2017,vacancy,0,0,0,65,127,0,0,210,1
250,alexandra,2018,applied,0,0,0,4,128,0,0,0,2
251,alexandra,2018,ballot,,,,,,,,,4
252,alexandra,2018,odds,,,,1,0.8828125,,,,5
253,alexandra,2018,taken,90,0,3,4,113,0,0,210,3
254,alexandra,2018,vacancy,0,0,0,59,113,0,0,210,1
255,alexandra,2019,applied,99,1,3,6,127,0,0,0,2
256,alexandra,2019,ballot,,,,,SC<1,,,,4
257,alexandra,2019,odds,,,,,0.811023622047244,,,,5
258,alexandra,2019,taken,99,1,3,6,103,0,0,212,3
259,alexandra,2019,vacancy,170,71,70,54,103,0,0,210,1
260,alexandra,2020,applied,103,0,5,14,132,0,0,0,2
261,alexandra,2020,ballot,,,,,SC<1,,,,4
262,alexandra,2020,odds,,,,,0.628787878787879,,,,5
263,alexandra,2020,taken,103,0,5,14,83,0,0,205,3
264,alexandra,2020,vacancy,160,57,57,47,83,0,0,200,1
265,alexandra,2021,applied,95,0,10,6,112,0,0,0,2
266,alexandra,2021,ballot,,,,,SC<1,,,,4
267,alexandra,2021,odds,,,,,0.8125,,,,5
268,alexandra,2021,taken,95,0,10,6,91,0,0,202,3
269,alexandra,2021,vacancy,160,65,66,48,91,0,0,200,1
270,alexandra,2022,applied,75,9,0,4,146,0,0,0,2
271,alexandra,2022,ballot,,,,,SC<1#,,,,4
272,alexandra,2022,odds,,,,,0.773972602739726,,,,5
273,alexandra,2022,taken,75,9,0,4,113,0,0,201,3
274,alexandra,2022,vacancy,140,65,0,39,113,0,0,200,1
275,alexandra,2023,applied,57,13,0,4,141,0,0,0,2
276,alexandra,2023,ballot,,,,,SC>2,,,,4
277,alexandra,2023,odds,,,,,0.900709219858156,,,,5
278,alexandra,2023,taken,57,13,0,4,127,0,0,201,3
279,alexandra,2023,vacancy,140,83,0,43,127,0,0,200,1
280,anchor-green,2009,applied,0,0,0,0,110,85,0,0,2
281,anchor-green,2009,ballot,,,,,,,,,4
282,anchor-green,2009,odds,,,,1,1,0.929411764705882,,,5
283,anchor-green,2009,taken,50,0,1,0,110,79,0,240,3
284,anchor-green,2009,vacancy,0,0,0,95,189,79,0,240,1
285,anchor-green,2010,applied,0,0,0,0,117,75,0,0,2
286,anchor-green,2010,ballot,,,,,,,,,4
287,anchor-green,2010,odds,,,,1,1,0.946666666666667,,,5
288,anchor-green,2010,taken,81,0,1,0,117,71,0,270,3
289,anchor-green,2010,vacancy,0,0,0,94,188,71,0,270,1
290,anchor-green,2011,applied,0,0,0,1,141,68,0,0,2
291,anchor-green,2011,ballot,,,,,,,,,4
292,anchor-green,2011,odds,,,,1,1,0.588235294117647,,,5
293,anchor-green,2011,taken,88,0,0,1,141,40,0,270,3
294,anchor-green,2011,vacancy,0,0,0,91,181,40,0,270,1
295,anchor-green,2012,applied,0,0,0,9,93,0,0,0,2
296,anchor-green,2012,ballot,,,,,,,,,4
297,anchor-green,2012,odds,,,,1,0.881720430107527,,,,5
298,anchor-green,2012,taken,115,0,4,9,82,0,0,210,3
299,anchor-green,2012,vacancy,0,0,0,46,82,0,0,210,1
300,anchor-green,2013,applied,0,0,0,3,90,0,0,0,2
301,anchor-green,2013,ballot,,,,,,,,,4
302,anchor-green,2013,odds,,,,1,0.866666666666667,,,,5
303,anchor-green,2013,taken,125,0,4,3,78,0,0,210,3
304,anchor-green,2013,vacancy,0,0,0,41,78,0,0,210,1
305,anchor-green,2014,applied,0,0,0,5,121,0,0,0,2
306,anchor-green,2014,ballot,,,,,,,,,4
307,anchor-green,2014,odds,,,,1,0.975206611570248,,,,5
308,anchor-green,2014,taken,114,0,4,4,118,0,0,240,3
309,anchor-green,2014,vacancy,0,0,0,61,118,0,0,240,1
310,anchor-green,2015,applied,0,0,0,12,94,45,0,0,2
311,anchor-green,2015,ballot,,,,,,,,,4
312,anchor-green,2015,odds,,,,1,1,1,1,,5
313,anchor-green,2015,taken,72,0,5,12,94,45,0,228,3
314,anchor-green,2015,vacancy,0,0,0,82,151,57,12,240,1
315,anchor-green,2016,applied,0,0,0,0,93,48,0,0,2
316,anchor-green,2016,ballot,,,,,,,,,4
317,anchor-green,2016,odds,,,,1,1,1,1,,5
318,anchor-green,2016,taken,69,0,3,0,92,48,0,212,3
319,anchor-green,2016,vacancy,0,0,0,84,168,76,28,240,1
320,anchor-green,2017,applied,0,0,0,1,69,53,0,0,2
321,anchor-green,2017,ballot,,,,,,,,,4
322,anchor-green,2017,odds,,,,1,1,1,1,,5
323,anchor-green,2017,taken,93,0,6,0,69,53,0,221,3
324,anchor-green,2017,vacancy,0,0,0,71,143,74,21,240,1
325,anchor-green,2018,applied,0,0,0,1,69,99,0,0,2
326,anchor-green,2018,ballot,,,,,,,,,4
327,anchor-green,2018,odds,,,,1,1,1,1,,5
328,anchor-green,2018,taken,100,0,3,0,68,99,0,270,3
329,anchor-green,2018,vacancy,0,0,0,84,169,101,2,270,1
330,anchor-green,2019,applied,84,0,6,1,66,97,0,0,2
331,anchor-green,2019,ballot,,,,,,SC1-2,,,4
332,anchor-green,2019,odds,,,,,,0.876288659793814,,,5
333,anchor-green,2019,taken,84,0,6,1,66,85,0,242,3
334,anchor-green,2019,vacancy,200,116,116,75,151,85,0,240,1
335,anchor-green,2020,applied,108,0,31,1,62,83,0,0,2
336,anchor-green,2020,ballot,,,,,,SC<1,,,4
337,anchor-green,2020,odds,,,,,,0.469879518072289,,,5
338,anchor-green,2020,taken,108,0,31,1,62,39,0,241,3
339,anchor-green,2020,vacancy,200,92,92,51,101,39,0,240,1
340,anchor-green,2021,applied,87,0,59,0,48,77,0,0,2
341,anchor-green,2021,ballot,,,,,,SC<1,,,4
342,anchor-green,2021,odds,,,,,,0.61038961038961,,,5
343,anchor-green,2021,taken,87,0,59,0,48,47,0,241,3
344,anchor-green,2021,vacancy,200,113,113,48,95,47,0,240,1
345,anchor-green,2022,applied,75,46,0,0,24,108,0,0,2
346,anchor-green,2022,ballot,,,,,,SC1-2,,,4
347,anchor-green,2022,odds,,,,,,0.888888888888889,,,5
348,anchor-green,2022,taken,75,46,0,0,24,96,0,241,3
349,anchor-green,2022,vacancy,180,105,0,40,120,96,0,240,1
350,anchor-green,2023,applied,85,30,0,0,36,66,0,0,2
351,anchor-green,2023,ballot,,,,,,,,,4
352,anchor-green,2023,odds,,,,,,,,,5
353,anchor-green,2023,taken,85,30,0,0,36,66,0,217,3
354,anchor-green,2023,vacancy,180,95,0,42,128,93,27,240,1
355,anderson,2009,applied,0,0,0,25,116,0,0,0,2
356,anderson,2009,ballot,,,,,,,,,4
357,anderson,2009,odds,,,,1,0.758620689655172,,,,5
358,anderson,2009,taken,106,0,21,25,88,0,0,240,3
359,anderson,2009,vacancy,0,0,0,57,88,0,0,240,1
360,anderson,2010,applied,0,0,0,29,95,0,0,0,2
361,anderson,2010,ballot,,,,,,,,,4
362,anderson,2010,odds,,,,1,0.631578947368421,,,,5
363,anderson,2010,taken,90,0,31,29,60,0,0,210,3
364,anderson,2010,vacancy,0,0,0,44,60,0,0,210,1
365,anderson,2011,applied,0,0,0,31,96,0,0,0,2
366,anderson,2011,ballot,,,,,,,,,4
367,anderson,2011,odds,,,,1,0.375,,,,5
368,anderson,2011,taken,97,1,48,31,36,0,0,213,3
369,anderson,2011,vacancy,0,0,0,32,36,0,0,210,1
370,anderson,2012,applied,0,0,0,26,67,0,0,0,2
371,anderson,2012,ballot,,,,,,,,,4
372,anderson,2012,odds,,,,1,0.507462686567164,,,,5
373,anderson,2012,taken,98,0,52,26,34,0,0,210,3
374,anderson,2012,vacancy,0,0,0,30,34,0,0,210,1
375,anderson,2013,applied,0,0,0,24,50,0,0,0,2
376,anderson,2013,ballot,,,,,,,,,4
377,anderson,2013,odds,,,,1,0.82,,,,5
378,anderson,2013,taken,92,0,53,24,41,0,0,210,3
379,anderson,2013,vacancy,0,0,0,33,41,0,0,210,1
380,anderson,2014,applied,0,0,0,20,56,0,0,0,2
381,anderson,2014,ballot,,,,,,,,,4
382,anderson,2014,odds,,,,1,0.75,,,,5
383,anderson,2014,taken,94,0,56,18,42,0,0,210,3
384,anderson,2014,vacancy,0,0,0,30,42,0,0,210,1
385,anderson,2015,applied,0,0,0,19,58,0,0,0,2
386,anderson,2015,ballot,,,,,,,,,4
387,anderson,2015,odds,,,,1,0.775862068965517,,,,5
388,anderson,2015,taken,83,2,62,18,45,0,0,210,3
389,anderson,2015,vacancy,0,0,0,32,45,0,0,210,1
390,anderson,2016,applied,0,0,0,19,80,0,0,0,2
391,anderson,2016,ballot,,,,,,,,,4
392,anderson,2016,odds,,,,1,0.9125,,,,5
393,anderson,2016,taken,75,0,45,17,73,0,0,210,3
394,anderson,2016,vacancy,0,0,0,45,73,0,0,210,1
395,anderson,2017,applied,0,0,0,20,58,0,0,0,2
396,anderson,2017,ballot,,,,,,,,,4
397,anderson,2017,odds,,,,1,0.827586206896552,,,,5
398,anderson,2017,taken,85,1,60,16,48,0,0,210,3
399,anderson,2017,vacancy,0,0,0,32,48,0,0,210,1
400,anderson,2018,applied,0,0,0,23,35,0,0,0,2
401,anderson,2018,ballot,,,,,,,,,4
402,anderson,2018,odds,,,,1,0.914285714285714,,,,5
403,anderson,2018,taken,99,1,62,16,32,0,0,210,3
404,anderson,2018,vacancy,0,0,0,24,32,0,0,210,1
405,anderson,2019,applied,86,0,31,26,88,0,0,0,2
406,anderson,2019,ballot,,,,,SC<2#,,,,4
407,anderson,2019,odds,,,,,0.784090909090909,,,,5
408,anderson,2019,taken,86,0,31,26,69,0,0,212,3
409,anderson,2019,vacancy,170,84,84,47,69,0,0,210,1
410,anderson,2020,applied,90,0,61,21,65,0,0,0,2
411,anderson,2020,ballot,,,,,SC1-2,,,,4
412,anderson,2020,odds,,,,,0.584615384615385,,,,5
413,anderson,2020,taken,90,0,61,21,38,0,0,210,3
414,anderson,2020,vacancy,170,80,80,30,38,0,0,210,1
415,anderson,2021,applied,86,1,50,22,75,0,0,0,2
416,anderson,2021,ballot,,,,,SC1-2,,,,4
417,anderson,2021,odds,,,,,0.693333333333333,,,,5
418,anderson,2021,taken,86,1,50,22,52,0,0,211,3
419,anderson,2021,vacancy,170,84,83,37,52,0,0,210,1
420,anderson,2022,applied,91,36,0,21,88,0,0,0,2
421,anderson,2022,ballot,,,,,SC1-2,,,,4
422,anderson,2022,odds,,,,,0.727272727272727,,,,5
423,anderson,2022,taken,91,36,0,21,64,0,0,212,3
424,anderson,2022,vacancy,150,59,0,28,64,0,0,210,1
425,anderson,2023,applied,71,46,0,19,92,0,0,0,2
426,anderson,2023,ballot,,,,,SC1-2,,,,4
427,anderson,2023,odds,,,,,0.804347826086957,,,,5
428,anderson,2023,taken,71,46,0,19,74,0,0,210,3
429,anderson,2023,vacancy,150,79,0,31,74,0,0,210,1
430,ang-mo-kio,2009,applied,0,0,0,2,107,17,0,0,2
431,ang-mo-kio,2009,ballot,,,,,,,,,4
432,ang-mo-kio,2009,odds,,,,1,1,1,1,,5
433,ang-mo-kio,2009,taken,67,1,13,2,107,17,0,207,3
434,ang-mo-kio,2009,vacancy,0,0,0,65,128,21,3,210,1
435,ang-mo-kio,2010,applied,0,0,0,1,77,24,0,0,2
436,ang-mo-kio,2010,ballot,,,,,,,,,4
437,ang-mo-kio,2010,odds,,,,1,1,1,,,5
438,ang-mo-kio,2010,taken,90,0,12,1,77,24,0,204,3
439,ang-mo-kio,2010,vacancy,0,0,0,54,107,30,0,210,1
440,ang-mo-kio,2011,applied,0,0,0,1,96,24,0,0,2
441,ang-mo-kio,2011,ballot,,,,,,,,,4
442,ang-mo-kio,2011,odds,,,,1,1,1,,,5
443,ang-mo-kio,2011,taken,65,0,15,1,95,34,0,210,3
444,ang-mo-kio,2011,vacancy,0,0,0,65,129,34,0,210,1
445,ang-mo-kio,2012,applied,0,0,0,1,68,26,0,0,2
446,ang-mo-kio,2012,ballot,,,,,,,,,4
447,ang-mo-kio,2012,odds,,,,1,1,1,1,,5
448,ang-mo-kio,2012,taken,74,0,14,1,68,30,0,187,3
449,ang-mo-kio,2012,vacancy,0,0,0,61,121,54,24,210,1
450,ang-mo-kio,2013,applied,0,0,0,0,68,18,0,0,2
451,ang-mo-kio,2013,ballot,,,,,,,,,4
452,ang-mo-kio,2013,odds,,,,1,1,1,1,,5
453,ang-mo-kio,2013,taken,63,0,15,0,68,20,0,166,3
454,ang-mo-kio,2013,vacancy,0,0,0,66,132,64,44,210,1
455,ang-mo-kio,2014,applied,0,0,0,0,85,11,0,0,2
456,ang-mo-kio,2014,ballot,,,,,,,,,4
457,ang-mo-kio,2014,odds,,,,1,1,1,1,,5
458,ang-mo-kio,2014,taken,53,0,15,0,84,11,0,163,3
459,ang-mo-kio,2014,vacancy,0,0,0,71,142,58,47,210,1
460,ang-mo-kio,2015,applied,0,0,0,0,82,13,0,0,2
461,ang-mo-kio,2015,ballot,,,,,,,,,4
462,ang-mo-kio,2015,odds,,,,1,1,1,1,,5
463,ang-mo-kio,2015,taken,62,0,9,0,82,13,0,166,3
464,ang-mo-kio,2015,vacancy,0,0,0,70,140,58,45,210,1
465,ang-mo-kio,2016,applied,0,0,0,0,57,6,0,0,2
466,ang-mo-kio,2016,ballot,,,,,,,,,4
467,ang-mo-kio,2016,odds,,,,1,1,1,1,,5
468,ang-mo-kio,2016,taken,46,0,14,0,57,6,0,123,3
469,ang-mo-kio,2016,vacancy,0,0,0,60,121,64,58,180,1
470,ang-mo-kio,2017,applied,0,0,0,0,47,21,0,0,2
471,ang-mo-kio,2017,ballot,,,,,,,,,4
472,ang-mo-kio,2017,odds,,,,1,1,1,1,,5
473,ang-mo-kio,2017,taken,48,0,9,0,47,21,0,125,3
474,ang-mo-kio,2017,vacancy,0,0,0,77,156,109,88,210,1
475,ang-mo-kio,2018,applied,0,0,0,0,58,32,0,0,2
476,ang-mo-kio,2018,ballot,,,,,,,,,4
477,ang-mo-kio,2018,odds,,,,1,1,1,1,,5
478,ang-mo-kio,2018,taken,44,0,8,0,58,32,0,142,3
479,ang-mo-kio,2018,vacancy,0,0,0,64,128,70,38,180,1
480,ang-mo-kio,2019,applied,46,0,15,0,45,30,0,0,2
481,ang-mo-kio,2019,ballot,,,,,,,,,4
482,ang-mo-kio,2019,odds,,,,,,,,,5
483,ang-mo-kio,2019,taken,46,0,15,0,45,30,0,136,3
484,ang-mo-kio,2019,vacancy,110,64,64,45,89,44,14,150,1
485,ang-mo-kio,2020,applied,60,0,10,0,39,31,0,0,2
486,ang-mo-kio,2020,ballot,,,,,,,,,4
487,ang-mo-kio,2020,odds,,,,,,,,,5
488,ang-mo-kio,2020,taken,60,0,10,0,39,31,0,140,3
489,ang-mo-kio,2020,vacancy,170,110,110,70,143,104,73,210,1
490,ang-mo-kio,2021,applied,48,0,11,0,50,30,0,0,2
491,ang-mo-kio,2021,ballot,,,,,,,,,4
492,ang-mo-kio,2021,odds,,,,,,,,,5
493,ang-mo-kio,2021,taken,48,0,11,0,50,30,0,139,3
494,ang-mo-kio,2021,vacancy,200,152,152,91,181,131,101,240,1
495,ang-mo-kio,2022,applied,48,13,0,0,49,13,0,0,2
496,ang-mo-kio,2022,ballot,,,,,,,,,4
497,ang-mo-kio,2022,odds,,,,,,,,,5
498,ang-mo-kio,2022,taken,48,13,0,0,49,13,0,123,3
499,ang-mo-kio,2022,vacancy,150,102,0,50,149,100,87,210,1
500,ang-mo-kio,2023,applied,32,33,0,0,29,15,0,0,2
501,ang-mo-kio,2023,ballot,,,,,,,,,4
502,ang-mo-kio,2023,odds,,,,,,,,,5
503,ang-mo-kio,2023,taken,32,33,0,0,29,15,0,109,3
504,ang-mo-kio,2023,vacancy,90,58,0,28,85,56,41,150,1
505,anglo-chinese-junior,2009,applied,0,0,0,73,63,0,0,0,2
506,anglo-chinese-junior,2009,ballot,,,,,,,,,4
507,anglo-chinese-junior,2009,odds,,,,0.726027397260274,0.857142857142857,,,,5
508,anglo-chinese-junior,2009,taken,83,40,41,53,54,0,0,271,3
509,anglo-chinese-junior,2009,vacancy,0,0,0,53,54,0,0,270,1
510,anglo-chinese-junior,2010,applied,0,0,0,83,76,0,0,0,2
511,anglo-chinese-junior,2010,ballot,,,,,,,,,4
512,anglo-chinese-junior,2010,odds,,,,0.759036144578313,0.828947368421053,,,,5
513,anglo-chinese-junior,2010,taken,77,42,24,64,63,0,0,270,3
514,anglo-chinese-junior,2010,vacancy,0,0,0,63,63,0,0,270,1
515,anglo-chinese-junior,2011,applied,0,0,0,80,79,0,0,0,2
516,anglo-chinese-junior,2011,ballot,,,,,,,,,4
517,anglo-chinese-junior,2011,odds,,,,0.8,0.79746835443038,,,,5
518,anglo-chinese-junior,2011,taken,68,44,31,64,63,0,0,270,3
519,anglo-chinese-junior,2011,vacancy,0,0,0,64,63,0,0,270,1
520,anglo-chinese-junior,2012,applied,0,0,0,76,64,0,0,0,2
521,anglo-chinese-junior,2012,ballot,,,,,,,,,4
522,anglo-chinese-junior,2012,odds,,,,0.710526315789474,0.84375,,,,5
523,anglo-chinese-junior,2012,taken,74,56,32,54,54,0,0,270,3
524,anglo-chinese-junior,2012,vacancy,0,0,0,54,54,0,0,270,1
525,anglo-chinese-junior,2013,applied,0,0,0,73,49,0,0,0,2
526,anglo-chinese-junior,2013,ballot,,,,,,,,,4
527,anglo-chinese-junior,2013,odds,,,,0.643835616438356,0.918367346938776,,,,5
528,anglo-chinese-junior,2013,taken,83,55,39,48,45,0,0,270,3
529,anglo-chinese-junior,2013,vacancy,0,0,0,47,45,0,0,270,1
530,anglo-chinese-junior,2014,applied,0,0,0,75,101,0,0,0,2
531,anglo-chinese-junior,2014,ballot,,,,,,,,,4
532,anglo-chinese-junior,2014,odds,,,,0.973333333333333,0.722772277227723,,,,5
533,anglo-chinese-junior,2014,taken,65,36,23,73,73,0,0,270,3
534,anglo-chinese-junior,2014,vacancy,0,0,0,73,73,0,0,270,1
535,anglo-chinese-junior,2015,applied,0,0,0,90,75,0,0,0,2
536,anglo-chinese-junior,2015,ballot,,,,,,,,,4
537,anglo-chinese-junior,2015,odds,,,,0.644444444444444,0.773333333333333,,,,5
538,anglo-chinese-junior,2015,taken,67,65,22,58,58,0,0,270,3
539,anglo-chinese-junior,2015,vacancy,0,0,0,58,58,0,0,270,1
540,anglo-chinese-junior,2016,applied,0,0,0,79,65,0,0,0,2
541,anglo-chinese-junior,2016,ballot,,,,,,,,,4
542,anglo-chinese-junior,2016,odds,,,,0.632911392405063,0.753846153846154,,,,5
543,anglo-chinese-junior,2016,taken,76,65,30,50,49,0,0,270,3
544,anglo-chinese-junior,2016,vacancy,0,0,0,50,49,0,0,270,1
545,anglo-chinese-junior,2017,applied,0,0,0,56,67,0,0,0,2
546,anglo-chinese-junior,2017,ballot,,,,,,,,,4
547,anglo-chinese-junior,2017,odds,,,,0.910714285714286,0.746268656716418,,,,5
548,anglo-chinese-junior,2017,taken,72,78,19,51,50,0,0,270,3
549,anglo-chinese-junior,2017,vacancy,0,0,0,51,50,0,0,270,1
550,anglo-chinese-junior,2018,applied,0,0,0,55,52,0,0,0,2
551,anglo-chinese-junior,2018,ballot,,,,,,,,,4
552,anglo-chinese-junior,2018,odds,,,,0.745454545454545,0.788461538461538,,,,5
553,anglo-chinese-junior,2018,taken,80,87,21,41,41,0,0,270,3
554,anglo-chinese-junior,2018,vacancy,0,0,0,41,41,0,0,270,1
555,anglo-chinese-junior,2019,applied,75,88,15,65,60,0,0,0,2
556,anglo-chinese-junior,2019,ballot,,,,SC<1,SC<1,,,,4
557,anglo-chinese-junior,2019,odds,,,,0.707692307692308,0.766666666666667,,,,5
558,anglo-chinese-junior,2019,taken,75,88,15,46,46,0,0,270,3
559,anglo-chinese-junior,2019,vacancy,230,155,67,46,46,0,0,270,1
560,anglo-chinese-junior,2020,applied,93,107,20,59,41,0,0,0,2
561,anglo-chinese-junior,2020,ballot,,,,SC<1,SC<1,,,,4
562,anglo-chinese-junior,2020,odds,,,,0.440677966101695,0.609756097560976,,,,5
563,anglo-chinese-junior,2020,taken,93,107,20,26,25,0,0,271,3
564,anglo-chinese-junior,2020,vacancy,230,137,30,26,25,0,0,270,1
565,anglo-chinese-junior,2021,applied,88,97,19,54,51,0,0,0,2
566,anglo-chinese-junior,2021,ballot,,,,SC<1,SC<1,,,,4
567,anglo-chinese-junior,2021,odds,,,,0.611111111111111,0.647058823529412,,,,5
568,anglo-chinese-junior,2021,taken,88,97,19,33,33,0,0,270,3
569,anglo-chinese-junior,2021,vacancy,230,142,45,33,33,0,0,270,1
570,anglo-chinese-junior,2022,applied,78,112,0,57,69,0,0,0,2
571,anglo-chinese-junior,2022,ballot,,,,SC<1,SC<1,,,,4
572,anglo-chinese-junior,2022,odds,,,,0.473684210526316,0.768115942028985,,,,5
573,anglo-chinese-junior,2022,taken,78,112,0,27,53,0,0,270,3
574,anglo-chinese-junior,2022,vacancy,210,132,0,27,53,0,0,270,1
575,anglo-chinese-junior,2023,applied,76,101,0,52,79,0,0,0,2
576,anglo-chinese-junior,2023,ballot,,,,SC<1,SC>2,,,,4
577,anglo-chinese-junior,2023,odds,,,,0.596153846153846,0.784810126582278,,,,5
578,anglo-chinese-junior,2023,taken,76,101,0,31,62,0,0,270,3
579,anglo-chinese-junior,2023,vacancy,210,134,0,31,62,0,0,270,1
580,anglo-chinese-primary,2009,applied,0,0,0,36,48,0,0,0,2
581,anglo-chinese-primary,2009,ballot,,,,,,,,,4
582,anglo-chinese-primary,2009,odds,,,,0.722222222222222,0.5625,,,,5
583,anglo-chinese-primary,2009,taken,60,54,74,26,27,0,0,241,3
584,anglo-chinese-primary,2009,vacancy,0,0,0,26,27,0,0,240,1
585,anglo-chinese-primary,2010,applied,0,0,0,25,30,0,0,0,2
586,anglo-chinese-primary,2010,ballot,,,,,,,,,4
587,anglo-chinese-primary,2010,odds,,,,0.8,0.633333333333333,,,,5
588,anglo-chinese-primary,2010,taken,55,82,64,20,19,0,0,240,3
589,anglo-chinese-primary,2010,vacancy,0,0,0,20,19,0,0,240,1
590,anglo-chinese-primary,2011,applied,0,0,0,35,30,0,0,0,2
591,anglo-chinese-primary,2011,ballot,,,,,,,,,4
592,anglo-chinese-primary,2011,odds,,,,0.714285714285714,0.8,,,,5
593,anglo-chinese-primary,2011,taken,63,74,54,25,24,0,0,240,3
594,anglo-chinese-primary,2011,vacancy,0,0,0,25,24,0,0,240,1
595,anglo-chinese-primary,2012,applied,0,0,0,22,21,0,0,0,2
596,anglo-chinese-primary,2012,ballot,,,,,,,,,4
597,anglo-chinese-primary,2012,odds,,,,0.818181818181818,0.80952380952381,,,,5
598,anglo-chinese-primary,2012,taken,72,76,57,18,17,0,0,240,3
599,anglo-chinese-primary,2012,vacancy,0,0,0,18,17,0,0,240,1
600,anglo-chinese-primary,2013,applied,0,0,0,31,31,0,0,0,2
601,anglo-chinese-primary,2013,ballot,,,,,,,,,4
602,anglo-chinese-primary,2013,odds,,,,0.774193548387097,0.709677419354839,,,,5
603,anglo-chinese-primary,2013,taken,72,72,48,26,22,0,0,240,3
604,anglo-chinese-primary,2013,vacancy,0,0,0,24,22,0,0,240,1
605,anglo-chinese-primary,2014,applied,0,0,0,35,54,0,0,0,2
606,anglo-chinese-primary,2014,ballot,,,,,,,,,4
607,anglo-chinese-primary,2014,odds,,,,0.914285714285714,0.555555555555556,,,,5
608,anglo-chinese-primary,2014,taken,55,77,44,34,30,0,0,240,3
609,anglo-chinese-primary,2014,vacancy,0,0,0,32,30,0,0,240,1
610,anglo-chinese-primary,2015,applied,0,0,0,33,33,0,0,0,2
611,anglo-chinese-primary,2015,ballot,,,,,,,,,4
612,anglo-chinese-primary,2015,odds,,,,0.878787878787879,0.878787878787879,,,,5
613,anglo-chinese-primary,2015,taken,62,93,27,29,29,0,0,240,3
614,anglo-chinese-primary,2015,vacancy,0,0,0,29,29,0,0,240,1
615,anglo-chinese-primary,2016,applied,0,0,0,27,27,0,0,0,2
616,anglo-chinese-primary,2016,ballot,,,,,,,,,4
617,anglo-chinese-primary,2016,odds,,,,0.777777777777778,0.740740740740741,,,,5
618,anglo-chinese-primary,2016,taken,74,119,6,21,20,0,0,240,3
619,anglo-chinese-primary,2016,vacancy,0,0,0,21,20,0,0,240,1
620,anglo-chinese-primary,2017,applied,0,0,0,46,46,0,0,0,2
621,anglo-chinese-primary,2017,ballot,,,,,,,,,4
622,anglo-chinese-primary,2017,odds,,,,0.869565217391304,0.847826086956522,,,,5
623,anglo-chinese-primary,2017,taken,62,82,17,40,39,0,0,240,3
624,anglo-chinese-primary,2017,vacancy,0,0,0,40,39,0,0,240,1
625,anglo-chinese-primary,2018,applied,0,0,0,47,45,0,0,0,2
626,anglo-chinese-primary,2018,ballot,,,,,,,,,4
627,anglo-chinese-primary,2018,odds,,,,0.680851063829787,0.711111111111111,,,,5
628,anglo-chinese-primary,2018,taken,68,90,18,32,32,0,0,240,3
629,anglo-chinese-primary,2018,vacancy,0,0,0,32,32,0,0,240,1
630,anglo-chinese-primary,2019,applied,57,106,22,37,42,0,0,0,2
631,anglo-chinese-primary,2019,ballot,,,,SC<1,SC<1,,,,4
632,anglo-chinese-primary,2019,odds,,,,0.756756756756757,0.642857142857143,,,,5
633,anglo-chinese-primary,2019,taken,57,106,22,28,27,0,0,240,3
634,anglo-chinese-primary,2019,vacancy,200,143,37,28,27,0,0,240,1
635,anglo-chinese-primary,2020,applied,68,95,28,50,46,0,0,0,2
636,anglo-chinese-primary,2020,ballot,,,,SC<1,SC<1,,,,4
637,anglo-chinese-primary,2020,odds,,,,0.5,0.565217391304348,,,,5
638,anglo-chinese-primary,2020,taken,68,95,28,25,26,0,0,242,3
639,anglo-chinese-primary,2020,vacancy,200,132,37,25,26,0,0,240,1
640,anglo-chinese-primary,2021,applied,59,103,27,44,40,0,0,0,2
641,anglo-chinese-primary,2021,ballot,,,,SC<1,SC<1,,,,4
642,anglo-chinese-primary,2021,odds,,,,0.590909090909091,0.625,,,,5
643,anglo-chinese-primary,2021,taken,59,103,27,26,25,0,0,240,3
644,anglo-chinese-primary,2021,vacancy,200,141,38,26,25,0,0,240,1
645,anglo-chinese-primary,2022,applied,62,95,0,55,69,0,0,0,2
646,anglo-chinese-primary,2022,ballot,,,,SC<1,SC<1,,,,4
647,anglo-chinese-primary,2022,odds,,,,0.509090909090909,0.797101449275362,,,,5
648,anglo-chinese-primary,2022,taken,62,95,0,28,55,0,0,240,3
649,anglo-chinese-primary,2022,vacancy,180,118,0,28,55,0,0,240,1
650,anglo-chinese-primary,2023,applied,56,106,0,51,68,0,0,0,2
651,anglo-chinese-primary,2023,ballot,,,,SC<1,SC<1,,,,4
652,anglo-chinese-primary,2023,odds,,,,0.509803921568627,0.779411764705882,,,,5
653,anglo-chinese-primary,2023,taken,56,106,0,26,53,0,0,241,3
654,anglo-chinese-primary,2023,vacancy,180,124,0,26,53,0,0,240,1
655,angsana,2009,applied,0,0,0,0,22,8,0,0,2
656,angsana,2009,ballot,,,,,,,,,4
657,angsana,2009,odds,,,,1,1,1,1,,5
658,angsana,2009,taken,26,0,5,0,22,8,0,61,3
659,angsana,2009,vacancy,0,0,0,75,150,128,117,180,1
660,angsana,2010,applied,0,0,0,0,19,13,0,0,2
661,angsana,2010,ballot,,,,,,,,,4
662,angsana,2010,odds,,,,1,1,1,1,,5
663,angsana,2010,taken,44,0,6,0,19,13,0,82,3
664,angsana,2010,vacancy,0,0,0,65,130,111,35,180,1
665,angsana,2011,applied,0,0,0,0,20,9,0,0,2
666,angsana,2011,ballot,,,,,,,,,4
667,angsana,2011,odds,,,,1,1,1,1,,5
668,angsana,2011,taken,36,0,9,0,20,84,0,149,3
669,angsana,2011,vacancy,0,0,0,68,135,115,31,180,1
670,angsana,2012,applied,0,0,0,0,28,2,0,0,2
671,angsana,2012,ballot,,,,,,,,,4
672,angsana,2012,odds,,,,1,1,1,1,,5
673,angsana,2012,taken,41,0,3,0,27,81,0,152,3
674,angsana,2012,vacancy,0,0,0,68,136,111,30,180,1
675,angsana,2013,applied,0,0,0,0,32,22,0,0,2
676,angsana,2013,ballot,,,,,,,,,4
677,angsana,2013,odds,,,,1,1,1,1,,5
678,angsana,2013,taken,29,0,4,0,32,73,0,138,3
679,angsana,2013,vacancy,0,0,0,59,117,85,12,150,1
680,angsana,2014,applied,0,0,0,2,22,7,0,0,2
681,angsana,2014,ballot,,,,,,,,,4
682,angsana,2014,odds,,,,1,1,1,1,,5
683,angsana,2014,taken,49,0,4,2,22,7,0,84,3
684,angsana,2014,vacancy,0,0,0,64,125,103,96,180,1
685,angsana,2015,applied,0,0,0,0,16,5,0,0,2
686,angsana,2015,ballot,,,,,,,,,4
687,angsana,2015,odds,,,,1,1,1,1,,5
688,angsana,2015,taken,29,0,3,0,16,5,0,53,3
689,angsana,2015,vacancy,0,0,0,59,118,102,97,150,1
690,angsana,2016,applied,0,0,0,0,13,2,0,0,2
691,angsana,2016,ballot,,,,,,,,,4
692,angsana,2016,odds,,,,1,1,1,1,,5
693,angsana,2016,taken,25,0,5,0,13,2,0,45,3
694,angsana,2016,vacancy,0,0,0,45,90,77,75,120,1
695,angsana,2017,applied,0,0,0,0,9,17,0,0,2
696,angsana,2017,ballot,,,,,,,,,4
697,angsana,2017,odds,,,,1,1,1,1,,5
698,angsana,2017,taken,26,0,3,0,9,17,0,55,3
699,angsana,2017,vacancy,0,0,0,61,121,112,95,150,1
700,angsana,2018,applied,0,0,0,0,14,43,0,0,2
701,angsana,2018,ballot,,,,,,,,,4
702,angsana,2018,odds,,,,1,1,1,1,,5
703,angsana,2018,taken,28,1,6,0,14,43,0,92,3
704,angsana,2018,vacancy,0,0,0,88,175,161,118,210,1
705,angsana,2019,applied,24,0,11,0,9,3,0,0,2
706,angsana,2019,ballot,,,,,,,,,4
707,angsana,2019,odds,,,,,,,,,5
708,angsana,2019,taken,24,0,11,0,9,3,0,47,3
709,angsana,2019,vacancy,80,56,56,43,85,77,74,120,1
710,angsana,2020,applied,31,1,3,0,21,46,0,0,2
711,angsana,2020,ballot,,,,,,,,,4
712,angsana,2020,odds,,,,,,,,,5
713,angsana,2020,taken,31,1,3,0,21,46,0,102,3
714,angsana,2020,vacancy,200,169,168,103,205,184,138,240,1
715,angsana,2021,applied,38,0,9,0,79,68,0,0,2
716,angsana,2021,ballot,,,,,,,,,4
717,angsana,2021,odds,,,,,,,,,5
718,angsana,2021,taken,38,0,9,0,79,68,0,194,3
719,angsana,2021,vacancy,200,162,162,97,195,116,48,240,1
720,angsana,2022,applied,58,20,0,0,171,66,0,0,2
721,angsana,2022,ballot,,,,,,SC<1,,,4
722,angsana,2022,odds,,,,,,0.46969696969697,,,5
723,angsana,2022,taken,58,20,0,0,171,31,0,280,3
724,angsana,2022,vacancy,220,162,0,67,202,31,0,280,1
725,angsana,2023,applied,88,95,0,2,167,0,0,0,2
726,angsana,2023,ballot,,,,,SC<1,,,,4
727,angsana,2023,odds,,,,,0.568862275449102,,,,5
728,angsana,2023,taken,88,95,0,2,95,0,0,280,3
729,angsana,2023,vacancy,220,132,0,32,95,0,0,280,1
730,beacon,2009,applied,0,0,0,13,192,0,0,0,2
731,beacon,2009,ballot,,,,,,,,,4
732,beacon,2009,odds,,,,1,0.848958333333333,,,,5
733,beacon,2009,taken,64,0,0,13,163,0,0,240,3
734,beacon,2009,vacancy,0,0,0,88,163,0,0,240,1
735,beacon,2010,applied,0,0,0,9,183,0,0,0,2
736,beacon,2010,ballot,,,,,,,,,4
737,beacon,2010,odds,,,,1,0.92896174863388,,,,5
738,beacon,2010,taken,60,0,1,9,170,0,0,240,3
739,beacon,2010,vacancy,0,0,0,90,170,0,0,240,1
740,beacon,2011,applied,0,0,0,7,145,0,0,0,2
741,beacon,2011,ballot,,,,,,,,,4
742,beacon,2011,odds,,,,1,0.8,,,,5
743,beacon,2011,taken,116,0,2,7,116,0,0,241,3
744,beacon,2011,vacancy,0,0,0,61,116,0,0,240,1
745,beacon,2012,applied,0,0,0,9,131,0,0,0,2
746,beacon,2012,ballot,,,,,,,,,4
747,beacon,2012,odds,,,,1,0.900763358778626,,,,5
748,beacon,2012,taken,113,0,2,8,118,0,0,241,3
749,beacon,2012,vacancy,0,0,0,63,118,0,0,240,1
750,beacon,2013,applied,0,0,0,11,118,0,0,0,2
751,beacon,2013,ballot,,,,,,,,,4
752,beacon,2013,odds,,,,1,0.949152542372881,,,,5
753,beacon,2013,taken,117,0,0,11,112,0,0,240,3
754,beacon,2013,vacancy,0,0,0,62,112,0,0,240,1
755,beacon,2014,applied,0,0,0,0,92,10,0,0,2
756,beacon,2014,ballot,,,,,,,,,4
757,beacon,2014,odds,,,,1,1,1,1,,5
758,beacon,2014,taken,108,0,5,0,92,10,0,215,3
759,beacon,2014,vacancy,0,0,0,64,127,35,25,240,1
760,beacon,2015,applied,0,0,0,0,102,4,0,0,2
761,beacon,2015,ballot,,,,,,,,,4
762,beacon,2015,odds,,,,1,1,1,1,,5
763,beacon,2015,taken,91,0,4,0,102,4,0,201,3
764,beacon,2015,vacancy,0,0,0,73,146,44,40,240,1
765,beacon,2016,applied,0,0,0,0,69,3,0,0,2
766,beacon,2016,ballot,,,,,,,,,4
767,beacon,2016,odds,,,,1,1,1,1,,5
768,beacon,2016,taken,90,0,0,0,69,3,0,162,3
769,beacon,2016,vacancy,0,0,0,60,121,52,49,210,1
770,beacon,2017,applied,0,0,0,1,74,16,0,0,2
771,beacon,2017,ballot,,,,,,,,,4
772,beacon,2017,odds,,,,1,1,1,1,,5
773,beacon,2017,taken,78,0,7,0,73,16,0,174,3
774,beacon,2017,vacancy,0,0,0,63,127,54,38,210,1
775,beacon,2018,applied,0,0,0,1,70,20,0,0,2
776,beacon,2018,ballot,,,,,,,,,4
777,beacon,2018,odds,,,,1,1,1,1,,5
778,beacon,2018,taken,76,0,9,0,68,20,0,173,3
779,beacon,2018,vacancy,0,0,0,78,155,87,67,240,1
780,beacon,2019,applied,63,0,4,0,58,19,0,0,2
781,beacon,2019,ballot,,,,,,,,,4
782,beacon,2019,odds,,,,,,,,,5
783,beacon,2019,taken,63,0,4,0,58,19,0,144,3
784,beacon,2019,vacancy,170,107,107,72,143,86,67,210,1
785,beacon,2020,applied,68,0,5,0,65,40,0,0,2
786,beacon,2020,ballot,,,,,,,,,4
787,beacon,2020,odds,,,,,,,,,5
788,beacon,2020,taken,68,0,5,0,65,40,0,178,3
789,beacon,2020,vacancy,230,162,162,99,197,135,95,270,1
790,beacon,2021,applied,72,0,10,0,51,21,0,0,2
791,beacon,2021,ballot,,,,,,,,,4
792,beacon,2021,odds,,,,,,,,,5
793,beacon,2021,taken,72,0,10,0,51,21,0,154,3
794,beacon,2021,vacancy,200,128,129,80,160,109,88,240,1
795,beacon,2022,applied,68,7,0,0,33,27,0,0,2
796,beacon,2022,ballot,,,,,,,,,4
797,beacon,2022,odds,,,,,,,,,5
798,beacon,2022,taken,68,7,0,0,33,27,0,135,3
799,beacon,2022,vacancy,150,82,0,45,135,102,75,210,1
800,beacon,2023,applied,60,6,0,0,31,9,0,0,2
801,beacon,2023,ballot,,,,,,,,,4
802,beacon,2023,odds,,,,,,,,,5
803,beacon,2023,taken,60,6,0,0,31,9,0,106,3
804,beacon,2023,vacancy,90,30,0,28,84,53,44,150,1
805,bedok-green,2009,applied,0,0,0,0,82,31,0,0,2
806,bedok-green,2009,ballot,,,,,,,,,4
807,bedok-green,2009,odds,,,,1,1,1,1,,5
808,bedok-green,2009,taken,71,0,14,0,81,31,0,197,3
809,bedok-green,2009,vacancy,0,0,0,63,125,44,4,210,1
810,bedok-green,2010,applied,0,0,0,2,78,49,0,0,2
811,bedok-green,2010,ballot,,,,,,,,,4
812,bedok-green,2010,odds,,,,1,1,0.979591836734694,,,5
813,bedok-green,2010,taken,66,2,14,2,78,48,0,210,3
814,bedok-green,2010,vacancy,0,0,0,64,126,48,0,210,1
815,bedok-green,2011,applied,0,0,0,2,103,43,0,0,2
816,bedok-green,2011,ballot,,,,,,,,,4
817,bedok-green,2011,odds,,,,1,1,0.651162790697674,,,5
818,bedok-green,2011,taken,69,0,9,2,103,28,0,211,3
819,bedok-green,2011,vacancy,0,0,0,66,131,28,0,210,1
820,bedok-green,2012,applied,0,0,0,3,114,49,0,0,2
821,bedok-green,2012,ballot,,,,,,,,,4
822,bedok-green,2012,odds,,,,1,1,0.795918367346939,,,5
823,bedok-green,2012,taken,70,1,16,2,114,39,0,242,3
824,bedok-green,2012,vacancy,0,0,0,77,151,39,0,240,1
825,bedok-green,2013,applied,0,0,0,1,111,42,0,0,2
826,bedok-green,2013,ballot,,,,,,,,,4
827,bedok-green,2013,odds,,,,1,1,0.833333333333333,,,5
828,bedok-green,2013,taken,83,0,11,1,111,35,0,241,3
829,bedok-green,2013,vacancy,0,0,0,73,145,35,0,240,1
830,bedok-green,2014,applied,0,0,0,0,88,64,0,0,2
831,bedok-green,2014,ballot,,,,,,,,,4
832,bedok-green,2014,odds,,,,1,1,0.90625,,,5
833,bedok-green,2014,taken,84,0,12,0,86,58,0,240,3
834,bedok-green,2014,vacancy,0,0,0,72,145,58,0,240,1
835,bedok-green,2015,applied,0,0,0,1,82,26,0,0,2
836,bedok-green,2015,ballot,,,,,,,,,4
837,bedok-green,2015,odds,,,,1,1,1,1,,5
838,bedok-green,2015,taken,79,0,14,0,80,26,0,199,3
839,bedok-green,2015,vacancy,0,0,0,74,149,69,43,240,1
840,bedok-green,2016,applied,0,0,0,1,44,9,0,0,2
841,bedok-green,2016,ballot,,,,,,,,,4
842,bedok-green,2016,odds,,,,1,1,1,1,,5
843,bedok-green,2016,taken,66,0,7,0,44,9,0,126,3
844,bedok-green,2016,vacancy,0,0,0,69,137,93,84,210,1
845,bedok-green,2017,applied,0,0,0,0,56,15,0,0,2
846,bedok-green,2017,ballot,,,,,,,,,4
847,bedok-green,2017,odds,,,,1,1,1,1,,5
848,bedok-green,2017,taken,86,1,11,0,56,15,0,169,3
849,bedok-green,2017,vacancy,0,0,0,41,84,28,13,180,1
850,bedok-green,2018,applied,0,0,0,0,64,67,0,0,2
851,bedok-green,2018,ballot,,,,,,,,,4
852,bedok-green,2018,odds,,,,1,1,1,1,,5
853,bedok-green,2018,taken,61,0,18,0,64,67,0,210,3
854,bedok-green,2018,vacancy,0,0,0,81,164,100,33,240,1
855,bedok-green,2019,applied,52,0,11,0,52,55,0,0,2
856,bedok-green,2019,ballot,,,,,,,,,4
857,bedok-green,2019,odds,,,,,,,,,5
858,bedok-green,2019,taken,52,0,11,0,52,55,0,170,3
859,bedok-green,2019,vacancy,170,118,118,74,149,98,43,210,1
860,bedok-green,2020,applied,66,0,20,0,23,85,0,0,2
861,bedok-green,2020,ballot,,,,,,,,,4
862,bedok-green,2020,odds,,,,,,,,,5
863,bedok-green,2020,taken,66,0,20,0,23,85,0,194,3
864,bedok-green,2020,vacancy,200,134,134,77,154,131,46,240,1
865,bedok-green,2021,applied,53,0,14,0,35,64,0,0,2
866,bedok-green,2021,ballot,,,,,,,,,4
867,bedok-green,2021,odds,,,,,,,,,5
868,bedok-green,2021,taken,53,0,14,0,35,64,0,166,3
869,bedok-green,2021,vacancy,230,177,177,102,204,170,106,270,1
870,bedok-green,2022,applied,71,17,0,0,32,74,0,0,2
871,bedok-green,2022,ballot,,,,,,,,,4
872,bedok-green,2022,odds,,,,,,,,,5
873,bedok-green,2022,taken,71,17,0,0,32,74,0,194,3
874,bedok-green,2022,vacancy,180,109,0,51,152,120,46,240,1
875,bedok-green,2023,applied,57,11,0,0,27,36,0,0,2
876,bedok-green,2023,ballot,,,,,,,,,4
877,bedok-green,2023,odds,,,,,,,,,5
878,bedok-green,2023,taken,57,11,0,0,27,36,0,131,3
879,bedok-green,2023,vacancy,150,94,0,48,143,116,80,210,1
880,bendemeer,2009,applied,0,0,0,0,45,18,0,0,2
881,bendemeer,2009,ballot,,,,,,,,,4
882,bendemeer,2009,odds,,,,1,1,1,1,,5
883,bendemeer,2009,taken,44,0,11,0,45,18,0,118,3
884,bendemeer,2009,vacancy,0,0,0,48,97,52,33,150,1
885,bendemeer,2010,applied,0,0,0,0,50,21,0,0,2
886,bendemeer,2010,ballot,,,,,,,,,4
887,bendemeer,2010,odds,,,,1,1,1,1,,5
888,bendemeer,2010,taken,47,0,6,0,50,21,0,124,3
889,bendemeer,2010,vacancy,0,0,0,49,97,47,25,150,1
890,bendemeer,2011,applied,0,0,0,0,58,37,0,0,2
891,bendemeer,2011,ballot,,,,,,,,,4
892,bendemeer,2011,odds,,,,1,1,1,1,,5
893,bendemeer,2011,taken,38,0,4,0,58,41,0,141,3
894,bendemeer,2011,vacancy,0,0,0,54,109,51,10,150,1
895,bendemeer,2012,applied,0,0,0,0,71,24,0,0,2
896,bendemeer,2012,ballot,,,,,,,,,4
897,bendemeer,2012,odds,,,,1,1,1,,,5
898,bendemeer,2012,taken,41,0,11,0,71,28,0,151,3
899,bendemeer,2012,vacancy,0,0,0,49,98,28,0,150,1
900,bendemeer,2013,applied,0,0,0,2,62,39,0,0,2
901,bendemeer,2013,ballot,,,,,,,,,4
902,bendemeer,2013,odds,,,,1,1,1,,,5
903,bendemeer,2013,taken,61,0,13,2,62,43,0,181,3
904,bendemeer,2013,vacancy,0,0,0,53,104,43,0,180,1
905,bendemeer,2014,applied,0,0,0,0,93,17,0,0,2
906,bendemeer,2014,ballot,,,,,,,,,4
907,bendemeer,2014,odds,,,,1,1,1,1,,5
908,bendemeer,2014,taken,59,0,15,0,91,17,0,182,3
909,bendemeer,2014,vacancy,0,0,0,68,136,45,28,210,1
910,bendemeer,2015,applied,0,0,0,0,62,33,0,0,2
911,bendemeer,2015,ballot,,,,,,,,,4
912,bendemeer,2015,odds,,,,1,1,1,1,,5
913,bendemeer,2015,taken,45,0,10,0,62,33,0,150,3
914,bendemeer,2015,vacancy,0,0,0,78,156,94,61,210,1
915,bendemeer,2016,applied,0,0,0,0,58,10,0,0,2
916,bendemeer,2016,ballot,,,,,,,,,4
917,bendemeer,2016,odds,,,,1,1,1,1,,5
918,bendemeer,2016,taken,50,0,11,0,58,10,0,129,3
919,bendemeer,2016,vacancy,0,0,0,60,119,61,51,180,1
920,bendemeer,2017,applied,0,0,0,0,42,39,0,0,2
921,bendemeer,2017,ballot,,,,,,,,,4
922,bendemeer,2017,odds,,,,1,1,1,1,,5
923,bendemeer,2017,taken,67,0,13,0,42,39,0,161,3
924,bendemeer,2017,vacancy,0,0,0,65,131,89,50,210,1
925,bendemeer,2018,applied,0,0,0,1,63,79,0,0,2
926,bendemeer,2018,ballot,,,,,,,,,4
927,bendemeer,2018,odds,,,,1,1,0.860759493670886,,,5
928,bendemeer,2018,taken,59,0,21,0,63,68,0,211,3
929,bendemeer,2018,vacancy,0,0,0,65,131,68,0,210,1
930,bendemeer,2019,applied,51,0,17,0,63,49,0,0,2
931,bendemeer,2019,ballot,,,,,,,,,4
932,bendemeer,2019,odds,,,,,,,,,5
933,bendemeer,2019,taken,51,0,17,0,63,49,0,180,3
934,bendemeer,2019,vacancy,140,89,89,56,113,50,1,180,1
935,bendemeer,2020,applied,57,0,13,1,45,52,0,0,2
936,bendemeer,2020,ballot,,,,,,,,,4
937,bendemeer,2020,odds,,,,,,,,,5
938,bendemeer,2020,taken,57,0,13,1,45,52,0,168,3
939,bendemeer,2020,vacancy,140,83,83,55,109,64,12,180,1
940,bendemeer,2021,applied,59,0,8,0,53,64,0,0,2
941,bendemeer,2021,ballot,,,,,,,,,4
942,bendemeer,2021,odds,,,,,,,,,5
943,bendemeer,2021,taken,59,0,8,0,53,64,0,184,3
944,bendemeer,2021,vacancy,200,141,141,87,173,123,59,240,1
945,bendemeer,2022,applied,52,5,0,0,59,47,0,0,2
946,bendemeer,2022,ballot,,,,,,,,,4
947,bendemeer,2022,odds,,,,,,,,,5
948,bendemeer,2022,taken,52,5,0,0,59,47,0,163,3
949,bendemeer,2022,vacancy,130,78,0,44,133,74,27,190,1
950,bendemeer,2023,applied,36,12,0,1,30,50,0,0,2
951,bendemeer,2023,ballot,,,,,,,,,4
952,bendemeer,2023,odds,,,,,,,,,5
953,bendemeer,2023,taken,36,12,0,1,30,50,0,129,3
954,bendemeer,2023,vacancy,130,94,0,47,143,113,63,190,1
955,blangah-rise,2009,applied,0,0,0,0,14,20,0,0,2
956,blangah-rise,2009,ballot,,,,,,,,,4
957,blangah-rise,2009,odds,,,,1,1,1,1,,5
958,blangah-rise,2009,taken,30,0,8,0,13,20,0,71,3
959,blangah-rise,2009,vacancy,0,0,0,86,172,159,129,210,1
960,blangah-rise,2010,applied,0,0,0,0,16,7,0,0,2
961,blangah-rise,2010,ballot,,,,,,,,,4
962,blangah-rise,2010,odds,,,,1,1,1,1,,5
963,blangah-rise,2010,taken,48,0,1,0,16,7,0,72,3
964,blangah-rise,2010,vacancy,0,0,0,81,161,146,30,210,1
965,blangah-rise,2011,applied,0,0,0,1,17,9,0,0,2
966,blangah-rise,2011,ballot,,,,,,,,,4
967,blangah-rise,2011,odds,,,,1,1,1,1,,5
968,blangah-rise,2011,taken,28,2,4,1,17,111,0,163,3
969,blangah-rise,2011,vacancy,0,0,0,73,148,131,20,180,1
970,blangah-rise,2012,applied,0,0,0,0,31,39,0,0,2
971,blangah-rise,2012,ballot,,,,,,,,,4
972,blangah-rise,2012,odds,,,,1,1,1,1,,5
973,blangah-rise,2012,taken,27,0,2,0,31,134,0,194,3
974,blangah-rise,2012,vacancy,0,0,0,106,211,180,46,240,1
975,blangah-rise,2013,applied,0,0,0,0,21,4,0,0,2
976,blangah-rise,2013,ballot,,,,,,,,,4
977,blangah-rise,2013,odds,,,,1,1,1,1,,5
978,blangah-rise,2013,taken,37,0,3,0,21,93,0,154,3
979,blangah-rise,2013,vacancy,0,0,0,70,140,120,27,180,1
980,blangah-rise,2014,applied,0,0,0,0,20,7,0,0,2
981,blangah-rise,2014,ballot,,,,,,,,,4
982,blangah-rise,2014,odds,,,,1,1,1,1,,5
983,blangah-rise,2014,taken,28,0,3,0,20,7,0,58,3
984,blangah-rise,2014,vacancy,0,0,0,75,149,129,122,180,1
985,blangah-rise,2015,applied,0,0,0,0,23,6,0,0,2
986,blangah-rise,2015,ballot,,,,,,,,,4
987,blangah-rise,2015,odds,,,,1,1,1,1,,5
988,blangah-rise,2015,taken,27,2,7,0,23,6,0,65,3
989,blangah-rise,2015,vacancy,0,0,0,57,114,91,85,150,1
990,blangah-rise,2016,applied,0,0,0,0,16,1,0,0,2
991,blangah-rise,2016,ballot,,,,,,,,,4
992,blangah-rise,2016,odds,,,,1,1,1,1,,5
993,blangah-rise,2016,taken,23,0,2,0,15,1,0,41,3
994,blangah-rise,2016,vacancy,0,0,0,48,95,80,79,120,1
995,blangah-rise,2017,applied,0,0,0,0,16,8,0,0,2
996,blangah-rise,2017,ballot,,,,,,,,,4
997,blangah-rise,2017,odds,,,,1,1,1,1,,5
998,blangah-rise,2017,taken,10,1,3,0,14,8,0,36,3
999,blangah-rise,2017,vacancy,0,0,0,53,107,93,85,120,1
1000,blangah-rise,2018,applied,0,0,0,0,17,15,0,0,2
1001,blangah-rise,2018,ballot,,,,,,,,,4
1002,blangah-rise,2018,odds,,,,1,1,1,1,,5
1003,blangah-rise,2018,taken,21,2,5,0,17,15,0,60,3
1004,blangah-rise,2018,vacancy,0,0,0,46,92,75,60,120,1
1005,blangah-rise,2019,applied,15,0,4,0,19,8,0,0,2
1006,blangah-rise,2019,ballot,,,,,,,,,4
1007,blangah-rise,2019,odds,,,,,,,,,5
1008,blangah-rise,2019,taken,15,0,4,0,19,8,0,46,3
1009,blangah-rise,2019,vacancy,50,35,35,36,71,52,44,90,1
1010,blangah-rise,2020,applied,17,0,14,0,17,16,0,0,2
1011,blangah-rise,2020,ballot,,,,,,,,,4
1012,blangah-rise,2020,odds,,,,,,,,,5
1013,blangah-rise,2020,taken,17,0,14,0,17,16,0,64,3
1014,blangah-rise,2020,vacancy,140,123,123,75,149,132,116,180,1
1015,blangah-rise,2021,applied,18,1,9,0,11,9,0,0,2
1016,blangah-rise,2021,ballot,,,,,,,,,4
1017,blangah-rise,2021,odds,,,,,,,,,5
1018,blangah-rise,2021,taken,18,1,9,0,11,9,0,48,3
1019,blangah-rise,2021,vacancy,110,92,91,61,122,111,102,150,1
1020,blangah-rise,2022,applied,19,6,0,0,24,19,0,0,2
1021,blangah-rise,2022,ballot,,,,,,,,,4
1022,blangah-rise,2022,odds,,,,,,,,,5
1023,blangah-rise,2022,taken,19,6,0,0,24,19,0,68,3
1024,blangah-rise,2022,vacancy,60,41,0,32,96,72,53,120,1
1025,blangah-rise,2023,applied,23,20,0,0,18,12,0,0,2
1026,blangah-rise,2023,ballot,,,,,,,,,4
1027,blangah-rise,2023,odds,,,,,,,,,5
1028,blangah-rise,2023,taken,23,20,0,0,18,12,0,73,3
1029,blangah-rise,2023,vacancy,60,37,0,26,77,60,48,120,1
1030,boon-lay-garden,2009,applied,0,0,0,2,57,45,0,0,2
1031,boon-lay-garden,2009,ballot,,,,,,,,,4
1032,boon-lay-garden,2009,odds,,,,1,1,1,1,,5
1033,boon-lay-garden,2009,taken,77,0,12,2,57,45,0,193,3
1034,boon-lay-garden,2009,vacancy,0,0,0,91,179,122,58,270,1
1035,boon-lay-garden,2010,applied,0,0,0,0,67,80,0,0,2
1036,boon-lay-garden,2010,ballot,,,,,,,,,4
1037,boon-lay-garden,2010,odds,,,,1,1,1,1,,5
1038,boon-lay-garden,2010,taken,98,0,7,0,67,80,0,252,3
1039,boon-lay-garden,2010,vacancy,0,0,0,98,195,128,20,300,1
1040,boon-lay-garden,2011,applied,0,0,0,1,71,68,0,0,2
1041,boon-lay-garden,2011,ballot,,,,,,,,,4
1042,boon-lay-garden,2011,odds,,,,1,1,1,1,,5
1043,boon-lay-garden,2011,taken,76,0,8,1,70,78,0,233,3
1044,boon-lay-garden,2011,vacancy,0,0,0,93,186,116,38,270,1
1045,boon-lay-garden,2012,applied,0,0,0,0,75,62,0,0,2
1046,boon-lay-garden,2012,ballot,,,,,,,,,4
1047,boon-lay-garden,2012,odds,,,,1,1,1,,,5
1048,boon-lay-garden,2012,taken,89,0,4,0,74,73,0,240,3
1049,boon-lay-garden,2012,vacancy,0,0,0,74,147,73,0,240,1
1050,boon-lay-garden,2013,applied,0,0,0,2,97,39,0,0,2
1051,boon-lay-garden,2013,ballot,,,,,,,,,4
1052,boon-lay-garden,2013,odds,,,,1,1,1,,,5
1053,boon-lay-garden,2013,taken,85,0,8,2,97,50,0,242,3
1054,boon-lay-garden,2013,vacancy,0,0,0,74,146,50,0,240,1
1055,boon-lay-garden,2014,applied,0,0,0,1,75,47,0,0,2
1056,boon-lay-garden,2014,ballot,,,,,,,,,4
1057,boon-lay-garden,2014,odds,,,,1,1,1,1,,5
1058,boon-lay-garden,2014,taken,75,0,8,1,73,47,0,204,3
1059,boon-lay-garden,2014,vacancy,0,0,0,79,156,83,36,240,1
1060,boon-lay-garden,2015,applied,0,0,0,0,53,18,0,0,2
1061,boon-lay-garden,2015,ballot,,,,,,,,,4
1062,boon-lay-garden,2015,odds,,,,1,1,1,1,,5
1063,boon-lay-garden,2015,taken,75,0,9,0,53,18,0,155,3
1064,boon-lay-garden,2015,vacancy,0,0,0,78,158,105,87,240,1
1065,boon-lay-garden,2016,applied,0,0,0,0,40,16,0,0,2
1066,boon-lay-garden,2016,ballot,,,,,,,,,4
1067,boon-lay-garden,2016,odds,,,,1,1,1,1,,5
1068,boon-lay-garden,2016,taken,62,0,7,0,40,16,0,125,3
1069,boon-lay-garden,2016,vacancy,0,0,0,71,142,102,86,210,1
1070,boon-lay-garden,2017,applied,0,0,0,0,48,22,0,0,2
1071,boon-lay-garden,2017,ballot,,,,,,,,,4
1072,boon-lay-garden,2017,odds,,,,1,1,1,1,,5
1073,boon-lay-garden,2017,taken,73,0,11,0,48,22,0,154,3
1074,boon-lay-garden,2017,vacancy,0,0,0,48,97,49,27,180,1
1075,boon-lay-garden,2018,applied,0,0,0,0,62,51,0,0,2
1076,boon-lay-garden,2018,ballot,,,,,,,,,4
1077,boon-lay-garden,2018,odds,,,,1,1,1,1,,5
1078,boon-lay-garden,2018,taken,58,0,10,0,62,51,0,181,3
1079,boon-lay-garden,2018,vacancy,0,0,0,86,173,111,60,240,1
1080,boon-lay-garden,2019,applied,51,0,10,0,33,33,0,0,2
1081,boon-lay-garden,2019,ballot,,,,,,,,,4
1082,boon-lay-garden,2019,odds,,,,,,,,,5
1083,boon-lay-garden,2019,taken,51,0,10,0,33,33,0,127,3
1084,boon-lay-garden,2019,vacancy,200,149,150,90,181,148,115,240,1
1085,boon-lay-garden,2020,applied,60,0,7,0,36,45,0,0,2
1086,boon-lay-garden,2020,ballot,,,,,,,,,4
1087,boon-lay-garden,2020,odds,,,,,,,,,5
1088,boon-lay-garden,2020,taken,60,0,7,0,36,45,0,148,3
1089,boon-lay-garden,2020,vacancy,200,140,140,87,173,137,92,240,1
1090,boon-lay-garden,2021,applied,61,0,6,0,41,54,0,0,2
1091,boon-lay-garden,2021,ballot,,,,,,,,,4
1092,boon-lay-garden,2021,odds,,,,,,,,,5
1093,boon-lay-garden,2021,taken,61,0,6,0,41,54,0,162,3
1094,boon-lay-garden,2021,vacancy,200,139,139,87,175,134,80,240,1
1095,boon-lay-garden,2022,applied,65,11,0,0,38,34,0,0,2
1096,boon-lay-garden,2022,ballot,,,,,,,,,4
1097,boon-lay-garden,2022,odds,,,,,,,,,5
1098,boon-lay-garden,2022,taken,65,11,0,0,38,34,0,148,3
1099,boon-lay-garden,2022,vacancy,240,175,0,75,225,187,153,300,1
1100,boon-lay-garden,2023,applied,46,15,0,0,27,25,0,0,2
1101,boon-lay-garden,2023,ballot,,,,,,,,,4
1102,boon-lay-garden,2023,odds,,,,,,,,,5
1103,boon-lay-garden,2023,taken,46,15,0,0,27,25,0,113,3
1104,boon-lay-garden,2023,vacancy,120,74,0,40,121,94,69,180,1
1105,bukit-panjang,2009,applied,0,0,0,15,106,0,0,0,2
1106,bukit-panjang,2009,ballot,,,,,,,,,4
1107,bukit-panjang,2009,odds,,,,1,0.528301886792453,,,,5
1108,bukit-panjang,2009,taken,142,1,27,15,56,0,0,241,3
1109,bukit-panjang,2009,vacancy,0,0,0,35,56,0,0,240,1
1110,bukit-panjang,2010,applied,0,0,0,45,102,0,0,0,2
1111,bukit-panjang,2010,ballot,,,,,,,,,4
1112,bukit-panjang,2010,odds,,,,1,0.637254901960784,,,,5
1113,bukit-panjang,2010,taken,120,0,40,45,65,0,0,270,3
1114,bukit-panjang,2010,vacancy,0,0,0,55,65,0,0,270,1
1115,bukit-panjang,2011,applied,0,0,0,51,101,0,0,0,2
1116,bukit-panjang,2011,ballot,,,,,,,,,4
1117,bukit-panjang,2011,odds,,,,0.803921568627451,0.435643564356436,,,,5
1118,bukit-panjang,2011,taken,121,0,68,40,44,0,0,273,3
1119,bukit-panjang,2011,vacancy,0,0,0,41,44,0,0,270,1
1120,bukit-panjang,2012,applied,0,0,0,43,74,0,0,0,2
1121,bukit-panjang,2012,ballot,,,,,,,,,4
1122,bukit-panjang,2012,odds,,,,1,0.594594594594595,,,,5
1123,bukit-panjang,2012,taken,107,2,74,43,44,0,0,270,3
1124,bukit-panjang,2012,vacancy,0,0,0,44,44,0,0,270,1
1125,bukit-panjang,2013,applied,0,0,0,17,97,0,0,0,2
1126,bukit-panjang,2013,ballot,,,,,,,,,4
1127,bukit-panjang,2013,odds,,,,1,0.927835051546392,,,,5
1128,bukit-panjang,2013,taken,97,1,35,17,90,0,0,240,3
1129,bukit-panjang,2013,vacancy,0,0,0,54,90,0,0,240,1
1130,bukit-panjang,2014,applied,0,0,0,7,83,0,0,0,2
1131,bukit-panjang,2014,ballot,,,,,,,,,4
1132,bukit-panjang,2014,odds,,,,1,0.819277108433735,,,,5
1133,bukit-panjang,2014,taken,123,4,38,7,68,0,0,240,3
1134,bukit-panjang,2014,vacancy,0,0,0,38,68,0,0,240,1
1135,bukit-panjang,2015,applied,0,0,0,5,98,0,0,0,2
1136,bukit-panjang,2015,ballot,,,,,,,,,4
1137,bukit-panjang,2015,odds,,,,1,0.887755102040816,,,,5
1138,bukit-panjang,2015,taken,100,4,45,4,87,0,0,240,3
1139,bukit-panjang,2015,vacancy,0,0,0,46,87,0,0,240,1
1140,bukit-panjang,2016,applied,0,0,0,1,103,0,0,0,2
1141,bukit-panjang,2016,ballot,,,,,,,,,4
1142,bukit-panjang,2016,odds,,,,1,0.893203883495146,,,,5
1143,bukit-panjang,2016,taken,107,12,29,0,92,0,0,240,3
1144,bukit-panjang,2016,vacancy,0,0,0,46,92,0,0,240,1
1145,bukit-panjang,2017,applied,0,0,0,14,96,0,0,0,2
1146,bukit-panjang,2017,ballot,,,,,,,,,4
1147,bukit-panjang,2017,odds,,,,1,0.78125,,,,5
1148,bukit-panjang,2017,taken,101,5,47,12,75,0,0,240,3
1149,bukit-panjang,2017,vacancy,0,0,0,44,75,0,0,240,1
1150,bukit-panjang,2018,applied,0,0,0,23,86,0,0,0,2
1151,bukit-panjang,2018,ballot,,,,,,,,,4
1152,bukit-panjang,2018,odds,,,,1,0.825581395348837,,,,5
1153,bukit-panjang,2018,taken,87,21,39,22,71,0,0,240,3
1154,bukit-panjang,2018,vacancy,0,0,0,47,71,0,0,240,1
1155,bukit-panjang,2019,applied,98,12,42,20,87,0,0,0,2
1156,bukit-panjang,2019,ballot,,,,,SC1-2,,,,4
1157,bukit-panjang,2019,odds,,,,,0.804597701149425,,,,5
1158,bukit-panjang,2019,taken,98,12,42,20,70,0,0,242,3
1159,bukit-panjang,2019,vacancy,200,102,90,44,70,0,0,240,1
1160,bukit-panjang,2020,applied,104,7,39,24,85,0,0,0,2
1161,bukit-panjang,2020,ballot,,,,,SC<1,,,,4
1162,bukit-panjang,2020,odds,,,,,0.788235294117647,,,,5
1163,bukit-panjang,2020,taken,104,7,39,24,67,0,0,241,3
1164,bukit-panjang,2020,vacancy,200,96,89,46,67,0,0,240,1
1165,bukit-panjang,2021,applied,97,17,60,21,71,0,0,0,2
1166,bukit-panjang,2021,ballot,,,,,SC<1,,,,4
1167,bukit-panjang,2021,odds,,,,,0.661971830985915,,,,5
1168,bukit-panjang,2021,taken,97,17,60,21,47,0,0,242,3
1169,bukit-panjang,2021,vacancy,200,103,86,33,47,0,0,240,1
1170,bukit-panjang,2022,applied,100,55,0,21,80,0,0,0,2
1171,bukit-panjang,2022,ballot,,,,,SC<1,,,,4
1172,bukit-panjang,2022,odds,,,,,0.8125,,,,5
1173,bukit-panjang,2022,taken,100,55,0,21,65,0,0,241,3
1174,bukit-panjang,2022,vacancy,180,80,0,29,65,0,0,240,1
1175,bukit-panjang,2023,applied,100,78,0,24,89,0,0,0,2
1176,bukit-panjang,2023,ballot,,,,SC1-2,SC<1,,,,4
1177,bukit-panjang,2023,odds,,,,0.875,0.471910112359551,,,,5
1178,bukit-panjang,2023,taken,100,78,0,21,42,0,0,241,3
1179,bukit-panjang,2023,vacancy,180,80,0,21,42,0,0,240,1
1180,bukit-timah,2009,applied,0,0,0,2,43,54,0,0,2
1181,bukit-timah,2009,ballot,,,,,,,,,4
1182,bukit-timah,2009,odds,,,,1,1,1,1,,5
1183,bukit-timah,2009,taken,46,0,4,2,43,54,0,149,3
1184,bukit-timah,2009,vacancy,0,0,0,65,129,86,26,180,1
1185,bukit-timah,2010,applied,0,0,0,1,50,70,0,0,2
1186,bukit-timah,2010,ballot,,,,,,,,,4
1187,bukit-timah,2010,odds,,,,1,1,1,,,5
1188,bukit-timah,2010,taken,51,0,7,1,50,70,0,179,3
1189,bukit-timah,2010,vacancy,0,0,0,61,121,75,0,180,1
1190,bukit-timah,2011,applied,0,0,0,0,46,81,0,0,2
1191,bukit-timah,2011,ballot,,,,,,,,,4
1192,bukit-timah,2011,odds,,,,1,1,1,,,5
1193,bukit-timah,2011,taken,40,0,11,0,46,85,0,182,3
1194,bukit-timah,2011,vacancy,0,0,0,65,131,85,0,180,1
1195,bukit-timah,2012,applied,0,0,0,1,61,42,0,0,2
1196,bukit-timah,2012,ballot,,,,,,,,,4
1197,bukit-timah,2012,odds,,,,1,1,1,1,,5
1198,bukit-timah,2012,taken,40,0,5,1,61,63,0,170,3
1199,bukit-timah,2012,vacancy,0,0,0,68,134,75,12,180,1
1200,bukit-timah,2013,applied,0,0,0,1,63,58,0,0,2
1201,bukit-timah,2013,ballot,,,,,,,,,4
1202,bukit-timah,2013,odds,,,,1,1,1,,,5
1203,bukit-timah,2013,taken,55,0,3,1,63,59,0,181,3
1204,bukit-timah,2013,vacancy,0,0,0,61,121,59,0,180,1
1205,bukit-timah,2014,applied,0,0,0,1,65,51,0,0,2
1206,bukit-timah,2014,ballot,,,,,,,,,4
1207,bukit-timah,2014,odds,,,,1,1,1,1,,5
1208,bukit-timah,2014,taken,55,0,7,1,62,51,0,176,3
1209,bukit-timah,2014,vacancy,0,0,0,59,117,55,4,180,1
1210,bukit-timah,2015,applied,0,0,0,0,67,41,0,0,2
1211,bukit-timah,2015,ballot,,,,,,,,,4
1212,bukit-timah,2015,odds,,,,1,1,1,1,,5
1213,bukit-timah,2015,taken,55,0,3,0,67,41,0,166,3
1214,bukit-timah,2015,vacancy,0,0,0,61,124,57,16,180,1
1215,bukit-timah,2016,applied,0,0,0,0,52,47,0,0,2
1216,bukit-timah,2016,ballot,,,,,,,,,4
1217,bukit-timah,2016,odds,,,,1,1,1,1,,5
1218,bukit-timah,2016,taken,44,0,5,0,52,47,0,148,3
1219,bukit-timah,2016,vacancy,0,0,0,66,131,79,32,180,1
1220,bukit-timah,2017,applied,0,0,0,0,59,48,0,0,2
1221,bukit-timah,2017,ballot,,,,,,,,,4
1222,bukit-timah,2017,odds,,,,1,1,1,1,,5
1223,bukit-timah,2017,taken,52,0,6,0,59,48,0,165,3
1224,bukit-timah,2017,vacancy,0,0,0,61,124,65,17,180,1
1225,bukit-timah,2018,applied,0,0,0,0,86,86,0,0,2
1226,bukit-timah,2018,ballot,,,,,,,,,4
1227,bukit-timah,2018,odds,,,,1,1,0.918604651162791,,,5
1228,bukit-timah,2018,taken,40,0,6,0,86,79,0,211,3
1229,bukit-timah,2018,vacancy,0,0,0,82,165,79,0,210,1
1230,bukit-timah,2019,applied,45,0,5,0,85,62,0,0,2
1231,bukit-timah,2019,ballot,,,,,,SC>2,,,4
1232,bukit-timah,2019,odds,,,,,,0.758064516129032,,,5
1233,bukit-timah,2019,taken,45,0,5,0,85,47,0,182,3
1234,bukit-timah,2019,vacancy,140,95,95,66,132,47,0,180,1
1235,bukit-timah,2020,applied,60,1,3,1,91,104,0,0,2
1236,bukit-timah,2020,ballot,,,,,PR>2,SC>2,,,4
1237,bukit-timah,2020,odds,,,,,1,0.567307692307692,,,5
1238,bukit-timah,2020,taken,60,1,3,1,91,59,0,215,3
1239,bukit-timah,2020,vacancy,170,110,109,73,145,59,0,210,1
1240,bukit-timah,2021,applied,63,1,5,0,81,88,0,0,2
1241,bukit-timah,2021,ballot,,,,,,SC>2,,,4
1242,bukit-timah,2021,odds,,,,,,0.693181818181818,,,5
1243,bukit-timah,2021,taken,63,1,5,0,81,61,0,211,3
1244,bukit-timah,2021,vacancy,170,107,106,71,142,61,0,210,1
1245,bukit-timah,2022,applied,59,6,0,1,81,63,0,0,2
1246,bukit-timah,2022,ballot,,,,,PR>2,SC1-2,,,4
1247,bukit-timah,2022,odds,,,,,1,0.714285714285714,,,5
1248,bukit-timah,2022,taken,59,6,0,1,81,45,0,192,3
1249,bukit-timah,2022,vacancy,130,71,0,42,124,45,0,190,1
1250,bukit-timah,2023,applied,64,7,0,1,71,66,0,0,2
1251,bukit-timah,2023,ballot,,,,,,SC1-2,,,4
1252,bukit-timah,2023,odds,,,,,,0.606060606060606,,,5
1253,bukit-timah,2023,taken,64,7,0,1,71,40,0,183,3
1254,bukit-timah,2023,vacancy,120,56,0,36,111,40,0,180,1
1255,bukit-view,2009,applied,0,0,0,0,96,26,0,0,2
1256,bukit-view,2009,ballot,,,,,,,,,4
1257,bukit-view,2009,odds,,,,1,1,0.730769230769231,,,5
1258,bukit-view,2009,taken,58,0,7,0,96,19,0,180,3
1259,bukit-view,2009,vacancy,0,0,0,58,115,19,0,180,1
1260,bukit-view,2010,applied,0,0,0,0,107,58,0,0,2
1261,bukit-view,2010,ballot,,,,,,,,,4
1262,bukit-view,2010,odds,,,,1,1,0.706896551724138,,,5
1263,bukit-view,2010,taken,55,0,7,0,107,41,0,210,3
1264,bukit-view,2010,vacancy,0,0,0,74,148,41,0,210,1
1265,bukit-view,2011,applied,0,0,0,0,87,62,0,0,2
1266,bukit-view,2011,ballot,,,,,,,,,4
1267,bukit-view,2011,odds,,,,1,1,0.758064516129032,,,5
1268,bukit-view,2011,taken,67,0,10,0,87,47,0,211,3
1269,bukit-view,2011,vacancy,0,0,0,67,134,47,0,210,1
1270,bukit-view,2012,applied,0,0,0,2,89,41,0,0,2
1271,bukit-view,2012,ballot,,,,,,,,,4
1272,bukit-view,2012,odds,,,,1,1,0.975609756097561,,,5
1273,bukit-view,2012,taken,73,0,7,2,88,40,0,210,3
1274,bukit-view,2012,vacancy,0,0,0,65,128,40,0,210,1
1275,bukit-view,2013,applied,0,0,0,1,95,26,0,0,2
1276,bukit-view,2013,ballot,,,,,,,,,4
1277,bukit-view,2013,odds,,,,1,1,1,,,5
1278,bukit-view,2013,taken,72,0,14,1,94,29,0,210,3
1279,bukit-view,2013,vacancy,0,0,0,62,123,29,0,210,1
1280,bukit-view,2014,applied,0,0,0,1,83,19,0,0,2
1281,bukit-view,2014,ballot,,,,,,,,,4
1282,bukit-view,2014,odds,,,,1,1,1,1,,5
1283,bukit-view,2014,taken,62,0,7,1,83,19,0,172,3
1284,bukit-view,2014,vacancy,0,0,0,86,170,87,68,240,1
1285,bukit-view,2015,applied,0,0,0,0,77,24,0,0,2
1286,bukit-view,2015,ballot,,,,,,,,,4
1287,bukit-view,2015,odds,,,,1,1,1,1,,5
1288,bukit-view,2015,taken,80,0,7,0,77,24,0,188,3
1289,bukit-view,2015,vacancy,0,0,0,62,123,46,22,210,1
1290,bukit-view,2016,applied,0,0,0,0,46,21,0,0,2
1291,bukit-view,2016,ballot,,,,,,,,,4
1292,bukit-view,2016,odds,,,,1,1,1,1,,5
1293,bukit-view,2016,taken,58,0,8,0,46,21,0,133,3
1294,bukit-view,2016,vacancy,0,0,0,57,115,69,48,180,1
1295,bukit-view,2017,applied,0,0,0,1,65,47,0,0,2
1296,bukit-view,2017,ballot,,,,,,,,,4
1297,bukit-view,2017,odds,,,,1,1,0.957446808510638,,,5
1298,bukit-view,2017,taken,64,0,8,0,65,45,0,182,3
1299,bukit-view,2017,vacancy,0,0,0,54,110,45,0,180,1
1300,bukit-view,2018,applied,0,0,0,0,56,56,0,0,2
1301,bukit-view,2018,ballot,,,,,,,,,4
1302,bukit-view,2018,odds,,,,1,1,1,1,,5
1303,bukit-view,2018,taken,46,0,15,0,56,56,0,173,3
1304,bukit-view,2018,vacancy,0,0,0,75,150,94,38,210,1
1305,bukit-view,2019,applied,51,0,7,0,24,65,0,0,2
1306,bukit-view,2019,ballot,,,,,,,,,4
1307,bukit-view,2019,odds,,,,,,,,,5
1308,bukit-view,2019,taken,51,0,7,0,24,65,0,147,3
1309,bukit-view,2019,vacancy,140,89,89,61,122,99,34,180,1
1310,bukit-view,2020,applied,57,0,7,0,26,82,0,0,2
1311,bukit-view,2020,ballot,,,,,,,,,4
1312,bukit-view,2020,odds,,,,,,,,,5
1313,bukit-view,2020,taken,57,0,7,0,26,82,0,172,3
1314,bukit-view,2020,vacancy,200,143,143,88,176,151,69,240,1
1315,bukit-view,2021,applied,63,0,11,0,37,92,0,0,2
1316,bukit-view,2021,ballot,,,,,,,,,4
1317,bukit-view,2021,odds,,,,,,,,,5
1318,bukit-view,2021,taken,63,0,11,0,37,92,0,203,3
1319,bukit-view,2021,vacancy,200,137,137,83,166,129,37,240,1
1320,bukit-view,2022,applied,58,12,0,0,31,133,0,0,2
1321,bukit-view,2022,ballot,,,,,,,,,4
1322,bukit-view,2022,odds,,,,,,,,,5
1323,bukit-view,2022,taken,58,12,0,0,31,133,0,234,3
1324,bukit-view,2022,vacancy,240,182,0,77,230,199,66,300,1
1325,bukit-view,2023,applied,62,17,0,0,27,127,0,0,2
1326,bukit-view,2023,ballot,,,,,,,,,4
1327,bukit-view,2023,odds,,,,,,,,,5
1328,bukit-view,2023,taken,62,17,0,0,27,127,0,233,3
1329,bukit-view,2023,vacancy,260,198,0,80,242,215,88,320,1
1330,canberra,2009,applied,0,0,0,29,120,0,0,0,2
1331,canberra,2009,ballot,,,,,,,,,4
1332,canberra,2009,odds,,,,1,0.716666666666667,,,,5
1333,canberra,2009,taken,128,0,31,29,86,0,0,274,3
1334,canberra,2009,vacancy,0,0,0,56,86,0,0,270,1
1335,canberra,2010,applied,0,0,0,23,140,0,0,0,2
1336,canberra,2010,ballot,,,,,,,,,4
1337,canberra,2010,odds,,,,1,0.807142857142857,,,,5
1338,canberra,2010,taken,117,0,17,23,113,0,0,270,3
1339,canberra,2010,vacancy,0,0,0,68,113,0,0,270,1
1340,canberra,2011,applied,0,0,0,31,158,0,0,0,2
1341,canberra,2011,ballot,,,,,,,,,4
1342,canberra,2011,odds,,,,1,0.449367088607595,,,,5
1343,canberra,2011,taken,130,1,37,31,71,0,0,270,3
1344,canberra,2011,vacancy,0,0,0,51,71,0,0,270,1
1345,canberra,2012,applied,0,0,0,54,114,0,0,0,2
1346,canberra,2012,ballot,,,,,,,,,4
1347,canberra,2012,odds,,,,1,0.692982456140351,,,,5
1348,canberra,2012,taken,111,0,27,54,79,0,0,271,3
1349,canberra,2012,vacancy,0,0,0,66,79,0,0,270,1
1350,canberra,2013,applied,0,0,0,72,95,0,0,0,2
1351,canberra,2013,ballot,,,,,,,,,4
1352,canberra,2013,odds,,,,0.875,0.652631578947368,,,,5
1353,canberra,2013,taken,85,0,30,63,62,0,0,240,3
1354,canberra,2013,vacancy,0,0,0,63,62,0,0,240,1
1355,canberra,2014,applied,0,0,0,57,78,0,0,0,2
1356,canberra,2014,ballot,,,,,,,,,4
1357,canberra,2014,odds,,,,0.754385964912281,0.538461538461538,,,,5
1358,canberra,2014,taken,123,0,32,43,42,0,0,240,3
1359,canberra,2014,vacancy,0,0,0,43,42,0,0,240,1
1360,canberra,2015,applied,0,0,0,72,83,0,0,0,2
1361,canberra,2015,ballot,,,,,,,,,4
1362,canberra,2015,odds,,,,0.805555555555556,0.72289156626506,,,,5
1363,canberra,2015,taken,113,0,12,55,60,0,0,240,3
1364,canberra,2015,vacancy,0,0,0,58,60,0,0,240,1
1365,canberra,2016,applied,0,0,0,44,101,0,0,0,2
1366,canberra,2016,ballot,,,,,,,,,4
1367,canberra,2016,odds,,,,1,0.594059405940594,,,,5
1368,canberra,2016,taken,87,0,19,44,60,0,0,210,3
1369,canberra,2016,vacancy,0,0,0,52,60,0,0,210,1
1370,canberra,2017,applied,0,0,0,61,90,0,0,0,2
1371,canberra,2017,ballot,,,,,,,,,4
1372,canberra,2017,odds,,,,0.770491803278688,0.522222222222222,,,,5
1373,canberra,2017,taken,94,0,23,46,47,0,0,210,3
1374,canberra,2017,vacancy,0,0,0,47,47,0,0,210,1
1375,canberra,2018,applied,0,0,0,78,126,0,0,0,2
1376,canberra,2018,ballot,,,,,,,,,4
1377,canberra,2018,odds,,,,0.564102564102564,0.349206349206349,,,,5
1378,canberra,2018,taken,105,0,18,43,44,0,0,210,3
1379,canberra,2018,vacancy,0,0,0,44,44,0,0,210,1
1380,canberra,2019,applied,91,0,16,62,89,0,0,0,2
1381,canberra,2019,ballot,,,,SC1-2,SC<1,,,,4
1382,canberra,2019,odds,,,,0.838709677419355,0.606741573033708,,,,5
1383,canberra,2019,taken,91,0,16,52,54,0,0,213,3
1384,canberra,2019,vacancy,170,79,79,52,54,0,0,210,1
1385,canberra,2020,applied,110,0,16,64,116,0,0,0,2
1386,canberra,2020,ballot,,,,SC1-2,SC<1,,,,4
1387,canberra,2020,odds,,,,0.890625,0.491379310344828,,,,5
1388,canberra,2020,taken,110,0,16,57,57,0,0,240,3
1389,canberra,2020,vacancy,200,90,90,57,57,0,0,240,1
1390,canberra,2021,applied,85,1,17,9,159,0,0,0,2
1391,canberra,2021,ballot,,,,,SC<1,,,,4
1392,canberra,2021,odds,,,,,0.811320754716981,,,,5
1393,canberra,2021,taken,85,1,17,9,129,0,0,241,3
1394,canberra,2021,vacancy,200,115,114,69,129,0,0,240,1
1395,canberra,2022,applied,86,25,0,19,146,0,0,0,2
1396,canberra,2022,ballot,,,,,SC<1,,,,4
1397,canberra,2022,odds,,,,,0.767123287671233,,,,5
1398,canberra,2022,taken,86,25,0,19,112,0,0,242,3
1399,canberra,2022,vacancy,180,94,0,43,112,0,0,240,1
1400,canberra,2023,applied,80,16,0,22,131,0,0,0,2
1401,canberra,2023,ballot,,,,,SC1-2,,,,4
1402,canberra,2023,odds,,,,,0.931297709923664,,,,5
1403,canberra,2023,taken,80,16,0,22,122,0,0,240,3
1404,canberra,2023,vacancy,180,100,0,48,122,0,0,240,1
1405,canossa-catholic,2009,applied,0,0,0,3,46,15,0,0,2
1406,canossa-catholic,2009,ballot,,,,,,,,,4
1407,canossa-catholic,2009,odds,,,,1,1,1,1,,5
1408,canossa-catholic,2009,taken,16,2,5,3,46,15,0,87,3
1409,canossa-catholic,2009,vacancy,0,0,0,49,94,48,32,120,1
1410,canossa-catholic,2010,applied,0,0,0,4,40,36,0,0,2
1411,canossa-catholic,2010,ballot,,,,,,,,,4
1412,canossa-catholic,2010,odds,,,,1,1,1,1,,5
1413,canossa-catholic,2010,taken,17,0,3,4,40,36,0,100,3
1414,canossa-catholic,2010,vacancy,0,0,0,50,96,57,2,120,1
1415,canossa-catholic,2011,applied,0,0,0,4,30,27,0,0,2
1416,canossa-catholic,2011,ballot,,,,,,,,,4
1417,canossa-catholic,2011,odds,,,,1,1,1,1,,5
1418,canossa-catholic,2011,taken,24,4,3,4,30,35,0,100,3
1419,canossa-catholic,2011,vacancy,0,0,0,45,85,55,20,120,1
1420,canossa-catholic,2012,applied,0,0,0,6,57,45,0,0,2
1421,canossa-catholic,2012,ballot,,,,,,,,,4
1422,canossa-catholic,2012,odds,,,,1,1,0.866666666666667,,,5
1423,canossa-catholic,2012,taken,12,1,7,6,57,39,0,122,3
1424,canossa-catholic,2012,vacancy,0,0,0,50,94,39,0,120,1
1425,canossa-catholic,2013,applied,0,0,0,5,54,41,0,0,2
1426,canossa-catholic,2013,ballot,,,,,,,,,4
1427,canossa-catholic,2013,odds,,,,1,1,0.878048780487805,,,5
1428,canossa-catholic,2013,taken,21,4,1,5,54,36,0,121,3
1429,canossa-catholic,2013,vacancy,0,0,0,47,89,36,0,120,1
1430,canossa-catholic,2014,applied,0,0,0,5,34,10,0,0,2
1431,canossa-catholic,2014,ballot,,,,,,,,,4
1432,canossa-catholic,2014,odds,,,,1,1,1,1,,5
1433,canossa-catholic,2014,taken,26,0,4,5,33,10,0,78,3
1434,canossa-catholic,2014,vacancy,0,0,0,45,85,52,42,120,1
1435,canossa-catholic,2015,applied,0,0,0,2,23,4,0,0,2
1436,canossa-catholic,2015,ballot,,,,,,,,,4
1437,canossa-catholic,2015,odds,,,,1,1,1,1,,5
1438,canossa-catholic,2015,taken,18,0,3,0,23,4,0,48,3
1439,canossa-catholic,2015,vacancy,0,0,0,50,99,76,72,120,1
1440,canossa-catholic,2016,applied,0,0,0,5,16,6,0,0,2
1441,canossa-catholic,2016,ballot,,,,,,,,,4
1442,canossa-catholic,2016,odds,,,,1,1,1,1,,5
1443,canossa-catholic,2016,taken,13,0,3,5,16,6,0,43,3
1444,canossa-catholic,2016,vacancy,0,0,0,52,99,83,77,120,1
1445,canossa-catholic,2017,applied,0,0,0,2,24,7,0,0,2
1446,canossa-catholic,2017,ballot,,,,,,,,,4
1447,canossa-catholic,2017,odds,,,,1,1,1,1,,5
1448,canossa-catholic,2017,taken,6,2,4,1,24,7,0,44,3
1449,canossa-catholic,2017,vacancy,0,0,0,54,107,83,76,120,1
1450,canossa-catholic,2018,applied,0,0,0,10,53,32,0,0,2
1451,canossa-catholic,2018,ballot,,,,,,,,,4
1452,canossa-catholic,2018,odds,,,,1,1,0.875,,,5
1453,canossa-catholic,2018,taken,17,2,10,10,53,28,0,120,3
1454,canossa-catholic,2018,vacancy,0,0,0,46,81,28,0,120,1
1455,canossa-catholic,2019,applied,19,1,7,15,39,9,0,0,2
1456,canossa-catholic,2019,ballot,,,,,,,,,4
1457,canossa-catholic,2019,odds,,,,,,,,,5
1458,canossa-catholic,2019,taken,19,1,7,15,39,9,0,90,3
1459,canossa-catholic,2019,vacancy,80,61,60,47,79,40,31,120,1
1460,canossa-catholic,2020,applied,33,2,7,13,59,20,0,0,2
1461,canossa-catholic,2020,ballot,,,,,,SC1-2,,,4
1462,canossa-catholic,2020,odds,,,,,,0.4,,,5
1463,canossa-catholic,2020,taken,33,2,7,13,59,8,0,122,3
1464,canossa-catholic,2020,vacancy,80,47,45,39,67,8,0,120,1
1465,canossa-catholic,2021,applied,33,5,8,14,59,53,0,0,2
1466,canossa-catholic,2021,ballot,,,,,,SC1-2,,,4
1467,canossa-catholic,2021,odds,,,,,,0.622641509433962,,,5
1468,canossa-catholic,2021,taken,33,5,8,14,59,33,0,152,3
1469,canossa-catholic,2021,vacancy,110,77,72,53,92,33,0,150,1
1470,canossa-catholic,2022,applied,34,6,0,16,60,23,0,0,2
1471,canossa-catholic,2022,ballot,,,,,,SC<1,,,4
1472,canossa-catholic,2022,odds,,,,,,0.173913043478261,,,5
1473,canossa-catholic,2022,taken,34,6,0,16,60,4,0,120,3
1474,canossa-catholic,2022,vacancy,60,26,0,27,64,4,0,120,1
1475,canossa-catholic,2023,applied,48,3,0,19,56,0,0,0,2
1476,canossa-catholic,2023,ballot,,,,,SC<2#,,,,4
1477,canossa-catholic,2023,odds,,,,,0.892857142857143,,,,5
1478,canossa-catholic,2023,taken,48,3,0,19,50,0,0,120,3
1479,canossa-catholic,2023,vacancy,60,12,0,23,50,0,0,120,1
1480,cantonment,2010,applied,0,0,0,0,74,16,0,0,2
1481,cantonment,2010,ballot,,,,,,,,,4
1482,cantonment,2010,odds,,,,1,1,1,1,,5
1483,cantonment,2010,taken,0,0,2,0,74,16,0,92,3
1484,cantonment,2010,vacancy,0,0,0,104,208,134,40,210,1
1485,cantonment,2011,applied,0,0,0,0,96,36,0,0,2
1486,cantonment,2011,ballot,,,,,,,,,4
1487,cantonment,2011,odds,,,,1,1,1,1,,5
1488,cantonment,2011,taken,19,0,2,0,96,47,0,164,3
1489,cantonment,2011,vacancy,0,0,0,95,189,93,46,210,1
1490,cantonment,2012,applied,0,0,0,3,160,38,0,0,2
1491,cantonment,2012,ballot,,,,,,,,,4
1492,cantonment,2012,odds,,,,1,1,0.815789473684211,,,5
1493,cantonment,2012,taken,44,0,3,3,160,31,0,241,3
1494,cantonment,2012,vacancy,0,0,0,97,190,31,0,240,1
1495,cantonment,2013,applied,0,0,0,0,97,37,0,0,2
1496,cantonment,2013,ballot,,,,,,,,,4
1497,cantonment,2013,odds,,,,1,1,1,1,,5
1498,cantonment,2013,taken,57,0,2,0,97,49,0,205,3
1499,cantonment,2013,vacancy,0,0,0,91,181,86,37,240,1
1500,cantonment,2014,applied,0,0,0,2,95,43,0,0,2
1501,cantonment,2014,ballot,,,,,,,,,4
1502,cantonment,2014,odds,,,,1,1,1,1,,5
1503,cantonment,2014,taken,64,0,0,2,94,43,0,203,3
1504,cantonment,2014,vacancy,0,0,0,88,174,80,37,240,1
1505,cantonment,2015,applied,0,0,0,1,112,23,0,0,2
1506,cantonment,2015,ballot,,,,,,,,,4
1507,cantonment,2015,odds,,,,1,1,1,1,,5
1508,cantonment,2015,taken,72,0,3,0,111,23,0,209,3
1509,cantonment,2015,vacancy,0,0,0,68,136,25,2,210,1
1510,cantonment,2016,applied,0,0,0,1,68,18,0,0,2
1511,cantonment,2016,ballot,,,,,,,,,4
1512,cantonment,2016,odds,,,,1,1,1,1,,5
1513,cantonment,2016,taken,67,2,6,0,68,18,0,161,3
1514,cantonment,2016,vacancy,0,0,0,68,135,67,49,210,1
1515,cantonment,2017,applied,0,0,0,1,64,19,0,0,2
1516,cantonment,2017,ballot,,,,,,,,,4
1517,cantonment,2017,odds,,,,1,1,1,1,,5
1518,cantonment,2017,taken,68,0,2,0,64,19,0,153,3
1519,cantonment,2017,vacancy,0,0,0,70,141,77,58,210,1
1520,cantonment,2018,applied,0,0,0,1,85,50,0,0,2
1521,cantonment,2018,ballot,,,,,,,,,4
1522,cantonment,2018,odds,,,,1,1,1,1,,5
1523,cantonment,2018,taken,66,0,2,0,85,50,0,203,3
1524,cantonment,2018,vacancy,0,0,0,71,144,59,9,210,1
1525,cantonment,2019,applied,61,0,3,1,80,35,0,0,2
1526,cantonment,2019,ballot,,,,,,,,,4
1527,cantonment,2019,odds,,,,,,,,,5
1528,cantonment,2019,taken,61,0,3,1,80,35,0,180,3
1529,cantonment,2019,vacancy,140,79,79,58,115,35,0,180,1
1530,cantonment,2020,applied,77,0,6,0,44,76,0,0,2
1531,cantonment,2020,ballot,,,,,,,,,4
1532,cantonment,2020,odds,,,,,,,,,5
1533,cantonment,2020,taken,77,0,6,0,44,76,0,203,3
1534,cantonment,2020,vacancy,200,123,123,79,160,116,40,240,1
1535,cantonment,2021,applied,60,0,2,1,66,30,0,0,2
1536,cantonment,2021,ballot,,,,,,,,,4
1537,cantonment,2021,odds,,,,,,,,,5
1538,cantonment,2021,taken,60,0,2,1,66,30,0,159,3
1539,cantonment,2021,vacancy,200,140,140,89,177,113,83,240,1
1540,cantonment,2022,applied,44,2,0,0,43,47,0,0,2
1541,cantonment,2022,ballot,,,,,,,,,4
1542,cantonment,2022,odds,,,,,,,,,5
1543,cantonment,2022,taken,44,2,0,0,43,47,0,136,3
1544,cantonment,2022,vacancy,120,76,0,45,136,93,46,180,1
1545,cantonment,2023,applied,45,4,0,2,40,19,0,0,2
1546,cantonment,2023,ballot,,,,,,,,,4
1547,cantonment,2023,odds,,,,,,,,,5
1548,cantonment,2023,taken,45,4,0,2,40,19,0,110,3
1549,cantonment,2023,vacancy,90,45,0,34,100,60,41,150,1
1550,casuarina,2009,applied,0,0,0,3,63,41,0,0,2
1551,casuarina,2009,ballot,,,,,,,,,4
1552,casuarina,2009,odds,,,,1,1,0.975609756097561,,,5
1553,casuarina,2009,taken,72,0,4,3,63,40,0,182,3
1554,casuarina,2009,vacancy,0,0,0,52,103,40,0,180,1
1555,casuarina,2010,applied,0,0,0,0,57,17,0,0,2
1556,casuarina,2010,ballot,,,,,,,,,4
1557,casuarina,2010,odds,,,,1,1,1,1,,5
1558,casuarina,2010,taken,51,0,7,0,57,17,0,132,3
1559,casuarina,2010,vacancy,0,0,0,61,122,66,47,180,1
1560,casuarina,2011,applied,0,0,0,0,55,39,0,0,2
1561,casuarina,2011,ballot,,,,,,,,,4
1562,casuarina,2011,odds,,,,1,1,1,,,5
1563,casuarina,2011,taken,78,0,7,0,55,41,0,181,3
1564,casuarina,2011,vacancy,0,0,0,48,96,41,0,180,1
1565,casuarina,2012,applied,0,0,0,0,83,4,0,0,2
1566,casuarina,2012,ballot,,,,,,,,,4
1567,casuarina,2012,odds,,,,1,1,1,1,,5
1568,casuarina,2012,taken,75,0,9,0,83,4,0,171,3
1569,casuarina,2012,vacancy,0,0,0,48,96,14,10,180,1
1570,casuarina,2013,applied,0,0,0,2,78,38,0,0,2
1571,casuarina,2013,ballot,,,,,,,,,4
1572,casuarina,2013,odds,,,,1,1,1,,,5
1573,casuarina,2013,taken,53,0,8,2,78,41,0,182,3
1574,casuarina,2013,vacancy,0,0,0,60,117,41,0,180,1
1575,casuarina,2014,applied,0,0,0,1,70,36,0,0,2
1576,casuarina,2014,ballot,,,,,,,,,4
1577,casuarina,2014,odds,,,,1,1,1,1,,5
1578,casuarina,2014,taken,66,0,6,1,70,36,0,179,3
1579,casuarina,2014,vacancy,0,0,0,54,107,37,1,180,1
1580,casuarina,2015,applied,0,0,0,0,50,18,0,0,2
1581,casuarina,2015,ballot,,,,,,,,,4
1582,casuarina,2015,odds,,,,1,1,1,1,,5
1583,casuarina,2015,taken,64,0,3,0,50,18,0,135,3
1584,casuarina,2015,vacancy,0,0,0,57,114,64,46,180,1
1585,casuarina,2016,applied,0,0,0,0,34,19,0,0,2
1586,casuarina,2016,ballot,,,,,,,,,4
1587,casuarina,2016,odds,,,,1,1,1,1,,5
1588,casuarina,2016,taken,58,0,7,0,34,19,0,118,3
1589,casuarina,2016,vacancy,0,0,0,43,85,51,32,150,1
1590,casuarina,2017,applied,0,0,0,0,85,0,0,0,2
1591,casuarina,2017,ballot,,,,,,,,,4
1592,casuarina,2017,odds,,,,1,0.905882352941176,,,,5
1593,casuarina,2017,taken,95,0,9,0,77,0,0,181,3
1594,casuarina,2017,vacancy,0,0,0,38,77,0,0,180,1
1595,casuarina,2018,applied,0,0,0,2,88,0,0,0,2
1596,casuarina,2018,ballot,,,,,,,,,4
1597,casuarina,2018,odds,,,,1,0.909090909090909,,,,5
1598,casuarina,2018,taken,82,0,16,2,80,0,0,180,3
1599,casuarina,2018,vacancy,0,0,0,41,80,0,0,180,1
1600,casuarina,2019,applied,77,1,6,1,51,31,0,0,2
1601,casuarina,2019,ballot,,,,,,,,,4
1602,casuarina,2019,odds,,,,,,,,,5
1603,casuarina,2019,taken,77,1,6,1,51,31,0,167,3
1604,casuarina,2019,vacancy,140,63,62,49,96,46,15,180,1
1605,casuarina,2020,applied,69,0,12,0,90,40,0,0,2
1606,casuarina,2020,ballot,,,,,,SC<1,,,4
1607,casuarina,2020,odds,,,,,,0.25,,,5
1608,casuarina,2020,taken,69,0,12,0,90,10,0,181,3
1609,casuarina,2020,vacancy,140,71,71,50,99,10,0,180,1
1610,casuarina,2021,applied,63,1,20,0,44,37,0,0,2
1611,casuarina,2021,ballot,,,,,,PR<1,,,4
1612,casuarina,2021,odds,,,,,,0.891891891891892,,,5
1613,casuarina,2021,taken,63,1,20,0,44,33,0,161,3
1614,casuarina,2021,vacancy,120,57,56,38,77,33,0,160,1
1615,casuarina,2022,applied,60,16,0,0,55,37,0,0,2
1616,casuarina,2022,ballot,,,,,,PR<1,,,4
1617,casuarina,2022,odds,,,,,,0.783783783783784,,,5
1618,casuarina,2022,taken,60,16,0,0,55,29,0,160,3
1619,casuarina,2022,vacancy,100,40,0,28,84,29,0,160,1
1620,casuarina,2023,applied,76,18,0,0,44,28,0,0,2
1621,casuarina,2023,ballot,,,,,,SC1-2,,,4
1622,casuarina,2023,odds,,,,,,0.821428571428571,,,5
1623,casuarina,2023,taken,76,18,0,0,44,23,0,161,3
1624,casuarina,2023,vacancy,100,24,0,22,66,23,0,160,1
1625,catholic-high,2009,applied,0,0,0,39,72,0,0,0,2
1626,catholic-high,2009,ballot,,,,,,,,,4
1627,catholic-high,2009,odds,,,,0.717948717948718,0.388888888888889,,,,5
1628,catholic-high,2009,taken,50,56,49,28,28,0,0,211,3
1629,catholic-high,2009,vacancy,0,0,0,28,28,0,0,210,1
1630,catholic-high,2010,applied,0,0,0,48,58,0,0,0,2
1631,catholic-high,2010,ballot,,,,,,,,,4
1632,catholic-high,2010,odds,,,,0.1875,0.155172413793103,,,,5
1633,catholic-high,2010,taken,79,69,44,9,9,0,0,210,3
1634,catholic-high,2010,vacancy,0,0,0,9,9,0,0,210,1
1635,catholic-high,2011,applied,0,0,0,44,61,0,0,0,2
1636,catholic-high,2011,ballot,,,,,,,,,4
1637,catholic-high,2011,odds,,,,0.590909090909091,0.409836065573771,,,,5
1638,catholic-high,2011,taken,71,79,39,26,25,0,0,240,3
1639,catholic-high,2011,vacancy,0,0,0,26,25,0,0,240,1
1640,catholic-high,2012,applied,0,0,0,28,55,0,0,0,2
1641,catholic-high,2012,ballot,,,,,,,,,4
1642,catholic-high,2012,odds,,,,0.714285714285714,0.363636363636364,,,,5
1643,catholic-high,2012,taken,91,80,29,20,20,0,0,240,3
1644,catholic-high,2012,vacancy,0,0,0,20,20,0,0,240,1
1645,catholic-high,2013,applied,0,0,0,43,49,0,0,0,2
1646,catholic-high,2013,ballot,,,,,,,,,4
1647,catholic-high,2013,odds,,,,0.604651162790698,0.530612244897959,,,,5
1648,catholic-high,2013,taken,77,85,26,26,26,0,0,240,3
1649,catholic-high,2013,vacancy,0,0,0,26,26,0,0,240,1
1650,catholic-high,2014,applied,0,0,0,29,42,0,0,0,2
1651,catholic-high,2014,ballot,,,,,,,,,4
1652,catholic-high,2014,odds,,,,0.758620689655172,0.547619047619048,,,,5
1653,catholic-high,2014,taken,74,98,24,21,23,0,0,240,3
1654,catholic-high,2014,vacancy,0,0,0,22,23,0,0,240,1
1655,catholic-high,2015,applied,0,0,0,22,40,0,0,0,2
1656,catholic-high,2015,ballot,,,,,,,,,4
1657,catholic-high,2015,odds,,,,0.909090909090909,0.55,,,,5
1658,catholic-high,2015,taken,73,97,30,18,22,0,0,240,3
1659,catholic-high,2015,vacancy,0,0,0,20,22,0,0,240,1
1660,catholic-high,2016,applied,0,0,0,28,30,0,0,0,2
1661,catholic-high,2016,ballot,,,,,,,,,4
1662,catholic-high,2016,odds,,,,0.785714285714286,0.733333333333333,,,,5
1663,catholic-high,2016,taken,72,100,24,22,22,0,0,240,3
1664,catholic-high,2016,vacancy,0,0,0,22,22,0,0,240,1
1665,catholic-high,2017,applied,0,0,0,27,38,0,0,0,2
1666,catholic-high,2017,ballot,,,,,,,,,4
1667,catholic-high,2017,odds,,,,0.888888888888889,0.657894736842105,,,,5
1668,catholic-high,2017,taken,67,102,23,23,25,0,0,240,3
1669,catholic-high,2017,vacancy,0,0,0,24,25,0,0,240,1
1670,catholic-high,2018,applied,0,0,0,36,51,0,0,0,2
1671,catholic-high,2018,ballot,,,,,,,,,4
1672,catholic-high,2018,odds,,,,0.583333333333333,0.450980392156863,,,,5
1673,catholic-high,2018,taken,82,118,0,19,23,0,0,242,3
1674,catholic-high,2018,vacancy,0,0,0,21,23,0,0,240,1
1675,catholic-high,2019,applied,89,104,14,37,46,0,0,0,2
1676,catholic-high,2019,ballot,,,,SC<1,SC<1,,,,4
1677,catholic-high,2019,odds,,,,0.540540540540541,0.456521739130435,,,,5
1678,catholic-high,2019,taken,89,104,7,20,21,0,0,241,3
1679,catholic-high,2019,vacancy,200,111,7,20,21,0,0,240,1
1680,catholic-high,2020,applied,70,125,11,41,47,0,0,0,2
1681,catholic-high,2020,ballot,,,SC>2,SC<1,SC<1,,,,4
1682,catholic-high,2020,odds,,,0.454545454545455,0.51219512195122,0.446808510638298,,,,5
1683,catholic-high,2020,taken,70,125,5,21,21,0,0,242,3
1684,catholic-high,2020,vacancy,200,130,5,21,21,0,0,240,1
1685,catholic-high,2021,applied,81,123,0,35,48,0,0,0,2
1686,catholic-high,2021,ballot,,SC>2,,SC<1,SC<1,,,,4
1687,catholic-high,2021,odds,,0.967479674796748,,0.571428571428571,0.4375,,,,5
1688,catholic-high,2021,taken,81,119,0,20,21,0,0,241,3
1689,catholic-high,2021,vacancy,200,119,0,20,21,0,0,240,1
1690,catholic-high,2022,applied,70,149,0,43,68,0,0,0,2
1691,catholic-high,2022,ballot,,SC>2,,SC<1,SC<1,,,,4
1692,catholic-high,2022,odds,,0.738255033557047,,0.465116279069767,0.588235294117647,,,,5
1693,catholic-high,2022,taken,70,110,0,20,40,0,0,240,3
1694,catholic-high,2022,vacancy,180,110,0,20,40,0,0,240,1
1695,catholic-high,2023,applied,64,135,0,29,52,0,0,0,2
1696,catholic-high,2023,ballot,,SC>2,,SC<1,SC<1,,,,4
1697,catholic-high,2023,odds,,0.859259259259259,,0.689655172413793,0.769230769230769,,,,5
1698,catholic-high,2023,taken,64,116,0,20,40,0,0,240,3
1699,catholic-high,2023,vacancy,180,116,0,20,40,0,0,240,1
1700,cedar,2009,applied,0,0,0,1,46,17,0,0,2
1701,cedar,2009,ballot,,,,,,,,,4
1702,cedar,2009,odds,,,,1,1,1,1,,5
1703,cedar,2009,taken,46,0,2,1,46,17,0,112,3
1704,cedar,2009,vacancy,0,0,0,51,101,56,27,150,1
1705,cedar,2010,applied,0,0,0,0,52,27,0,0,2
1706,cedar,2010,ballot,,,,,,,,,4
1707,cedar,2010,odds,,,,1,1,0.814814814814815,,,5
1708,cedar,2010,taken,37,0,8,0,53,22,0,120,3
1709,cedar,2010,vacancy,0,0,0,37,75,22,0,120,1
1710,cedar,2011,applied,0,0,0,3,58,12,0,0,2
1711,cedar,2011,ballot,,,,,,,,,4
1712,cedar,2011,odds,,,,1,1,0.583333333333333,,,5
1713,cedar,2011,taken,42,0,13,3,58,7,0,123,3
1714,cedar,2011,vacancy,0,0,0,33,65,7,0,120,1
1715,cedar,2012,applied,0,0,0,1,71,5,0,0,2
1716,cedar,2012,ballot,,,,,,,,,4
1717,cedar,2012,odds,,,,1,1,0.8,,,5
1718,cedar,2012,taken,33,0,12,1,70,4,0,120,3
1719,cedar,2012,vacancy,0,0,0,38,74,4,0,120,1
1720,cedar,2013,applied,0,0,0,1,63,0,0,0,2
1721,cedar,2013,ballot,,,,,,,,,4
1722,cedar,2013,odds,,,,1,0.984126984126984,,,,5
1723,cedar,2013,taken,40,0,17,1,62,0,0,120,3
1724,cedar,2013,vacancy,0,0,0,32,62,0,0,120,1
1725,cedar,2014,applied,0,0,0,0,58,13,0,0,2
1726,cedar,2014,ballot,,,,,,,,,4
1727,cedar,2014,odds,,,,1,1,1,1,,5
1728,cedar,2014,taken,36,0,13,0,53,13,0,115,3
1729,cedar,2014,vacancy,0,0,0,36,72,18,5,120,1
1730,cedar,2015,applied,0,0,0,0,52,15,0,0,2
1731,cedar,2015,ballot,,,,,,,,,4
1732,cedar,2015,odds,,,,1,1,1,1,,5
1733,cedar,2015,taken,35,1,12,0,52,15,0,115,3
1734,cedar,2015,vacancy,0,0,0,36,72,20,5,120,1
1735,cedar,2016,applied,0,0,0,0,31,7,0,0,2
1736,cedar,2016,ballot,,,,,,,,,4
1737,cedar,2016,odds,,,,1,1,1,1,,5
1738,cedar,2016,taken,37,0,8,0,30,7,0,82,3
1739,cedar,2016,vacancy,0,0,0,38,76,46,39,120,1
1740,cedar,2017,applied,0,0,0,3,37,7,0,0,2
1741,cedar,2017,ballot,,,,,,,,,4
1742,cedar,2017,odds,,,,1,1,1,1,,5
1743,cedar,2017,taken,34,0,8,3,37,7,0,89,3
1744,cedar,2017,vacancy,0,0,0,39,75,38,31,120,1
1745,cedar,2018,applied,0,0,0,1,39,37,0,0,2
1746,cedar,2018,ballot,,,,,,,,,4
1747,cedar,2018,odds,,,,1,1,1,1,,5
1748,cedar,2018,taken,45,0,13,0,38,37,0,133,3
1749,cedar,2018,vacancy,0,0,0,61,122,84,47,180,1
1750,cedar,2019,applied,36,0,9,0,31,7,0,0,2
1751,cedar,2019,ballot,,,,,,,,,4
1752,cedar,2019,odds,,,,,,,,,5
1753,cedar,2019,taken,36,0,9,0,31,7,0,83,3
1754,cedar,2019,vacancy,170,134,135,83,166,135,128,210,1
1755,cedar,2020,applied,55,0,9,1,41,31,0,0,2
1756,cedar,2020,ballot,,,,,,,,,4
1757,cedar,2020,odds,,,,,,,,,5
1758,cedar,2020,taken,55,0,9,1,41,31,0,137,3
1759,cedar,2020,vacancy,200,145,145,88,175,134,103,240,1
1760,cedar,2021,applied,36,0,10,1,72,48,0,0,2
1761,cedar,2021,ballot,,,,,,,,,4
1762,cedar,2021,odds,,,,,,,,,5
1763,cedar,2021,taken,36,0,10,1,72,48,0,167,3
1764,cedar,2021,vacancy,200,164,164,97,193,121,73,240,1
1765,cedar,2022,applied,33,20,0,0,42,74,0,0,2
1766,cedar,2022,ballot,,,,,,,,,4
1767,cedar,2022,odds,,,,,,,,,5
1768,cedar,2022,taken,33,20,0,0,42,74,0,169,3
1769,cedar,2022,vacancy,180,147,0,62,187,145,71,240,1
1770,cedar,2023,applied,52,36,0,1,38,38,0,0,2
1771,cedar,2023,ballot,,,,,,,,,4
1772,cedar,2023,odds,,,,,,,,,5
1773,cedar,2023,taken,52,36,0,1,38,38,0,165,3
1774,cedar,2023,vacancy,180,128,0,51,151,113,75,240,1
1775,changkat,2009,applied,0,0,0,2,68,9,0,0,2
1776,changkat,2009,ballot,,,,,,,,,4
1777,changkat,2009,odds,,,,1,1,1,1,,5
1778,changkat,2009,taken,73,0,12,2,68,9,0,164,3
1779,changkat,2009,vacancy,0,0,0,48,94,26,17,180,1
1780,changkat,2010,applied,0,0,0,1,93,0,0,0,2
1781,changkat,2010,ballot,,,,,,,,,4
1782,changkat,2010,odds,,,,1,1,,,,5
1783,changkat,2010,taken,72,0,14,1,93,0,0,180,3
1784,changkat,2010,vacancy,0,0,0,47,93,0,0,180,1
1785,changkat,2011,applied,0,0,0,3,82,15,0,0,2
1786,changkat,2011,ballot,,,,,,,,,4
1787,changkat,2011,odds,,,,1,1,1,1,,5
1788,changkat,2011,taken,59,0,5,3,82,17,0,166,3
1789,changkat,2011,vacancy,0,0,0,58,113,31,14,180,1
1790,changkat,2012,applied,0,0,0,1,108,0,0,0,2
1791,changkat,2012,ballot,,,,,,,,,4
1792,changkat,2012,odds,,,,1,1,,,,5
1793,changkat,2012,taken,58,0,13,1,108,0,0,180,3
1794,changkat,2012,vacancy,0,0,0,55,108,0,0,180,1
1795,changkat,2013,applied,0,0,0,1,114,0,0,0,2
1796,changkat,2013,ballot,,,,,,,,,4
1797,changkat,2013,odds,,,,1,0.903508771929825,,,,5
1798,changkat,2013,taken,63,0,13,1,103,0,0,180,3
1799,changkat,2013,vacancy,0,0,0,52,103,0,0,180,1
1800,changkat,2014,applied,0,0,0,3,90,1,0,0,2
1801,changkat,2014,ballot,,,,,,,,,4
1802,changkat,2014,odds,,,,1,1,1,,,5
1803,changkat,2014,taken,75,0,11,3,90,1,0,180,3
1804,changkat,2014,vacancy,0,0,0,47,91,1,0,180,1
1805,changkat,2015,applied,0,0,0,2,69,11,0,0,2
1806,changkat,2015,ballot,,,,,,,,,4
1807,changkat,2015,odds,,,,1,1,1,1,,5
1808,changkat,2015,taken,55,0,16,0,68,11,0,150,3
1809,changkat,2015,vacancy,0,0,0,55,109,41,30,180,1
1810,changkat,2016,applied,0,0,0,0,80,1,0,0,2
1811,changkat,2016,ballot,,,,,,,,,4
1812,changkat,2016,odds,,,,1,1,1,1,,5
1813,changkat,2016,taken,51,0,10,0,80,1,0,142,3
1814,changkat,2016,vacancy,0,0,0,45,89,9,8,150,1
1815,changkat,2017,applied,0,0,0,0,59,7,0,0,2
1816,changkat,2017,ballot,,,,,,,,,4
1817,changkat,2017,odds,,,,1,1,1,1,,5
1818,changkat,2017,taken,50,0,9,0,59,7,0,125,3
1819,changkat,2017,vacancy,0,0,0,61,121,62,55,180,1
1820,changkat,2018,applied,0,0,0,0,68,15,0,0,2
1821,changkat,2018,ballot,,,,,,,,,4
1822,changkat,2018,odds,,,,1,1,1,1,,5
1823,changkat,2018,taken,51,0,14,0,67,15,0,147,3
1824,changkat,2018,vacancy,0,0,0,58,115,48,33,180,1
1825,changkat,2019,applied,49,0,14,0,50,13,0,0,2
1826,changkat,2019,ballot,,,,,,,,,4
1827,changkat,2019,odds,,,,,,,,,5
1828,changkat,2019,taken,49,0,14,0,50,13,0,126,3
1829,changkat,2019,vacancy,110,61,61,44,91,41,28,150,1
1830,changkat,2020,applied,46,1,15,1,70,20,0,0,2
1831,changkat,2020,ballot,,,,,,,,,4
1832,changkat,2020,odds,,,,,,,,,5
1833,changkat,2020,taken,46,1,15,1,70,20,0,153,3
1834,changkat,2020,vacancy,170,124,123,74,147,78,58,210,1
1835,changkat,2021,applied,46,0,14,0,56,15,0,0,2
1836,changkat,2021,ballot,,,,,,,,,4
1837,changkat,2021,odds,,,,,,,,,5
1838,changkat,2021,taken,46,0,14,0,56,15,0,131,3
1839,changkat,2021,vacancy,170,124,124,75,150,94,79,210,1
1840,changkat,2022,applied,53,12,0,0,49,18,0,0,2
1841,changkat,2022,ballot,,,,,,,,,4
1842,changkat,2022,odds,,,,,,,,,5
1843,changkat,2022,taken,53,12,0,0,49,18,0,132,3
1844,changkat,2022,vacancy,150,97,0,48,146,97,79,210,1
1845,changkat,2023,applied,45,15,0,1,56,13,0,0,2
1846,changkat,2023,ballot,,,,,,,,,4
1847,changkat,2023,odds,,,,,,,,,5
1848,changkat,2023,taken,45,15,0,1,56,13,0,130,3
1849,changkat,2023,vacancy,120,75,0,40,119,63,50,180,1
1850,chij-katong,2009,applied,0,0,0,65,85,6,0,0,2
1851,chij-katong,2009,ballot,,,,,,,,,4
1852,chij-katong,2009,odds,,,,1,1,0.833333333333333,,,5
1853,chij-katong,2009,taken,51,1,36,65,85,5,0,243,3
1854,chij-katong,2009,vacancy,0,0,0,76,90,5,0,240,1
1855,chij-katong,2010,applied,0,0,0,62,100,0,0,0,2
1856,chij-katong,2010,ballot,,,,,,,,,4
1857,chij-katong,2010,odds,,,,1,0.89,,,,5
1858,chij-katong,2010,taken,47,5,37,62,89,0,0,240,3
1859,chij-katong,2010,vacancy,0,0,0,76,89,0,0,240,1
1860,chij-katong,2011,applied,0,0,0,55,103,0,0,0,2
1861,chij-katong,2011,ballot,,,,,,,,,4
1862,chij-katong,2011,odds,,,,1,0.951456310679612,,,,5
1863,chij-katong,2011,taken,46,4,37,55,98,0,0,240,3
1864,chij-katong,2011,vacancy,0,0,0,77,98,0,0,240,1
1865,chij-katong,2012,applied,0,0,0,39,106,0,0,0,2
1866,chij-katong,2012,ballot,,,,,,,,,4
1867,chij-katong,2012,odds,,,,1,0.981132075471698,,,,5
1868,chij-katong,2012,taken,50,4,43,39,104,0,0,240,3
1869,chij-katong,2012,vacancy,0,0,0,72,104,0,0,240,1
1870,chij-katong,2013,applied,0,0,0,41,95,0,0,0,2
1871,chij-katong,2013,ballot,,,,,,,,,4
1872,chij-katong,2013,odds,,,,1,0.957894736842105,,,,5
1873,chij-katong,2013,taken,60,2,46,41,91,0,0,240,3
1874,chij-katong,2013,vacancy,0,0,0,66,91,0,0,240,1
1875,chij-katong,2014,applied,0,0,0,39,87,34,0,0,2
1876,chij-katong,2014,ballot,,,,,,,,,4
1877,chij-katong,2014,odds,,,,1,1,1,1,,5
1878,chij-katong,2014,taken,50,3,28,39,85,34,0,239,3
1879,chij-katong,2014,vacancy,0,0,0,80,120,35,1,240,1
1880,chij-katong,2015,applied,0,0,0,35,73,23,0,0,2
1881,chij-katong,2015,ballot,,,,,,,,,4
1882,chij-katong,2015,odds,,,,1,1,1,1,,5
1883,chij-katong,2015,taken,65,10,22,33,73,23,0,226,3
1884,chij-katong,2015,vacancy,0,0,0,72,110,37,14,240,1
1885,chij-katong,2016,applied,0,0,0,24,67,20,0,0,2
1886,chij-katong,2016,ballot,,,,,,,,,4
1887,chij-katong,2016,odds,,,,1,1,1,1,,5
1888,chij-katong,2016,taken,60,12,25,20,67,20,0,204,3
1889,chij-katong,2016,vacancy,0,0,0,57,93,26,6,210,1
1890,chij-katong,2017,applied,0,0,0,22,56,30,0,0,2
1891,chij-katong,2017,ballot,,,,,,,,,4
1892,chij-katong,2017,odds,,,,1,1,1,1,,5
1893,chij-katong,2017,taken,47,6,34,21,55,30,0,193,3
1894,chij-katong,2017,vacancy,0,0,0,62,102,47,17,210,1
1895,chij-katong,2018,applied,0,0,0,28,80,12,0,0,2
1896,chij-katong,2018,ballot,,,,,,,,,4
1897,chij-katong,2018,odds,,,,1,1,0.75,,,5
1898,chij-katong,2018,taken,61,12,22,26,80,9,0,210,3
1899,chij-katong,2018,vacancy,0,0,0,58,89,9,0,210,1
1900,chij-katong,2019,applied,40,12,14,25,40,21,0,0,2
1901,chij-katong,2019,ballot,,,,,,,,,4
1902,chij-katong,2019,odds,,,,,,,,,5
1903,chij-katong,2019,taken,40,12,14,25,40,21,0,152,3
1904,chij-katong,2019,vacancy,160,120,108,67,112,72,51,200,1
1905,chij-katong,2020,applied,44,6,29,15,68,69,0,0,2
1906,chij-katong,2020,ballot,,,,,,SC>2,,,4
1907,chij-katong,2020,odds,,,,,,0.565217391304348,,,5
1908,chij-katong,2020,taken,44,6,29,15,68,39,0,201,3
1909,chij-katong,2020,vacancy,160,116,110,61,107,39,0,200,1
1910,chij-katong,2021,applied,46,16,22,32,72,21,0,0,2
1911,chij-katong,2021,ballot,,,,,,SC>2,,,4
1912,chij-katong,2021,odds,,,,,,0.619047619047619,,,5
1913,chij-katong,2021,taken,46,16,22,32,72,13,0,201,3
1914,chij-katong,2021,vacancy,160,114,98,58,85,13,0,200,1
1915,chij-katong,2022,applied,39,33,0,16,53,57,0,0,2
1916,chij-katong,2022,ballot,,,,,,,,,4
1917,chij-katong,2022,odds,,,,,,,,,5
1918,chij-katong,2022,taken,39,33,0,16,53,57,0,198,3
1919,chij-katong,2022,vacancy,140,101,0,43,112,59,2,200,1
1920,chij-katong,2023,applied,44,30,0,21,63,55,0,0,2
1921,chij-katong,2023,ballot,,,,,,SC>2,,,4
1922,chij-katong,2023,odds,,,,,,0.763636363636364,,,5
1923,chij-katong,2023,taken,44,30,0,21,63,42,0,200,3
1924,chij-katong,2023,vacancy,140,96,0,42,105,42,0,200,1
1925,chij-kellock,2009,applied,0,0,0,18,125,0,0,0,2
1926,chij-kellock,2009,ballot,,,,,,,,,4
1927,chij-kellock,2009,odds,,,,1,0.936,,,,5
1928,chij-kellock,2009,taken,50,0,15,18,117,0,0,200,3
1929,chij-kellock,2009,vacancy,0,0,0,68,117,0,0,200,1
1930,chij-kellock,2010,applied,0,0,0,24,123,6,0,0,2
1931,chij-kellock,2010,ballot,,,,,,,,,4
1932,chij-kellock,2010,odds,,,,1,1,0.5,,,5
1933,chij-kellock,2010,taken,39,0,12,24,123,3,0,201,3
1934,chij-kellock,2010,vacancy,0,0,0,75,125,3,0,200,1
1935,chij-kellock,2011,applied,0,0,0,27,135,0,0,0,2
1936,chij-kellock,2011,ballot,,,,,,,,,4
1937,chij-kellock,2011,odds,,,,1,0.851851851851852,,,,5
1938,chij-kellock,2011,taken,43,0,15,27,115,0,0,200,3
1939,chij-kellock,2011,vacancy,0,0,0,71,115,0,0,200,1
1940,chij-kellock,2012,applied,0,0,0,36,121,0,0,0,2
1941,chij-kellock,2012,ballot,,,,,,,,,4
1942,chij-kellock,2012,odds,,,,1,0.818181818181818,,,,5
1943,chij-kellock,2012,taken,53,0,12,36,99,0,0,200,3
1944,chij-kellock,2012,vacancy,0,0,0,68,99,0,0,200,1
1945,chij-kellock,2013,applied,0,0,0,30,86,7,0,0,2
1946,chij-kellock,2013,ballot,,,,,,,,,4
1947,chij-kellock,2013,odds,,,,1,1,0.857142857142857,,,5
1948,chij-kellock,2013,taken,56,0,24,30,86,6,0,202,3
1949,chij-kellock,2013,vacancy,0,0,0,60,90,6,0,200,1
1950,chij-kellock,2014,applied,0,0,0,37,98,0,0,0,2
1951,chij-kellock,2014,ballot,,,,,,,,,4
1952,chij-kellock,2014,odds,,,,1,0.918367346938776,,,,5
1953,chij-kellock,2014,taken,48,0,25,37,90,0,0,200,3
1954,chij-kellock,2014,vacancy,0,0,0,64,90,0,0,200,1
1955,chij-kellock,2015,applied,0,0,0,32,76,16,0,0,2
1956,chij-kellock,2015,ballot,,,,,,,,,4
1957,chij-kellock,2015,odds,,,,1,1,0.875,,,5
1958,chij-kellock,2015,taken,53,0,27,30,76,14,0,200,3
1959,chij-kellock,2015,vacancy,0,0,0,60,90,14,0,200,1
1960,chij-kellock,2016,applied,0,0,0,17,87,16,0,0,2
1961,chij-kellock,2016,ballot,,,,,,,,,4
1962,chij-kellock,2016,odds,,,,1,1,1,1,,5
1963,chij-kellock,2016,taken,53,0,12,15,87,16,0,183,3
1964,chij-kellock,2016,vacancy,0,0,0,68,120,33,17,200,1
1965,chij-kellock,2017,applied,0,0,0,23,77,24,0,0,2
1966,chij-kellock,2017,ballot,,,,,,,,,4
1967,chij-kellock,2017,odds,,,,1,1,1,1,,5
1968,chij-kellock,2017,taken,51,0,19,22,77,24,0,193,3
1969,chij-kellock,2017,vacancy,0,0,0,65,108,31,7,200,1
1970,chij-kellock,2018,applied,0,0,0,35,101,0,0,0,2
1971,chij-kellock,2018,ballot,,,,,,,,,4
1972,chij-kellock,2018,odds,,,,1,0.940594059405941,,,,5
1973,chij-kellock,2018,taken,51,1,21,32,95,0,0,200,3
1974,chij-kellock,2018,vacancy,0,0,0,64,95,0,0,200,1
1975,chij-kellock,2019,applied,46,0,15,35,103,3,0,0,2
1976,chij-kellock,2019,ballot,,,,,,SC<1#,,,4
1977,chij-kellock,2019,odds,,,,,,0.333333333333333,,,5
1978,chij-kellock,2019,taken,46,0,15,35,103,1,0,200,3
1979,chij-kellock,2019,vacancy,160,114,114,70,104,1,0,200,1
1980,chij-kellock,2020,applied,46,0,22,26,104,14,0,0,2
1981,chij-kellock,2020,ballot,,,,,,SC1-2,,,4
1982,chij-kellock,2020,odds,,,,,,0.357142857142857,,,5
1983,chij-kellock,2020,taken,46,0,22,26,104,5,0,203,3
1984,chij-kellock,2020,vacancy,160,114,114,67,109,5,0,200,1
1985,chij-kellock,2021,applied,43,0,16,23,81,28,0,0,2
1986,chij-kellock,2021,ballot,,,,,,,,,4
1987,chij-kellock,2021,odds,,,,,,,,,5
1988,chij-kellock,2021,taken,43,0,16,23,81,28,0,191,3
1989,chij-kellock,2021,vacancy,160,117,117,71,119,38,10,200,1
1990,chij-kellock,2022,applied,49,13,0,16,77,41,0,0,2
1991,chij-kellock,2022,ballot,,,,,,,,,4
1992,chij-kellock,2022,odds,,,,,,,,,5
1993,chij-kellock,2022,taken,49,13,0,16,77,41,0,196,3
1994,chij-kellock,2022,vacancy,140,91,0,46,123,46,5,200,1
1995,chij-kellock,2023,applied,47,12,0,14,49,22,0,0,2
1996,chij-kellock,2023,ballot,,,,,,,,,4
1997,chij-kellock,2023,odds,,,,,,,,,5
1998,chij-kellock,2023,taken,47,12,0,14,49,22,0,144,3
1999,chij-kellock,2023,vacancy,140,93,0,47,128,79,57,200,1
2000,chij-our-lady-of-good-counsel,2009,applied,0,0,0,26,76,0,0,0,2
2001,chij-our-lady-of-good-counsel,2009,ballot,,,,,,,,,4
2002,chij-our-lady-of-good-counsel,2009,odds,,,,1,1,,,,5
2003,chij-our-lady-of-good-counsel,2009,taken,32,0,18,26,76,0,0,152,3
2004,chij-our-lady-of-good-counsel,2009,vacancy,0,0,0,50,76,0,0,150,1
2005,chij-our-lady-of-good-counsel,2010,applied,0,0,0,42,65,0,0,0,2
2006,chij-our-lady-of-good-counsel,2010,ballot,,,,,,,,,4
2007,chij-our-lady-of-good-counsel,2010,odds,,,,1,0.938461538461538,,,,5
2008,chij-our-lady-of-good-counsel,2010,taken,24,0,23,42,61,0,0,150,3
2009,chij-our-lady-of-good-counsel,2010,vacancy,0,0,0,51,61,0,0,150,1
2010,chij-our-lady-of-good-counsel,2011,applied,0,0,0,35,60,0,0,0,2
2011,chij-our-lady-of-good-counsel,2011,ballot,,,,,,,,,4
2012,chij-our-lady-of-good-counsel,2011,odds,,,,1,0.95,,,,5
2013,chij-our-lady-of-good-counsel,2011,taken,37,0,23,35,57,0,0,152,3
2014,chij-our-lady-of-good-counsel,2011,vacancy,0,0,0,45,57,0,0,150,1
2015,chij-our-lady-of-good-counsel,2012,applied,0,0,0,48,54,0,0,0,2
2016,chij-our-lady-of-good-counsel,2012,ballot,,,,,,,,,4
2017,chij-our-lady-of-good-counsel,2012,odds,,,,0.958333333333333,0.851851851851852,,,,5
2018,chij-our-lady-of-good-counsel,2012,taken,42,0,16,46,46,0,0,150,3
2019,chij-our-lady-of-good-counsel,2012,vacancy,0,0,0,46,46,0,0,150,1
2020,chij-our-lady-of-good-counsel,2013,applied,0,0,0,39,56,0,0,0,2
2021,chij-our-lady-of-good-counsel,2013,ballot,,,,,,,,,4
2022,chij-our-lady-of-good-counsel,2013,odds,,,,1,0.892857142857143,,,,5
2023,chij-our-lady-of-good-counsel,2013,taken,42,0,19,39,50,0,0,150,3
2024,chij-our-lady-of-good-counsel,2013,vacancy,0,0,0,45,50,0,0,150,1
2025,chij-our-lady-of-good-counsel,2014,applied,0,0,0,28,58,12,0,0,2
2026,chij-our-lady-of-good-counsel,2014,ballot,,,,,,,,,4
2027,chij-our-lady-of-good-counsel,2014,odds,,,,1,1,0.75,,,5
2028,chij-our-lady-of-good-counsel,2014,taken,37,0,20,28,56,9,0,150,3
2029,chij-our-lady-of-good-counsel,2014,vacancy,0,0,0,47,65,9,0,150,1
2030,chij-our-lady-of-good-counsel,2015,applied,0,0,0,26,47,12,0,0,2
2031,chij-our-lady-of-good-counsel,2015,ballot,,,,,,,,,4
2032,chij-our-lady-of-good-counsel,2015,odds,,,,1,1,1,1,,5
2033,chij-our-lady-of-good-counsel,2015,taken,44,0,17,24,47,12,0,144,3
2034,chij-our-lady-of-good-counsel,2015,vacancy,0,0,0,45,65,18,6,150,1
2035,chij-our-lady-of-good-counsel,2016,applied,0,0,0,21,41,14,0,0,2
2036,chij-our-lady-of-good-counsel,2016,ballot,,,,,,,,,4
2037,chij-our-lady-of-good-counsel,2016,odds,,,,1,1,1,1,,5
2038,chij-our-lady-of-good-counsel,2016,taken,30,0,21,18,41,14,0,124,3
2039,chij-our-lady-of-good-counsel,2016,vacancy,0,0,0,50,81,40,26,150,1
2040,chij-our-lady-of-good-counsel,2017,applied,0,0,0,14,58,39,0,0,2
2041,chij-our-lady-of-good-counsel,2017,ballot,,,,,,,,,4
2042,chij-our-lady-of-good-counsel,2017,odds,,,,1,1,0.923076923076923,,,5
2043,chij-our-lady-of-good-counsel,2017,taken,24,0,18,14,58,36,0,150,3
2044,chij-our-lady-of-good-counsel,2017,vacancy,0,0,0,54,94,36,0,150,1
2045,chij-our-lady-of-good-counsel,2018,applied,0,0,0,28,68,24,0,0,2
2046,chij-our-lady-of-good-counsel,2018,ballot,,,,,,,,,4
2047,chij-our-lady-of-good-counsel,2018,odds,,,,1,1,0.666666666666667,,,5
2048,chij-our-lady-of-good-counsel,2018,taken,27,0,13,26,68,16,0,150,3
2049,chij-our-lady-of-good-counsel,2018,vacancy,0,0,0,55,84,16,0,150,1
2050,chij-our-lady-of-good-counsel,2019,applied,37,0,13,17,76,13,0,0,2
2051,chij-our-lady-of-good-counsel,2019,ballot,,,,,,SC<1#,,,4
2052,chij-our-lady-of-good-counsel,2019,odds,,,,,,0.538461538461538,,,5
2053,chij-our-lady-of-good-counsel,2019,taken,37,0,13,17,76,7,0,150,3
2054,chij-our-lady-of-good-counsel,2019,vacancy,110,73,73,50,83,7,0,150,1
2055,chij-our-lady-of-good-counsel,2020,applied,29,0,14,20,97,0,0,0,2
2056,chij-our-lady-of-good-counsel,2020,ballot,,,,,SC>2,,,,4
2057,chij-our-lady-of-good-counsel,2020,odds,,,,,0.896907216494845,,,,5
2058,chij-our-lady-of-good-counsel,2020,taken,29,0,14,20,87,0,0,150,3
2059,chij-our-lady-of-good-counsel,2020,vacancy,110,81,81,54,87,0,0,150,1
2060,chij-our-lady-of-good-counsel,2021,applied,43,0,25,18,54,19,0,0,2
2061,chij-our-lady-of-good-counsel,2021,ballot,,,,,,SC1-2,,,4
2062,chij-our-lady-of-good-counsel,2021,odds,,,,,,0.578947368421053,,,5
2063,chij-our-lady-of-good-counsel,2021,taken,43,0,25,18,54,11,0,151,3
2064,chij-our-lady-of-good-counsel,2021,vacancy,110,67,67,42,65,11,0,150,1
2065,chij-our-lady-of-good-counsel,2022,applied,33,20,0,20,61,29,0,0,2
2066,chij-our-lady-of-good-counsel,2022,ballot,,,,,,SC>2,,,4
2067,chij-our-lady-of-good-counsel,2022,odds,,,,,,0.655172413793103,,,5
2068,chij-our-lady-of-good-counsel,2022,taken,33,20,0,20,61,19,0,153,3
2069,chij-our-lady-of-good-counsel,2022,vacancy,90,57,0,32,80,19,0,150,1
2070,chij-our-lady-of-good-counsel,2023,applied,29,11,0,11,40,43,0,0,2
2071,chij-our-lady-of-good-counsel,2023,ballot,,,,,,,,,4
2072,chij-our-lady-of-good-counsel,2023,odds,,,,,,,,,5
2073,chij-our-lady-of-good-counsel,2023,taken,29,11,0,11,40,43,0,134,3
2074,chij-our-lady-of-good-counsel,2023,vacancy,90,61,0,37,101,61,18,150,1
2075,chij-our-lady-of-the-nativity,2009,applied,0,0,0,65,109,0,0,0,2
2076,chij-our-lady-of-the-nativity,2009,ballot,,,,,,,,,4
2077,chij-our-lady-of-the-nativity,2009,odds,,,,1,0.889908256880734,,,,5
2078,chij-our-lady-of-the-nativity,2009,taken,63,0,16,65,97,0,0,241,3
2079,chij-our-lady-of-the-nativity,2009,vacancy,0,0,0,81,97,0,0,240,1
2080,chij-our-lady-of-the-nativity,2010,applied,0,0,0,56,129,0,0,0,2
2081,chij-our-lady-of-the-nativity,2010,ballot,,,,,,,,,4
2082,chij-our-lady-of-the-nativity,2010,odds,,,,1,0.914728682170543,,,,5
2083,chij-our-lady-of-the-nativity,2010,taken,40,0,26,56,118,0,0,240,3
2084,chij-our-lady-of-the-nativity,2010,vacancy,0,0,0,87,118,0,0,240,1
2085,chij-our-lady-of-the-nativity,2011,applied,0,0,0,51,127,0,0,0,2
2086,chij-our-lady-of-the-nativity,2011,ballot,,,,,,,,,4
2087,chij-our-lady-of-the-nativity,2011,odds,,,,1,0.858267716535433,,,,5
2088,chij-our-lady-of-the-nativity,2011,taken,52,0,31,51,109,0,0,243,3
2089,chij-our-lady-of-the-nativity,2011,vacancy,0,0,0,79,109,0,0,240,1
2090,chij-our-lady-of-the-nativity,2012,applied,0,0,0,53,117,0,0,0,2
2091,chij-our-lady-of-the-nativity,2012,ballot,,,,,,,,,4
2092,chij-our-lady-of-the-nativity,2012,odds,,,,1,0.863247863247863,,,,5
2093,chij-our-lady-of-the-nativity,2012,taken,66,0,20,53,101,0,0,240,3
2094,chij-our-lady-of-the-nativity,2012,vacancy,0,0,0,77,101,0,0,240,1
2095,chij-our-lady-of-the-nativity,2013,applied,0,0,0,59,93,0,0,0,2
2096,chij-our-lady-of-the-nativity,2013,ballot,,,,,,,,,4
2097,chij-our-lady-of-the-nativity,2013,odds,,,,1,0.881720430107527,,,,5
2098,chij-our-lady-of-the-nativity,2013,taken,69,0,30,59,82,0,0,240,3
2099,chij-our-lady-of-the-nativity,2013,vacancy,0,0,0,71,82,0,0,240,1
2100,chij-our-lady-of-the-nativity,2014,applied,0,0,0,47,116,0,0,0,2
2101,chij-our-lady-of-the-nativity,2014,ballot,,,,,,,,,4
2102,chij-our-lady-of-the-nativity,2014,odds,,,,1,0.870689655172414,,,,5
2103,chij-our-lady-of-the-nativity,2014,taken,67,0,25,47,101,0,0,240,3
2104,chij-our-lady-of-the-nativity,2014,vacancy,0,0,0,74,101,0,0,240,1
2105,chij-our-lady-of-the-nativity,2015,applied,0,0,0,49,99,9,0,0,2
2106,chij-our-lady-of-the-nativity,2015,ballot,,,,,,,,,4
2107,chij-our-lady-of-the-nativity,2015,odds,,,,1,1,1,,,5
2108,chij-our-lady-of-the-nativity,2015,taken,61,0,24,47,99,9,0,240,3
2109,chij-our-lady-of-the-nativity,2015,vacancy,0,0,0,78,108,9,0,240,1
2110,chij-our-lady-of-the-nativity,2016,applied,0,0,0,50,104,0,0,0,2
2111,chij-our-lady-of-the-nativity,2016,ballot,,,,,,,,,4
2112,chij-our-lady-of-the-nativity,2016,odds,,,,1,0.971153846153846,,,,5
2113,chij-our-lady-of-the-nativity,2016,taken,56,0,36,47,101,0,0,240,3
2114,chij-our-lady-of-the-nativity,2016,vacancy,0,0,0,74,101,0,0,240,1
2115,chij-our-lady-of-the-nativity,2017,applied,0,0,0,54,100,0,0,0,2
2116,chij-our-lady-of-the-nativity,2017,ballot,,,,,,,,,4
2117,chij-our-lady-of-the-nativity,2017,odds,,,,1,0.93,,,,5
2118,chij-our-lady-of-the-nativity,2017,taken,61,0,34,52,93,0,0,240,3
2119,chij-our-lady-of-the-nativity,2017,vacancy,0,0,0,73,93,0,0,240,1
2120,chij-our-lady-of-the-nativity,2018,applied,0,0,0,58,106,0,0,0,2
2121,chij-our-lady-of-the-nativity,2018,ballot,,,,,,,,,4
2122,chij-our-lady-of-the-nativity,2018,odds,,,,1,0.89622641509434,,,,5
2123,chij-our-lady-of-the-nativity,2018,taken,59,0,31,55,95,0,0,240,3
2124,chij-our-lady-of-the-nativity,2018,vacancy,0,0,0,75,95,0,0,240,1
2125,chij-our-lady-of-the-nativity,2019,applied,66,0,24,40,119,0,0,0,2
2126,chij-our-lady-of-the-nativity,2019,ballot,,,,,PR<1,,,,4
2127,chij-our-lady-of-the-nativity,2019,odds,,,,,0.957983193277311,,,,5
2128,chij-our-lady-of-the-nativity,2019,taken,66,0,24,40,114,0,0,244,3
2129,chij-our-lady-of-the-nativity,2019,vacancy,200,135,135,76,114,0,0,240,1
2130,chij-our-lady-of-the-nativity,2020,applied,62,0,32,65,97,0,0,0,2
2131,chij-our-lady-of-the-nativity,2020,ballot,,,,,SC1-2,,,,4
2132,chij-our-lady-of-the-nativity,2020,odds,,,,,0.865979381443299,,,,5
2133,chij-our-lady-of-the-nativity,2020,taken,62,0,32,65,84,0,0,243,3
2134,chij-our-lady-of-the-nativity,2020,vacancy,200,138,138,74,84,0,0,240,1
2135,chij-our-lady-of-the-nativity,2021,applied,54,0,31,57,104,0,0,0,2
2136,chij-our-lady-of-the-nativity,2021,ballot,,,,,SC>2,,,,4
2137,chij-our-lady-of-the-nativity,2021,odds,,,,,0.961538461538462,,,,5
2138,chij-our-lady-of-the-nativity,2021,taken,54,0,31,57,100,0,0,242,3
2139,chij-our-lady-of-the-nativity,2021,vacancy,200,146,146,78,100,0,0,240,1
2140,chij-our-lady-of-the-nativity,2022,applied,58,22,0,53,118,0,0,0,2
2141,chij-our-lady-of-the-nativity,2022,ballot,,,,,SC>2,,,,4
2142,chij-our-lady-of-the-nativity,2022,odds,,,,,0.932203389830508,,,,5
2143,chij-our-lady-of-the-nativity,2022,taken,58,22,0,53,110,0,0,243,3
2144,chij-our-lady-of-the-nativity,2022,vacancy,180,122,0,54,110,0,0,240,1
2145,chij-our-lady-of-the-nativity,2023,applied,60,24,0,45,113,0,0,0,2
2146,chij-our-lady-of-the-nativity,2023,ballot,,,,,PR<1,,,,4
2147,chij-our-lady-of-the-nativity,2023,odds,,,,,0.982300884955752,,,,5
2148,chij-our-lady-of-the-nativity,2023,taken,60,24,0,45,111,0,0,240,3
2149,chij-our-lady-of-the-nativity,2023,vacancy,180,120,0,52,111,0,0,240,1
2150,chij-our-lady-queen-of-peace,2009,applied,0,0,0,51,86,0,0,0,2
2151,chij-our-lady-queen-of-peace,2009,ballot,,,,,,,,,4
2152,chij-our-lady-queen-of-peace,2009,odds,,,,1,0.744186046511628,,,,5
2153,chij-our-lady-queen-of-peace,2009,taken,47,0,19,51,64,0,0,181,3
2154,chij-our-lady-queen-of-peace,2009,vacancy,0,0,0,57,64,0,0,180,1
2155,chij-our-lady-queen-of-peace,2010,applied,0,0,0,39,94,1,0,0,2
2156,chij-our-lady-queen-of-peace,2010,ballot,,,,,,,,,4
2157,chij-our-lady-queen-of-peace,2010,odds,,,,1,1,1,,,5
2158,chij-our-lady-queen-of-peace,2010,taken,36,0,10,39,94,1,0,180,3
2159,chij-our-lady-queen-of-peace,2010,vacancy,0,0,0,67,95,1,0,180,1
2160,chij-our-lady-queen-of-peace,2011,applied,0,0,0,50,92,0,0,0,2
2161,chij-our-lady-queen-of-peace,2011,ballot,,,,,,,,,4
2162,chij-our-lady-queen-of-peace,2011,odds,,,,1,0.804347826086957,,,,5
2163,chij-our-lady-queen-of-peace,2011,taken,46,0,11,49,74,0,0,180,3
2164,chij-our-lady-queen-of-peace,2011,vacancy,0,0,0,62,74,0,0,180,1
2165,chij-our-lady-queen-of-peace,2012,applied,0,0,0,46,61,27,0,0,2
2166,chij-our-lady-queen-of-peace,2012,ballot,,,,,,,,,4
2167,chij-our-lady-queen-of-peace,2012,odds,,,,1,1,0.740740740740741,,,5
2168,chij-our-lady-queen-of-peace,2012,taken,40,0,16,46,61,20,0,183,3
2169,chij-our-lady-queen-of-peace,2012,vacancy,0,0,0,62,78,20,0,180,1
2170,chij-our-lady-queen-of-peace,2013,applied,0,0,0,53,67,0,0,0,2
2171,chij-our-lady-queen-of-peace,2013,ballot,,,,,,,,,4
2172,chij-our-lady-queen-of-peace,2013,odds,,,,1,0.925373134328358,,,,5
2173,chij-our-lady-queen-of-peace,2013,taken,50,0,15,53,62,0,0,180,3
2174,chij-our-lady-queen-of-peace,2013,vacancy,0,0,0,58,62,0,0,180,1
2175,chij-our-lady-queen-of-peace,2014,applied,0,0,0,42,69,14,0,0,2
2176,chij-our-lady-queen-of-peace,2014,ballot,,,,,,,,,4
2177,chij-our-lady-queen-of-peace,2014,odds,,,,1,1,0.928571428571429,,,5
2178,chij-our-lady-queen-of-peace,2014,taken,46,0,12,42,67,13,0,180,3
2179,chij-our-lady-queen-of-peace,2014,vacancy,0,0,0,61,80,13,0,180,1
2180,chij-our-lady-queen-of-peace,2015,applied,0,0,0,27,48,14,0,0,2
2181,chij-our-lady-queen-of-peace,2015,ballot,,,,,,,,,4
2182,chij-our-lady-queen-of-peace,2015,odds,,,,1,1,1,1,,5
2183,chij-our-lady-queen-of-peace,2015,taken,49,0,21,24,48,14,0,156,3
2184,chij-our-lady-queen-of-peace,2015,vacancy,0,0,0,55,86,38,24,180,1
2185,chij-our-lady-queen-of-peace,2016,applied,0,0,0,22,55,21,0,0,2
2186,chij-our-lady-queen-of-peace,2016,ballot,,,,,,,,,4
2187,chij-our-lady-queen-of-peace,2016,odds,,,,1,1,1,1,,5
2188,chij-our-lady-queen-of-peace,2016,taken,39,0,8,21,55,21,0,144,3
2189,chij-our-lady-queen-of-peace,2016,vacancy,0,0,0,67,112,57,36,180,1
2190,chij-our-lady-queen-of-peace,2017,applied,0,0,0,20,69,26,0,0,2
2191,chij-our-lady-queen-of-peace,2017,ballot,,,,,,,,,4
2192,chij-our-lady-queen-of-peace,2017,odds,,,,1,1,1,1,,5
2193,chij-our-lady-queen-of-peace,2017,taken,34,0,9,16,69,26,0,154,3
2194,chij-our-lady-queen-of-peace,2017,vacancy,0,0,0,69,121,52,26,180,1
2195,chij-our-lady-queen-of-peace,2018,applied,0,0,0,18,70,43,0,0,2
2196,chij-our-lady-queen-of-peace,2018,ballot,,,,,,,,,4
2197,chij-our-lady-queen-of-peace,2018,odds,,,,1,1,0.953488372093023,,,5
2198,chij-our-lady-queen-of-peace,2018,taken,37,0,14,18,70,41,0,180,3
2199,chij-our-lady-queen-of-peace,2018,vacancy,0,0,0,65,111,41,0,180,1
2200,chij-our-lady-queen-of-peace,2019,applied,36,0,12,19,76,42,0,0,2
2201,chij-our-lady-queen-of-peace,2019,ballot,,,,,,SC>2,,,4
2202,chij-our-lady-queen-of-peace,2019,odds,,,,,,0.880952380952381,,,5
2203,chij-our-lady-queen-of-peace,2019,taken,36,0,12,19,76,37,0,180,3
2204,chij-our-lady-queen-of-peace,2019,vacancy,140,104,104,66,113,37,0,180,1
2205,chij-our-lady-queen-of-peace,2020,applied,40,0,10,23,70,43,0,0,2
2206,chij-our-lady-queen-of-peace,2020,ballot,,,,,,SC>2,,,4
2207,chij-our-lady-queen-of-peace,2020,odds,,,,,,0.883720930232558,,,5
2208,chij-our-lady-queen-of-peace,2020,taken,40,0,10,23,70,38,0,181,3
2209,chij-our-lady-queen-of-peace,2020,vacancy,140,100,100,66,108,38,0,180,1
2210,chij-our-lady-queen-of-peace,2021,applied,40,1,11,14,84,27,0,0,2
2211,chij-our-lady-queen-of-peace,2021,ballot,,,,,,,,,4
2212,chij-our-lady-queen-of-peace,2021,odds,,,,,,,,,5
2213,chij-our-lady-queen-of-peace,2021,taken,40,1,11,14,84,27,0,177,3
2214,chij-our-lady-queen-of-peace,2021,vacancy,140,100,99,64,115,31,4,180,1
2215,chij-our-lady-queen-of-peace,2022,applied,38,4,0,12,82,42,0,0,2
2216,chij-our-lady-queen-of-peace,2022,ballot,,,,,,,,,4
2217,chij-our-lady-queen-of-peace,2022,odds,,,,,,,,,5
2218,chij-our-lady-queen-of-peace,2022,taken,38,4,0,12,82,42,0,178,3
2219,chij-our-lady-queen-of-peace,2022,vacancy,120,82,0,46,126,44,2,180,1
2220,chij-our-lady-queen-of-peace,2023,applied,48,15,0,14,59,37,0,0,2
2221,chij-our-lady-queen-of-peace,2023,ballot,,,,,,,,,4
2222,chij-our-lady-queen-of-peace,2023,odds,,,,,,,,,5
2223,chij-our-lady-queen-of-peace,2023,taken,48,15,0,14,59,37,0,173,3
2224,chij-our-lady-queen-of-peace,2023,vacancy,120,72,0,40,105,46,9,180,1
2225,chij-st-nicholas-girls,2009,applied,0,0,0,46,49,0,0,0,2
2226,chij-st-nicholas-girls,2009,ballot,,,,,,,,,4
2227,chij-st-nicholas-girls,2009,odds,,,,0.804347826086957,0.755102040816326,,,,5
2228,chij-st-nicholas-girls,2009,taken,64,37,36,37,37,0,0,211,3
2229,chij-st-nicholas-girls,2009,vacancy,0,0,0,37,37,0,0,210,1
2230,chij-st-nicholas-girls,2010,applied,0,0,0,40,48,0,0,0,2
2231,chij-st-nicholas-girls,2010,ballot,,,,,,,,,4
2232,chij-st-nicholas-girls,2010,odds,,,,0.525,0.458333333333333,,,,5
2233,chij-st-nicholas-girls,2010,taken,71,48,47,22,22,0,0,210,3
2234,chij-st-nicholas-girls,2010,vacancy,0,0,0,21,22,0,0,210,1
2235,chij-st-nicholas-girls,2011,applied,0,0,0,40,57,0,0,0,2
2236,chij-st-nicholas-girls,2011,ballot,,,,,,,,,4
2237,chij-st-nicholas-girls,2011,odds,,,,0.65,0.456140350877193,,,,5
2238,chij-st-nicholas-girls,2011,taken,67,50,42,27,26,0,0,212,3
2239,chij-st-nicholas-girls,2011,vacancy,0,0,0,26,26,0,0,210,1
2240,chij-st-nicholas-girls,2012,applied,0,0,0,32,42,0,0,0,2
2241,chij-st-nicholas-girls,2012,ballot,,,,,,,,,4
2242,chij-st-nicholas-girls,2012,odds,,,,0.5625,0.404761904761905,,,,5
2243,chij-st-nicholas-girls,2012,taken,83,54,38,18,17,0,0,210,3
2244,chij-st-nicholas-girls,2012,vacancy,0,0,0,18,17,0,0,210,1
2245,chij-st-nicholas-girls,2013,applied,0,0,0,33,37,0,0,0,2
2246,chij-st-nicholas-girls,2013,ballot,,,,,,,,,4
2247,chij-st-nicholas-girls,2013,odds,,,,0.393939393939394,0.324324324324324,,,,5
2248,chij-st-nicholas-girls,2013,taken,65,87,33,13,12,0,0,210,3
2249,chij-st-nicholas-girls,2013,vacancy,0,0,0,13,12,0,0,210,1
2250,chij-st-nicholas-girls,2014,applied,0,0,0,34,32,0,0,0,2
2251,chij-st-nicholas-girls,2014,ballot,,,,,,,,,4
2252,chij-st-nicholas-girls,2014,odds,,,,0.588235294117647,0.625,,,,5
2253,chij-st-nicholas-girls,2014,taken,72,84,14,20,20,0,0,210,3
2254,chij-st-nicholas-girls,2014,vacancy,0,0,0,20,20,0,0,210,1
2255,chij-st-nicholas-girls,2015,applied,0,0,0,29,33,0,0,0,2
2256,chij-st-nicholas-girls,2015,ballot,,,,,,,,,4
2257,chij-st-nicholas-girls,2015,odds,,,,0.724137931034483,0.636363636363636,,,,5
2258,chij-st-nicholas-girls,2015,taken,78,90,0,21,21,0,0,210,3
2259,chij-st-nicholas-girls,2015,vacancy,0,0,0,21,21,0,0,210,1
2260,chij-st-nicholas-girls,2016,applied,0,0,0,32,34,0,0,0,2
2261,chij-st-nicholas-girls,2016,ballot,,,,,,,,,4
2262,chij-st-nicholas-girls,2016,odds,,,,0.84375,0.852941176470588,,,,5
2263,chij-st-nicholas-girls,2016,taken,62,88,6,25,29,0,0,210,3
2264,chij-st-nicholas-girls,2016,vacancy,0,0,0,27,29,0,0,210,1
2265,chij-st-nicholas-girls,2017,applied,0,0,0,28,35,0,0,0,2
2266,chij-st-nicholas-girls,2017,ballot,,,,,,,,,4
2267,chij-st-nicholas-girls,2017,odds,,,,0.75,0.742857142857143,,,,5
2268,chij-st-nicholas-girls,2017,taken,68,95,6,15,26,0,0,210,3
2269,chij-st-nicholas-girls,2017,vacancy,0,0,0,21,26,0,0,210,1
2270,chij-st-nicholas-girls,2018,applied,0,0,0,27,38,0,0,0,2
2271,chij-st-nicholas-girls,2018,ballot,,,,,,,,,4
2272,chij-st-nicholas-girls,2018,odds,,,,0.777777777777778,0.552631578947368,,,,5
2273,chij-st-nicholas-girls,2018,taken,69,101,0,21,21,0,0,212,3
2274,chij-st-nicholas-girls,2018,vacancy,0,0,0,21,21,0,0,210,1
2275,chij-st-nicholas-girls,2019,applied,64,86,20,40,44,0,0,0,2
2276,chij-st-nicholas-girls,2019,ballot,,,,SC<1,SC<1,,,,4
2277,chij-st-nicholas-girls,2019,odds,,,,0.5,0.5,,,,5
2278,chij-st-nicholas-girls,2019,taken,64,86,20,20,22,0,0,212,3
2279,chij-st-nicholas-girls,2019,vacancy,170,106,20,20,22,0,0,210,1
2280,chij-st-nicholas-girls,2020,applied,69,106,0,32,49,0,0,0,2
2281,chij-st-nicholas-girls,2020,ballot,,SC>2,,SC<1,SC<1,,,,4
2282,chij-st-nicholas-girls,2020,odds,,0.952830188679245,,0.65625,0.428571428571429,,,,5
2283,chij-st-nicholas-girls,2020,taken,69,101,0,21,21,0,0,212,3
2284,chij-st-nicholas-girls,2020,vacancy,170,101,0,21,21,0,0,210,1
2285,chij-st-nicholas-girls,2021,applied,93,121,0,40,61,0,0,0,2
2286,chij-st-nicholas-girls,2021,ballot,,SC>2,,SC<1,SC<1,,,,4
2287,chij-st-nicholas-girls,2021,odds,,0.636363636363636,,0.5,0.327868852459016,,,,5
2288,chij-st-nicholas-girls,2021,taken,93,77,0,20,20,0,0,210,3
2289,chij-st-nicholas-girls,2021,vacancy,170,77,0,20,20,0,0,210,1
2290,chij-st-nicholas-girls,2022,applied,60,112,0,46,63,0,0,0,2
2291,chij-st-nicholas-girls,2022,ballot,,SC>2,,SC<1,SC<1,,,,4
2292,chij-st-nicholas-girls,2022,odds,,0.803571428571429,,0.434782608695652,0.634920634920635,,,,5
2293,chij-st-nicholas-girls,2022,taken,60,90,0,20,40,0,0,210,3
2294,chij-st-nicholas-girls,2022,vacancy,150,90,0,20,40,0,0,210,1
2295,chij-st-nicholas-girls,2023,applied,70,103,0,46,84,0,0,0,2
2296,chij-st-nicholas-girls,2023,ballot,,SC>2,,SC<1,SC<1,,,,4
2297,chij-st-nicholas-girls,2023,odds,,0.776699029126214,,0.434782608695652,0.476190476190476,,,,5
2298,chij-st-nicholas-girls,2023,taken,70,80,0,20,40,0,0,210,3
2299,chij-st-nicholas-girls,2023,vacancy,150,80,0,20,40,0,0,210,1
2300,chij-toa-payoh,2009,applied,0,0,0,63,60,0,0,0,2
2301,chij-toa-payoh,2009,ballot,,,,,,,,,4
2302,chij-toa-payoh,2009,odds,,,,0.841269841269841,0.883333333333333,,,,5
2303,chij-toa-payoh,2009,taken,50,22,33,53,53,0,0,211,3
2304,chij-toa-payoh,2009,vacancy,0,0,0,53,53,0,0,210,1
2305,chij-toa-payoh,2010,applied,0,0,0,71,69,0,0,0,2
2306,chij-toa-payoh,2010,ballot,,,,,,,,,4
2307,chij-toa-payoh,2010,odds,,,,0.746478873239437,0.753623188405797,,,,5
2308,chij-toa-payoh,2010,taken,49,21,35,53,52,0,0,210,3
2309,chij-toa-payoh,2010,vacancy,0,0,0,53,52,0,0,210,1
2310,chij-toa-payoh,2011,applied,0,0,0,63,60,0,0,0,2
2311,chij-toa-payoh,2011,ballot,,,,,,,,,4
2312,chij-toa-payoh,2011,odds,,,,0.761904761904762,0.833333333333333,,,,5
2313,chij-toa-payoh,2011,taken,57,28,29,48,50,0,0,212,3
2314,chij-toa-payoh,2011,vacancy,0,0,0,48,50,0,0,210,1
2315,chij-toa-payoh,2012,applied,0,0,0,68,58,0,0,0,2
2316,chij-toa-payoh,2012,ballot,,,,,,,,,4
2317,chij-toa-payoh,2012,odds,,,,0.735294117647059,0.862068965517241,,,,5
2318,chij-toa-payoh,2012,taken,56,22,32,50,50,0,0,210,3
2319,chij-toa-payoh,2012,vacancy,0,0,0,50,50,0,0,210,1
2320,chij-toa-payoh,2013,applied,0,0,0,60,54,0,0,0,2
2321,chij-toa-payoh,2013,ballot,,,,,,,,,4
2322,chij-toa-payoh,2013,odds,,,,0.75,0.814814814814815,,,,5
2323,chij-toa-payoh,2013,taken,70,25,26,45,44,0,0,210,3
2324,chij-toa-payoh,2013,vacancy,0,0,0,45,44,0,0,210,1
2325,chij-toa-payoh,2014,applied,0,0,0,64,74,0,0,0,2
2326,chij-toa-payoh,2014,ballot,,,,,,,,,4
2327,chij-toa-payoh,2014,odds,,,,0.78125,0.689189189189189,,,,5
2328,chij-toa-payoh,2014,taken,53,36,21,49,51,0,0,210,3
2329,chij-toa-payoh,2014,vacancy,0,0,0,50,51,0,0,210,1
2330,chij-toa-payoh,2015,applied,0,0,0,54,57,0,0,0,2
2331,chij-toa-payoh,2015,ballot,,,,,,,,,4
2332,chij-toa-payoh,2015,odds,,,,0.833333333333333,0.824561403508772,,,,5
2333,chij-toa-payoh,2015,taken,58,33,29,43,47,0,0,210,3
2334,chij-toa-payoh,2015,vacancy,0,0,0,45,47,0,0,210,1
2335,chij-toa-payoh,2016,applied,0,0,0,64,66,0,0,0,2
2336,chij-toa-payoh,2016,ballot,,,,,,,,,4
2337,chij-toa-payoh,2016,odds,,,,0.71875,0.803030303030303,,,,5
2338,chij-toa-payoh,2016,taken,57,38,24,38,53,0,0,210,3
2339,chij-toa-payoh,2016,vacancy,0,0,0,46,53,0,0,210,1
2340,chij-toa-payoh,2017,applied,0,0,0,57,57,0,0,0,2
2341,chij-toa-payoh,2017,ballot,,,,,,,,,4
2342,chij-toa-payoh,2017,odds,,,,0.684210526315789,0.666666666666667,,,,5
2343,chij-toa-payoh,2017,taken,58,52,23,39,38,0,0,210,3
2344,chij-toa-payoh,2017,vacancy,0,0,0,39,38,0,0,210,1
2345,chij-toa-payoh,2018,applied,0,0,0,69,64,0,0,0,2
2346,chij-toa-payoh,2018,ballot,,,,,,,,,4
2347,chij-toa-payoh,2018,odds,,,,0.681159420289855,0.765625,,,,5
2348,chij-toa-payoh,2018,taken,57,42,17,45,49,0,0,210,3
2349,chij-toa-payoh,2018,vacancy,0,0,0,47,49,0,0,210,1
2350,chij-toa-payoh,2019,applied,54,49,24,68,63,0,0,0,2
2351,chij-toa-payoh,2019,ballot,,,,SC1-2,SC<1,,,,4
2352,chij-toa-payoh,2019,odds,,,,0.617647058823529,0.682539682539683,,,,5
2353,chij-toa-payoh,2019,taken,54,49,24,42,43,0,0,212,3
2354,chij-toa-payoh,2019,vacancy,170,116,67,42,43,0,0,210,1
2355,chij-toa-payoh,2020,applied,64,54,23,63,49,0,0,0,2
2356,chij-toa-payoh,2020,ballot,,,,SC<1#,SC<1,,,,4
2357,chij-toa-payoh,2020,odds,,,,0.555555555555556,0.714285714285714,,,,5
2358,chij-toa-payoh,2020,taken,64,54,23,35,35,0,0,211,3
2359,chij-toa-payoh,2020,vacancy,170,106,52,35,35,0,0,210,1
2360,chij-toa-payoh,2021,applied,51,52,24,59,57,0,0,0,2
2361,chij-toa-payoh,2021,ballot,,,,SC>2,SC<1,,,,4
2362,chij-toa-payoh,2021,odds,,,,0.711864406779661,0.771929824561403,,,,5
2363,chij-toa-payoh,2021,taken,51,52,24,42,44,0,0,213,3
2364,chij-toa-payoh,2021,vacancy,170,119,67,42,44,0,0,210,1
2365,chij-toa-payoh,2022,applied,55,74,0,40,68,0,0,0,2
2366,chij-toa-payoh,2022,ballot,,,,SC<1,SC<1,,,,4
2367,chij-toa-payoh,2022,odds,,,,0.675,0.794117647058823,,,,5
2368,chij-toa-payoh,2022,taken,55,74,0,27,54,0,0,210,3
2369,chij-toa-payoh,2022,vacancy,150,95,0,27,54,0,0,210,1
2370,chij-toa-payoh,2023,applied,51,78,0,53,69,0,0,0,2
2371,chij-toa-payoh,2023,ballot,,,,SC<1,SC1-2,,,,4
2372,chij-toa-payoh,2023,odds,,,,0.509433962264151,0.797101449275362,,,,5
2373,chij-toa-payoh,2023,taken,51,78,0,27,55,0,0,211,3
2374,chij-toa-payoh,2023,vacancy,150,100,0,27,55,0,0,210,1
2375,chongfu,2009,applied,0,0,0,96,98,0,0,0,2
2376,chongfu,2009,ballot,,,,,,,,,4
2377,chongfu,2009,odds,,,,0.833333333333333,0.826530612244898,,,,5
2378,chongfu,2009,taken,119,1,20,80,81,0,0,301,3
2379,chongfu,2009,vacancy,0,0,0,80,81,0,0,300,1
2380,chongfu,2010,applied,0,0,0,95,103,0,0,0,2
2381,chongfu,2010,ballot,,,,,,,,,4
2382,chongfu,2010,odds,,,,0.821052631578947,0.747572815533981,,,,5
2383,chongfu,2010,taken,118,2,25,78,77,0,0,300,3
2384,chongfu,2010,vacancy,0,0,0,78,77,0,0,300,1
2385,chongfu,2011,applied,0,0,0,91,104,0,0,0,2
2386,chongfu,2011,ballot,,,,,,,,,4
2387,chongfu,2011,odds,,,,0.747252747252747,0.644230769230769,,,,5
2388,chongfu,2011,taken,122,4,39,68,67,0,0,300,3
2389,chongfu,2011,vacancy,0,0,0,68,67,0,0,300,1
2390,chongfu,2012,applied,0,0,0,84,84,0,0,0,2
2391,chongfu,2012,ballot,,,,,,,,,4
2392,chongfu,2012,odds,,,,0.761904761904762,0.75,,,,5
2393,chongfu,2012,taken,122,10,41,64,63,0,0,300,3
2394,chongfu,2012,vacancy,0,0,0,64,63,0,0,300,1
2395,chongfu,2013,applied,0,0,0,72,100,0,0,0,2
2396,chongfu,2013,ballot,,,,,,,,,4
2397,chongfu,2013,odds,,,,0.736111111111111,0.53,,,,5
2398,chongfu,2013,taken,137,7,50,53,53,0,0,300,3
2399,chongfu,2013,vacancy,0,0,0,53,53,0,0,300,1
2400,chongfu,2014,applied,0,0,0,63,93,0,0,0,2
2401,chongfu,2014,ballot,,,,,,,,,4
2402,chongfu,2014,odds,,,,0.873015873015873,0.602150537634409,,,,5
2403,chongfu,2014,taken,134,9,47,54,56,0,0,300,3
2404,chongfu,2014,vacancy,0,0,0,55,56,0,0,300,1
2405,chongfu,2015,applied,0,0,0,52,78,0,0,0,2
2406,chongfu,2015,ballot,,,,,,,,,4
2407,chongfu,2015,odds,,,,1,0.807692307692308,,,,5
2408,chongfu,2015,taken,126,11,51,49,63,0,0,300,3
2409,chongfu,2015,vacancy,0,0,0,56,63,0,0,300,1
2410,chongfu,2016,applied,0,0,0,49,111,0,0,0,2
2411,chongfu,2016,ballot,,,,,,,,,4
2412,chongfu,2016,odds,,,,1,0.756756756756757,,,,5
2413,chongfu,2016,taken,105,18,45,48,84,0,0,300,3
2414,chongfu,2016,vacancy,0,0,0,66,84,0,0,300,1
2415,chongfu,2017,applied,0,0,0,51,97,0,0,0,2
2416,chongfu,2017,ballot,,,,,,,,,4
2417,chongfu,2017,odds,,,,1,0.54639175257732,,,,5
2418,chongfu,2017,taken,130,19,47,51,53,0,0,300,3
2419,chongfu,2017,vacancy,0,0,0,52,53,0,0,300,1
2420,chongfu,2018,applied,0,0,0,43,123,0,0,0,2
2421,chongfu,2018,ballot,,,,,,,,,4
2422,chongfu,2018,odds,,,,0.837209302325581,0.300813008130081,,,,5
2423,chongfu,2018,taken,153,28,47,35,37,0,0,300,3
2424,chongfu,2018,vacancy,0,0,0,36,37,0,0,300,1
2425,chongfu,2019,applied,119,33,57,55,144,0,0,0,2
2426,chongfu,2019,ballot,,,,SC>2,SC<1,,,,4
2427,chongfu,2019,odds,,,,0.854545454545454,0.354166666666667,,,,5
2428,chongfu,2019,taken,119,33,57,47,51,0,0,307,3
2429,chongfu,2019,vacancy,260,141,109,47,51,0,0,300,1
2430,chongfu,2020,applied,128,36,56,45,133,0,0,0,2
2431,chongfu,2020,ballot,,,,SC1-2,SC<1,,,,4
2432,chongfu,2020,odds,,,,0.888888888888889,0.308270676691729,,,,5
2433,chongfu,2020,taken,128,36,56,40,41,0,0,301,3
2434,chongfu,2020,vacancy,260,132,96,40,41,0,0,300,1
2435,chongfu,2021,applied,140,40,53,52,126,0,0,0,2
2436,chongfu,2021,ballot,,,,SC<1,SC<1,,,,4
2437,chongfu,2021,odds,,,,0.653846153846154,0.261904761904762,,,,5
2438,chongfu,2021,taken,140,40,53,34,33,0,0,300,3
2439,chongfu,2021,vacancy,260,120,80,34,33,0,0,300,1
2440,chongfu,2022,applied,139,87,0,51,157,0,0,0,2
2441,chongfu,2022,ballot,,,,SC<1,SC<1,,,,4
2442,chongfu,2022,odds,,,,0.490196078431373,0.312101910828025,,,,5
2443,chongfu,2022,taken,139,87,0,25,49,0,0,300,3
2444,chongfu,2022,vacancy,240,101,0,25,49,0,0,300,1
2445,chongfu,2023,applied,122,73,0,53,112,0,0,0,2
2446,chongfu,2023,ballot,,,,SC<1,SC<1,,,,4
2447,chongfu,2023,odds,,,,0.660377358490566,0.642857142857143,,,,5
2448,chongfu,2023,taken,122,73,0,35,72,0,0,302,3
2449,chongfu,2023,vacancy,240,118,0,35,72,0,0,300,1
2450,chongzheng,2009,applied,0,0,0,5,91,0,0,0,2
2451,chongzheng,2009,ballot,,,,,,,,,4
2452,chongzheng,2009,odds,,,,1,0.714285714285714,,,,5
2453,chongzheng,2009,taken,91,0,21,5,65,0,0,182,3
2454,chongzheng,2009,vacancy,0,0,0,34,65,0,0,180,1
2455,chongzheng,2010,applied,0,0,0,6,91,0,0,0,2
2456,chongzheng,2010,ballot,,,,,,,,,4
2457,chongzheng,2010,odds,,,,1,0.703296703296703,,,,5
2458,chongzheng,2010,taken,84,0,26,6,64,0,0,180,3
2459,chongzheng,2010,vacancy,0,0,0,35,64,0,0,180,1
2460,chongzheng,2011,applied,0,0,0,11,108,0,0,0,2
2461,chongzheng,2011,ballot,,,,,,,,,4
2462,chongzheng,2011,odds,,,,1,0.574074074074074,,,,5
2463,chongzheng,2011,taken,78,0,30,11,62,0,0,181,3
2464,chongzheng,2011,vacancy,0,0,0,36,62,0,0,180,1
2465,chongzheng,2012,applied,0,0,0,16,86,0,0,0,2
2466,chongzheng,2012,ballot,,,,,,,,,4
2467,chongzheng,2012,odds,,,,1,0.732558139534884,,,,5
2468,chongzheng,2012,taken,64,1,36,16,63,0,0,180,3
2469,chongzheng,2012,vacancy,0,0,0,40,63,0,0,180,1
2470,chongzheng,2013,applied,0,0,0,20,71,0,0,0,2
2471,chongzheng,2013,ballot,,,,,,,,,4
2472,chongzheng,2013,odds,,,,1,0.774647887323944,,,,5
2473,chongzheng,2013,taken,79,0,26,20,55,0,0,180,3
2474,chongzheng,2013,vacancy,0,0,0,38,55,0,0,180,1
2475,chongzheng,2014,applied,0,0,0,14,66,0,0,0,2
2476,chongzheng,2014,ballot,,,,,,,,,4
2477,chongzheng,2014,odds,,,,1,0.878787878787879,,,,5
2478,chongzheng,2014,taken,78,0,31,13,58,0,0,180,3
2479,chongzheng,2014,vacancy,0,0,0,36,58,0,0,180,1
2480,chongzheng,2015,applied,0,0,0,15,61,0,0,0,2
2481,chongzheng,2015,ballot,,,,,,,,,4
2482,chongzheng,2015,odds,,,,1,0.950819672131147,,,,5
2483,chongzheng,2015,taken,81,0,26,15,58,0,0,180,3
2484,chongzheng,2015,vacancy,0,0,0,37,58,0,0,180,1
2485,chongzheng,2016,applied,0,0,0,18,73,0,0,0,2
2486,chongzheng,2016,ballot,,,,,,,,,4
2487,chongzheng,2016,odds,,,,1,0.876712328767123,,,,5
2488,chongzheng,2016,taken,67,0,31,18,64,0,0,180,3
2489,chongzheng,2016,vacancy,0,0,0,41,64,0,0,180,1
2490,chongzheng,2017,applied,0,0,0,11,84,0,0,0,2
2491,chongzheng,2017,ballot,,,,,,,,,4
2492,chongzheng,2017,odds,,,,1,0.857142857142857,,,,5
2493,chongzheng,2017,taken,64,0,33,11,72,0,0,180,3
2494,chongzheng,2017,vacancy,0,0,0,42,72,0,0,180,1
2495,chongzheng,2018,applied,0,0,0,19,64,0,0,0,2
2496,chongzheng,2018,ballot,,,,,,,,,4
2497,chongzheng,2018,odds,,,,1,0.734375,,,,5
2498,chongzheng,2018,taken,77,0,40,16,47,0,0,180,3
2499,chongzheng,2018,vacancy,0,0,0,32,47,0,0,180,1
2500,chongzheng,2019,applied,69,0,27,18,79,0,0,0,2
2501,chongzheng,2019,ballot,,,,,SC1-2,,,,4
2502,chongzheng,2019,odds,,,,,0.873417721518987,,,,5
2503,chongzheng,2019,taken,69,0,27,18,69,0,0,183,3
2504,chongzheng,2019,vacancy,140,71,71,42,69,0,0,180,1
2505,chongzheng,2020,applied,78,0,49,23,52,0,0,0,2
2506,chongzheng,2020,ballot,,,,,SC<1,,,,4
2507,chongzheng,2020,odds,,,,,0.634615384615385,,,,5
2508,chongzheng,2020,taken,78,0,49,23,33,0,0,183,3
2509,chongzheng,2020,vacancy,140,62,62,27,33,0,0,180,1
2510,chongzheng,2021,applied,87,0,50,15,65,0,0,0,2
2511,chongzheng,2021,ballot,,,,,SC<1,,,,4
2512,chongzheng,2021,odds,,,,,0.461538461538462,,,,5
2513,chongzheng,2021,taken,87,0,50,15,30,0,0,182,3
2514,chongzheng,2021,vacancy,140,53,53,23,30,0,0,180,1
2515,chongzheng,2022,applied,89,39,0,7,87,0,0,0,2
2516,chongzheng,2022,ballot,,SC>2,,,SC<1,,,,4
2517,chongzheng,2022,odds,,0.82051282051282,,,0.620689655172414,,,,5
2518,chongzheng,2022,taken,89,32,0,7,54,0,0,182,3
2519,chongzheng,2022,vacancy,120,32,0,20,54,0,0,180,1
2520,chongzheng,2023,applied,61,41,0,7,84,0,0,0,2
2521,chongzheng,2023,ballot,,,,,SC1-2,,,,4
2522,chongzheng,2023,odds,,,,,0.857142857142857,,,,5
2523,chongzheng,2023,taken,61,41,0,7,72,0,0,181,3
2524,chongzheng,2023,vacancy,120,60,0,26,72,0,0,180,1
2525,chua-chu-kang,2009,applied,0,0,0,2,124,13,0,0,2
2526,chua-chu-kang,2009,ballot,,,,,,,,,4
2527,chua-chu-kang,2009,odds,,,,1,1,0.230769230769231,,,5
2528,chua-chu-kang,2009,taken,121,0,22,2,124,3,0,272,3
2529,chua-chu-kang,2009,vacancy,0,0,0,64,127,3,0,270,1
2530,chua-chu-kang,2010,applied,0,0,0,1,130,30,0,0,2
2531,chua-chu-kang,2010,ballot,,,,,,,,,4
2532,chua-chu-kang,2010,odds,,,,1,1,0.666666666666667,,,5
2533,chua-chu-kang,2010,taken,106,1,14,1,130,20,0,272,3
2534,chua-chu-kang,2010,vacancy,0,0,0,74,148,20,0,270,1
2535,chua-chu-kang,2011,applied,0,0,0,2,138,0,0,0,2
2536,chua-chu-kang,2011,ballot,,,,,,,,,4
2537,chua-chu-kang,2011,odds,,,,1,0.949275362318841,,,,5
2538,chua-chu-kang,2011,taken,88,1,18,2,131,0,0,240,3
2539,chua-chu-kang,2011,vacancy,0,0,0,67,131,0,0,240,1
2540,chua-chu-kang,2012,applied,0,0,0,5,161,0,0,0,2
2541,chua-chu-kang,2012,ballot,,,,,,,,,4
2542,chua-chu-kang,2012,odds,,,,1,0.770186335403727,,,,5
2543,chua-chu-kang,2012,taken,101,0,10,5,124,0,0,240,3
2544,chua-chu-kang,2012,vacancy,0,0,0,65,124,0,0,240,1
2545,chua-chu-kang,2013,applied,0,0,0,7,128,0,0,0,2
2546,chua-chu-kang,2013,ballot,,,,,,,,,4
2547,chua-chu-kang,2013,odds,,,,1,0.9921875,,,,5
2548,chua-chu-kang,2013,taken,91,0,15,7,127,0,0,240,3
2549,chua-chu-kang,2013,vacancy,0,0,0,67,127,0,0,240,1
2550,chua-chu-kang,2014,applied,0,0,0,7,135,0,0,0,2
2551,chua-chu-kang,2014,ballot,,,,,,,,,4
2552,chua-chu-kang,2014,odds,,,,1,0.837037037037037,,,,5
2553,chua-chu-kang,2014,taken,108,0,12,7,113,0,0,240,3
2554,chua-chu-kang,2014,vacancy,0,0,0,60,113,0,0,240,1
2555,chua-chu-kang,2015,applied,0,0,0,0,142,0,0,0,2
2556,chua-chu-kang,2015,ballot,,,,,,,,,4
2557,chua-chu-kang,2015,odds,,,,1,0.971830985915493,,,,5
2558,chua-chu-kang,2015,taken,85,0,17,0,138,0,0,240,3
2559,chua-chu-kang,2015,vacancy,0,0,0,69,138,0,0,240,1
2560,chua-chu-kang,2016,applied,0,0,0,3,128,0,0,0,2
2561,chua-chu-kang,2016,ballot,,,,,,,,,4
2562,chua-chu-kang,2016,odds,,,,1,0.625,,,,5
2563,chua-chu-kang,2016,taken,109,0,18,3,80,0,0,210,3
2564,chua-chu-kang,2016,vacancy,0,0,0,42,80,0,0,210,1
2565,chua-chu-kang,2017,applied,0,0,0,9,129,0,0,0,2
2566,chua-chu-kang,2017,ballot,,,,,,,,,4
2567,chua-chu-kang,2017,odds,,,,1,0.720930232558139,,,,5
2568,chua-chu-kang,2017,taken,90,0,19,8,93,0,0,210,3
2569,chua-chu-kang,2017,vacancy,0,0,0,51,93,0,0,210,1
2570,chua-chu-kang,2018,applied,0,0,0,14,164,0,0,0,2
2571,chua-chu-kang,2018,ballot,,,,,,,,,4
2572,chua-chu-kang,2018,odds,,,,1,0.628048780487805,,,,5
2573,chua-chu-kang,2018,taken,82,0,12,13,103,0,0,210,3
2574,chua-chu-kang,2018,vacancy,0,0,0,58,103,0,0,210,1
2575,chua-chu-kang,2019,applied,90,0,14,14,131,0,0,0,2
2576,chua-chu-kang,2019,ballot,,,,,SC<1,,,,4
2577,chua-chu-kang,2019,odds,,,,,0.946564885496183,,,,5
2578,chua-chu-kang,2019,taken,90,0,14,14,124,0,0,242,3
2579,chua-chu-kang,2019,vacancy,200,110,110,68,124,0,0,240,1
2580,chua-chu-kang,2020,applied,109,0,19,14,182,0,0,0,2
2581,chua-chu-kang,2020,ballot,,,,,SC<1,,,,4
2582,chua-chu-kang,2020,odds,,,,,0.538461538461538,,,,5
2583,chua-chu-kang,2020,taken,109,0,19,14,98,0,0,240,3
2584,chua-chu-kang,2020,vacancy,200,91,91,56,98,0,0,240,1
2585,chua-chu-kang,2021,applied,92,0,39,11,159,0,0,0,2
2586,chua-chu-kang,2021,ballot,,,,,SC<1,,,,4
2587,chua-chu-kang,2021,odds,,,,,0.622641509433962,,,,5
2588,chua-chu-kang,2021,taken,92,0,39,11,99,0,0,241,3
2589,chua-chu-kang,2021,vacancy,200,108,109,55,99,0,0,240,1
2590,chua-chu-kang,2022,applied,114,31,0,25,124,0,0,0,2
2591,chua-chu-kang,2022,ballot,,,,,SC<1,,,,4
2592,chua-chu-kang,2022,odds,,,,,0.564516129032258,,,,5
2593,chua-chu-kang,2022,taken,114,31,0,25,70,0,0,240,3
2594,chua-chu-kang,2022,vacancy,180,66,0,32,70,0,0,240,1
2595,chua-chu-kang,2023,applied,121,44,0,14,111,0,0,0,2
2596,chua-chu-kang,2023,ballot,,,,,SC<1,,,,4
2597,chua-chu-kang,2023,odds,,,,,0.558558558558559,,,,5
2598,chua-chu-kang,2023,taken,121,44,0,14,62,0,0,241,3
2599,chua-chu-kang,2023,vacancy,180,59,0,25,62,0,0,240,1
2600,clementi,2009,applied,0,0,0,3,136,0,0,0,2
2601,clementi,2009,ballot,,,,,,,,,4
2602,clementi,2009,odds,,,,1,0.882352941176471,,,,5
2603,clementi,2009,taken,97,0,21,3,120,0,0,241,3
2604,clementi,2009,vacancy,0,0,0,61,120,0,0,240,1
2605,clementi,2010,applied,0,0,0,5,124,0,0,0,2
2606,clementi,2010,ballot,,,,,,,,,4
2607,clementi,2010,odds,,,,1,0.782258064516129,,,,5
2608,clementi,2010,taken,108,0,30,5,97,0,0,240,3
2609,clementi,2010,vacancy,0,0,0,51,97,0,0,240,1
2610,clementi,2011,applied,0,0,0,7,138,0,0,0,2
2611,clementi,2011,ballot,,,,,,,,,4
2612,clementi,2011,odds,,,,1,1,,,,5
2613,clementi,2011,taken,80,0,16,7,138,0,0,241,3
2614,clementi,2011,vacancy,0,0,0,72,138,0,0,240,1
2615,clementi,2012,applied,0,0,0,6,129,4,0,0,2
2616,clementi,2012,ballot,,,,,,,,,4
2617,clementi,2012,odds,,,,1,1,0.75,,,5
2618,clementi,2012,taken,84,0,22,6,129,3,0,244,3
2619,clementi,2012,vacancy,0,0,0,67,129,3,0,240,1
2620,clementi,2013,applied,0,0,0,7,133,39,0,0,2
2621,clementi,2013,ballot,,,,,,,,,4
2622,clementi,2013,odds,,,,1,1,0.897435897435897,,,5
2623,clementi,2013,taken,76,0,19,7,133,35,0,270,3
2624,clementi,2013,vacancy,0,0,0,88,168,35,0,270,1
2625,clementi,2014,applied,0,0,0,2,133,0,0,0,2
2626,clementi,2014,ballot,,,,,,,,,4
2627,clementi,2014,odds,,,,1,0.977443609022556,,,,5
2628,clementi,2014,taken,83,0,25,2,130,0,0,240,3
2629,clementi,2014,vacancy,0,0,0,66,130,0,0,240,1
2630,clementi,2015,applied,0,0,0,6,108,24,0,0,2
2631,clementi,2015,ballot,,,,,,,,,4
2632,clementi,2015,odds,,,,1,1,0.791666666666667,,,5
2633,clementi,2015,taken,85,0,24,4,108,19,0,240,3
2634,clementi,2015,vacancy,0,0,0,66,127,19,0,240,1
2635,clementi,2016,applied,0,0,0,3,84,42,0,0,2
2636,clementi,2016,ballot,,,,,,,,,4
2637,clementi,2016,odds,,,,1,1,1,1,,5
2638,clementi,2016,taken,79,0,23,1,84,42,0,229,3
2639,clementi,2016,vacancy,0,0,0,69,137,53,11,240,1
2640,clementi,2017,applied,0,0,0,1,84,51,0,0,2
2641,clementi,2017,ballot,,,,,,,,,4
2642,clementi,2017,odds,,,,1,1,0.96078431372549,,,5
2643,clementi,2017,taken,85,0,23,0,84,49,0,241,3
2644,clementi,2017,vacancy,0,0,0,66,133,49,0,240,1
2645,clementi,2018,applied,0,0,0,5,108,0,0,0,2
2646,clementi,2018,ballot,,,,,,,,,4
2647,clementi,2018,odds,,,,1,0.990740740740741,,,,5
2648,clementi,2018,taken,108,0,24,1,107,0,0,240,3
2649,clementi,2018,vacancy,0,0,0,54,107,0,0,240,1
2650,clementi,2019,applied,76,0,14,2,104,57,0,0,2
2651,clementi,2019,ballot,,,,,,SC<1,,,4
2652,clementi,2019,odds,,,,,,0.824561403508772,,,5
2653,clementi,2019,taken,76,0,14,2,104,47,0,243,3
2654,clementi,2019,vacancy,200,124,124,75,151,47,0,240,1
2655,clementi,2020,applied,76,0,14,5,122,65,0,0,2
2656,clementi,2020,ballot,,,,,,SC<1,,,4
2657,clementi,2020,odds,,,,,,0.353846153846154,,,5
2658,clementi,2020,taken,76,0,14,5,122,23,0,240,3
2659,clementi,2020,vacancy,200,124,124,75,145,23,0,240,1
2660,clementi,2021,applied,94,0,27,4,100,90,0,0,2
2661,clementi,2021,ballot,,,,,,SC<1#,,,4
2662,clementi,2021,odds,,,,,,0.666666666666667,,,5
2663,clementi,2021,taken,94,0,27,4,100,60,0,285,3
2664,clementi,2021,vacancy,240,146,146,80,159,60,0,280,1
2665,clementi,2022,applied,82,17,0,0,71,125,0,0,2
2666,clementi,2022,ballot,,,,,,SC>2,,,4
2667,clementi,2022,odds,,,,,,0.896,,,5
2668,clementi,2022,taken,82,17,0,0,71,112,0,282,3
2669,clementi,2022,vacancy,220,138,0,60,183,112,0,280,1
2670,clementi,2023,applied,55,13,0,0,51,103,0,0,2
2671,clementi,2023,ballot,,,,,,,,,4
2672,clementi,2023,odds,,,,,,,,,5
2673,clementi,2023,taken,55,13,0,0,51,103,0,222,3
2674,clementi,2023,vacancy,220,165,0,71,214,163,60,280,1
2675,compassvale,2009,applied,0,0,0,10,123,0,0,0,2
2676,compassvale,2009,ballot,,,,,,,,,4
2677,compassvale,2009,odds,,,,1,0.682926829268293,,,,5
2678,compassvale,2009,taken,105,0,11,10,84,0,0,210,3
2679,compassvale,2009,vacancy,0,0,0,47,84,0,0,210,1
2680,compassvale,2010,applied,0,0,0,9,131,0,0,0,2
2681,compassvale,2010,ballot,,,,,,,,,4
2682,compassvale,2010,odds,,,,1,0.687022900763359,,,,5
2683,compassvale,2010,taken,99,0,12,9,90,0,0,210,3
2684,compassvale,2010,vacancy,0,0,0,50,90,0,0,210,1
2685,compassvale,2011,applied,0,0,0,35,134,0,0,0,2
2686,compassvale,2011,ballot,,,,,,,,,4
2687,compassvale,2011,odds,,,,1,0.902985074626866,,,,5
2688,compassvale,2011,taken,73,0,12,34,121,0,0,240,3
2689,compassvale,2011,vacancy,0,0,0,78,121,0,0,240,1
2690,compassvale,2012,applied,0,0,0,40,150,0,0,0,2
2691,compassvale,2012,ballot,,,,,,,,,4
2692,compassvale,2012,odds,,,,1,0.733333333333333,,,,5
2693,compassvale,2012,taken,84,0,6,40,110,0,0,240,3
2694,compassvale,2012,vacancy,0,0,0,75,110,0,0,240,1
2695,compassvale,2013,applied,0,0,0,33,142,0,0,0,2
2696,compassvale,2013,ballot,,,,,,,,,4
2697,compassvale,2013,odds,,,,1,0.704225352112676,,,,5
2698,compassvale,2013,taken,95,0,12,33,100,0,0,240,3
2699,compassvale,2013,vacancy,0,0,0,67,100,0,0,240,1
2700,compassvale,2014,applied,0,0,0,36,137,0,0,0,2
2701,compassvale,2014,ballot,,,,,,,,,4
2702,compassvale,2014,odds,,,,1,0.708029197080292,,,,5
2703,compassvale,2014,taken,102,0,5,36,97,0,0,240,3
2704,compassvale,2014,vacancy,0,0,0,67,97,0,0,240,1
2705,compassvale,2015,applied,0,0,0,33,125,0,0,0,2
2706,compassvale,2015,ballot,,,,,,,,,4
2707,compassvale,2015,odds,,,,1,0.88,,,,5
2708,compassvale,2015,taken,94,0,4,32,110,0,0,240,3
2709,compassvale,2015,vacancy,0,0,0,71,110,0,0,240,1
2710,compassvale,2016,applied,0,0,0,21,142,0,0,0,2
2711,compassvale,2016,ballot,,,,,,,,,4
2712,compassvale,2016,odds,,,,1,0.852112676056338,,,,5
2713,compassvale,2016,taken,92,0,8,19,121,0,0,240,3
2714,compassvale,2016,vacancy,0,0,0,70,121,0,0,240,1
2715,compassvale,2017,applied,0,0,0,16,139,0,0,0,2
2716,compassvale,2017,ballot,,,,,,,,,4
2717,compassvale,2017,odds,,,,1,0.863309352517986,,,,5
2718,compassvale,2017,taken,94,0,10,16,120,0,0,240,3
2719,compassvale,2017,vacancy,0,0,0,68,120,0,0,240,1
2720,compassvale,2018,applied,0,0,0,22,137,0,0,0,2
2721,compassvale,2018,ballot,,,,,,,,,4
2722,compassvale,2018,odds,,,,1,0.693430656934307,,,,5
2723,compassvale,2018,taken,110,0,15,20,95,0,0,240,3
2724,compassvale,2018,vacancy,0,0,0,58,95,0,0,240,1
2725,compassvale,2019,applied,79,0,18,15,153,0,0,0,2
2726,compassvale,2019,ballot,,,,,SC>2,,,,4
2727,compassvale,2019,odds,,,,,0.849673202614379,,,,5
2728,compassvale,2019,taken,79,0,18,15,130,0,0,242,3
2729,compassvale,2019,vacancy,200,121,121,72,130,0,0,240,1
2730,compassvale,2020,applied,91,0,12,20,130,0,0,0,2
2731,compassvale,2020,ballot,,,,,SC<1,,,,4
2732,compassvale,2020,odds,,,,,0.907692307692308,,,,5
2733,compassvale,2020,taken,91,0,12,20,118,0,0,241,3
2734,compassvale,2020,vacancy,200,109,110,69,118,0,0,240,1
2735,compassvale,2021,applied,91,0,13,22,143,0,0,0,2
2736,compassvale,2021,ballot,,,,,SC1-2,,,,4
2737,compassvale,2021,odds,,,,,0.811188811188811,,,,5
2738,compassvale,2021,taken,91,0,13,22,116,0,0,242,3
2739,compassvale,2021,vacancy,200,109,109,68,116,0,0,240,1
2740,compassvale,2022,applied,98,12,0,17,140,0,0,0,2
2741,compassvale,2022,ballot,,,,,SC<1,,,,4
2742,compassvale,2022,odds,,,,,0.821428571428571,,,,5
2743,compassvale,2022,taken,98,12,0,17,115,0,0,242,3
2744,compassvale,2022,vacancy,180,82,0,44,115,0,0,240,1
2745,compassvale,2023,applied,107,14,0,18,133,0,0,0,2
2746,compassvale,2023,ballot,,,,,SC<1,,,,4
2747,compassvale,2023,odds,,,,,0.759398496240602,,,,5
2748,compassvale,2023,taken,107,14,0,18,101,0,0,240,3
2749,compassvale,2023,vacancy,180,73,0,40,101,0,0,240,1
2750,concord,2009,applied,0,0,0,2,89,16,0,0,2
2751,concord,2009,ballot,,,,,,,,,4
2752,concord,2009,odds,,,,1,1,0.375,,,5
2753,concord,2009,taken,106,0,7,2,89,6,0,210,3
2754,concord,2009,vacancy,0,0,0,49,95,6,0,210,1
2755,concord,2010,applied,0,0,0,1,78,30,0,0,2
2756,concord,2010,ballot,,,,,,,,,4
2757,concord,2010,odds,,,,1,1,0.666666666666667,,,5
2758,concord,2010,taken,94,0,17,1,78,20,0,210,3
2759,concord,2010,vacancy,0,0,0,50,98,20,0,210,1
2760,concord,2011,applied,0,0,0,1,87,44,0,0,2
2761,concord,2011,ballot,,,,,,,,,4
2762,concord,2011,odds,,,,1,1,0.636363636363636,,,5
2763,concord,2011,taken,86,0,9,1,87,28,0,211,3
2764,concord,2011,vacancy,0,0,0,58,115,28,0,210,1
2765,concord,2012,applied,0,0,0,0,85,23,0,0,2
2766,concord,2012,ballot,,,,,,,,,4
2767,concord,2012,odds,,,,1,1,0.91304347826087,,,5
2768,concord,2012,taken,99,0,9,0,85,21,0,214,3
2769,concord,2012,vacancy,0,0,0,51,102,21,0,210,1
2770,concord,2013,applied,0,0,0,4,98,9,0,0,2
2771,concord,2013,ballot,,,,,,,,,4
2772,concord,2013,odds,,,,1,1,0.888888888888889,,,5
2773,concord,2013,taken,87,0,14,4,98,8,0,211,3
2774,concord,2013,vacancy,0,0,0,55,105,8,0,210,1
2775,concord,2014,applied,0,0,0,4,109,10,0,0,2
2776,concord,2014,ballot,,,,,,,,,4
2777,concord,2014,odds,,,,1,1,0.7,,,5
2778,concord,2014,taken,80,0,11,3,109,7,0,210,3
2779,concord,2014,vacancy,0,0,0,60,116,7,0,210,1
2780,concord,2015,applied,0,0,0,0,100,27,0,0,2
2781,concord,2015,ballot,,,,,,,,,4
2782,concord,2015,odds,,,,1,1,0.962962962962963,,,5
2783,concord,2015,taken,70,0,15,0,100,26,0,211,3
2784,concord,2015,vacancy,0,0,0,63,126,26,0,210,1
2785,concord,2016,applied,0,0,0,0,94,59,0,0,2
2786,concord,2016,ballot,,,,,,,,,4
2787,concord,2016,odds,,,,1,1,0.779661016949153,,,5
2788,concord,2016,taken,58,0,13,0,94,46,0,211,3
2789,concord,2016,vacancy,0,0,0,70,140,46,0,210,1
2790,concord,2017,applied,0,0,0,3,97,0,0,0,2
2791,concord,2017,ballot,,,,,,,,,4
2792,concord,2017,odds,,,,1,0.88659793814433,,,,5
2793,concord,2017,taken,109,0,14,1,86,0,0,210,3
2794,concord,2017,vacancy,0,0,0,44,86,0,0,210,1
2795,concord,2018,applied,0,0,0,13,107,0,0,0,2
2796,concord,2018,ballot,,,,,,,,,4
2797,concord,2018,odds,,,,1,0.925233644859813,,,,5
2798,concord,2018,taken,113,0,15,13,99,0,0,240,3
2799,concord,2018,vacancy,0,0,0,56,99,0,0,240,1
2800,concord,2019,applied,79,0,15,8,129,22,0,0,2
2801,concord,2019,ballot,,,,,,SC<1#,,,4
2802,concord,2019,odds,,,,,,0.409090909090909,,,5
2803,concord,2019,taken,79,0,15,8,129,9,0,240,3
2804,concord,2019,vacancy,200,121,121,73,138,9,0,240,1
2805,concord,2020,applied,107,1,20,4,120,0,0,0,2
2806,concord,2020,ballot,,,,,SC1-2,,,,4
2807,concord,2020,odds,,,,,0.9,,,,5
2808,concord,2020,taken,107,1,20,4,108,0,0,240,3
2809,concord,2020,vacancy,200,93,92,56,108,0,0,240,1
2810,concord,2021,applied,94,0,24,4,113,47,0,0,2
2811,concord,2021,ballot,,,,,,SC<1,,,4
2812,concord,2021,odds,,,,,,0.106382978723404,,,5
2813,concord,2021,taken,94,0,24,4,113,5,0,240,3
2814,concord,2021,vacancy,200,106,106,61,118,5,0,240,1
2815,concord,2022,applied,103,21,0,3,105,33,0,0,2
2816,concord,2022,ballot,,,,,,SC<1,,,4
2817,concord,2022,odds,,,,,,0.303030303030303,,,5
2818,concord,2022,taken,103,21,0,3,105,10,0,242,3
2819,concord,2022,vacancy,180,77,0,39,114,10,0,240,1
2820,concord,2023,applied,99,32,0,1,76,54,0,0,2
2821,concord,2023,ballot,,,,,,SC<1,,,4
2822,concord,2023,odds,,,,,,0.592592592592593,,,5
2823,concord,2023,taken,99,32,0,1,76,32,0,240,3
2824,concord,2023,vacancy,180,81,0,36,108,32,0,240,1
2825,corporation,2009,applied,0,0,0,0,71,57,0,0,2
2826,corporation,2009,ballot,,,,,,,,,4
2827,corporation,2009,odds,,,,1,1,1,1,,5
2828,corporation,2009,taken,89,0,7,0,71,57,0,224,3
2829,corporation,2009,vacancy,0,0,0,102,206,135,59,300,1
2830,corporation,2010,applied,0,0,0,2,70,78,0,0,2
2831,corporation,2010,ballot,,,,,,,,,4
2832,corporation,2010,odds,,,,1,1,1,1,,5
2833,corporation,2010,taken,66,9,14,2,70,78,0,239,3
2834,corporation,2010,vacancy,0,0,0,106,209,139,46,300,1
2835,corporation,2011,applied,0,0,0,26,84,56,0,0,2
2836,corporation,2011,ballot,,,,,,,,,4
2837,corporation,2011,odds,,,,1,1,1,,,5
2838,corporation,2011,taken,34,27,7,23,84,67,0,242,3
2839,corporation,2011,vacancy,0,0,0,86,151,67,0,240,1
2840,corporation,2012,applied,0,0,0,0,80,47,0,0,2
2841,corporation,2012,ballot,,,,,,,,,4
2842,corporation,2012,odds,,,,1,1,1,,,5
2843,corporation,2012,taken,74,0,4,0,81,52,0,211,3
2844,corporation,2012,vacancy,0,0,0,66,132,52,0,210,1
2845,corporation,2013,applied,0,0,0,1,62,46,0,0,2
2846,corporation,2013,ballot,,,,,,,,,4
2847,corporation,2013,odds,,,,1,1,1,,,5
2848,corporation,2013,taken,92,0,2,1,62,54,0,211,3
2849,corporation,2013,vacancy,0,0,0,58,115,54,0,210,1
2850,corporation,2014,applied,0,0,0,0,95,61,0,0,2
2851,corporation,2014,ballot,,,,,,,,,4
2852,corporation,2014,odds,,,,1,1,0.737704918032787,,,5
2853,corporation,2014,taken,66,0,5,0,94,45,0,210,3
2854,corporation,2014,vacancy,0,0,0,70,139,45,0,210,1
2855,corporation,2015,applied,0,0,0,0,89,27,0,0,2
2856,corporation,2015,ballot,,,,,,,,,4
2857,corporation,2015,odds,,,,1,1,0.888888888888889,,,5
2858,corporation,2015,taken,92,0,7,0,89,24,0,212,3
2859,corporation,2015,vacancy,0,0,0,56,113,24,0,210,1
2860,corporation,2016,applied,0,0,0,0,65,22,0,0,2
2861,corporation,2016,ballot,,,,,,,,,4
2862,corporation,2016,odds,,,,1,1,1,1,,5
2863,corporation,2016,taken,78,0,11,0,65,22,0,176,3
2864,corporation,2016,vacancy,0,0,0,61,122,57,35,210,1
2865,corporation,2017,applied,0,0,0,1,67,47,0,0,2
2866,corporation,2017,ballot,,,,,,,,,4
2867,corporation,2017,odds,,,,1,1,1,1,,5
2868,corporation,2017,taken,72,1,6,0,67,47,0,193,3
2869,corporation,2017,vacancy,0,0,0,66,131,64,17,210,1
2870,corporation,2018,applied,0,0,0,0,89,53,0,0,2
2871,corporation,2018,ballot,,,,,,,,,4
2872,corporation,2018,odds,,,,1,1,1,1,,5
2873,corporation,2018,taken,72,0,10,0,89,53,0,224,3
2874,corporation,2018,vacancy,0,0,0,79,158,69,16,240,1
2875,corporation,2019,applied,75,0,8,0,58,61,0,0,2
2876,corporation,2019,ballot,,,,,,,,,4
2877,corporation,2019,odds,,,,,,,,,5
2878,corporation,2019,taken,75,0,8,0,58,61,0,202,3
2879,corporation,2019,vacancy,170,95,95,64,127,69,8,210,1
2880,corporation,2020,applied,83,0,11,0,57,65,0,0,2
2881,corporation,2020,ballot,,,,,,,,,4
2882,corporation,2020,odds,,,,,,,,,5
2883,corporation,2020,taken,83,0,11,0,57,65,0,216,3
2884,corporation,2020,vacancy,200,117,117,73,146,89,24,240,1
2885,corporation,2021,applied,72,1,11,0,39,41,0,0,2
2886,corporation,2021,ballot,,,,,,,,,4
2887,corporation,2021,odds,,,,,,,,,5
2888,corporation,2021,taken,72,1,11,0,39,41,0,164,3
2889,corporation,2021,vacancy,230,158,157,93,187,148,107,270,1
2890,corporation,2022,applied,82,6,0,1,54,31,0,0,2
2891,corporation,2022,ballot,,,,,,,,,4
2892,corporation,2022,odds,,,,,,,,,5
2893,corporation,2022,taken,82,6,0,1,54,31,0,174,3
2894,corporation,2022,vacancy,180,98,0,51,151,97,66,240,1
2895,corporation,2023,applied,45,17,0,2,31,18,0,0,2
2896,corporation,2023,ballot,,,,,,,,,4
2897,corporation,2023,odds,,,,,,,,,5
2898,corporation,2023,taken,45,17,0,2,31,18,0,113,3
2899,corporation,2023,vacancy,120,75,0,39,118,88,70,180,1
2900,damai,2009,applied,0,0,0,1,28,5,0,0,2
2901,damai,2009,ballot,,,,,,,,,4
2902,damai,2009,odds,,,,1,1,1,1,,5
2903,damai,2009,taken,33,0,3,1,28,4,0,69,3
2904,damai,2009,vacancy,0,0,0,72,144,116,109,180,1
2905,damai,2010,applied,0,0,0,0,28,21,0,0,2
2906,damai,2010,ballot,,,,,,,,,4
2907,damai,2010,odds,,,,1,1,1,1,,5
2908,damai,2010,taken,25,0,7,0,28,21,0,81,3
2909,damai,2010,vacancy,0,0,0,74,148,120,36,180,1
2910,damai,2011,applied,0,0,0,0,16,18,0,0,2
2911,damai,2011,ballot,,,,,,,,,4
2912,damai,2011,odds,,,,1,1,1,1,,5
2913,damai,2011,taken,29,0,6,0,16,100,0,151,3
2914,damai,2011,vacancy,0,0,0,73,145,129,29,180,1
2915,damai,2012,applied,0,0,0,0,27,6,0,0,2
2916,damai,2012,ballot,,,,,,,,,4
2917,damai,2012,odds,,,,1,1,1,1,,5
2918,damai,2012,taken,22,2,3,0,26,72,0,125,3
2919,damai,2012,vacancy,0,0,0,62,123,98,26,150,1
2920,damai,2013,applied,0,0,0,0,15,16,0,0,2
2921,damai,2013,ballot,,,,,,,,,4
2922,damai,2013,odds,,,,1,1,1,1,,5
2923,damai,2013,taken,22,0,4,0,15,84,0,125,3
2924,damai,2013,vacancy,0,0,0,62,125,110,26,150,1
2925,damai,2014,applied,0,0,0,0,28,12,0,0,2
2926,damai,2014,ballot,,,,,,,,,4
2927,damai,2014,odds,,,,1,1,1,1,,5
2928,damai,2014,taken,32,0,8,0,26,12,0,78,3
2929,damai,2014,vacancy,0,0,0,70,141,114,102,180,1
2930,damai,2015,applied,0,0,0,0,21,6,0,0,2
2931,damai,2015,ballot,,,,,,,,,4
2932,damai,2015,odds,,,,1,1,1,1,,5
2933,damai,2015,taken,39,0,5,0,21,6,0,71,3
2934,damai,2015,vacancy,0,0,0,53,107,86,80,150,1
2935,damai,2016,applied,0,0,0,0,14,4,0,0,2
2936,damai,2016,ballot,,,,,,,,,4
2937,damai,2016,odds,,,,1,1,1,1,,5
2938,damai,2016,taken,25,0,7,0,14,4,0,50,3
2939,damai,2016,vacancy,0,0,0,44,88,74,70,120,1
2940,damai,2017,applied,0,0,0,0,28,4,0,0,2
2941,damai,2017,ballot,,,,,,,,,4
2942,damai,2017,odds,,,,1,1,1,1,,5
2943,damai,2017,taken,40,0,11,0,27,4,0,82,3
2944,damai,2017,vacancy,0,0,0,35,69,42,38,120,1
2945,damai,2018,applied,0,0,0,0,34,12,0,0,2
2946,damai,2018,ballot,,,,,,,,,4
2947,damai,2018,odds,,,,1,1,1,1,,5
2948,damai,2018,taken,39,1,5,0,33,12,0,90,3
2949,damai,2018,vacancy,0,0,0,83,165,132,120,210,1
2950,damai,2019,applied,25,0,13,0,37,15,0,0,2
2951,damai,2019,ballot,,,,,,,,,4
2952,damai,2019,odds,,,,,,,,,5
2953,damai,2019,taken,25,0,13,0,37,15,0,90,3
2954,damai,2019,vacancy,110,85,85,56,112,75,60,150,1
2955,damai,2020,applied,34,0,16,0,37,40,0,0,2
2956,damai,2020,ballot,,,,,,,,,4
2957,damai,2020,odds,,,,,,,,,5
2958,damai,2020,taken,34,0,16,0,37,40,0,127,3
2959,damai,2020,vacancy,140,106,106,65,131,96,56,180,1
2960,damai,2021,applied,33,0,9,0,40,16,0,0,2
2961,damai,2021,ballot,,,,,,,,,4
2962,damai,2021,odds,,,,,,,,,5
2963,damai,2021,taken,33,0,9,0,40,16,0,98,3
2964,damai,2021,vacancy,200,167,167,99,198,159,143,240,1
2965,damai,2022,applied,57,8,0,0,36,30,0,0,2
2966,damai,2022,ballot,,,,,,,,,4
2967,damai,2022,odds,,,,,,,,,5
2968,damai,2022,taken,57,8,0,0,36,30,0,131,3
2969,damai,2022,vacancy,180,124,0,59,176,140,110,240,1
2970,damai,2023,applied,49,13,0,1,22,18,0,0,2
2971,damai,2023,ballot,,,,,,,,,4
2972,damai,2023,odds,,,,,,,,,5
2973,damai,2023,taken,49,13,0,1,22,18,0,103,3
2974,damai,2023,vacancy,90,41,0,29,87,65,47,150,1
2975,dazhong,2009,applied,0,0,0,0,5,28,0,0,2
2976,dazhong,2009,ballot,,,,,,,,,4
2977,dazhong,2009,odds,,,,1,1,1,1,,5
2978,dazhong,2009,taken,41,1,3,0,5,28,0,78,3
2979,dazhong,2009,vacancy,0,0,0,53,105,100,67,150,1
2980,dazhong,2010,applied,0,0,0,1,12,12,0,0,2
2981,dazhong,2010,ballot,,,,,,,,,4
2982,dazhong,2010,odds,,,,1,1,1,1,,5
2983,dazhong,2010,taken,21,1,5,1,12,12,0,52,3
2984,dazhong,2010,vacancy,0,0,0,62,122,110,23,150,1
2985,dazhong,2011,applied,0,0,0,1,29,21,0,0,2
2986,dazhong,2011,ballot,,,,,,,,,4
2987,dazhong,2011,odds,,,,1,1,1,1,,5
2988,dazhong,2011,taken,42,1,9,1,29,64,0,146,3
2989,dazhong,2011,vacancy,0,0,0,64,128,99,35,180,1
2990,dazhong,2012,applied,0,0,0,2,74,10,0,0,2
2991,dazhong,2012,ballot,,,,,,,,,4
2992,dazhong,2012,odds,,,,1,1,1,1,,5
2993,dazhong,2012,taken,33,0,17,2,74,10,0,136,3
2994,dazhong,2012,vacancy,0,0,0,65,128,55,45,180,1
2995,dazhong,2013,applied,0,0,0,0,81,14,0,0,2
2996,dazhong,2013,ballot,,,,,,,,,4
2997,dazhong,2013,odds,,,,1,1,1,1,,5
2998,dazhong,2013,taken,46,0,10,0,81,17,0,154,3
2999,dazhong,2013,vacancy,0,0,0,62,124,43,26,180,1
3000,dazhong,2014,applied,0,0,0,0,65,17,0,0,2
3001,dazhong,2014,ballot,,,,,,,,,4
3002,dazhong,2014,odds,,,,1,1,1,1,,5
3003,dazhong,2014,taken,34,0,18,0,65,17,0,134,3
3004,dazhong,2014,vacancy,0,0,0,64,128,63,46,180,1
3005,dazhong,2015,applied,0,0,0,0,59,12,0,0,2
3006,dazhong,2015,ballot,,,,,,,,,4
3007,dazhong,2015,odds,,,,1,1,1,1,,5
3008,dazhong,2015,taken,40,0,12,0,59,12,0,123,3
3009,dazhong,2015,vacancy,0,0,0,64,130,71,59,180,1
3010,dazhong,2016,applied,0,0,0,0,50,6,0,0,2
3011,dazhong,2016,ballot,,,,,,,,,4
3012,dazhong,2016,odds,,,,1,1,1,1,,5
3013,dazhong,2016,taken,48,0,10,0,49,6,0,113,3
3014,dazhong,2016,vacancy,0,0,0,46,92,43,37,150,1
3015,dazhong,2017,applied,0,0,0,0,35,23,0,0,2
3016,dazhong,2017,ballot,,,,,,,,,4
3017,dazhong,2017,odds,,,,1,1,1,1,,5
3018,dazhong,2017,taken,61,0,12,0,35,23,0,131,3
3019,dazhong,2017,vacancy,0,0,0,39,77,42,19,150,1
3020,dazhong,2018,applied,0,0,0,0,39,57,0,0,2
3021,dazhong,2018,ballot,,,,,,,,,4
3022,dazhong,2018,odds,,,,1,1,1,1,,5
3023,dazhong,2018,taken,46,0,11,0,38,57,0,152,3
3024,dazhong,2018,vacancy,0,0,0,77,153,115,58,210,1
3025,dazhong,2019,applied,55,2,23,0,36,67,0,0,2
3026,dazhong,2019,ballot,,,,,,PR<1,,,4
3027,dazhong,2019,odds,,,,,,0.985074626865672,,,5
3028,dazhong,2019,taken,55,2,23,0,36,66,0,182,3
3029,dazhong,2019,vacancy,140,85,83,50,101,66,0,180,1
3030,dazhong,2020,applied,60,0,36,0,43,135,0,0,2
3031,dazhong,2020,ballot,,,,,,SC<1,,,4
3032,dazhong,2020,odds,,,,,,0.459259259259259,,,5
3033,dazhong,2020,taken,60,0,36,0,43,62,0,201,3
3034,dazhong,2020,vacancy,160,100,100,52,104,62,0,200,1
3035,dazhong,2021,applied,71,0,40,1,72,69,0,0,2
3036,dazhong,2021,ballot,,,,,,SC<1,,,4
3037,dazhong,2021,odds,,,,,,0.231884057971014,,,5
3038,dazhong,2021,taken,71,0,40,1,72,16,0,200,3
3039,dazhong,2021,vacancy,160,89,89,45,88,16,0,200,1
3040,dazhong,2022,applied,89,40,0,0,66,65,0,0,2
3041,dazhong,2022,ballot,,,,,,SC<1,,,4
3042,dazhong,2022,odds,,,,,,0.107692307692308,,,5
3043,dazhong,2022,taken,89,40,0,0,66,7,0,202,3
3044,dazhong,2022,vacancy,140,51,0,24,73,7,0,200,1
3045,dazhong,2023,applied,56,61,0,0,83,41,0,0,2
3046,dazhong,2023,ballot,,,,,,SC<1,,,4
3047,dazhong,2023,odds,,,,,,0.0487804878048781,,,5
3048,dazhong,2023,taken,56,61,0,0,83,2,0,202,3
3049,dazhong,2023,vacancy,140,84,0,28,85,2,0,200,1
3050,de-la-salle,2009,applied,0,0,0,40,132,0,0,0,2
3051,de-la-salle,2009,ballot,,,,,,,,,4
3052,de-la-salle,2009,odds,,,,1,0.78030303030303,,,,5
3053,de-la-salle,2009,taken,105,0,23,40,103,0,0,271,3
3054,de-la-salle,2009,vacancy,0,0,0,71,103,0,0,270,1
3055,de-la-salle,2010,applied,0,0,0,57,101,0,0,0,2
3056,de-la-salle,2010,ballot,,,,,,,,,4
3057,de-la-salle,2010,odds,,,,1,0.762376237623762,,,,5
3058,de-la-salle,2010,taken,111,0,25,57,77,0,0,270,3
3059,de-la-salle,2010,vacancy,0,0,0,66,77,0,0,270,1
3060,de-la-salle,2011,applied,0,0,0,54,109,0,0,0,2
3061,de-la-salle,2011,ballot,,,,,,,,,4
3062,de-la-salle,2011,odds,,,,1,0.752293577981651,,,,5
3063,de-la-salle,2011,taken,106,0,31,53,82,0,0,272,3
3064,de-la-salle,2011,vacancy,0,0,0,67,82,0,0,270,1
3065,de-la-salle,2012,applied,0,0,0,59,99,0,0,0,2
3066,de-la-salle,2012,ballot,,,,,,,,,4
3067,de-la-salle,2012,odds,,,,1,0.848484848484849,,,,5
3068,de-la-salle,2012,taken,105,0,22,59,84,0,0,270,3
3069,de-la-salle,2012,vacancy,0,0,0,72,84,0,0,270,1
3070,de-la-salle,2013,applied,0,0,0,40,122,0,0,0,2
3071,de-la-salle,2013,ballot,,,,,,,,,4
3072,de-la-salle,2013,odds,,,,1,0.811475409836066,,,,5
3073,de-la-salle,2013,taken,98,0,33,40,99,0,0,270,3
3074,de-la-salle,2013,vacancy,0,0,0,70,99,0,0,270,1
3075,de-la-salle,2014,applied,0,0,0,56,97,0,0,0,2
3076,de-la-salle,2014,ballot,,,,,,,,,4
3077,de-la-salle,2014,odds,,,,1,0.824742268041237,,,,5
3078,de-la-salle,2014,taken,106,3,26,55,80,0,0,270,3
3079,de-la-salle,2014,vacancy,0,0,0,68,80,0,0,270,1
3080,de-la-salle,2015,applied,0,0,0,36,120,0,0,0,2
3081,de-la-salle,2015,ballot,,,,,,,,,4
3082,de-la-salle,2015,odds,,,,1,0.858333333333333,,,,5
3083,de-la-salle,2015,taken,104,2,26,35,103,0,0,270,3
3084,de-la-salle,2015,vacancy,0,0,0,69,103,0,0,270,1
3085,de-la-salle,2016,applied,0,0,0,24,119,19,0,0,2
3086,de-la-salle,2016,ballot,,,,,,,,,4
3087,de-la-salle,2016,odds,,,,1,1,0.894736842105263,,,5
3088,de-la-salle,2016,taken,95,3,13,23,119,17,0,270,3
3089,de-la-salle,2016,vacancy,0,0,0,80,136,17,0,270,1
3090,de-la-salle,2017,applied,0,0,0,26,133,6,0,0,2
3091,de-la-salle,2017,ballot,,,,,,,,,4
3092,de-la-salle,2017,odds,,,,1,1,0.666666666666667,,,5
3093,de-la-salle,2017,taken,83,2,22,26,133,4,0,270,3
3094,de-la-salle,2017,vacancy,0,0,0,82,137,4,0,270,1
3095,de-la-salle,2018,applied,0,0,0,20,112,22,0,0,2
3096,de-la-salle,2018,ballot,,,,,,,,,4
3097,de-la-salle,2018,odds,,,,1,1,0.545454545454545,,,5
3098,de-la-salle,2018,taken,112,3,12,19,112,12,0,270,3
3099,de-la-salle,2018,vacancy,0,0,0,72,124,12,0,270,1
3100,de-la-salle,2019,applied,90,6,13,23,118,0,0,0,2
3101,de-la-salle,2019,ballot,,,,,PR<1,,,,4
3102,de-la-salle,2019,odds,,,,,0.923728813559322,,,,5
3103,de-la-salle,2019,taken,90,6,13,23,109,0,0,241,3
3104,de-la-salle,2019,vacancy,200,110,104,66,109,0,0,240,1
3105,de-la-salle,2020,applied,89,2,29,20,105,0,0,0,2
3106,de-la-salle,2020,ballot,,,,,PR>2,,,,4
3107,de-la-salle,2020,odds,,,,,0.990476190476191,,,,5
3108,de-la-salle,2020,taken,89,2,29,20,104,0,0,244,3
3109,de-la-salle,2020,vacancy,200,111,109,60,104,0,0,240,1
3110,de-la-salle,2021,applied,95,8,20,15,100,7,0,0,2
3111,de-la-salle,2021,ballot,,,,,,SC<2#,,,4
3112,de-la-salle,2021,odds,,,,,,0.285714285714286,,,5
3113,de-la-salle,2021,taken,95,8,20,15,100,2,0,240,3
3114,de-la-salle,2021,vacancy,200,105,97,59,102,2,0,240,1
3115,de-la-salle,2022,applied,79,17,0,12,104,48,0,0,2
3116,de-la-salle,2022,ballot,,,,,,SC>2,,,4
3117,de-la-salle,2022,odds,,,,,,0.604166666666667,,,5
3118,de-la-salle,2022,taken,79,17,0,12,104,29,0,241,3
3119,de-la-salle,2022,vacancy,180,101,0,48,133,29,0,240,1
3120,de-la-salle,2023,applied,91,16,0,5,96,33,0,0,2
3121,de-la-salle,2023,ballot,,,,,,SC#,,,4
3122,de-la-salle,2023,odds,,,,,,0.96969696969697,,,5
3123,de-la-salle,2023,taken,91,16,0,5,96,32,0,240,3
3124,de-la-salle,2023,vacancy,180,89,0,44,128,32,0,240,1
3125,east-spring,2009,applied,0,0,0,1,87,0,0,0,2
3126,east-spring,2009,ballot,,,,,,,,,4
3127,east-spring,2009,odds,,,,1,0.816091954022989,,,,5
3128,east-spring,2009,taken,91,0,18,1,71,0,0,181,3
3129,east-spring,2009,vacancy,0,0,0,36,71,0,0,180,1
3130,east-spring,2010,applied,0,0,0,4,89,0,0,0,2
3131,east-spring,2010,ballot,,,,,,,,,4
3132,east-spring,2010,odds,,,,1,0.910112359550562,,,,5
3133,east-spring,2010,taken,79,0,16,4,81,0,0,180,3
3134,east-spring,2010,vacancy,0,0,0,43,81,0,0,180,1
3135,east-spring,2011,applied,0,0,0,5,93,0,0,0,2
3136,east-spring,2011,ballot,,,,,,,,,4
3137,east-spring,2011,odds,,,,1,0.967741935483871,,,,5
3138,east-spring,2011,taken,76,0,10,5,90,0,0,181,3
3139,east-spring,2011,vacancy,0,0,0,47,90,0,0,180,1
3140,east-spring,2012,applied,0,0,0,4,86,0,0,0,2
3141,east-spring,2012,ballot,,,,,,,,,4
3142,east-spring,2012,odds,,,,1,0.918604651162791,,,,5
3143,east-spring,2012,taken,84,0,13,4,79,0,0,180,3
3144,east-spring,2012,vacancy,0,0,0,42,79,0,0,180,1
3145,east-spring,2013,applied,0,0,0,3,94,6,0,0,2
3146,east-spring,2013,ballot,,,,,,,,,4
3147,east-spring,2013,odds,,,,1,1,0.666666666666667,,,5
3148,east-spring,2013,taken,74,0,4,3,95,4,0,180,3
3149,east-spring,2013,vacancy,0,0,0,51,99,4,0,180,1
3150,east-spring,2014,applied,0,0,0,3,88,6,0,0,2
3151,east-spring,2014,ballot,,,,,,,,,4
3152,east-spring,2014,odds,,,,1,1,1,1,,5
3153,east-spring,2014,taken,66,0,11,3,88,6,0,174,3
3154,east-spring,2014,vacancy,0,0,0,52,100,12,6,180,1
3155,east-spring,2015,applied,0,0,0,1,84,8,0,0,2
3156,east-spring,2015,ballot,,,,,,,,,4
3157,east-spring,2015,odds,,,,1,1,1,1,,5
3158,east-spring,2015,taken,67,0,8,1,83,8,0,167,3
3159,east-spring,2015,vacancy,0,0,0,53,104,21,13,180,1
3160,east-spring,2016,applied,0,0,0,1,66,3,0,0,2
3161,east-spring,2016,ballot,,,,,,,,,4
3162,east-spring,2016,odds,,,,1,1,1,1,,5
3163,east-spring,2016,taken,59,0,6,0,66,3,0,134,3
3164,east-spring,2016,vacancy,0,0,0,58,115,49,46,180,1
3165,east-spring,2017,applied,0,0,0,0,65,13,0,0,2
3166,east-spring,2017,ballot,,,,,,,,,4
3167,east-spring,2017,odds,,,,1,1,1,1,,5
3168,east-spring,2017,taken,63,0,8,0,65,13,0,149,3
3169,east-spring,2017,vacancy,0,0,0,55,109,44,31,180,1
3170,east-spring,2018,applied,0,0,0,2,69,23,0,0,2
3171,east-spring,2018,ballot,,,,,,,,,4
3172,east-spring,2018,odds,,,,1,1,1,1,,5
3173,east-spring,2018,taken,68,0,7,2,68,23,0,168,3
3174,east-spring,2018,vacancy,0,0,0,53,103,35,12,180,1
3175,east-spring,2019,applied,53,0,11,2,53,11,0,0,2
3176,east-spring,2019,ballot,,,,,,,,,4
3177,east-spring,2019,odds,,,,,,,,,5
3178,east-spring,2019,taken,53,0,11,2,53,11,0,130,3
3179,east-spring,2019,vacancy,110,58,58,44,85,32,21,150,1
3180,east-spring,2020,applied,54,0,9,1,67,23,0,0,2
3181,east-spring,2020,ballot,,,,,,,,,4
3182,east-spring,2020,odds,,,,,,,,,5
3183,east-spring,2020,taken,54,0,9,1,67,23,0,154,3
3184,east-spring,2020,vacancy,140,86,86,59,116,50,27,180,1
3185,east-spring,2021,applied,67,0,0,0,70,34,0,0,2
3186,east-spring,2021,ballot,,,,,,,,,4
3187,east-spring,2021,odds,,,,,,,,,5
3188,east-spring,2021,taken,67,0,0,0,70,34,0,171,3
3189,east-spring,2021,vacancy,170,103,103,72,143,73,39,210,1
3190,east-spring,2022,applied,66,11,0,0,58,26,0,0,2
3191,east-spring,2022,ballot,,,,,,,,,4
3192,east-spring,2022,odds,,,,,,,,,5
3193,east-spring,2022,taken,66,11,0,0,58,26,0,161,3
3194,east-spring,2022,vacancy,130,64,0,38,113,55,29,190,1
3195,east-spring,2023,applied,49,11,0,0,64,38,0,0,2
3196,east-spring,2023,ballot,,,,,,,,,4
3197,east-spring,2023,odds,,,,,,,,,5
3198,east-spring,2023,taken,49,11,0,0,64,38,0,162,3
3199,east-spring,2023,vacancy,130,81,0,43,130,66,28,190,1
3200,edgefield,2009,applied,0,0,0,2,133,16,0,0,2
3201,edgefield,2009,ballot,,,,,,,,,4
3202,edgefield,2009,odds,,,,1,1,0.375,,,5
3203,edgefield,2009,taken,99,0,1,2,132,6,0,240,3
3204,edgefield,2009,vacancy,0,0,0,70,138,6,0,240,1
3205,edgefield,2010,applied,0,0,0,4,157,5,0,0,2
3206,edgefield,2010,ballot,,,,,,,,,4
3207,edgefield,2010,odds,,,,1,1,0.2,,,5
3208,edgefield,2010,taken,72,0,6,4,157,1,0,240,3
3209,edgefield,2010,vacancy,0,0,0,81,158,1,0,240,1
3210,edgefield,2011,applied,0,0,0,10,152,0,0,0,2
3211,edgefield,2011,ballot,,,,,,,,,4
3212,edgefield,2011,odds,,,,1,0.789473684210526,,,,5
3213,edgefield,2011,taken,133,0,9,10,120,0,0,272,3
3214,edgefield,2011,vacancy,0,0,0,64,120,0,0,270,1
3215,edgefield,2012,applied,0,0,0,7,144,0,0,0,2
3216,edgefield,2012,ballot,,,,,,,,,4
3217,edgefield,2012,odds,,,,1,0.993055555555556,,,,5
3218,edgefield,2012,taken,113,0,7,7,143,0,0,270,3
3219,edgefield,2012,vacancy,0,0,0,75,143,0,0,270,1
3220,edgefield,2013,applied,0,0,0,16,119,26,0,0,2
3221,edgefield,2013,ballot,,,,,,,,,4
3222,edgefield,2013,odds,,,,1,1,0.576923076923077,,,5
3223,edgefield,2013,taken,111,0,11,16,119,15,0,272,3
3224,edgefield,2013,vacancy,0,0,0,74,132,15,0,270,1
3225,edgefield,2014,applied,0,0,0,2,152,0,0,0,2
3226,edgefield,2014,ballot,,,,,,,,,4
3227,edgefield,2014,odds,,,,1,0.815789473684211,,,,5
3228,edgefield,2014,taken,102,0,12,2,124,0,0,240,3
3229,edgefield,2014,vacancy,0,0,0,63,124,0,0,240,1
3230,edgefield,2015,applied,0,0,0,0,128,0,0,0,2
3231,edgefield,2015,ballot,,,,,,,,,4
3232,edgefield,2015,odds,,,,1,1,,,,5
3233,edgefield,2015,taken,100,0,13,0,128,0,0,241,3
3234,edgefield,2015,vacancy,0,0,0,64,128,0,0,240,1
3235,edgefield,2016,applied,0,0,0,1,110,23,0,0,2
3236,edgefield,2016,ballot,,,,,,,,,4
3237,edgefield,2016,odds,,,,1,1,0.956521739130435,,,5
3238,edgefield,2016,taken,99,0,9,1,109,22,0,240,3
3239,edgefield,2016,vacancy,0,0,0,66,131,22,0,240,1
3240,edgefield,2017,applied,0,0,0,1,90,46,0,0,2
3241,edgefield,2017,ballot,,,,,,,,,4
3242,edgefield,2017,odds,,,,1,1,1,1,,5
3243,edgefield,2017,taken,89,0,12,0,90,46,0,237,3
3244,edgefield,2017,vacancy,0,0,0,85,172,82,36,270,1
3245,edgefield,2018,applied,0,0,0,0,72,92,0,0,2
3246,edgefield,2018,ballot,,,,,,,,,4
3247,edgefield,2018,odds,,,,1,1,1,1,,5
3248,edgefield,2018,taken,98,0,10,0,72,92,0,272,3
3249,edgefield,2018,vacancy,0,0,0,86,174,102,10,280,1
3250,edgefield,2019,applied,95,0,9,0,69,31,0,0,2
3251,edgefield,2019,ballot,,,,,,,,,4
3252,edgefield,2019,odds,,,,,,,,,5
3253,edgefield,2019,taken,95,0,9,0,69,31,0,204,3
3254,edgefield,2019,vacancy,200,105,105,68,136,67,36,240,1
3255,edgefield,2020,applied,95,0,12,0,79,80,0,0,2
3256,edgefield,2020,ballot,,,,,,SC<1,,,4
3257,edgefield,2020,odds,,,,,,0.7,,,5
3258,edgefield,2020,taken,95,0,12,0,79,56,0,242,3
3259,edgefield,2020,vacancy,200,105,105,67,134,56,0,240,1
3260,edgefield,2021,applied,100,0,6,0,80,64,0,0,2
3261,edgefield,2021,ballot,,,,,,SC<1,,,4
3262,edgefield,2021,odds,,,,,,0.84375,,,5
3263,edgefield,2021,taken,100,0,6,0,80,54,0,240,3
3264,edgefield,2021,vacancy,200,100,100,67,134,54,0,240,1
3265,edgefield,2022,applied,87,15,0,0,85,65,0,0,2
3266,edgefield,2022,ballot,,,,,,SC<1,,,4
3267,edgefield,2022,odds,,,,,,0.830769230769231,,,5
3268,edgefield,2022,taken,87,15,0,0,85,54,0,241,3
3269,edgefield,2022,vacancy,180,93,0,46,139,54,0,240,1
3270,edgefield,2023,applied,71,7,0,0,46,24,0,0,2
3271,edgefield,2023,ballot,,,,,,,,,4
3272,edgefield,2023,odds,,,,,,,,,5
3273,edgefield,2023,taken,71,7,0,0,46,24,0,148,3
3274,edgefield,2023,vacancy,180,109,0,54,162,116,92,240,1
3275,elias-park,2009,applied,0,0,0,0,90,0,0,0,2
3276,elias-park,2009,ballot,,,,,,,,,4
3277,elias-park,2009,odds,,,,1,0.833333333333333,,,,5
3278,elias-park,2009,taken,88,0,17,0,75,0,0,180,3
3279,elias-park,2009,vacancy,0,0,0,38,75,0,0,180,1
3280,elias-park,2010,applied,0,0,0,0,90,11,0,0,2
3281,elias-park,2010,ballot,,,,,,,,,4
3282,elias-park,2010,odds,,,,1,1,1,1,,5
3283,elias-park,2010,taken,67,0,9,0,90,11,0,177,3
3284,elias-park,2010,vacancy,0,0,0,52,104,15,2,180,1
3285,elias-park,2011,applied,0,0,0,0,97,0,0,0,2
3286,elias-park,2011,ballot,,,,,,,,,4
3287,elias-park,2011,odds,,,,1,0.958762886597938,,,,5
3288,elias-park,2011,taken,77,0,10,0,93,0,0,180,3
3289,elias-park,2011,vacancy,0,0,0,47,93,0,0,180,1
3290,elias-park,2012,applied,0,0,0,2,81,2,0,0,2
3291,elias-park,2012,ballot,,,,,,,,,4
3292,elias-park,2012,odds,,,,1,1,1,1,,5
3293,elias-park,2012,taken,62,0,9,2,82,2,0,157,3
3294,elias-park,2012,vacancy,0,0,0,55,107,25,23,180,1
3295,elias-park,2013,applied,0,0,0,1,95,6,0,0,2
3296,elias-park,2013,ballot,,,,,,,,,4
3297,elias-park,2013,odds,,,,1,1,1,,,5
3298,elias-park,2013,taken,63,0,14,1,95,7,0,180,3
3299,elias-park,2013,vacancy,0,0,0,52,102,7,0,180,1
3300,elias-park,2014,applied,0,0,0,1,113,0,0,0,2
3301,elias-park,2014,ballot,,,,,,,,,4
3302,elias-park,2014,odds,,,,1,0.973451327433628,,,,5
3303,elias-park,2014,taken,60,0,9,1,110,0,0,180,3
3304,elias-park,2014,vacancy,0,0,0,56,110,0,0,180,1
3305,elias-park,2015,applied,0,0,0,0,97,1,0,0,2
3306,elias-park,2015,ballot,,,,,,,,,4
3307,elias-park,2015,odds,,,,1,1,1,,,5
3308,elias-park,2015,taken,70,0,13,0,97,1,0,181,3
3309,elias-park,2015,vacancy,0,0,0,49,98,1,0,180,1
3310,elias-park,2016,applied,0,0,0,0,93,10,0,0,2
3311,elias-park,2016,ballot,,,,,,,,,4
3312,elias-park,2016,odds,,,,1,1,1,1,,5
3313,elias-park,2016,taken,64,0,5,0,93,10,0,172,3
3314,elias-park,2016,vacancy,0,0,0,56,111,18,8,180,1
3315,elias-park,2017,applied,0,0,0,0,119,0,0,0,2
3316,elias-park,2017,ballot,,,,,,,,,4
3317,elias-park,2017,odds,,,,1,0.957983193277311,,,,5
3318,elias-park,2017,taken,62,0,4,0,114,0,0,180,3
3319,elias-park,2017,vacancy,0,0,0,57,114,0,0,180,1
3320,elias-park,2018,applied,0,0,0,0,112,0,0,0,2
3321,elias-park,2018,ballot,,,,,,,,,4
3322,elias-park,2018,odds,,,,1,0.830357142857143,,,,5
3323,elias-park,2018,taken,72,0,16,0,93,0,0,181,3
3324,elias-park,2018,vacancy,0,0,0,46,93,0,0,180,1
3325,elias-park,2019,applied,63,0,13,1,116,0,0,0,2
3326,elias-park,2019,ballot,,,,,PR<1,,,,4
3327,elias-park,2019,odds,,,,,0.905172413793103,,,,5
3328,elias-park,2019,taken,63,0,13,1,105,0,0,182,3
3329,elias-park,2019,vacancy,140,77,77,53,105,0,0,180,1
3330,elias-park,2020,applied,85,0,12,0,98,0,0,0,2
3331,elias-park,2020,ballot,,,,,SC<1,,,,4
3332,elias-park,2020,odds,,,,,0.857142857142857,,,,5
3333,elias-park,2020,taken,85,0,12,0,84,0,0,181,3
3334,elias-park,2020,vacancy,140,55,55,42,84,0,0,180,1
3335,elias-park,2021,applied,81,0,21,0,108,0,0,0,2
3336,elias-park,2021,ballot,,,,,SC<1,,,,4
3337,elias-park,2021,odds,,,,,0.824074074074074,,,,5
3338,elias-park,2021,taken,81,0,21,0,89,0,0,191,3
3339,elias-park,2021,vacancy,150,69,69,44,89,0,0,190,1
3340,elias-park,2022,applied,80,10,0,2,132,0,0,0,2
3341,elias-park,2022,ballot,,,,,SC<1,,,,4
3342,elias-park,2022,odds,,,,,0.674242424242424,,,,5
3343,elias-park,2022,taken,80,10,0,2,89,0,0,181,3
3344,elias-park,2022,vacancy,120,40,0,30,89,0,0,180,1
3345,elias-park,2023,applied,77,22,0,0,101,0,0,0,2
3346,elias-park,2023,ballot,,,,,SC<1,,,,4
3347,elias-park,2023,odds,,,,,0.603960396039604,,,,5
3348,elias-park,2023,taken,77,22,0,0,61,0,0,160,3
3349,elias-park,2023,vacancy,100,23,0,20,61,0,0,160,1
3350,endeavour,2009,applied,0,0,0,2,217,0,0,0,2
3351,endeavour,2009,ballot,,,,,,,,,4
3352,endeavour,2009,odds,,,,1,0.944700460829493,,,,5
3353,endeavour,2009,taken,63,0,0,2,205,0,0,270,3
3354,endeavour,2009,vacancy,0,0,0,104,205,0,0,270,1
3355,endeavour,2010,applied,0,0,0,12,185,0,0,0,2
3356,endeavour,2010,ballot,,,,,,,,,4
3357,endeavour,2010,odds,,,,1,0.8,,,,5
3358,endeavour,2010,taken,110,0,0,12,148,0,0,270,3
3359,endeavour,2010,vacancy,0,0,0,80,148,0,0,270,1
3360,endeavour,2011,applied,0,0,0,22,153,0,0,0,2
3361,endeavour,2011,ballot,,,,,,,,,4
3362,endeavour,2011,odds,,,,1,0.503267973856209,,,,5
3363,endeavour,2011,taken,110,0,1,22,77,0,0,210,3
3364,endeavour,2011,vacancy,0,0,0,50,77,0,0,210,1
3365,endeavour,2012,applied,0,0,0,22,129,0,0,0,2
3366,endeavour,2012,ballot,,,,,,,,,4
3367,endeavour,2012,odds,,,,1,0.496124031007752,,,,5
3368,endeavour,2012,taken,121,0,3,22,64,0,0,210,3
3369,endeavour,2012,vacancy,0,0,0,43,64,0,0,210,1
3370,endeavour,2013,applied,0,0,0,30,81,0,0,0,2
3371,endeavour,2013,ballot,,,,,,,,,4
3372,endeavour,2013,odds,,,,1,0.740740740740741,,,,5
3373,endeavour,2013,taken,115,0,5,30,60,0,0,210,3
3374,endeavour,2013,vacancy,0,0,0,45,60,0,0,210,1
3375,endeavour,2014,applied,0,0,0,32,93,0,0,0,2
3376,endeavour,2014,ballot,,,,,,,,,4
3377,endeavour,2014,odds,,,,1,0.956989247311828,,,,5
3378,endeavour,2014,taken,83,0,6,32,89,0,0,210,3
3379,endeavour,2014,vacancy,0,0,0,61,89,0,0,210,1
3380,endeavour,2015,applied,0,0,0,10,102,0,0,0,2
3381,endeavour,2015,ballot,,,,,,,,,4
3382,endeavour,2015,odds,,,,1,0.92156862745098,,,,5
3383,endeavour,2015,taken,99,0,7,10,94,0,0,210,3
3384,endeavour,2015,vacancy,0,0,0,52,94,0,0,210,1
3385,endeavour,2016,applied,0,0,0,9,93,15,0,0,2
3386,endeavour,2016,ballot,,,,,,,,,4
3387,endeavour,2016,odds,,,,1,1,1,1,,5
3388,endeavour,2016,taken,74,0,16,9,92,15,0,206,3
3389,endeavour,2016,vacancy,0,0,0,60,111,19,4,210,1
3390,endeavour,2017,applied,0,0,0,2,88,16,0,0,2
3391,endeavour,2017,ballot,,,,,,,,,4
3392,endeavour,2017,odds,,,,1,1,1,1,,5
3393,endeavour,2017,taken,88,0,5,1,88,16,0,198,3
3394,endeavour,2017,vacancy,0,0,0,59,116,28,12,210,1
3395,endeavour,2018,applied,0,0,0,11,102,37,0,0,2
3396,endeavour,2018,ballot,,,,,,,,,4
3397,endeavour,2018,odds,,,,1,1,1,,,5
3398,endeavour,2018,taken,80,0,10,11,102,37,0,240,3
3399,endeavour,2018,vacancy,0,0,0,75,139,37,0,240,1
3400,endeavour,2019,applied,72,0,6,1,91,25,0,0,2
3401,endeavour,2019,ballot,,,,,,,,,4
3402,endeavour,2019,odds,,,,,,,,,5
3403,endeavour,2019,taken,72,0,6,1,91,25,0,195,3
3404,endeavour,2019,vacancy,170,98,98,66,133,42,17,210,1
3405,endeavour,2020,applied,90,0,7,4,76,67,0,0,2
3406,endeavour,2020,ballot,,,,,,PR<1,,,4
3407,endeavour,2020,odds,,,,,,0.955223880597015,,,5
3408,endeavour,2020,taken,90,0,7,4,76,64,0,241,3
3409,endeavour,2020,vacancy,200,110,110,72,140,64,0,240,1
3410,endeavour,2021,applied,74,0,8,3,70,65,0,0,2
3411,endeavour,2021,ballot,,,,,,,,,4
3412,endeavour,2021,odds,,,,,,,,,5
3413,endeavour,2021,taken,74,0,8,3,70,65,0,220,3
3414,endeavour,2021,vacancy,200,126,126,80,156,86,21,240,1
3415,endeavour,2022,applied,77,7,0,3,58,72,0,0,2
3416,endeavour,2022,ballot,,,,,,,,,4
3417,endeavour,2022,odds,,,,,,,,,5
3418,endeavour,2022,taken,77,7,0,3,58,72,0,217,3
3419,endeavour,2022,vacancy,180,103,0,52,153,95,23,240,1
3420,endeavour,2023,applied,58,6,0,1,53,25,0,0,2
3421,endeavour,2023,ballot,,,,,,,,,4
3422,endeavour,2023,odds,,,,,,,,,5
3423,endeavour,2023,taken,58,6,0,1,53,25,0,143,3
3424,endeavour,2023,vacancy,180,122,0,59,175,122,97,240,1
3425,eunos,2009,applied,0,0,0,0,41,11,0,0,2
3426,eunos,2009,ballot,,,,,,,,,4
3427,eunos,2009,odds,,,,1,1,1,1,,5
3428,eunos,2009,taken,61,0,8,0,41,11,0,121,3
3429,eunos,2009,vacancy,0,0,0,56,112,71,59,180,1
3430,eunos,2010,applied,0,0,0,0,40,14,0,0,2
3431,eunos,2010,ballot,,,,,,,,,4
3432,eunos,2010,odds,,,,1,1,1,1,,5
3433,eunos,2010,taken,53,1,11,0,40,14,0,119,3
3434,eunos,2010,vacancy,0,0,0,58,115,76,53,180,1
3435,eunos,2011,applied,0,0,0,1,36,13,0,0,2
3436,eunos,2011,ballot,,,,,,,,,4
3437,eunos,2011,odds,,,,1,1,1,1,,5
3438,eunos,2011,taken,48,1,4,1,36,77,0,167,3
3439,eunos,2011,vacancy,0,0,0,79,157,121,44,210,1
3440,eunos,2012,applied,0,0,0,0,41,21,0,0,2
3441,eunos,2012,ballot,,,,,,,,,4
3442,eunos,2012,odds,,,,1,1,1,1,,5
3443,eunos,2012,taken,51,0,9,0,40,35,0,135,3
3444,eunos,2012,vacancy,0,0,0,60,120,81,46,180,1
3445,eunos,2013,applied,0,0,0,1,30,19,0,0,2
3446,eunos,2013,ballot,,,,,,,,,4
3447,eunos,2013,odds,,,,1,1,1,1,,5
3448,eunos,2013,taken,48,1,13,1,30,39,0,132,3
3449,eunos,2013,vacancy,0,0,0,59,117,88,49,180,1
3450,eunos,2014,applied,0,0,0,0,39,20,0,0,2
3451,eunos,2014,ballot,,,,,,,,,4
3452,eunos,2014,odds,,,,1,1,1,1,,5
3453,eunos,2014,taken,44,0,11,0,39,20,0,114,3
3454,eunos,2014,vacancy,0,0,0,63,125,86,66,180,1
3455,eunos,2015,applied,0,0,0,0,35,2,0,0,2
3456,eunos,2015,ballot,,,,,,,,,4
3457,eunos,2015,odds,,,,1,1,1,1,,5
3458,eunos,2015,taken,31,0,9,0,35,2,0,77,3
3459,eunos,2015,vacancy,0,0,0,70,140,105,103,180,1
3460,eunos,2016,applied,0,0,0,0,22,4,0,0,2
3461,eunos,2016,ballot,,,,,,,,,4
3462,eunos,2016,odds,,,,1,1,1,1,,5
3463,eunos,2016,taken,33,0,7,0,22,4,0,66,3
3464,eunos,2016,vacancy,0,0,0,55,110,88,84,150,1
3465,eunos,2017,applied,0,0,0,0,26,4,0,0,2
3466,eunos,2017,ballot,,,,,,,,,4
3467,eunos,2017,odds,,,,1,1,1,1,,5
3468,eunos,2017,taken,32,0,9,0,25,4,0,70,3
3469,eunos,2017,vacancy,0,0,0,55,109,84,80,150,1
3470,eunos,2018,applied,0,0,0,0,27,10,0,0,2
3471,eunos,2018,ballot,,,,,,,,,4
3472,eunos,2018,odds,,,,1,1,1,1,,5
3473,eunos,2018,taken,37,0,8,0,27,10,0,82,3
3474,eunos,2018,vacancy,0,0,0,53,105,78,68,150,1
3475,eunos,2019,applied,27,0,11,0,13,3,0,0,2
3476,eunos,2019,ballot,,,,,,,,,4
3477,eunos,2019,odds,,,,,,,,,5
3478,eunos,2019,taken,27,0,11,0,13,3,0,54,3
3479,eunos,2019,vacancy,50,23,23,26,52,39,36,90,1
3480,eunos,2020,applied,42,0,9,0,25,19,0,0,2
3481,eunos,2020,ballot,,,,,,,,,4
3482,eunos,2020,odds,,,,,,,,,5
3483,eunos,2020,taken,42,0,9,0,25,19,0,95,3
3484,eunos,2020,vacancy,110,68,68,50,99,74,55,150,1
3485,evergreen,2009,applied,0,0,0,46,154,0,0,0,2
3486,evergreen,2009,ballot,,,,,,,,,4
3487,evergreen,2009,odds,,,,1,0.551948051948052,,,,5
3488,evergreen,2009,taken,122,0,17,46,85,0,0,270,3
3489,evergreen,2009,vacancy,0,0,0,66,85,0,0,270,1
3490,evergreen,2010,applied,0,0,0,34,139,0,0,0,2
3491,evergreen,2010,ballot,,,,,,,,,4
3492,evergreen,2010,odds,,,,1,0.618705035971223,,,,5
3493,evergreen,2010,taken,104,0,16,34,86,0,0,240,3
3494,evergreen,2010,vacancy,0,0,0,60,86,0,0,240,1
3495,evergreen,2011,applied,0,0,0,24,160,0,0,0,2
3496,evergreen,2011,ballot,,,,,,,,,4
3497,evergreen,2011,odds,,,,1,0.53125,,,,5
3498,evergreen,2011,taken,117,0,14,24,85,0,0,240,3
3499,evergreen,2011,vacancy,0,0,0,55,85,0,0,240,1
3500,evergreen,2012,applied,0,0,0,17,79,0,0,0,2
3501,evergreen,2012,ballot,,,,,,,,,4
3502,evergreen,2012,odds,,,,1,0.962025316455696,,,,5
3503,evergreen,2012,taken,130,0,17,17,76,0,0,240,3
3504,evergreen,2012,vacancy,0,0,0,47,76,0,0,240,1
3505,evergreen,2013,applied,0,0,0,10,127,0,0,0,2
3506,evergreen,2013,ballot,,,,,,,,,4
3507,evergreen,2013,odds,,,,1,0.897637795275591,,,,5
3508,evergreen,2013,taken,99,0,17,10,114,0,0,240,3
3509,evergreen,2013,vacancy,0,0,0,62,114,0,0,240,1
3510,evergreen,2014,applied,0,0,0,12,129,0,0,0,2
3511,evergreen,2014,ballot,,,,,,,,,4
3512,evergreen,2014,odds,,,,1,0.868217054263566,,,,5
3513,evergreen,2014,taken,98,0,18,12,112,0,0,240,3
3514,evergreen,2014,vacancy,0,0,0,62,112,0,0,240,1
3515,evergreen,2015,applied,0,0,0,6,126,0,0,0,2
3516,evergreen,2015,ballot,,,,,,,,,4
3517,evergreen,2015,odds,,,,1,0.984126984126984,,,,5
3518,evergreen,2015,taken,102,0,8,6,124,0,0,240,3
3519,evergreen,2015,vacancy,0,0,0,65,124,0,0,240,1
3520,evergreen,2016,applied,0,0,0,2,113,2,0,0,2
3521,evergreen,2016,ballot,,,,,,,,,4
3522,evergreen,2016,odds,,,,1,1,0.5,,,5
3523,evergreen,2016,taken,86,0,8,2,113,1,0,210,3
3524,evergreen,2016,vacancy,0,0,0,58,114,1,0,210,1
3525,evergreen,2017,applied,0,0,0,3,109,0,0,0,2
3526,evergreen,2017,ballot,,,,,,,,,4
3527,evergreen,2017,odds,,,,1,1,,,,5
3528,evergreen,2017,taken,86,0,12,3,109,0,0,210,3
3529,evergreen,2017,vacancy,0,0,0,56,109,0,0,210,1
3530,evergreen,2018,applied,0,0,0,7,85,21,0,0,2
3531,evergreen,2018,ballot,,,,,,,,,4
3532,evergreen,2018,odds,,,,1,1,0.333333333333333,,,5
3533,evergreen,2018,taken,92,0,19,7,85,7,0,210,3
3534,evergreen,2018,vacancy,0,0,0,50,92,7,0,210,1
3535,evergreen,2019,applied,82,0,12,5,81,0,0,0,2
3536,evergreen,2019,ballot,,,,,,,,,4
3537,evergreen,2019,odds,,,,,,,,,5
3538,evergreen,2019,taken,82,0,12,5,81,0,0,180,3
3539,evergreen,2019,vacancy,140,58,58,43,81,0,0,180,1
3540,evergreen,2020,applied,96,0,18,3,91,19,0,0,2
3541,evergreen,2020,ballot,,,,,,SC<1,,,4
3542,evergreen,2020,odds,,,,,,0.263157894736842,,,5
3543,evergreen,2020,taken,96,0,18,3,91,5,0,213,3
3544,evergreen,2020,vacancy,170,74,75,49,95,5,0,210,1
3545,evergreen,2021,applied,84,0,15,0,72,37,0,0,2
3546,evergreen,2021,ballot,,,,,,,,,4
3547,evergreen,2021,odds,,,,,,,,,5
3548,evergreen,2021,taken,84,0,15,0,72,37,0,208,3
3549,evergreen,2021,vacancy,170,86,86,56,112,40,3,210,1
3550,evergreen,2022,applied,68,17,0,0,59,47,0,0,2
3551,evergreen,2022,ballot,,,,,,,,,4
3552,evergreen,2022,odds,,,,,,,,,5
3553,evergreen,2022,taken,68,17,0,0,59,47,0,191,3
3554,evergreen,2022,vacancy,150,82,0,42,125,66,19,210,1
3555,evergreen,2023,applied,68,18,0,0,66,22,0,0,2
3556,evergreen,2023,ballot,,,,,,,,,4
3557,evergreen,2023,odds,,,,,,,,,5
3558,evergreen,2023,taken,68,18,0,0,66,22,0,174,3
3559,evergreen,2023,vacancy,120,52,0,31,94,28,6,180,1
3560,fairfield-methodist,2009,applied,0,0,0,57,93,0,0,0,2
3561,fairfield-methodist,2009,ballot,,,,,,,,,4
3562,fairfield-methodist,2009,odds,,,,1,0.67741935483871,,,,5
3563,fairfield-methodist,2009,taken,96,14,42,57,63,0,0,272,3
3564,fairfield-methodist,2009,vacancy,0,0,0,59,63,0,0,270,1
3565,fairfield-methodist,2010,applied,0,0,0,80,65,0,0,0,2
3566,fairfield-methodist,2010,ballot,,,,,,,,,4
3567,fairfield-methodist,2010,odds,,,,0.6875,0.846153846153846,,,,5
3568,fairfield-methodist,2010,taken,97,19,43,56,55,0,0,270,3
3569,fairfield-methodist,2010,vacancy,0,0,0,55,55,0,0,270,1
3570,fairfield-methodist,2011,applied,0,0,0,66,56,0,0,0,2
3571,fairfield-methodist,2011,ballot,,,,,,,,,4
3572,fairfield-methodist,2011,odds,,,,0.727272727272727,0.875,,,,5
3573,fairfield-methodist,2011,taken,111,19,45,48,49,0,0,272,3
3574,fairfield-methodist,2011,vacancy,0,0,0,48,49,0,0,270,1
3575,fairfield-methodist,2012,applied,0,0,0,62,57,0,0,0,2
3576,fairfield-methodist,2012,ballot,,,,,,,,,4
3577,fairfield-methodist,2012,odds,,,,0.516129032258065,0.543859649122807,,,,5
3578,fairfield-methodist,2012,taken,131,27,49,32,31,0,0,270,3
3579,fairfield-methodist,2012,vacancy,0,0,0,32,31,0,0,270,1
3580,fairfield-methodist,2013,applied,0,0,0,50,66,0,0,0,2
3581,fairfield-methodist,2013,ballot,,,,,,,,,4
3582,fairfield-methodist,2013,odds,,,,0.38,0.287878787878788,,,,5
3583,fairfield-methodist,2013,taken,140,27,65,19,19,0,0,270,3
3584,fairfield-methodist,2013,vacancy,0,0,0,19,19,0,0,270,1
3585,fairfield-methodist,2014,applied,0,0,0,51,58,0,0,0,2
3586,fairfield-methodist,2014,ballot,,,,,,,,,4
3587,fairfield-methodist,2014,odds,,,,0.509803921568627,0.482758620689655,,,,5
3588,fairfield-methodist,2014,taken,126,34,58,24,28,0,0,270,3
3589,fairfield-methodist,2014,vacancy,0,0,0,26,28,0,0,270,1
3590,fairfield-methodist,2015,applied,0,0,0,48,47,0,0,0,2
3591,fairfield-methodist,2015,ballot,,,,,,,,,4
3592,fairfield-methodist,2015,odds,,,,0.645833333333333,0.659574468085106,,,,5
3593,fairfield-methodist,2015,taken,124,54,30,31,31,0,0,270,3
3594,fairfield-methodist,2015,vacancy,0,0,0,31,31,0,0,270,1
3595,fairfield-methodist,2016,applied,0,0,0,34,40,0,0,0,2
3596,fairfield-methodist,2016,ballot,,,,,,,,,4
3597,fairfield-methodist,2016,odds,,,,0.676470588235294,0.7,,,,5
3598,fairfield-methodist,2016,taken,122,73,29,18,28,0,0,270,3
3599,fairfield-methodist,2016,vacancy,0,0,0,23,28,0,0,270,1
3600,fairfield-methodist,2017,applied,0,0,0,26,47,0,0,0,2
3601,fairfield-methodist,2017,ballot,,,,,,,,,4
3602,fairfield-methodist,2017,odds,,,,1,0.723404255319149,,,,5
3603,fairfield-methodist,2017,taken,123,62,27,24,34,0,0,270,3
3604,fairfield-methodist,2017,vacancy,0,0,0,29,34,0,0,270,1
3605,fairfield-methodist,2018,applied,0,0,0,48,61,0,0,0,2
3606,fairfield-methodist,2018,ballot,,,,,,,,,4
3607,fairfield-methodist,2018,odds,,,,0.6875,0.573770491803279,,,,5
3608,fairfield-methodist,2018,taken,99,71,34,31,35,0,0,270,3
3609,fairfield-methodist,2018,vacancy,0,0,0,33,35,0,0,270,1
3610,fairfield-methodist,2019,applied,107,62,36,51,41,0,0,0,2
3611,fairfield-methodist,2019,ballot,,,,SC>2,SC<1,,,,4
3612,fairfield-methodist,2019,odds,,,,0.627450980392157,0.829268292682927,,,,5
3613,fairfield-methodist,2019,taken,107,62,36,32,34,0,0,271,3
3614,fairfield-methodist,2019,vacancy,230,123,61,32,34,0,0,270,1
3615,fairfield-methodist,2020,applied,113,83,27,51,64,0,0,0,2
3616,fairfield-methodist,2020,ballot,,,,SC1-2,SC<1,,,,4
3617,fairfield-methodist,2020,odds,,,,0.490196078431373,0.421875,,,,5
3618,fairfield-methodist,2020,taken,113,83,27,25,27,0,0,275,3
3619,fairfield-methodist,2020,vacancy,230,117,34,25,27,0,0,270,1
3620,fairfield-methodist,2021,applied,124,75,27,41,72,0,0,0,2
3621,fairfield-methodist,2021,ballot,,,,SC<1#,SC<1,,,,4
3622,fairfield-methodist,2021,odds,,,,0.560975609756098,0.333333333333333,,,,5
3623,fairfield-methodist,2021,taken,124,75,27,23,24,0,0,273,3
3624,fairfield-methodist,2021,vacancy,230,106,31,23,24,0,0,270,1
3625,fairfield-methodist,2022,applied,123,98,0,33,89,0,0,0,2
3626,fairfield-methodist,2022,ballot,,SC>2,,SC<2#,SC<1,,,,4
3627,fairfield-methodist,2022,odds,,0.897959183673469,,0.606060606060606,0.460674157303371,,,,5
3628,fairfield-methodist,2022,taken,123,88,0,20,41,0,0,272,3
3629,fairfield-methodist,2022,vacancy,210,88,0,20,41,0,0,270,1
3630,fairfield-methodist,2023,applied,116,103,0,52,66,0,0,0,2
3631,fairfield-methodist,2023,ballot,,SC>2,,SC<1,SC<1,,,,4
3632,fairfield-methodist,2023,odds,,0.912621359223301,,0.384615384615385,0.606060606060606,,,,5
3633,fairfield-methodist,2023,taken,116,94,0,20,40,0,0,270,3
3634,fairfield-methodist,2023,vacancy,210,94,0,20,40,0,0,270,1
3635,farrer-park,2009,applied,0,0,0,0,34,10,0,0,2
3636,farrer-park,2009,ballot,,,,,,,,,4
3637,farrer-park,2009,odds,,,,1,1,1,1,,5
3638,farrer-park,2009,taken,28,0,2,0,33,10,0,73,3
3639,farrer-park,2009,vacancy,0,0,0,75,151,118,107,180,1
3640,farrer-park,2010,applied,0,0,0,0,36,14,0,0,2
3641,farrer-park,2010,ballot,,,,,,,,,4
3642,farrer-park,2010,odds,,,,1,1,1,1,,5
3643,farrer-park,2010,taken,25,0,3,0,36,14,0,78,3
3644,farrer-park,2010,vacancy,0,0,0,76,152,117,33,180,1
3645,farrer-park,2011,applied,0,0,0,2,18,20,0,0,2
3646,farrer-park,2011,ballot,,,,,,,,,4
3647,farrer-park,2011,odds,,,,1,1,1,1,,5
3648,farrer-park,2011,taken,19,0,4,2,18,111,0,154,3
3649,farrer-park,2011,vacancy,0,0,0,79,156,138,27,180,1
3650,farrer-park,2012,applied,0,0,0,1,23,15,0,0,2
3651,farrer-park,2012,ballot,,,,,,,,,4
3652,farrer-park,2012,odds,,,,1,1,1,1,,5
3653,farrer-park,2012,taken,19,0,3,1,23,108,0,154,3
3654,farrer-park,2012,vacancy,0,0,0,79,157,135,27,180,1
3655,farrer-park,2013,applied,0,0,0,0,55,16,0,0,2
3656,farrer-park,2013,ballot,,,,,,,,,4
3657,farrer-park,2013,odds,,,,1,1,1,1,,5
3658,farrer-park,2013,taken,20,0,4,0,55,75,0,154,3
3659,farrer-park,2013,vacancy,0,0,0,78,156,101,26,180,1
3660,farrer-park,2014,applied,0,0,0,0,30,7,0,0,2
3661,farrer-park,2014,ballot,,,,,,,,,4
3662,farrer-park,2014,odds,,,,1,1,1,1,,5
3663,farrer-park,2014,taken,20,0,2,0,29,7,0,58,3
3664,farrer-park,2014,vacancy,0,0,0,79,158,129,122,180,1
3665,farrer-park,2015,applied,0,0,0,1,38,22,0,0,2
3666,farrer-park,2015,ballot,,,,,,,,,4
3667,farrer-park,2015,odds,,,,1,1,1,1,,5
3668,farrer-park,2015,taken,16,0,4,0,38,22,0,80,3
3669,farrer-park,2015,vacancy,0,0,0,65,131,93,71,150,1
3670,farrer-park,2016,applied,0,0,0,0,23,8,0,0,2
3671,farrer-park,2016,ballot,,,,,,,,,4
3672,farrer-park,2016,odds,,,,1,1,1,1,,5
3673,farrer-park,2016,taken,30,0,1,0,23,8,0,62,3
3674,farrer-park,2016,vacancy,0,0,0,45,89,66,58,120,1
3675,farrer-park,2017,applied,0,0,0,0,43,7,0,0,2
3676,farrer-park,2017,ballot,,,,,,,,,4
3677,farrer-park,2017,odds,,,,1,1,1,1,,5
3678,farrer-park,2017,taken,27,0,2,0,43,7,0,79,3
3679,farrer-park,2017,vacancy,0,0,0,61,122,79,72,150,1
3680,farrer-park,2018,applied,0,0,0,0,34,29,0,0,2
3681,farrer-park,2018,ballot,,,,,,,,,4
3682,farrer-park,2018,odds,,,,1,1,1,1,,5
3683,farrer-park,2018,taken,24,8,8,0,32,29,0,101,3
3684,farrer-park,2018,vacancy,0,0,0,70,140,108,79,180,1
3685,farrer-park,2019,applied,28,0,9,1,32,17,0,0,2
3686,farrer-park,2019,ballot,,,,,,,,,4
3687,farrer-park,2019,odds,,,,,,,,,5
3688,farrer-park,2019,taken,28,0,9,1,32,17,0,87,3
3689,farrer-park,2019,vacancy,110,82,82,57,113,81,64,150,1
3690,farrer-park,2020,applied,32,0,11,1,32,44,0,0,2
3691,farrer-park,2020,ballot,,,,,,,,,4
3692,farrer-park,2020,odds,,,,,,,,,5
3693,farrer-park,2020,taken,32,0,11,1,32,44,0,120,3
3694,farrer-park,2020,vacancy,140,108,108,69,136,104,60,180,1
3695,farrer-park,2021,applied,48,0,14,0,34,49,0,0,2
3696,farrer-park,2021,ballot,,,,,,,,,4
3697,farrer-park,2021,odds,,,,,,,,,5
3698,farrer-park,2021,taken,48,0,14,0,34,49,0,145,3
3699,farrer-park,2021,vacancy,180,132,132,79,159,126,77,220,1
3700,farrer-park,2022,applied,45,20,0,1,49,59,0,0,2
3701,farrer-park,2022,ballot,,,,,,,,,4
3702,farrer-park,2022,odds,,,,,,,,,5
3703,farrer-park,2022,taken,45,20,0,1,49,59,0,174,3
3704,farrer-park,2022,vacancy,130,86,0,42,125,76,17,190,1
3705,farrer-park,2023,applied,35,20,0,1,37,29,0,0,2
3706,farrer-park,2023,ballot,,,,,,,,,4
3707,farrer-park,2023,odds,,,,,,,,,5
3708,farrer-park,2023,taken,35,20,0,1,37,29,0,122,3
3709,farrer-park,2023,vacancy,160,125,0,55,164,127,98,220,1
3710,fengshan,2009,applied,0,0,0,0,109,52,0,0,2
3711,fengshan,2009,ballot,,,,,,,,,4
3712,fengshan,2009,odds,,,,1,1,0.692307692307692,,,5
3713,fengshan,2009,taken,73,2,21,0,109,36,0,241,3
3714,fengshan,2009,vacancy,0,0,0,72,145,36,0,240,1
3715,fengshan,2010,applied,0,0,0,3,91,0,0,0,2
3716,fengshan,2010,ballot,,,,,,,,,4
3717,fengshan,2010,odds,,,,1,0.934065934065934,,,,5
3718,fengshan,2010,taken,104,0,18,3,85,0,0,210,3
3719,fengshan,2010,vacancy,0,0,0,44,85,0,0,210,1
3720,fengshan,2011,applied,0,0,0,2,113,0,0,0,2
3721,fengshan,2011,ballot,,,,,,,,,4
3722,fengshan,2011,odds,,,,1,0.672566371681416,,,,5
3723,fengshan,2011,taken,103,0,29,2,76,0,0,210,3
3724,fengshan,2011,vacancy,0,0,0,39,76,0,0,210,1
3725,fengshan,2012,applied,0,0,0,3,104,0,0,0,2
3726,fengshan,2012,ballot,,,,,,,,,4
3727,fengshan,2012,odds,,,,1,0.932692307692308,,,,5
3728,fengshan,2012,taken,79,0,31,3,97,0,0,210,3
3729,fengshan,2012,vacancy,0,0,0,50,97,0,0,210,1
3730,fengshan,2013,applied,0,0,0,4,97,0,0,0,2
3731,fengshan,2013,ballot,,,,,,,,,4
3732,fengshan,2013,odds,,,,1,0.835051546391753,,,,5
3733,fengshan,2013,taken,92,0,33,4,81,0,0,210,3
3734,fengshan,2013,vacancy,0,0,0,43,81,0,0,210,1
3735,fengshan,2014,applied,0,0,0,1,115,0,0,0,2
3736,fengshan,2014,ballot,,,,,,,,,4
3737,fengshan,2014,odds,,,,1,0.765217391304348,,,,5
3738,fengshan,2014,taken,88,0,33,1,88,0,0,210,3
3739,fengshan,2014,vacancy,0,0,0,45,88,0,0,210,1
3740,fengshan,2015,applied,0,0,0,6,98,0,0,0,2
3741,fengshan,2015,ballot,,,,,,,,,4
3742,fengshan,2015,odds,,,,1,0.816326530612245,,,,5
3743,fengshan,2015,taken,99,0,27,4,80,0,0,210,3
3744,fengshan,2015,vacancy,0,0,0,42,80,0,0,210,1
3745,fengshan,2016,applied,0,0,0,6,103,0,0,0,2
3746,fengshan,2016,ballot,,,,,,,,,4
3747,fengshan,2016,odds,,,,1,1,,,,5
3748,fengshan,2016,taken,51,1,51,4,103,0,0,210,3
3749,fengshan,2016,vacancy,0,0,0,54,103,0,0,210,1
3750,fengshan,2017,applied,0,0,0,2,107,22,0,0,2
3751,fengshan,2017,ballot,,,,,,,,,4
3752,fengshan,2017,odds,,,,1,1,0.681818181818182,,,5
3753,fengshan,2017,taken,72,0,16,1,106,15,0,210,3
3754,fengshan,2017,vacancy,0,0,0,61,121,15,0,210,1
3755,fengshan,2018,applied,0,0,0,4,115,0,0,0,2
3756,fengshan,2018,ballot,,,,,,,,,4
3757,fengshan,2018,odds,,,,1,0.88695652173913,,,,5
3758,fengshan,2018,taken,70,1,33,4,102,0,0,210,3
3759,fengshan,2018,vacancy,0,0,0,53,102,0,0,210,1
3760,fengshan,2019,applied,70,0,20,0,99,0,0,0,2
3761,fengshan,2019,ballot,,,,,PR<1,,,,4
3762,fengshan,2019,odds,,,,,0.939393939393939,,,,5
3763,fengshan,2019,taken,70,0,20,0,93,0,0,183,3
3764,fengshan,2019,vacancy,140,70,71,46,93,0,0,180,1
3765,fengshan,2020,applied,89,1,28,0,110,0,0,0,2
3766,fengshan,2020,ballot,,,,,SC<1,,,,4
3767,fengshan,2020,odds,,,,,0.563636363636364,,,,5
3768,fengshan,2020,taken,89,1,28,0,62,0,0,180,3
3769,fengshan,2020,vacancy,140,51,50,31,62,0,0,180,1
3770,fengshan,2021,applied,70,0,29,1,91,0,0,0,2
3771,fengshan,2021,ballot,,,,,PR<1,,,,4
3772,fengshan,2021,odds,,,,,0.89010989010989,,,,5
3773,fengshan,2021,taken,70,0,29,1,81,0,0,181,3
3774,fengshan,2021,vacancy,140,70,70,41,81,0,0,180,1
3775,fengshan,2022,applied,84,22,0,1,95,0,0,0,2
3776,fengshan,2022,ballot,,,,,SC1-2,,,,4
3777,fengshan,2022,odds,,,,,0.768421052631579,,,,5
3778,fengshan,2022,taken,84,22,0,1,73,0,0,180,3
3779,fengshan,2022,vacancy,120,36,0,25,73,0,0,180,1
3780,fengshan,2023,applied,53,33,0,2,75,39,0,0,2
3781,fengshan,2023,ballot,,,,,,SC<1,,,4
3782,fengshan,2023,odds,,,,,,0.538461538461538,,,5
3783,fengshan,2023,taken,53,33,0,2,75,21,0,184,3
3784,fengshan,2023,vacancy,120,67,0,31,96,21,0,180,1
3785,fern-green,2017,applied,0,0,0,0,140,94,0,0,2
3786,fern-green,2017,ballot,,,,,,,,,4
3787,fern-green,2017,odds,,,,1,1,1,1,,5
3788,fern-green,2017,taken,0,0,0,0,140,94,0,234,3
3789,fern-green,2017,vacancy,0,0,0,120,240,100,6,240,1
3790,fern-green,2018,applied,0,0,0,3,216,71,0,0,2
3791,fern-green,2018,ballot,,,,,,,,,4
3792,fern-green,2018,odds,,,,1,1,0.845070422535211,,,5
3793,fern-green,2018,taken,21,0,0,3,216,60,0,300,3
3794,fern-green,2018,vacancy,0,0,0,140,276,60,0,300,1
3795,fern-green,2019,applied,61,0,44,2,157,14,0,0,2
3796,fern-green,2019,ballot,,,,,,SC<1,,,4
3797,fern-green,2019,odds,,,,,,0.5,,,5
3798,fern-green,2019,taken,61,0,44,2,157,7,0,271,3
3799,fern-green,2019,vacancy,230,169,169,83,164,7,0,270,1
3800,fern-green,2020,applied,105,1,72,7,126,0,0,0,2
3801,fern-green,2020,ballot,,,,,SC<1,,,,4
3802,fern-green,2020,odds,,,,,0.753968253968254,,,,5
3803,fern-green,2020,taken,105,1,72,7,95,0,0,280,3
3804,fern-green,2020,vacancy,240,135,134,51,95,0,0,280,1
3805,fern-green,2021,applied,119,1,65,2,101,0,0,0,2
3806,fern-green,2021,ballot,,,,,SC1-2,,,,4
3807,fern-green,2021,odds,,,,,0.920792079207921,,,,5
3808,fern-green,2021,taken,119,1,65,2,93,0,0,280,3
3809,fern-green,2021,vacancy,240,121,120,48,93,0,0,280,1
3810,fern-green,2022,applied,120,48,0,2,90,0,0,0,2
3811,fern-green,2022,ballot,,,,,SC<1,,,,4
3812,fern-green,2022,odds,,,,,0.811111111111111,,,,5
3813,fern-green,2022,taken,120,48,0,2,73,0,0,243,3
3814,fern-green,2022,vacancy,180,61,0,25,73,0,0,240,1
3815,fern-green,2023,applied,130,50,0,1,73,0,0,0,2
3816,fern-green,2023,ballot,,,,,SC<1,,,,4
3817,fern-green,2023,odds,,,,,0.835616438356164,,,,5
3818,fern-green,2023,taken,130,50,0,1,61,0,0,242,3
3819,fern-green,2023,vacancy,180,50,0,20,61,0,0,240,1
3820,fernvale,2009,applied,0,0,0,0,91,22,0,0,2
3821,fernvale,2009,ballot,,,,,,,,,4
3822,fernvale,2009,odds,,,,1,1,1,1,,5
3823,fernvale,2009,taken,68,0,2,0,91,22,0,183,3
3824,fernvale,2009,vacancy,0,0,0,85,171,81,55,240,1
3825,fernvale,2010,applied,0,0,0,0,92,22,0,0,2
3826,fernvale,2010,ballot,,,,,,,,,4
3827,fernvale,2010,odds,,,,1,1,1,1,,5
3828,fernvale,2010,taken,49,2,3,0,92,22,0,168,3
3829,fernvale,2010,vacancy,0,0,0,108,216,126,71,270,1
3830,fernvale,2011,applied,0,0,0,1,147,35,0,0,2
3831,fernvale,2011,ballot,,,,,,,,,4
3832,fernvale,2011,odds,,,,1,1,0.942857142857143,,,5
3833,fernvale,2011,taken,89,0,2,1,147,33,0,272,3
3834,fernvale,2011,vacancy,0,0,0,90,180,33,0,270,1
3835,fernvale,2012,applied,0,0,0,2,106,18,0,0,2
3836,fernvale,2012,ballot,,,,,,,,,4
3837,fernvale,2012,odds,,,,1,1,1,1,,5
3838,fernvale,2012,taken,84,0,1,2,105,28,0,220,3
3839,fernvale,2012,vacancy,0,0,0,78,153,49,21,240,1
3840,fernvale,2013,applied,0,0,0,1,52,21,0,0,2
3841,fernvale,2013,ballot,,,,,,,,,4
3842,fernvale,2013,odds,,,,1,1,1,1,,5
3843,fernvale,2013,taken,94,0,3,1,52,27,0,177,3
3844,fernvale,2013,vacancy,0,0,0,72,142,91,64,240,1
3845,fernvale,2014,applied,0,0,0,0,60,47,0,0,2
3846,fernvale,2014,ballot,,,,,,,,,4
3847,fernvale,2014,odds,,,,1,1,1,1,,5
3848,fernvale,2014,taken,85,1,1,0,58,47,0,192,3
3849,fernvale,2014,vacancy,0,0,0,77,153,95,48,240,1
3850,fernvale,2015,applied,0,0,0,0,73,98,0,0,2
3851,fernvale,2015,ballot,,,,,,,,,4
3852,fernvale,2015,odds,,,,1,1,0.897959183673469,,,5
3853,fernvale,2015,taken,77,1,1,0,73,88,0,240,3
3854,fernvale,2015,vacancy,0,0,0,81,161,88,0,240,1
3855,fernvale,2016,applied,0,0,0,1,88,97,0,0,2
3856,fernvale,2016,ballot,,,,,,,,,4
3857,fernvale,2016,odds,,,,1,1,0.762886597938144,,,5
3858,fernvale,2016,taken,76,0,3,0,88,74,0,241,3
3859,fernvale,2016,vacancy,0,0,0,81,162,74,0,240,1
3860,fernvale,2017,applied,0,0,0,0,95,45,0,0,2
3861,fernvale,2017,ballot,,,,,,,,,4
3862,fernvale,2017,odds,,,,1,1,1,1,,5
3863,fernvale,2017,taken,97,0,5,0,95,45,0,242,3
3864,fernvale,2017,vacancy,0,0,0,69,141,46,1,240,1
3865,fernvale,2018,applied,0,0,0,0,78,73,0,0,2
3866,fernvale,2018,ballot,,,,,,,,,4
3867,fernvale,2018,odds,,,,1,1,1,1,,5
3868,fernvale,2018,taken,92,1,4,0,78,73,0,248,3
3869,fernvale,2018,vacancy,0,0,0,87,173,95,22,270,1
3870,fernvale,2019,applied,96,0,10,1,79,61,0,0,2
3871,fernvale,2019,ballot,,,,,,SC1-2,,,4
3872,fernvale,2019,odds,,,,,,0.885245901639344,,,5
3873,fernvale,2019,taken,96,0,10,1,79,54,0,240,3
3874,fernvale,2019,vacancy,200,104,104,67,133,54,0,240,1
3875,fernvale,2020,applied,107,2,31,0,71,77,0,0,2
3876,fernvale,2020,ballot,,,,,,SC<1,,,4
3877,fernvale,2020,odds,,,,,,0.909090909090909,,,5
3878,fernvale,2020,taken,107,2,31,0,71,70,0,281,3
3879,fernvale,2020,vacancy,240,133,131,70,140,70,0,280,1
3880,fernvale,2021,applied,80,0,53,0,81,62,0,0,2
3881,fernvale,2021,ballot,,,,,,,,,4
3882,fernvale,2021,odds,,,,,,,,,5
3883,fernvale,2021,taken,80,0,53,0,81,62,0,276,3
3884,fernvale,2021,vacancy,240,160,160,74,148,69,7,280,1
3885,fernvale,2022,applied,92,35,0,1,78,77,0,0,2
3886,fernvale,2022,ballot,,,,,,SC<1,,,4
3887,fernvale,2022,odds,,,,,,0.454545454545455,,,5
3888,fernvale,2022,taken,92,35,0,1,78,35,0,241,3
3889,fernvale,2022,vacancy,180,88,0,38,113,35,0,240,1
3890,fernvale,2023,applied,77,35,0,0,80,56,0,0,2
3891,fernvale,2023,ballot,,,,,,SC<1,,,4
3892,fernvale,2023,odds,,,,,,0.875,,,5
3893,fernvale,2023,taken,77,35,0,0,80,49,0,241,3
3894,fernvale,2023,vacancy,180,103,0,43,129,49,0,240,1
3895,first-toa-payoh,2009,applied,0,0,0,0,26,9,0,0,2
3896,first-toa-payoh,2009,ballot,,,,,,,,,4
3897,first-toa-payoh,2009,odds,,,,1,1,1,1,,5
3898,first-toa-payoh,2009,taken,36,0,3,0,26,9,0,74,3
3899,first-toa-payoh,2009,vacancy,0,0,0,86,171,145,78,210,1
3900,first-toa-payoh,2010,applied,0,0,0,0,34,11,0,0,2
3901,first-toa-payoh,2010,ballot,,,,,,,,,4
3902,first-toa-payoh,2010,odds,,,,1,1,1,1,,5
3903,first-toa-payoh,2010,taken,31,3,7,0,34,11,0,86,3
3904,first-toa-payoh,2010,vacancy,0,0,0,85,169,135,43,210,1
3905,first-toa-payoh,2011,applied,0,0,0,0,19,28,0,0,2
3906,first-toa-payoh,2011,ballot,,,,,,,,,4
3907,first-toa-payoh,2011,odds,,,,1,1,1,1,,5
3908,first-toa-payoh,2011,taken,31,3,5,0,19,114,0,172,3
3909,first-toa-payoh,2011,vacancy,0,0,0,86,171,152,38,210,1
3910,first-toa-payoh,2012,applied,0,0,0,1,47,23,0,0,2
3911,first-toa-payoh,2012,ballot,,,,,,,,,4
3912,first-toa-payoh,2012,odds,,,,1,1,1,1,,5
3913,first-toa-payoh,2012,taken,44,1,3,1,47,63,0,159,3
3914,first-toa-payoh,2012,vacancy,0,0,0,81,161,114,51,210,1
3915,first-toa-payoh,2013,applied,0,0,0,0,45,17,0,0,2
3916,first-toa-payoh,2013,ballot,,,,,,,,,4
3917,first-toa-payoh,2013,odds,,,,1,1,1,1,,5
3918,first-toa-payoh,2013,taken,37,2,7,0,45,72,0,163,3
3919,first-toa-payoh,2013,vacancy,0,0,0,82,164,119,47,210,1
3920,first-toa-payoh,2014,applied,0,0,0,1,31,23,0,0,2
3921,first-toa-payoh,2014,ballot,,,,,,,,,4
3922,first-toa-payoh,2014,odds,,,,1,1,1,1,,5
3923,first-toa-payoh,2014,taken,41,0,6,1,31,23,0,102,3
3924,first-toa-payoh,2014,vacancy,0,0,0,97,192,161,138,240,1
3925,first-toa-payoh,2015,applied,0,0,0,0,20,10,0,0,2
3926,first-toa-payoh,2015,ballot,,,,,,,,,4
3927,first-toa-payoh,2015,odds,,,,1,1,1,1,,5
3928,first-toa-payoh,2015,taken,27,1,7,0,20,10,0,65,3
3929,first-toa-payoh,2015,vacancy,0,0,0,73,145,125,115,180,1
3930,first-toa-payoh,2016,applied,0,0,0,0,14,3,0,0,2
3931,first-toa-payoh,2016,ballot,,,,,,,,,4
3932,first-toa-payoh,2016,odds,,,,1,1,1,1,,5
3933,first-toa-payoh,2016,taken,35,0,0,0,14,3,0,52,3
3934,first-toa-payoh,2016,vacancy,0,0,0,73,146,132,129,180,1
3935,first-toa-payoh,2017,applied,0,0,0,0,18,9,0,0,2
3936,first-toa-payoh,2017,ballot,,,,,,,,,4
3937,first-toa-payoh,2017,odds,,,,1,1,1,1,,5
3938,first-toa-payoh,2017,taken,15,0,3,0,18,9,0,45,3
3939,first-toa-payoh,2017,vacancy,0,0,0,66,132,114,105,150,1
3940,first-toa-payoh,2018,applied,0,0,0,0,17,31,0,0,2
3941,first-toa-payoh,2018,ballot,,,,,,,,,4
3942,first-toa-payoh,2018,odds,,,,1,1,1,1,,5
3943,first-toa-payoh,2018,taken,18,0,5,0,17,31,0,71,3
3944,first-toa-payoh,2018,vacancy,0,0,0,64,127,110,79,150,1
3945,first-toa-payoh,2019,applied,17,0,2,0,16,11,0,0,2
3946,first-toa-payoh,2019,ballot,,,,,,,,,4
3947,first-toa-payoh,2019,odds,,,,,,,,,5
3948,first-toa-payoh,2019,taken,17,0,2,0,16,11,0,46,3
3949,first-toa-payoh,2019,vacancy,80,63,63,51,101,85,74,120,1
3950,first-toa-payoh,2020,applied,16,0,4,0,16,36,0,0,2
3951,first-toa-payoh,2020,ballot,,,,,,,,,4
3952,first-toa-payoh,2020,odds,,,,,,,,,5
3953,first-toa-payoh,2020,taken,16,0,4,0,16,36,0,72,3
3954,first-toa-payoh,2020,vacancy,140,124,124,80,160,144,108,180,1
3955,first-toa-payoh,2021,applied,18,0,10,0,19,46,0,0,2
3956,first-toa-payoh,2021,ballot,,,,,,,,,4
3957,first-toa-payoh,2021,odds,,,,,,,,,5
3958,first-toa-payoh,2021,taken,18,0,10,0,19,46,0,93,3
3959,first-toa-payoh,2021,vacancy,170,152,152,91,182,164,118,210,1
3960,first-toa-payoh,2022,applied,18,6,0,0,4,10,0,0,2
3961,first-toa-payoh,2022,ballot,,,,,,,,,4
3962,first-toa-payoh,2022,odds,,,,,,,,,5
3963,first-toa-payoh,2022,taken,18,6,0,0,4,10,0,38,3
3964,first-toa-payoh,2022,vacancy,90,72,0,42,127,123,113,150,1
3965,first-toa-payoh,2023,applied,19,13,0,0,9,14,0,0,2
3966,first-toa-payoh,2023,ballot,,,,,,,,,4
3967,first-toa-payoh,2023,odds,,,,,,,,,5
3968,first-toa-payoh,2023,taken,19,13,0,0,9,14,0,55,3
3969,first-toa-payoh,2023,vacancy,90,71,0,39,119,110,96,150,1
3970,frontier,2011,applied,0,0,0,5,278,0,0,0,2
3971,frontier,2011,ballot,,,,,,,,,4
3972,frontier,2011,odds,,,,1,0.845323741007194,,,,5
3973,frontier,2011,taken,0,0,0,5,235,0,0,240,3
3974,frontier,2011,vacancy,0,0,0,120,235,0,0,240,1
3975,frontier,2012,applied,0,0,0,5,258,0,0,0,2
3976,frontier,2012,ballot,,,,,,,,,4
3977,frontier,2012,odds,,,,1,0.829457364341085,,,,5
3978,frontier,2012,taken,20,0,1,5,214,0,0,240,3
3979,frontier,2012,vacancy,0,0,0,110,214,0,0,240,1
3980,frontier,2013,applied,0,0,0,41,178,0,0,0,2
3981,frontier,2013,ballot,,,,,,,,,4
3982,frontier,2013,odds,,,,1,0.786516853932584,,,,5
3983,frontier,2013,taken,57,1,1,41,140,0,0,240,3
3984,frontier,2013,vacancy,0,0,0,91,140,0,0,240,1
3985,frontier,2014,applied,0,0,0,32,175,0,0,0,2
3986,frontier,2014,ballot,,,,,,,,,4
3987,frontier,2014,odds,,,,1,0.708571428571429,,,,5
3988,frontier,2014,taken,83,0,1,32,124,0,0,240,3
3989,frontier,2014,vacancy,0,0,0,78,124,0,0,240,1
3990,frontier,2015,applied,0,0,0,26,131,0,0,0,2
3991,frontier,2015,ballot,,,,,,,,,4
3992,frontier,2015,odds,,,,1,0.938931297709924,,,,5
3993,frontier,2015,taken,87,0,4,26,123,0,0,240,3
3994,frontier,2015,vacancy,0,0,0,75,123,0,0,240,1
3995,frontier,2016,applied,0,0,0,18,132,0,0,0,2
3996,frontier,2016,ballot,,,,,,,,,4
3997,frontier,2016,odds,,,,1,0.984848484848485,,,,5
3998,frontier,2016,taken,92,0,0,18,130,0,0,240,3
3999,frontier,2016,vacancy,0,0,0,74,130,0,0,240,1
4000,frontier,2017,applied,0,0,0,26,93,0,0,0,2
4001,frontier,2017,ballot,,,,,,,,,4
4002,frontier,2017,odds,,,,1,0.881720430107527,,,,5
4003,frontier,2017,taken,103,0,1,24,82,0,0,210,3
4004,frontier,2017,vacancy,0,0,0,53,82,0,0,210,1
4005,frontier,2018,applied,0,0,0,26,47,0,0,0,2
4006,frontier,2018,ballot,,,,,,,,,4
4007,frontier,2018,odds,,,,0.961538461538462,0.531914893617021,,,,5
4008,frontier,2018,taken,135,1,55,24,25,0,0,240,3
4009,frontier,2018,vacancy,0,0,0,25,25,0,0,240,1
4010,frontier,2019,applied,79,0,64,11,63,0,0,0,2
4011,frontier,2019,ballot,,,,,SC1-2,,,,4
4012,frontier,2019,odds,,,,,0.936507936507937,,,,5
4013,frontier,2019,taken,79,0,64,11,59,0,0,213,3
4014,frontier,2019,vacancy,170,91,92,35,59,0,0,210,1
4015,frontier,2020,applied,99,0,71,17,71,0,0,0,2
4016,frontier,2020,ballot,,,,,SC<1,,,,4
4017,frontier,2020,odds,,,,,0.323943661971831,,,,5
4018,frontier,2020,taken,99,0,71,17,23,0,0,210,3
4019,frontier,2020,vacancy,170,71,71,20,23,0,0,210,1
4020,frontier,2021,applied,87,1,111,14,58,0,0,0,2
4021,frontier,2021,ballot,,,SC1-2,,SC<1,,,,4
4022,frontier,2021,odds,,,0.738738738738739,,0.5,,,,5
4023,frontier,2021,taken,87,1,82,14,29,0,0,213,3
4024,frontier,2021,vacancy,170,83,82,21,29,0,0,210,1
4025,frontier,2022,applied,80,92,0,14,85,0,0,0,2
4026,frontier,2022,ballot,,SC1-2,,,SC<1,,,,4
4027,frontier,2022,odds,,0.760869565217391,,,0.541176470588235,,,,5
4028,frontier,2022,taken,80,70,0,14,46,0,0,210,3
4029,frontier,2022,vacancy,150,70,0,20,46,0,0,210,1
4030,frontier,2023,applied,69,88,0,13,63,0,0,0,2
4031,frontier,2023,ballot,,PR<1,,,SC1-2,,,,4
4032,frontier,2023,odds,,0.920454545454545,,,0.761904761904762,,,,5
4033,frontier,2023,taken,69,81,0,13,48,0,0,211,3
4034,frontier,2023,vacancy,150,81,0,20,48,0,0,210,1
4035,fuchun,2009,applied,0,0,0,6,133,0,0,0,2
4036,fuchun,2009,ballot,,,,,,,,,4
4037,fuchun,2009,odds,,,,1,0.909774436090226,,,,5
4038,fuchun,2009,taken,131,0,12,6,121,0,0,270,3
4039,fuchun,2009,vacancy,0,0,0,64,121,0,0,270,1
4040,fuchun,2010,applied,0,0,0,2,131,0,0,0,2
4041,fuchun,2010,ballot,,,,,,,,,4
4042,fuchun,2010,odds,,,,1,0.847328244274809,,,,5
4043,fuchun,2010,taken,135,1,21,2,111,0,0,270,3
4044,fuchun,2010,vacancy,0,0,0,57,111,0,0,270,1
4045,fuchun,2011,applied,0,0,0,5,130,0,0,0,2
4046,fuchun,2011,ballot,,,,,,,,,4
4047,fuchun,2011,odds,,,,1,0.969230769230769,,,,5
4048,fuchun,2011,taken,121,1,17,5,126,0,0,270,3
4049,fuchun,2011,vacancy,0,0,0,66,126,0,0,270,1
4050,fuchun,2012,applied,0,0,0,0,124,0,0,0,2
4051,fuchun,2012,ballot,,,,,,,,,4
4052,fuchun,2012,odds,,,,1,0.887096774193548,,,,5
4053,fuchun,2012,taken,107,0,23,0,110,0,0,240,3
4054,fuchun,2012,vacancy,0,0,0,55,110,0,0,240,1
4055,fuchun,2013,applied,0,0,0,5,122,0,0,0,2
4056,fuchun,2013,ballot,,,,,,,,,4
4057,fuchun,2013,odds,,,,1,0.852459016393443,,,,5
4058,fuchun,2013,taken,112,0,19,5,104,0,0,240,3
4059,fuchun,2013,vacancy,0,0,0,55,104,0,0,240,1
4060,fuchun,2014,applied,0,0,0,1,97,10,0,0,2
4061,fuchun,2014,ballot,,,,,,,,,4
4062,fuchun,2014,odds,,,,1,1,1,1,,5
4063,fuchun,2014,taken,99,0,14,1,97,10,0,221,3
4064,fuchun,2014,vacancy,0,0,0,64,126,29,19,240,1
4065,fuchun,2015,applied,0,0,0,1,87,8,0,0,2
4066,fuchun,2015,ballot,,,,,,,,,4
4067,fuchun,2015,odds,,,,1,1,1,1,,5
4068,fuchun,2015,taken,75,0,19,1,87,8,0,190,3
4069,fuchun,2015,vacancy,0,0,0,58,115,28,20,210,1
4070,fuchun,2016,applied,0,0,0,2,93,0,0,0,2
4071,fuchun,2016,ballot,,,,,,,,,4
4072,fuchun,2016,odds,,,,1,0.806451612903226,,,,5
4073,fuchun,2016,taken,85,0,20,0,75,0,0,180,3
4074,fuchun,2016,vacancy,0,0,0,38,75,0,0,180,1
4075,fuchun,2017,applied,0,0,0,2,80,0,0,0,2
4076,fuchun,2017,ballot,,,,,,,,,4
4077,fuchun,2017,odds,,,,1,1,,,,5
4078,fuchun,2017,taken,82,0,16,2,80,0,0,180,3
4079,fuchun,2017,vacancy,0,0,0,41,80,0,0,180,1
4080,fuchun,2018,applied,0,0,0,4,72,4,0,0,2
4081,fuchun,2018,ballot,,,,,,,,,4
4082,fuchun,2018,odds,,,,1,1,1,1,,5
4083,fuchun,2018,taken,73,0,19,3,72,4,0,171,3
4084,fuchun,2018,vacancy,0,0,0,59,115,43,39,210,1
4085,fuchun,2019,applied,50,0,17,0,52,6,0,0,2
4086,fuchun,2019,ballot,,,,,,,,,4
4087,fuchun,2019,odds,,,,,,,,,5
4088,fuchun,2019,taken,50,0,17,0,52,6,0,125,3
4089,fuchun,2019,vacancy,170,120,120,72,144,92,86,210,1
4090,fuchun,2020,applied,83,0,22,0,55,8,0,0,2
4091,fuchun,2020,ballot,,,,,,,,,4
4092,fuchun,2020,odds,,,,,,,,,5
4093,fuchun,2020,taken,83,0,22,0,55,8,0,168,3
4094,fuchun,2020,vacancy,140,57,57,38,75,22,14,180,1
4095,fuchun,2021,applied,73,0,13,0,50,9,0,0,2
4096,fuchun,2021,ballot,,,,,,,,,4
4097,fuchun,2021,odds,,,,,,,,,5
4098,fuchun,2021,taken,73,0,13,0,50,9,0,145,3
4099,fuchun,2021,vacancy,170,97,97,62,124,74,65,210,1
4100,fuchun,2022,applied,51,12,0,1,52,16,0,0,2
4101,fuchun,2022,ballot,,,,,,,,,4
4102,fuchun,2022,odds,,,,,,,,,5
4103,fuchun,2022,taken,51,12,0,1,52,16,0,132,3
4104,fuchun,2022,vacancy,150,99,0,49,147,95,79,210,1
4105,fuchun,2023,applied,58,27,0,1,45,4,0,0,2
4106,fuchun,2023,ballot,,,,,,,,,4
4107,fuchun,2023,odds,,,,,,,,,5
4108,fuchun,2023,taken,58,27,0,1,45,4,0,135,3
4109,fuchun,2023,vacancy,120,62,0,32,95,50,46,180,1
4110,fuhua,2009,applied,0,0,0,1,82,50,0,0,2
4111,fuhua,2009,ballot,,,,,,,,,4
4112,fuhua,2009,odds,,,,1,1,1,1,,5
4113,fuhua,2009,taken,108,2,21,1,82,50,0,264,3
4114,fuhua,2009,vacancy,0,0,0,70,138,56,5,270,1
4115,fuhua,2010,applied,0,0,0,3,78,56,0,0,2
4116,fuhua,2010,ballot,,,,,,,,,4
4117,fuhua,2010,odds,,,,1,1,1,1,,5
4118,fuhua,2010,taken,98,0,14,3,78,56,0,249,3
4119,fuhua,2010,vacancy,0,0,0,78,155,77,12,270,1
4120,fuhua,2011,applied,0,0,0,0,67,41,0,0,2
4121,fuhua,2011,ballot,,,,,,,,,4
4122,fuhua,2011,odds,,,,1,1,1,1,,5
4123,fuhua,2011,taken,99,0,20,0,66,45,0,230,3
4124,fuhua,2011,vacancy,0,0,0,76,153,87,42,270,1
4125,fuhua,2012,applied,0,0,0,0,92,43,0,0,2
4126,fuhua,2012,ballot,,,,,,,,,4
4127,fuhua,2012,odds,,,,1,1,1,,,5
4128,fuhua,2012,taken,79,0,20,0,92,50,0,241,3
4129,fuhua,2012,vacancy,0,0,0,71,141,50,0,240,1
4130,fuhua,2013,applied,0,0,0,1,82,42,0,0,2
4131,fuhua,2013,ballot,,,,,,,,,4
4132,fuhua,2013,odds,,,,1,1,1,,,5
4133,fuhua,2013,taken,79,0,24,1,82,55,0,241,3
4134,fuhua,2013,vacancy,0,0,0,69,136,55,0,240,1
4135,fuhua,2014,applied,0,0,0,0,90,38,0,0,2
4136,fuhua,2014,ballot,,,,,,,,,4
4137,fuhua,2014,odds,,,,1,1,0.789473684210526,,,5
4138,fuhua,2014,taken,85,0,36,0,89,30,0,240,3
4139,fuhua,2014,vacancy,0,0,0,60,119,30,0,240,1
4140,fuhua,2015,applied,0,0,0,0,90,30,0,0,2
4141,fuhua,2015,ballot,,,,,,,,,4
4142,fuhua,2015,odds,,,,1,1,1,1,,5
4143,fuhua,2015,taken,83,0,18,0,90,30,0,221,3
4144,fuhua,2015,vacancy,0,0,0,70,139,49,19,240,1
4145,fuhua,2016,applied,0,0,0,0,70,35,0,0,2
4146,fuhua,2016,ballot,,,,,,,,,4
4147,fuhua,2016,odds,,,,1,1,1,1,,5
4148,fuhua,2016,taken,72,0,32,0,70,35,0,209,3
4149,fuhua,2016,vacancy,0,0,0,53,108,38,3,210,1
4150,fuhua,2017,applied,0,0,0,1,61,19,0,0,2
4151,fuhua,2017,ballot,,,,,,,,,4
4152,fuhua,2017,odds,,,,1,1,1,1,,5
4153,fuhua,2017,taken,68,0,27,0,61,19,0,175,3
4154,fuhua,2017,vacancy,0,0,0,43,85,24,5,180,1
4155,fuhua,2018,applied,0,0,0,1,89,60,0,0,2
4156,fuhua,2018,ballot,,,,,,,,,4
4157,fuhua,2018,odds,,,,1,1,0.866666666666667,,,5
4158,fuhua,2018,taken,75,0,25,0,89,52,0,241,3
4159,fuhua,2018,vacancy,0,0,0,70,141,52,0,240,1
4160,fuhua,2019,applied,82,0,24,1,53,59,0,0,2
4161,fuhua,2019,ballot,,,,,,PR<1,,,4
4162,fuhua,2019,odds,,,,,,0.864406779661017,,,5
4163,fuhua,2019,taken,82,0,24,1,53,51,0,211,3
4164,fuhua,2019,vacancy,170,88,88,52,104,51,0,210,1
4165,fuhua,2020,applied,76,0,23,0,96,39,0,0,2
4166,fuhua,2020,ballot,,,,,,SC1-2,,,4
4167,fuhua,2020,odds,,,,,,0.461538461538462,,,5
4168,fuhua,2020,taken,76,0,23,0,96,18,0,213,3
4169,fuhua,2020,vacancy,170,94,94,56,113,18,0,210,1
4170,fuhua,2021,applied,88,0,25,0,58,62,0,0,2
4171,fuhua,2021,ballot,,,,,,SC>2,,,4
4172,fuhua,2021,odds,,,,,,0.806451612903226,,,5
4173,fuhua,2021,taken,88,0,25,0,58,50,0,221,3
4174,fuhua,2021,vacancy,180,92,92,54,108,50,0,220,1
4175,fuhua,2022,applied,83,15,0,0,62,32,0,0,2
4176,fuhua,2022,ballot,,,,,,SC1-2,,,4
4177,fuhua,2022,odds,,,,,,0.65625,,,5
4178,fuhua,2022,taken,83,15,0,0,62,21,0,181,3
4179,fuhua,2022,vacancy,120,37,0,27,83,21,0,180,1
4180,fuhua,2023,applied,61,30,0,2,54,31,0,0,2
4181,fuhua,2023,ballot,,,,,,,,,4
4182,fuhua,2023,odds,,,,,,,,,5
4183,fuhua,2023,taken,61,30,0,2,54,31,0,178,3
4184,fuhua,2023,vacancy,160,99,0,43,128,74,43,220,1
4185,gan-eng-seng,2009,applied,0,0,0,0,113,58,0,0,2
4186,gan-eng-seng,2009,ballot,,,,,,,,,4
4187,gan-eng-seng,2009,odds,,,,1,1,0.689655172413793,,,5
4188,gan-eng-seng,2009,taken,75,0,14,0,113,40,0,242,3
4189,gan-eng-seng,2009,vacancy,0,0,0,76,153,40,0,240,1
4190,gan-eng-seng,2010,applied,0,0,0,0,110,53,0,0,2
4191,gan-eng-seng,2010,ballot,,,,,,,,,4
4192,gan-eng-seng,2010,odds,,,,1,1,0.886792452830189,,,5
4193,gan-eng-seng,2010,taken,74,1,10,0,110,47,0,242,3
4194,gan-eng-seng,2010,vacancy,0,0,0,78,155,47,0,240,1
4195,gan-eng-seng,2011,applied,0,0,0,2,100,48,0,0,2
4196,gan-eng-seng,2011,ballot,,,,,,,,,4
4197,gan-eng-seng,2011,odds,,,,1,1,0.833333333333333,,,5
4198,gan-eng-seng,2011,taken,91,0,9,2,100,40,0,242,3
4199,gan-eng-seng,2011,vacancy,0,0,0,70,140,40,0,240,1
4200,gan-eng-seng,2012,applied,0,0,0,1,144,0,0,0,2
4201,gan-eng-seng,2012,ballot,,,,,,,,,4
4202,gan-eng-seng,2012,odds,,,,1,0.875,,,,5
4203,gan-eng-seng,2012,taken,98,0,15,1,126,0,0,240,3
4204,gan-eng-seng,2012,vacancy,0,0,0,64,126,0,0,240,1
4205,gan-eng-seng,2013,applied,0,0,0,2,95,38,0,0,2
4206,gan-eng-seng,2013,ballot,,,,,,,,,4
4207,gan-eng-seng,2013,odds,,,,1,1,0.947368421052632,,,5
4208,gan-eng-seng,2013,taken,98,1,12,2,95,36,0,244,3
4209,gan-eng-seng,2013,vacancy,0,0,0,65,127,36,0,240,1
4210,gan-eng-seng,2014,applied,0,0,0,0,80,68,0,0,2
4211,gan-eng-seng,2014,ballot,,,,,,,,,4
4212,gan-eng-seng,2014,odds,,,,1,1,1,1,,5
4213,gan-eng-seng,2014,taken,79,0,6,0,78,68,0,231,3
4214,gan-eng-seng,2014,vacancy,0,0,0,78,156,77,9,240,1
4215,gan-eng-seng,2015,applied,0,0,0,0,74,37,0,0,2
4216,gan-eng-seng,2015,ballot,,,,,,,,,4
4217,gan-eng-seng,2015,odds,,,,1,1,1,1,,5
4218,gan-eng-seng,2015,taken,80,0,8,0,74,37,0,199,3
4219,gan-eng-seng,2015,vacancy,0,0,0,61,123,49,12,210,1
4220,gan-eng-seng,2016,applied,0,0,0,0,55,17,0,0,2
4221,gan-eng-seng,2016,ballot,,,,,,,,,4
4222,gan-eng-seng,2016,odds,,,,1,1,1,1,,5
4223,gan-eng-seng,2016,taken,71,0,7,0,54,17,0,149,3
4224,gan-eng-seng,2016,vacancy,0,0,0,66,133,79,62,210,1
4225,gan-eng-seng,2017,applied,0,0,0,1,39,20,0,0,2
4226,gan-eng-seng,2017,ballot,,,,,,,,,4
4227,gan-eng-seng,2017,odds,,,,1,1,1,1,,5
4228,gan-eng-seng,2017,taken,67,0,6,0,39,20,0,132,3
4229,gan-eng-seng,2017,vacancy,0,0,0,54,107,68,48,180,1
4230,gan-eng-seng,2018,applied,0,0,0,0,44,43,0,0,2
4231,gan-eng-seng,2018,ballot,,,,,,,,,4
4232,gan-eng-seng,2018,odds,,,,1,1,1,1,,5
4233,gan-eng-seng,2018,taken,73,0,7,0,44,43,0,167,3
4234,gan-eng-seng,2018,vacancy,0,0,0,50,100,56,13,180,1
4235,gan-eng-seng,2019,applied,43,0,5,0,36,33,0,0,2
4236,gan-eng-seng,2019,ballot,,,,,,,,,4
4237,gan-eng-seng,2019,odds,,,,,,,,,5
4238,gan-eng-seng,2019,taken,43,0,5,0,36,33,0,117,3
4239,gan-eng-seng,2019,vacancy,140,97,97,66,132,96,63,180,1
4240,gan-eng-seng,2020,applied,58,0,2,0,45,51,0,0,2
4241,gan-eng-seng,2020,ballot,,,,,,,,,4
4242,gan-eng-seng,2020,odds,,,,,,,,,5
4243,gan-eng-seng,2020,taken,58,0,2,0,45,51,0,156,3
4244,gan-eng-seng,2020,vacancy,170,112,112,75,152,107,56,210,1
4245,gan-eng-seng,2021,applied,40,0,4,0,29,18,0,0,2
4246,gan-eng-seng,2021,ballot,,,,,,,,,4
4247,gan-eng-seng,2021,odds,,,,,,,,,5
4248,gan-eng-seng,2021,taken,40,0,4,0,29,18,0,91,3
4249,gan-eng-seng,2021,vacancy,170,130,130,83,167,141,123,210,1
4250,gan-eng-seng,2022,applied,36,2,0,0,28,21,0,0,2
4251,gan-eng-seng,2022,ballot,,,,,,,,,4
4252,gan-eng-seng,2022,odds,,,,,,,,,5
4253,gan-eng-seng,2022,taken,36,2,0,0,28,21,0,87,3
4254,gan-eng-seng,2022,vacancy,90,54,0,37,112,84,63,150,1
4255,gan-eng-seng,2023,applied,31,4,0,0,27,21,0,0,2
4256,gan-eng-seng,2023,ballot,,,,,,,,,4
4257,gan-eng-seng,2023,odds,,,,,,,,,5
4258,gan-eng-seng,2023,taken,31,4,0,0,27,21,0,83,3
4259,gan-eng-seng,2023,vacancy,90,59,0,38,115,88,67,150,1
4260,geylang-methodist,2009,applied,0,0,0,17,155,0,0,0,2
4261,geylang-methodist,2009,ballot,,,,,,,,,4
4262,geylang-methodist,2009,odds,,,,1,0.858064516129032,,,,5
4263,geylang-methodist,2009,taken,100,0,23,17,133,0,0,273,3
4264,geylang-methodist,2009,vacancy,0,0,0,74,133,0,0,270,1
4265,geylang-methodist,2010,applied,0,0,0,6,175,0,0,0,2
4266,geylang-methodist,2010,ballot,,,,,,,,,4
4267,geylang-methodist,2010,odds,,,,1,0.828571428571429,,,,5
4268,geylang-methodist,2010,taken,98,1,20,6,145,0,0,270,3
4269,geylang-methodist,2010,vacancy,0,0,0,76,145,0,0,270,1
4270,geylang-methodist,2011,applied,0,0,0,8,132,0,0,0,2
4271,geylang-methodist,2011,ballot,,,,,,,,,4
4272,geylang-methodist,2011,odds,,,,1,0.946969696969697,,,,5
4273,geylang-methodist,2011,taken,111,1,26,8,125,0,0,271,3
4274,geylang-methodist,2011,vacancy,0,0,0,66,125,0,0,270,1
4275,geylang-methodist,2012,applied,0,0,0,7,146,0,0,0,2
4276,geylang-methodist,2012,ballot,,,,,,,,,4
4277,geylang-methodist,2012,odds,,,,1,0.945205479452055,,,,5
4278,geylang-methodist,2012,taken,102,0,23,7,138,0,0,270,3
4279,geylang-methodist,2012,vacancy,0,0,0,73,138,0,0,270,1
4280,geylang-methodist,2013,applied,0,0,0,18,137,0,0,0,2
4281,geylang-methodist,2013,ballot,,,,,,,,,4
4282,geylang-methodist,2013,odds,,,,1,0.912408759124088,,,,5
4283,geylang-methodist,2013,taken,108,1,18,18,125,0,0,270,3
4284,geylang-methodist,2013,vacancy,0,0,0,72,125,0,0,270,1
4285,geylang-methodist,2014,applied,0,0,0,11,163,0,0,0,2
4286,geylang-methodist,2014,ballot,,,,,,,,,4
4287,geylang-methodist,2014,odds,,,,1,0.914110429447853,,,,5
4288,geylang-methodist,2014,taken,81,2,27,11,149,0,0,270,3
4289,geylang-methodist,2014,vacancy,0,0,0,80,149,0,0,270,1
4290,geylang-methodist,2015,applied,0,0,0,9,142,0,0,0,2
4291,geylang-methodist,2015,ballot,,,,,,,,,4
4292,geylang-methodist,2015,odds,,,,1,0.957746478873239,,,,5
4293,geylang-methodist,2015,taken,99,1,27,7,136,0,0,270,3
4294,geylang-methodist,2015,vacancy,0,0,0,72,136,0,0,270,1
4295,geylang-methodist,2016,applied,0,0,0,7,125,18,0,0,2
4296,geylang-methodist,2016,ballot,,,,,,,,,4
4297,geylang-methodist,2016,odds,,,,1,1,1,1,,5
4298,geylang-methodist,2016,taken,89,1,21,5,124,18,0,258,3
4299,geylang-methodist,2016,vacancy,0,0,0,80,154,30,12,270,1
4300,geylang-methodist,2017,applied,0,0,0,10,140,14,0,0,2
4301,geylang-methodist,2017,ballot,,,,,,,,,4
4302,geylang-methodist,2017,odds,,,,1,1,0.857142857142857,,,5
4303,geylang-methodist,2017,taken,79,6,25,8,140,12,0,270,3
4304,geylang-methodist,2017,vacancy,0,0,0,80,152,12,0,270,1
4305,geylang-methodist,2018,applied,0,0,0,10,151,0,0,0,2
4306,geylang-methodist,2018,ballot,,,,,,,,,4
4307,geylang-methodist,2018,odds,,,,1,0.900662251655629,,,,5
4308,geylang-methodist,2018,taken,102,2,22,8,136,0,0,270,3
4309,geylang-methodist,2018,vacancy,0,0,0,72,136,0,0,270,1
4310,geylang-methodist,2019,applied,90,5,20,10,108,35,0,0,2
4311,geylang-methodist,2019,ballot,,,,,,,,,4
4312,geylang-methodist,2019,odds,,,,,,,,,5
4313,geylang-methodist,2019,taken,90,5,20,10,108,35,0,268,3
4314,geylang-methodist,2019,vacancy,230,140,136,78,150,42,7,270,1
4315,geylang-methodist,2020,applied,84,10,27,10,123,36,0,0,2
4316,geylang-methodist,2020,ballot,,,,,,SC<1,,,4
4317,geylang-methodist,2020,odds,,,,,,0.5,,,5
4318,geylang-methodist,2020,taken,84,10,27,10,123,18,0,272,3
4319,geylang-methodist,2020,vacancy,230,146,136,75,141,18,0,270,1
4320,geylang-methodist,2021,applied,87,10,22,10,141,0,0,0,2
4321,geylang-methodist,2021,ballot,,,,,,,,,4
4322,geylang-methodist,2021,odds,,,,,,,,,5
4323,geylang-methodist,2021,taken,87,10,22,10,141,0,0,270,3
4324,geylang-methodist,2021,vacancy,230,143,133,76,141,0,0,270,1
4325,geylang-methodist,2022,applied,103,34,0,4,131,0,0,0,2
4326,geylang-methodist,2022,ballot,,,,,PR>2,,,,4
4327,geylang-methodist,2022,odds,,,,,0.984732824427481,,,,5
4328,geylang-methodist,2022,taken,103,34,0,4,129,0,0,270,3
4329,geylang-methodist,2022,vacancy,210,107,0,44,129,0,0,270,1
4330,geylang-methodist,2023,applied,102,32,0,4,134,0,0,0,2
4331,geylang-methodist,2023,ballot,,,,,PR>2,,,,4
4332,geylang-methodist,2023,odds,,,,,0.985074626865672,,,,5
4333,geylang-methodist,2023,taken,102,32,0,4,132,0,0,270,3
4334,geylang-methodist,2023,vacancy,210,108,0,45,132,0,0,270,1
4335,gongshang,2009,applied,0,0,0,30,105,0,0,0,2
4336,gongshang,2009,ballot,,,,,,,,,4
4337,gongshang,2009,odds,,,,1,0.619047619047619,,,,5
4338,gongshang,2009,taken,122,4,21,30,65,0,0,242,3
4339,gongshang,2009,vacancy,0,0,0,47,65,0,0,240,1
4340,gongshang,2010,applied,0,0,0,39,82,0,0,0,2
4341,gongshang,2010,ballot,,,,,,,,,4
4342,gongshang,2010,odds,,,,1,0.51219512195122,,,,5
4343,gongshang,2010,taken,129,0,30,39,42,0,0,240,3
4344,gongshang,2010,vacancy,0,0,0,40,42,0,0,240,1
4345,gongshang,2011,applied,0,0,0,46,97,0,0,0,2
4346,gongshang,2011,ballot,,,,,,,,,4
4347,gongshang,2011,odds,,,,1,0.649484536082474,,,,5
4348,gongshang,2011,taken,99,0,32,46,63,0,0,240,3
4349,gongshang,2011,vacancy,0,0,0,55,63,0,0,240,1
4350,gongshang,2012,applied,0,0,0,34,81,0,0,0,2
4351,gongshang,2012,ballot,,,,,,,,,4
4352,gongshang,2012,odds,,,,1,0.950617283950617,,,,5
4353,gongshang,2012,taken,89,0,40,34,77,0,0,240,3
4354,gongshang,2012,vacancy,0,0,0,56,77,0,0,240,1
4355,gongshang,2013,applied,0,0,0,24,91,0,0,0,2
4356,gongshang,2013,ballot,,,,,,,,,4
4357,gongshang,2013,odds,,,,1,0.956043956043956,,,,5
4358,gongshang,2013,taken,92,0,37,24,87,0,0,240,3
4359,gongshang,2013,vacancy,0,0,0,56,87,0,0,240,1
4360,gongshang,2014,applied,0,0,0,28,84,0,0,0,2
4361,gongshang,2014,ballot,,,,,,,,,4
4362,gongshang,2014,odds,,,,1,0.821428571428571,,,,5
4363,gongshang,2014,taken,102,0,41,28,69,0,0,240,3
4364,gongshang,2014,vacancy,0,0,0,49,69,0,0,240,1
4365,gongshang,2015,applied,0,0,0,18,89,0,0,0,2
4366,gongshang,2015,ballot,,,,,,,,,4
4367,gongshang,2015,odds,,,,1,0.808988764044944,,,,5
4368,gongshang,2015,taken,98,9,43,18,72,0,0,240,3
4369,gongshang,2015,vacancy,0,0,0,45,72,0,0,240,1
4370,gongshang,2016,applied,0,0,0,18,75,0,0,0,2
4371,gongshang,2016,ballot,,,,,,,,,4
4372,gongshang,2016,odds,,,,1,0.786666666666667,,,,5
4373,gongshang,2016,taken,85,9,43,14,59,0,0,210,3
4374,gongshang,2016,vacancy,0,0,0,37,59,0,0,210,1
4375,gongshang,2017,applied,0,0,0,18,62,0,0,0,2
4376,gongshang,2017,ballot,,,,,,,,,4
4377,gongshang,2017,odds,,,,1,0.709677419354839,,,,5
4378,gongshang,2017,taken,102,20,30,14,44,0,0,210,3
4379,gongshang,2017,vacancy,0,0,0,29,44,0,0,210,1
4380,gongshang,2018,applied,0,0,0,16,58,0,0,0,2
4381,gongshang,2018,ballot,,,,,,,,,4
4382,gongshang,2018,odds,,,,1,0.448275862068966,,,,5
4383,gongshang,2018,taken,106,28,35,15,26,0,0,210,3
4384,gongshang,2018,vacancy,0,0,0,21,26,0,0,210,1
4385,gongshang,2019,applied,75,23,37,16,69,0,0,0,2
4386,gongshang,2019,ballot,,,,,SC<1,,,,4
4387,gongshang,2019,odds,,,,,0.942028985507246,,,,5
4388,gongshang,2019,taken,75,23,37,16,65,0,0,216,3
4389,gongshang,2019,vacancy,170,95,72,39,65,0,0,210,1
4390,gongshang,2020,applied,107,38,33,21,91,0,0,0,2
4391,gongshang,2020,ballot,,,SC>2,,SC<1,,,,4
4392,gongshang,2020,odds,,,0.757575757575758,,0.230769230769231,,,,5
4393,gongshang,2020,taken,107,38,25,21,21,0,0,212,3
4394,gongshang,2020,vacancy,170,63,25,21,21,0,0,210,1
4395,gongshang,2021,applied,108,37,61,19,85,0,0,0,2
4396,gongshang,2021,ballot,,,SC1-2,,SC<1,,,,4
4397,gongshang,2021,odds,,,0.409836065573771,,0.258823529411765,,,,5
4398,gongshang,2021,taken,108,37,25,19,22,0,0,211,3
4399,gongshang,2021,vacancy,170,62,25,21,22,0,0,210,1
4400,gongshang,2022,applied,91,116,0,15,107,0,0,0,2
4401,gongshang,2022,ballot,,SC1-2,,,SC<1,,,,4
4402,gongshang,2022,odds,,0.508620689655172,,,0.420560747663551,,,,5
4403,gongshang,2022,taken,91,59,0,15,45,0,0,210,3
4404,gongshang,2022,vacancy,150,59,0,20,45,0,0,210,1
4405,gongshang,2023,applied,114,163,0,16,107,0,0,0,2
4406,gongshang,2023,ballot,,SC<1,,,SC<1,,,,4
4407,gongshang,2023,odds,,0.282208588957055,,,0.411214953271028,,,,5
4408,gongshang,2023,taken,114,46,0,16,44,0,0,220,3
4409,gongshang,2023,vacancy,160,46,0,20,44,0,0,220,1
4410,greendale,2009,applied,0,0,0,0,99,86,0,0,2
4411,greendale,2009,ballot,,,,,,,,,4
4412,greendale,2009,odds,,,,1,1,1,1,,5
4413,greendale,2009,taken,57,0,1,0,99,86,0,243,3
4414,greendale,2009,vacancy,0,0,0,106,213,114,15,270,1
4415,greendale,2010,applied,0,0,0,0,75,49,0,0,2
4416,greendale,2010,ballot,,,,,,,,,4
4417,greendale,2010,odds,,,,1,1,1,1,,5
4418,greendale,2010,taken,63,0,0,0,75,49,0,187,3
4419,greendale,2010,vacancy,0,0,0,88,177,103,50,240,1
4420,greendale,2011,applied,0,0,0,0,70,39,0,0,2
4421,greendale,2011,ballot,,,,,,,,,4
4422,greendale,2011,odds,,,,1,1,1,1,,5
4423,greendale,2011,taken,97,0,0,0,69,50,0,216,3
4424,greendale,2011,vacancy,0,0,0,87,173,104,54,270,1
4425,greendale,2012,applied,0,0,0,1,61,39,0,0,2
4426,greendale,2012,ballot,,,,,,,,,4
4427,greendale,2012,odds,,,,1,1,1,1,,5
4428,greendale,2012,taken,109,0,1,1,61,40,0,212,3
4429,greendale,2012,vacancy,0,0,0,65,129,68,28,240,1
4430,greendale,2013,applied,0,0,0,1,65,40,0,0,2
4431,greendale,2013,ballot,,,,,,,,,4
4432,greendale,2013,odds,,,,1,1,1,,,5
4433,greendale,2013,taken,118,0,4,1,65,54,0,242,3
4434,greendale,2013,vacancy,0,0,0,59,117,54,0,240,1
4435,greendale,2014,applied,0,0,0,1,88,91,0,0,2
4436,greendale,2014,ballot,,,,,,,,,4
4437,greendale,2014,odds,,,,1,1,0.945054945054945,,,5
4438,greendale,2014,taken,90,0,5,1,88,86,0,270,3
4439,greendale,2014,vacancy,0,0,0,88,174,86,0,270,1
4440,greendale,2015,applied,0,0,0,1,118,25,0,0,2
4441,greendale,2015,ballot,,,,,,,,,4
4442,greendale,2015,odds,,,,1,1,0.76,,,5
4443,greendale,2015,taken,95,0,8,0,118,19,0,240,3
4444,greendale,2015,vacancy,0,0,0,69,137,19,0,240,1
4445,greendale,2016,applied,0,0,0,0,73,29,0,0,2
4446,greendale,2016,ballot,,,,,,,,,4
4447,greendale,2016,odds,,,,1,1,1,1,,5
4448,greendale,2016,taken,77,0,2,0,73,29,0,181,3
4449,greendale,2016,vacancy,0,0,0,81,161,88,59,240,1
4450,greendale,2017,applied,0,0,0,1,83,23,0,0,2
4451,greendale,2017,ballot,,,,,,,,,4
4452,greendale,2017,odds,,,,1,1,1,1,,5
4453,greendale,2017,taken,84,0,6,0,81,23,0,194,3
4454,greendale,2017,vacancy,0,0,0,75,150,69,46,240,1
4455,greendale,2018,applied,0,0,0,0,43,23,0,0,2
4456,greendale,2018,ballot,,,,,,,,,4
4457,greendale,2018,odds,,,,1,1,1,1,,5
4458,greendale,2018,taken,77,0,6,0,43,23,0,149,3
4459,greendale,2018,vacancy,0,0,0,119,237,194,171,320,1
4460,greendale,2019,applied,64,0,6,0,36,9,0,0,2
4461,greendale,2019,ballot,,,,,,,,,4
4462,greendale,2019,odds,,,,,,,,,5
4463,greendale,2019,taken,64,0,6,0,36,9,0,115,3
4464,greendale,2019,vacancy,240,176,177,106,211,176,167,280,1
4465,greendale,2020,applied,56,0,6,0,52,89,0,0,2
4466,greendale,2020,ballot,,,,,,,,,4
4467,greendale,2020,odds,,,,,,,,,5
4468,greendale,2020,taken,56,0,6,0,52,89,0,203,3
4469,greendale,2020,vacancy,240,185,185,110,219,170,81,280,1
4470,greendale,2021,applied,59,0,2,0,30,115,0,0,2
4471,greendale,2021,ballot,,,,,,,,,4
4472,greendale,2021,odds,,,,,,,,,5
4473,greendale,2021,taken,59,0,2,0,30,115,0,206,3
4474,greendale,2021,vacancy,240,181,181,110,219,189,74,280,1
4475,greendale,2022,applied,85,22,0,0,31,71,0,0,2
4476,greendale,2022,ballot,,,,,,,,,4
4477,greendale,2022,odds,,,,,,,,,5
4478,greendale,2022,taken,85,22,0,0,31,71,0,209,3
4479,greendale,2022,vacancy,180,95,0,44,133,102,31,240,1
4480,greendale,2023,applied,68,22,0,0,23,17,0,0,2
4481,greendale,2023,ballot,,,,,,,,,4
4482,greendale,2023,odds,,,,,,,,,5
4483,greendale,2023,taken,68,22,0,0,23,17,0,130,3
4484,greendale,2023,vacancy,220,152,0,63,190,167,150,280,1
4485,greenridge,2009,applied,0,0,0,2,128,0,0,0,2
4486,greenridge,2009,ballot,,,,,,,,,4
4487,greenridge,2009,odds,,,,1,0.953125,,,,5
4488,greenridge,2009,taken,137,0,11,2,122,0,0,272,3
4489,greenridge,2009,vacancy,0,0,0,61,122,0,0,270,1
4490,greenridge,2010,applied,0,0,0,1,159,0,0,0,2
4491,greenridge,2010,ballot,,,,,,,,,4
4492,greenridge,2010,odds,,,,1,0.811320754716981,,,,5
4493,greenridge,2010,taken,116,1,23,1,129,0,0,270,3
4494,greenridge,2010,vacancy,0,0,0,65,129,0,0,270,1
4495,greenridge,2011,applied,0,0,0,7,160,0,0,0,2
4496,greenridge,2011,ballot,,,,,,,,,4
4497,greenridge,2011,odds,,,,1,0.8,,,,5
4498,greenridge,2011,taken,126,0,11,7,128,0,0,272,3
4499,greenridge,2011,vacancy,0,0,0,67,128,0,0,270,1
4500,greenridge,2012,applied,0,0,0,18,125,0,0,0,2
4501,greenridge,2012,ballot,,,,,,,,,4
4502,greenridge,2012,odds,,,,1,0.824,,,,5
4503,greenridge,2012,taken,138,0,11,18,103,0,0,270,3
4504,greenridge,2012,vacancy,0,0,0,61,103,0,0,270,1
4505,greenridge,2013,applied,0,0,0,14,108,0,0,0,2
4506,greenridge,2013,ballot,,,,,,,,,4
4507,greenridge,2013,odds,,,,1,0.907407407407407,,,,5
4508,greenridge,2013,taken,113,0,15,14,98,0,0,240,3
4509,greenridge,2013,vacancy,0,0,0,56,98,0,0,240,1
4510,greenridge,2014,applied,0,0,0,8,115,0,0,0,2
4511,greenridge,2014,ballot,,,,,,,,,4
4512,greenridge,2014,odds,,,,1,0.904347826086957,,,,5
4513,greenridge,2014,taken,116,0,13,7,104,0,0,240,3
4514,greenridge,2014,vacancy,0,0,0,56,104,0,0,240,1
4515,greenridge,2015,applied,0,0,0,7,106,7,0,0,2
4516,greenridge,2015,ballot,,,,,,,,,4
4517,greenridge,2015,odds,,,,1,1,1,1,,5
4518,greenridge,2015,taken,94,0,12,5,106,7,0,224,3
4519,greenridge,2015,vacancy,0,0,0,67,129,23,16,240,1
4520,greenridge,2016,applied,0,0,0,2,105,12,0,0,2
4521,greenridge,2016,ballot,,,,,,,,,4
4522,greenridge,2016,odds,,,,1,1,1,1,,5
4523,greenridge,2016,taken,77,1,15,2,105,12,0,212,3
4524,greenridge,2016,vacancy,0,0,0,74,145,40,28,240,1
4525,greenridge,2017,applied,0,0,0,4,101,30,0,0,2
4526,greenridge,2017,ballot,,,,,,,,,4
4527,greenridge,2017,odds,,,,1,1,1,1,,5
4528,greenridge,2017,taken,87,0,7,3,101,30,0,228,3
4529,greenridge,2017,vacancy,0,0,0,73,143,42,12,240,1
4530,greenridge,2018,applied,0,0,0,3,89,24,0,0,2
4531,greenridge,2018,ballot,,,,,,,,,4
4532,greenridge,2018,odds,,,,1,1,1,1,,5
4533,greenridge,2018,taken,101,0,18,3,89,24,0,235,3
4534,greenridge,2018,vacancy,0,0,0,61,118,29,5,240,1
4535,greenridge,2019,applied,69,0,9,2,75,57,0,0,2
4536,greenridge,2019,ballot,,,,,,SC#,,,4
4537,greenridge,2019,odds,,,,,,0.982456140350877,,,5
4538,greenridge,2019,taken,69,0,9,2,75,56,0,211,3
4539,greenridge,2019,vacancy,170,101,101,66,131,56,0,210,1
4540,greenridge,2020,applied,96,0,18,0,61,43,0,0,2
4541,greenridge,2020,ballot,,,,,,,,,4
4542,greenridge,2020,odds,,,,,,,,,5
4543,greenridge,2020,taken,96,0,18,0,61,43,0,218,3
4544,greenridge,2020,vacancy,230,134,134,78,156,95,52,270,1
4545,greenridge,2021,applied,77,0,18,0,46,26,0,0,2
4546,greenridge,2021,ballot,,,,,,,,,4
4547,greenridge,2021,odds,,,,,,,,,5
4548,greenridge,2021,taken,77,0,18,0,46,26,0,167,3
4549,greenridge,2021,vacancy,200,123,123,73,145,99,73,240,1
4550,greenridge,2022,applied,81,12,0,0,35,26,0,0,2
4551,greenridge,2022,ballot,,,,,,,,,4
4552,greenridge,2022,odds,,,,,,,,,5
4553,greenridge,2022,taken,81,12,0,0,35,26,0,154,3
4554,greenridge,2022,vacancy,150,69,0,39,117,82,56,210,1
4555,greenridge,2023,applied,67,9,0,1,19,7,0,0,2
4556,greenridge,2023,ballot,,,,,,,,,4
4557,greenridge,2023,odds,,,,,,,,,5
4558,greenridge,2023,taken,67,9,0,1,19,7,0,103,3
4559,greenridge,2023,vacancy,120,53,0,35,103,84,77,180,1
4560,greenwood,2009,applied,0,0,0,1,132,0,0,0,2
4561,greenwood,2009,ballot,,,,,,,,,4
4562,greenwood,2009,odds,,,,1,0.954545454545455,,,,5
4563,greenwood,2009,taken,136,1,7,1,126,0,0,271,3
4564,greenwood,2009,vacancy,0,0,0,63,126,0,0,270,1
4565,greenwood,2010,applied,0,0,0,8,123,0,0,0,2
4566,greenwood,2010,ballot,,,,,,,,,4
4567,greenwood,2010,odds,,,,1,0.951219512195122,,,,5
4568,greenwood,2010,taken,137,0,8,8,117,0,0,270,3
4569,greenwood,2010,vacancy,0,0,0,63,117,0,0,270,1
4570,greenwood,2011,applied,0,0,0,6,99,0,0,0,2
4571,greenwood,2011,ballot,,,,,,,,,4
4572,greenwood,2011,odds,,,,1,0.777777777777778,,,,5
4573,greenwood,2011,taken,140,0,17,6,77,0,0,240,3
4574,greenwood,2011,vacancy,0,0,0,42,77,0,0,240,1
4575,greenwood,2012,applied,0,0,0,7,85,13,0,0,2
4576,greenwood,2012,ballot,,,,,,,,,4
4577,greenwood,2012,odds,,,,1,1,1,,,5
4578,greenwood,2012,taken,126,0,13,7,85,13,0,244,3
4579,greenwood,2012,vacancy,0,0,0,51,94,13,0,240,1
4580,greenwood,2013,applied,0,0,0,7,92,13,0,0,2
4581,greenwood,2013,ballot,,,,,,,,,4
4582,greenwood,2013,odds,,,,1,1,1,1,,5
4583,greenwood,2013,taken,93,0,12,7,91,24,0,227,3
4584,greenwood,2013,vacancy,0,0,0,68,128,38,14,240,1
4585,greenwood,2014,applied,0,0,0,6,107,15,0,0,2
4586,greenwood,2014,ballot,,,,,,,,,4
4587,greenwood,2014,odds,,,,1,1,1,,,5
4588,greenwood,2014,taken,102,0,13,6,104,15,0,240,3
4589,greenwood,2014,vacancy,0,0,0,63,119,15,0,240,1
4590,greenwood,2015,applied,0,0,0,4,87,14,0,0,2
4591,greenwood,2015,ballot,,,,,,,,,4
4592,greenwood,2015,odds,,,,1,1,1,1,,5
4593,greenwood,2015,taken,81,0,16,3,87,14,0,201,3
4594,greenwood,2015,vacancy,0,0,0,72,140,53,39,240,1
4595,greenwood,2016,applied,0,0,0,2,72,7,0,0,2
4596,greenwood,2016,ballot,,,,,,,,,4
4597,greenwood,2016,odds,,,,1,1,1,1,,5
4598,greenwood,2016,taken,73,0,6,1,72,7,0,159,3
4599,greenwood,2016,vacancy,0,0,0,66,130,58,51,210,1
4600,greenwood,2017,applied,0,0,0,2,94,29,0,0,2
4601,greenwood,2017,ballot,,,,,,,,,4
4602,greenwood,2017,odds,,,,1,1,1,1,,5
4603,greenwood,2017,taken,75,0,10,1,94,29,0,209,3
4604,greenwood,2017,vacancy,0,0,0,63,124,30,1,210,1
4605,greenwood,2018,applied,0,0,0,6,141,0,0,0,2
4606,greenwood,2018,ballot,,,,,,,,,4
4607,greenwood,2018,odds,,,,1,0.99290780141844,,,,5
4608,greenwood,2018,taken,85,0,9,6,140,0,0,240,3
4609,greenwood,2018,vacancy,0,0,0,73,140,0,0,240,1
4610,greenwood,2019,applied,82,0,7,4,116,11,0,0,2
4611,greenwood,2019,ballot,,,,,,SC<1,,,4
4612,greenwood,2019,odds,,,,,,0.0909090909090909,,,5
4613,greenwood,2019,taken,82,0,7,4,116,1,0,210,3
4614,greenwood,2019,vacancy,170,88,88,61,117,1,0,210,1
4615,greenwood,2020,applied,93,0,9,0,114,29,0,0,2
4616,greenwood,2020,ballot,,,,,,SC<1,,,4
4617,greenwood,2020,odds,,,,,,0.896551724137931,,,5
4618,greenwood,2020,taken,93,0,9,0,114,26,0,242,3
4619,greenwood,2020,vacancy,200,107,108,70,139,26,0,240,1
4620,greenwood,2021,applied,81,0,11,1,101,49,0,0,2
4621,greenwood,2021,ballot,,,,,,PR<1,,,4
4622,greenwood,2021,odds,,,,,,0.938775510204082,,,5
4623,greenwood,2021,taken,81,0,11,1,101,46,0,240,3
4624,greenwood,2021,vacancy,200,119,119,74,147,46,0,240,1
4625,greenwood,2022,applied,95,6,0,1,107,33,0,0,2
4626,greenwood,2022,ballot,,,,,,SC<1,,,4
4627,greenwood,2022,odds,,,,,,0.939393939393939,,,5
4628,greenwood,2022,taken,95,6,0,1,107,31,0,240,3
4629,greenwood,2022,vacancy,180,85,0,46,138,31,0,240,1
4630,greenwood,2023,applied,99,16,0,3,89,33,0,0,2
4631,greenwood,2023,ballot,,,,,,,,,4
4632,greenwood,2023,odds,,,,,,,,,5
4633,greenwood,2023,taken,99,16,0,3,89,33,0,240,3
4634,greenwood,2023,vacancy,180,82,0,42,123,34,1,240,1
4635,guangyang,2009,applied,0,0,0,0,9,13,0,0,2
4636,guangyang,2009,ballot,,,,,,,,,4
4637,guangyang,2009,odds,,,,1,1,1,1,,5
4638,guangyang,2009,taken,17,0,0,0,9,13,0,39,3
4639,guangyang,2009,vacancy,0,0,0,67,134,125,97,150,1
4640,guangyang,2010,applied,0,0,0,0,9,8,0,0,2
4641,guangyang,2010,ballot,,,,,,,,,4
4642,guangyang,2010,odds,,,,1,1,1,1,,5
4643,guangyang,2010,taken,21,0,0,0,9,8,0,38,3
4644,guangyang,2010,vacancy,0,0,0,65,129,120,21,150,1
4645,guangyang,2011,applied,0,0,0,0,22,58,0,0,2
4646,guangyang,2011,ballot,,,,,,,,,4
4647,guangyang,2011,odds,,,,1,1,1,1,,5
4648,guangyang,2011,taken,19,0,3,0,22,90,0,134,3
4649,guangyang,2011,vacancy,0,0,0,79,158,136,46,180,1
4650,guangyang,2012,applied,0,0,0,0,56,49,0,0,2
4651,guangyang,2012,ballot,,,,,,,,,4
4652,guangyang,2012,odds,,,,1,1,1,1,,5
4653,guangyang,2012,taken,26,0,1,0,56,60,0,143,3
4654,guangyang,2012,vacancy,0,0,0,77,153,97,37,180,1
4655,guangyang,2013,applied,0,0,0,0,47,35,0,0,2
4656,guangyang,2013,ballot,,,,,,,,,4
4657,guangyang,2013,odds,,,,1,1,1,1,,5
4658,guangyang,2013,taken,22,0,3,0,47,117,0,189,3
4659,guangyang,2013,vacancy,0,0,0,93,185,138,21,210,1
4660,guangyang,2014,applied,0,0,0,0,43,31,0,0,2
4661,guangyang,2014,ballot,,,,,,,,,4
4662,guangyang,2014,odds,,,,1,1,1,1,,5
4663,guangyang,2014,taken,47,0,4,0,41,31,0,123,3
4664,guangyang,2014,vacancy,0,0,0,80,160,118,87,210,1
4665,guangyang,2015,applied,0,0,0,0,29,24,0,0,2
4666,guangyang,2015,ballot,,,,,,,,,4
4667,guangyang,2015,odds,,,,1,1,1,1,,5
4668,guangyang,2015,taken,30,0,1,0,28,24,0,83,3
4669,guangyang,2015,vacancy,0,0,0,75,150,122,98,180,1
4670,guangyang,2016,applied,0,0,0,0,23,13,0,0,2
4671,guangyang,2016,ballot,,,,,,,,,4
4672,guangyang,2016,odds,,,,1,1,1,1,,5
4673,guangyang,2016,taken,30,0,3,0,23,13,0,69,3
4674,guangyang,2016,vacancy,0,0,0,59,119,96,83,150,1
4675,guangyang,2017,applied,0,0,0,0,20,15,0,0,2
4676,guangyang,2017,ballot,,,,,,,,,4
4677,guangyang,2017,odds,,,,1,1,1,1,,5
4678,guangyang,2017,taken,22,0,1,0,20,15,0,58,3
4679,guangyang,2017,vacancy,0,0,0,49,97,77,62,120,1
4680,guangyang,2018,applied,0,0,0,0,29,36,0,0,2
4681,guangyang,2018,ballot,,,,,,,,,4
4682,guangyang,2018,odds,,,,1,1,1,1,,5
4683,guangyang,2018,taken,24,0,1,0,29,36,0,90,3
4684,guangyang,2018,vacancy,0,0,0,63,125,96,60,150,1
4685,guangyang,2019,applied,24,1,3,0,15,13,0,0,2
4686,guangyang,2019,ballot,,,,,,,,,4
4687,guangyang,2019,odds,,,,,,,,,5
4688,guangyang,2019,taken,24,1,3,0,15,13,0,56,3
4689,guangyang,2019,vacancy,80,56,55,46,92,77,64,120,1
4690,guangyang,2020,applied,19,1,3,0,15,35,0,0,2
4691,guangyang,2020,ballot,,,,,,,,,4
4692,guangyang,2020,odds,,,,,,,,,5
4693,guangyang,2020,taken,19,1,3,0,15,35,0,73,3
4694,guangyang,2020,vacancy,110,91,90,64,127,112,77,150,1
4695,haig-girls,2009,applied,0,0,0,0,87,24,0,0,2
4696,haig-girls,2009,ballot,,,,,,,,,4
4697,haig-girls,2009,odds,,,,1,1,1,1,,5
4698,haig-girls,2009,taken,38,0,12,0,87,24,0,161,3
4699,haig-girls,2009,vacancy,0,0,0,65,131,44,20,180,1
4700,haig-girls,2010,applied,0,0,0,0,103,24,0,0,2
4701,haig-girls,2010,ballot,,,,,,,,,4
4702,haig-girls,2010,odds,,,,1,1,0.708333333333333,,,5
4703,haig-girls,2010,taken,41,0,19,0,103,17,0,180,3
4704,haig-girls,2010,vacancy,0,0,0,60,120,17,0,180,1
4705,haig-girls,2011,applied,0,0,0,1,101,23,0,0,2
4706,haig-girls,2011,ballot,,,,,,,,,4
4707,haig-girls,2011,odds,,,,1,1,0.782608695652174,,,5
4708,haig-girls,2011,taken,42,0,18,1,101,18,0,180,3
4709,haig-girls,2011,vacancy,0,0,0,60,119,18,0,180,1
4710,haig-girls,2012,applied,0,0,0,9,117,0,0,0,2
4711,haig-girls,2012,ballot,,,,,,,,,4
4712,haig-girls,2012,odds,,,,1,0.923076923076923,,,,5
4713,haig-girls,2012,taken,42,0,21,9,108,0,0,180,3
4714,haig-girls,2012,vacancy,0,0,0,59,108,0,0,180,1
4715,haig-girls,2013,applied,0,0,0,9,118,0,0,0,2
4716,haig-girls,2013,ballot,,,,,,,,,4
4717,haig-girls,2013,odds,,,,1,0.754237288135593,,,,5
4718,haig-girls,2013,taken,64,2,16,9,89,0,0,180,3
4719,haig-girls,2013,vacancy,0,0,0,49,89,0,0,180,1
4720,haig-girls,2014,applied,0,0,0,12,87,16,0,0,2
4721,haig-girls,2014,ballot,,,,,,,,,4
4722,haig-girls,2014,odds,,,,1,1,0.875,,,5
4723,haig-girls,2014,taken,51,1,18,12,84,14,0,180,3
4724,haig-girls,2014,vacancy,0,0,0,55,98,14,0,180,1
4725,haig-girls,2015,applied,0,0,0,13,90,13,0,0,2
4726,haig-girls,2015,ballot,,,,,,,,,4
4727,haig-girls,2015,odds,,,,1,1,1,,,5
4728,haig-girls,2015,taken,44,1,19,13,90,13,0,180,3
4729,haig-girls,2015,vacancy,0,0,0,58,103,13,0,180,1
4730,haig-girls,2016,applied,0,0,0,11,91,0,0,0,2
4731,haig-girls,2016,ballot,,,,,,,,,4
4732,haig-girls,2016,odds,,,,1,0.978021978021978,,,,5
4733,haig-girls,2016,taken,47,12,22,10,89,0,0,180,3
4734,haig-girls,2016,vacancy,0,0,0,50,89,0,0,180,1
4735,haig-girls,2017,applied,0,0,0,16,86,5,0,0,2
4736,haig-girls,2017,ballot,,,,,,,,,4
4737,haig-girls,2017,odds,,,,1,1,1,1,,5
4738,haig-girls,2017,taken,45,6,11,13,85,5,0,165,3
4739,haig-girls,2017,vacancy,0,0,0,59,105,20,15,180,1
4740,haig-girls,2018,applied,0,0,0,22,106,0,0,0,2
4741,haig-girls,2018,ballot,,,,,,,,,4
4742,haig-girls,2018,odds,,,,1,0.877358490566038,,,,5
4743,haig-girls,2018,taken,51,7,9,20,93,0,0,180,3
4744,haig-girls,2018,vacancy,0,0,0,57,93,0,0,180,1
4745,haig-girls,2019,applied,53,4,13,14,93,3,0,0,2
4746,haig-girls,2019,ballot,,,,,,,,,4
4747,haig-girls,2019,odds,,,,,,,,,5
4748,haig-girls,2019,taken,53,4,13,14,93,3,0,180,3
4749,haig-girls,2019,vacancy,140,87,83,55,96,3,0,180,1
4750,haig-girls,2020,applied,40,10,15,15,117,0,0,0,2
4751,haig-girls,2020,ballot,,,,,PR<1,,,,4
4752,haig-girls,2020,odds,,,,,0.871794871794872,,,,5
4753,haig-girls,2020,taken,40,10,15,15,102,0,0,182,3
4754,haig-girls,2020,vacancy,140,100,90,58,102,0,0,180,1
4755,haig-girls,2021,applied,45,14,21,0,119,0,0,0,2
4756,haig-girls,2021,ballot,,,,,PR1-2,,,,4
4757,haig-girls,2021,odds,,,,,0.966386554621849,,,,5
4758,haig-girls,2021,taken,45,14,21,0,115,0,0,195,3
4759,haig-girls,2021,vacancy,150,106,92,56,115,0,0,190,1
4760,haig-girls,2022,applied,37,25,0,1,117,28,0,0,2
4761,haig-girls,2022,ballot,,,,,,SC<1#,,,4
4762,haig-girls,2022,odds,,,,,,0.357142857142857,,,5
4763,haig-girls,2022,taken,37,25,0,1,117,10,0,190,3
4764,haig-girls,2022,vacancy,130,93,0,43,127,10,0,190,1
4765,haig-girls,2023,applied,51,24,0,18,108,0,0,0,2
4766,haig-girls,2023,ballot,,,,,PR<1,,,,4
4767,haig-girls,2023,odds,,,,,0.898148148148148,,,,5
4768,haig-girls,2023,taken,51,24,0,18,97,0,0,190,3
4769,haig-girls,2023,vacancy,130,79,0,38,97,0,0,190,1
4770,henry-park,2009,applied,0,0,0,26,66,0,0,0,2
4771,henry-park,2009,ballot,,,,,,,,,4
4772,henry-park,2009,odds,,,,1,0.681818181818182,,,,5
4773,henry-park,2009,taken,154,33,74,26,45,0,0,332,3
4774,henry-park,2009,vacancy,0,0,0,35,45,0,0,330,1
4775,henry-park,2010,applied,0,0,0,37,107,0,0,0,2
4776,henry-park,2010,ballot,,,,,,,,,4
4777,henry-park,2010,odds,,,,1,0.654205607476635,,,,5
4778,henry-park,2010,taken,135,34,54,37,70,0,0,330,3
4779,henry-park,2010,vacancy,0,0,0,52,70,0,0,330,1
4780,henry-park,2011,applied,0,0,0,30,68,0,0,0,2
4781,henry-park,2011,ballot,,,,,,,,,4
4782,henry-park,2011,odds,,,,0.966666666666667,0.441176470588235,,,,5
4783,henry-park,2011,taken,142,41,60,29,30,0,0,302,3
4784,henry-park,2011,vacancy,0,0,0,29,30,0,0,300,1
4785,henry-park,2012,applied,0,0,0,19,43,0,0,0,2
4786,henry-park,2012,ballot,,,,,,,,,4
4787,henry-park,2012,odds,,,,0.631578947368421,0.27906976744186,,,,5
4788,henry-park,2012,taken,150,51,75,12,12,0,0,300,3
4789,henry-park,2012,vacancy,0,0,0,12,12,0,0,300,1
4790,henry-park,2013,applied,0,0,0,9,25,0,0,0,2
4791,henry-park,2013,ballot,,,,,,,,,4
4792,henry-park,2013,odds,,,,0.555555555555556,0.2,,,,5
4793,henry-park,2013,taken,163,62,65,5,5,0,0,300,3
4794,henry-park,2013,vacancy,0,0,0,5,5,0,0,300,1
4795,henry-park,2014,applied,0,0,0,22,50,0,0,0,2
4796,henry-park,2014,ballot,,,,,,,,,4
4797,henry-park,2014,odds,,,,0.909090909090909,0.42,,,,5
4798,henry-park,2014,taken,145,69,46,19,21,0,0,300,3
4799,henry-park,2014,vacancy,0,0,0,20,21,0,0,300,1
4800,henry-park,2015,applied,0,0,0,21,41,0,0,0,2
4801,henry-park,2015,ballot,,,,,,,,,4
4802,henry-park,2015,odds,,,,1,0.585365853658537,,,,5
4803,henry-park,2015,taken,144,94,20,18,24,0,0,300,3
4804,henry-park,2015,vacancy,0,0,0,21,24,0,0,300,1
4805,henry-park,2016,applied,0,0,0,18,50,0,0,0,2
4806,henry-park,2016,ballot,,,,,,,,,4
4807,henry-park,2016,odds,,,,1,0.5,,,,5
4808,henry-park,2016,taken,158,82,18,17,25,0,0,300,3
4809,henry-park,2016,vacancy,0,0,0,21,25,0,0,300,1
4810,henry-park,2017,applied,0,0,0,22,60,0,0,0,2
4811,henry-park,2017,ballot,,,,,,,,,4
4812,henry-park,2017,odds,,,,1,0.8,,,,5
4813,henry-park,2017,taken,129,73,31,19,48,0,0,300,3
4814,henry-park,2017,vacancy,0,0,0,34,48,0,0,300,1
4815,henry-park,2018,applied,0,0,0,19,35,0,0,0,2
4816,henry-park,2018,ballot,,,,,,,,,4
4817,henry-park,2018,odds,,,,1,0.714285714285714,,,,5
4818,henry-park,2018,taken,159,101,0,16,25,0,0,301,3
4819,henry-park,2018,vacancy,0,0,0,21,25,0,0,300,1
4820,henry-park,2019,applied,130,84,23,26,53,0,0,0,2
4821,henry-park,2019,ballot,,,,,SC<1,,,,4
4822,henry-park,2019,odds,,,,,0.754716981132076,,,,5
4823,henry-park,2019,taken,130,84,23,26,40,0,0,303,3
4824,henry-park,2019,vacancy,260,130,46,32,40,0,0,300,1
4825,henry-park,2020,applied,155,81,37,23,56,0,0,0,2
4826,henry-park,2020,ballot,,,SC>2,SC>2,SC<1,,,,4
4827,henry-park,2020,odds,,,0.648648648648649,0.869565217391304,0.357142857142857,,,,5
4828,henry-park,2020,taken,155,81,24,20,20,0,0,300,3
4829,henry-park,2020,vacancy,260,105,24,20,20,0,0,300,1
4830,henry-park,2021,applied,136,92,25,26,80,0,0,0,2
4831,henry-park,2021,ballot,,,,SC#,SC<1,,,,4
4832,henry-park,2021,odds,,,,0.961538461538462,0.3,,,,5
4833,henry-park,2021,taken,136,92,25,25,24,0,0,302,3
4834,henry-park,2021,vacancy,260,124,32,25,24,0,0,300,1
4835,henry-park,2022,applied,131,139,0,29,82,0,0,0,2
4836,henry-park,2022,ballot,,SC>2,,SC<1,SC<1,,,,4
4837,henry-park,2022,odds,,0.784172661870504,,0.724137931034483,0.5,,,,5
4838,henry-park,2022,taken,131,109,0,21,41,0,0,302,3
4839,henry-park,2022,vacancy,240,109,0,21,41,0,0,300,1
4840,henry-park,2023,applied,131,109,0,23,64,0,0,0,2
4841,henry-park,2023,ballot,,,,SC<1,SC<1,,,,4
4842,henry-park,2023,odds,,,,0.869565217391304,0.6875,,,,5
4843,henry-park,2023,taken,131,109,0,20,44,0,0,304,3
4844,henry-park,2023,vacancy,240,109,0,20,44,0,0,300,1
4845,holy-innocents,2009,applied,0,0,0,62,79,0,0,0,2
4846,holy-innocents,2009,ballot,,,,,,,,,4
4847,holy-innocents,2009,odds,,,,1,0.89873417721519,,,,5
4848,holy-innocents,2009,taken,121,1,48,62,71,0,0,303,3
4849,holy-innocents,2009,vacancy,0,0,0,65,71,0,0,300,1
4850,holy-innocents,2010,applied,0,0,0,58,80,0,0,0,2
4851,holy-innocents,2010,ballot,,,,,,,,,4
4852,holy-innocents,2010,odds,,,,0.948275862068966,0.7,,,,5
4853,holy-innocents,2010,taken,121,5,62,56,56,0,0,300,3
4854,holy-innocents,2010,vacancy,0,0,0,55,56,0,0,300,1
4855,holy-innocents,2011,applied,0,0,0,63,70,0,0,0,2
4856,holy-innocents,2011,ballot,,,,,,,,,4
4857,holy-innocents,2011,odds,,,,0.904761904761905,0.8,,,,5
4858,holy-innocents,2011,taken,109,5,43,57,56,0,0,270,3
4859,holy-innocents,2011,vacancy,0,0,0,57,56,0,0,270,1
4860,holy-innocents,2012,applied,0,0,0,50,59,0,0,0,2
4861,holy-innocents,2012,ballot,,,,,,,,,4
4862,holy-innocents,2012,odds,,,,0.86,0.728813559322034,,,,5
4863,holy-innocents,2012,taken,116,6,62,43,43,0,0,270,3
4864,holy-innocents,2012,vacancy,0,0,0,43,43,0,0,270,1
4865,holy-innocents,2013,applied,0,0,0,47,64,0,0,0,2
4866,holy-innocents,2013,ballot,,,,,,,,,4
4867,holy-innocents,2013,odds,,,,0.851063829787234,0.609375,,,,5
4868,holy-innocents,2013,taken,126,6,59,40,39,0,0,270,3
4869,holy-innocents,2013,vacancy,0,0,0,40,39,0,0,270,1
4870,holy-innocents,2014,applied,0,0,0,48,62,0,0,0,2
4871,holy-innocents,2014,ballot,,,,,,,,,4
4872,holy-innocents,2014,odds,,,,0.833333333333333,0.661290322580645,,,,5
4873,holy-innocents,2014,taken,114,10,67,38,41,0,0,270,3
4874,holy-innocents,2014,vacancy,0,0,0,40,41,0,0,270,1
4875,holy-innocents,2015,applied,0,0,0,59,63,0,0,0,2
4876,holy-innocents,2015,ballot,,,,,,,,,4
4877,holy-innocents,2015,odds,,,,0.864406779661017,0.904761904761905,,,,5
4878,holy-innocents,2015,taken,99,8,62,44,57,0,0,270,3
4879,holy-innocents,2015,vacancy,0,0,0,51,57,0,0,270,1
4880,holy-innocents,2016,applied,0,0,0,36,82,13,0,0,2
4881,holy-innocents,2016,ballot,,,,,,,,,4
4882,holy-innocents,2016,odds,,,,1,1,0.692307692307692,,,5
4883,holy-innocents,2016,taken,98,11,45,25,82,9,0,270,3
4884,holy-innocents,2016,vacancy,0,0,0,58,91,9,0,270,1
4885,holy-innocents,2017,applied,0,0,0,54,64,0,0,0,2
4886,holy-innocents,2017,ballot,,,,,,,,,4
4887,holy-innocents,2017,odds,,,,0.888888888888889,0.8125,,,,5
4888,holy-innocents,2017,taken,104,16,55,43,52,0,0,270,3
4889,holy-innocents,2017,vacancy,0,0,0,48,52,0,0,270,1
4890,holy-innocents,2018,applied,0,0,0,43,64,0,0,0,2
4891,holy-innocents,2018,ballot,,,,,,,,,4
4892,holy-innocents,2018,odds,,,,0.651162790697674,0.453125,,,,5
4893,holy-innocents,2018,taken,122,33,59,27,29,0,0,270,3
4894,holy-innocents,2018,vacancy,0,0,0,28,29,0,0,270,1
4895,holy-innocents,2019,applied,91,27,63,60,72,0,0,0,2
4896,holy-innocents,2019,ballot,,,,SC>2,SC<1,,,,4
4897,holy-innocents,2019,odds,,,,0.766666666666667,0.652777777777778,,,,5
4898,holy-innocents,2019,taken,91,27,63,46,47,0,0,274,3
4899,holy-innocents,2019,vacancy,230,139,112,46,47,0,0,270,1
4900,holy-innocents,2020,applied,95,36,57,58,81,0,0,0,2
4901,holy-innocents,2020,ballot,,,,SC1-2,SC<1,,,,4
4902,holy-innocents,2020,odds,,,,0.706896551724138,0.530864197530864,,,,5
4903,holy-innocents,2020,taken,95,36,57,41,43,0,0,272,3
4904,holy-innocents,2020,vacancy,230,135,99,41,43,0,0,270,1
4905,holy-innocents,2021,applied,129,46,66,47,65,0,0,0,2
4906,holy-innocents,2021,ballot,,,SC>2,SC<1,SC<1,,,,4
4907,holy-innocents,2021,odds,,,0.833333333333333,0.446808510638298,0.323076923076923,,,,5
4908,holy-innocents,2021,taken,129,46,55,21,21,0,0,272,3
4909,holy-innocents,2021,vacancy,230,101,55,21,21,0,0,270,1
4910,holy-innocents,2022,applied,122,103,0,50,101,0,0,0,2
4911,holy-innocents,2022,ballot,,SC>2,,SC<1,SC<1,,,,4
4912,holy-innocents,2022,odds,,0.854368932038835,,0.42,0.415841584158416,,,,5
4913,holy-innocents,2022,taken,122,88,0,21,42,0,0,273,3
4914,holy-innocents,2022,vacancy,210,88,0,21,42,0,0,270,1
4915,holy-innocents,2023,applied,107,115,0,53,115,0,0,0,2
4916,holy-innocents,2023,ballot,,SC>2,,SC<1,SC<1,,,,4
4917,holy-innocents,2023,odds,,0.895652173913044,,0.377358490566038,0.347826086956522,,,,5
4918,holy-innocents,2023,taken,107,103,0,20,40,0,0,270,3
4919,holy-innocents,2023,vacancy,210,103,0,20,40,0,0,270,1
4920,hong-wen,2009,applied,0,0,0,22,105,0,0,0,2
4921,hong-wen,2009,ballot,,,,,,,,,4
4922,hong-wen,2009,odds,,,,1,0.866666666666667,,,,5
4923,hong-wen,2009,taken,80,1,17,22,91,0,0,211,3
4924,hong-wen,2009,vacancy,0,0,0,56,91,0,0,210,1
4925,hong-wen,2010,applied,0,0,0,43,110,0,0,0,2
4926,hong-wen,2010,ballot,,,,,,,,,4
4927,hong-wen,2010,odds,,,,1,0.8,,,,5
4928,hong-wen,2010,taken,69,2,8,43,88,0,0,210,3
4929,hong-wen,2010,vacancy,0,0,0,66,88,0,0,210,1
4930,hong-wen,2011,applied,0,0,0,50,100,0,0,0,2
4931,hong-wen,2011,ballot,,,,,,,,,4
4932,hong-wen,2011,odds,,,,1,0.57,,,,5
4933,hong-wen,2011,taken,77,3,24,49,57,0,0,210,3
4934,hong-wen,2011,vacancy,0,0,0,53,57,0,0,210,1
4935,hong-wen,2012,applied,0,0,0,58,88,0,0,0,2
4936,hong-wen,2012,ballot,,,,,,,,,4
4937,hong-wen,2012,odds,,,,0.793103448275862,0.511363636363636,,,,5
4938,hong-wen,2012,taken,86,7,26,46,45,0,0,210,3
4939,hong-wen,2012,vacancy,0,0,0,46,45,0,0,210,1
4940,hong-wen,2013,applied,0,0,0,72,83,0,0,0,2
4941,hong-wen,2013,ballot,,,,,,,,,4
4942,hong-wen,2013,odds,,,,0.708333333333333,0.614457831325301,,,,5
4943,hong-wen,2013,taken,79,5,24,51,51,0,0,210,3
4944,hong-wen,2013,vacancy,0,0,0,51,51,0,0,210,1
4945,hong-wen,2014,applied,0,0,0,63,68,0,0,0,2
4946,hong-wen,2014,ballot,,,,,,,,,4
4947,hong-wen,2014,odds,,,,0.73015873015873,0.676470588235294,,,,5
4948,hong-wen,2014,taken,93,3,22,46,46,0,0,210,3
4949,hong-wen,2014,vacancy,0,0,0,46,46,0,0,210,1
4950,hong-wen,2015,applied,0,0,0,30,86,0,0,0,2
4951,hong-wen,2015,ballot,,,,,,,,,4
4952,hong-wen,2015,odds,,,,1,0.558139534883721,,,,5
4953,hong-wen,2015,taken,90,10,33,29,48,0,0,210,3
4954,hong-wen,2015,vacancy,0,0,0,39,48,0,0,210,1
4955,hong-wen,2016,applied,0,0,0,30,92,0,0,0,2
4956,hong-wen,2016,ballot,,,,,,,,,4
4957,hong-wen,2016,odds,,,,1,0.869565217391304,,,,5
4958,hong-wen,2016,taken,75,11,18,26,80,0,0,210,3
4959,hong-wen,2016,vacancy,0,0,0,53,80,0,0,210,1
4960,hong-wen,2017,applied,0,0,0,39,97,0,0,0,2
4961,hong-wen,2017,ballot,,,,,,,,,4
4962,hong-wen,2017,odds,,,,1,0.56701030927835,,,,5
4963,hong-wen,2017,taken,86,8,23,38,55,0,0,210,3
4964,hong-wen,2017,vacancy,0,0,0,47,55,0,0,210,1
4965,hong-wen,2018,applied,0,0,0,28,117,0,0,0,2
4966,hong-wen,2018,ballot,,,,,,,,,4
4967,hong-wen,2018,odds,,,,1,0.239316239316239,,,,5
4968,hong-wen,2018,taken,111,11,33,27,28,0,0,210,3
4969,hong-wen,2018,vacancy,0,0,0,28,28,0,0,210,1
4970,hong-wen,2019,applied,84,8,23,33,116,0,0,0,2
4971,hong-wen,2019,ballot,,,,,SC<1,,,,4
4972,hong-wen,2019,odds,,,,,0.551724137931034,,,,5
4973,hong-wen,2019,taken,84,8,23,33,64,0,0,212,3
4974,hong-wen,2019,vacancy,170,86,78,48,64,0,0,210,1
4975,hong-wen,2020,applied,75,11,24,27,138,0,0,0,2
4976,hong-wen,2020,ballot,,,,,SC<1,,,,4
4977,hong-wen,2020,odds,,,,,0.528985507246377,,,,5
4978,hong-wen,2020,taken,75,11,24,27,73,0,0,210,3
4979,hong-wen,2020,vacancy,170,95,84,50,73,0,0,210,1
4980,hong-wen,2021,applied,83,17,22,19,149,0,0,0,2
4981,hong-wen,2021,ballot,,,,,SC<1,,,,4
4982,hong-wen,2021,odds,,,,,0.476510067114094,,,,5
4983,hong-wen,2021,taken,83,17,22,19,71,0,0,212,3
4984,hong-wen,2021,vacancy,170,87,70,45,71,0,0,210,1
4985,hong-wen,2022,applied,74,29,0,27,135,0,0,0,2
4986,hong-wen,2022,ballot,,,,,SC<1,,,,4
4987,hong-wen,2022,odds,,,,,0.614814814814815,,,,5
4988,hong-wen,2022,taken,74,29,0,27,83,0,0,213,3
4989,hong-wen,2022,vacancy,150,77,0,36,83,0,0,210,1
4990,hong-wen,2023,applied,82,34,0,30,151,0,0,0,2
4991,hong-wen,2023,ballot,,,,,SC<1,,,,4
4992,hong-wen,2023,odds,,,,,0.456953642384106,,,,5
4993,hong-wen,2023,taken,82,34,0,30,69,0,0,215,3
4994,hong-wen,2023,vacancy,150,69,0,32,69,0,0,210,1
4995,horizon,2009,applied,0,0,0,0,42,20,0,0,2
4996,horizon,2009,ballot,,,,,,,,,4
4997,horizon,2009,odds,,,,1,1,1,1,,5
4998,horizon,2009,taken,0,0,0,0,42,20,0,62,3
4999,horizon,2009,vacancy,0,0,0,135,270,228,30,270,1
5000,horizon,2010,applied,0,0,0,0,118,50,0,0,2
5001,horizon,2010,ballot,,,,,,,,,4
5002,horizon,2010,odds,,,,1,1,1,1,,5
5003,horizon,2010,taken,9,0,0,0,117,50,0,176,3
5004,horizon,2010,vacancy,0,0,0,131,261,144,75,270,1
5005,horizon,2011,applied,0,0,0,3,192,85,0,0,2
5006,horizon,2011,ballot,,,,,,,,,4
5007,horizon,2011,odds,,,,1,1,0.964705882352941,,,5
5008,horizon,2011,taken,51,0,2,3,192,82,0,330,3
5009,horizon,2011,vacancy,0,0,0,139,274,82,0,330,1
5010,horizon,2012,applied,0,0,0,8,234,0,0,0,2
5011,horizon,2012,ballot,,,,,,,,,4
5012,horizon,2012,odds,,,,1,0.923076923076923,,,,5
5013,horizon,2012,taken,76,1,0,7,216,0,0,300,3
5014,horizon,2012,vacancy,0,0,0,112,216,0,0,300,1
5015,horizon,2013,applied,0,0,0,14,209,0,0,0,2
5016,horizon,2013,ballot,,,,,,,,,4
5017,horizon,2013,odds,,,,1,0.684210526315789,,,,5
5018,horizon,2013,taken,110,1,2,14,143,0,0,270,3
5019,horizon,2013,vacancy,0,0,0,79,143,0,0,270,1
5020,horizon,2014,applied,0,0,0,38,177,0,0,0,2
5021,horizon,2014,ballot,,,,,,,,,4
5022,horizon,2014,odds,,,,1,0.531073446327684,,,,5
5023,horizon,2014,taken,108,0,0,38,94,0,0,240,3
5024,horizon,2014,vacancy,0,0,0,66,94,0,0,240,1
5025,horizon,2015,applied,0,0,0,29,129,0,0,0,2
5026,horizon,2015,ballot,,,,,,,,,4
5027,horizon,2015,odds,,,,1,0.418604651162791,,,,5
5028,horizon,2015,taken,129,0,1,26,54,0,0,210,3
5029,horizon,2015,vacancy,0,0,0,40,54,0,0,210,1
5030,horizon,2016,applied,0,0,0,20,111,0,0,0,2
5031,horizon,2016,ballot,,,,,,,,,4
5032,horizon,2016,odds,,,,1,0.756756756756757,,,,5
5033,horizon,2016,taken,108,0,1,17,84,0,0,210,3
5034,horizon,2016,vacancy,0,0,0,51,84,0,0,210,1
5035,horizon,2017,applied,0,0,0,20,147,0,0,0,2
5036,horizon,2017,ballot,,,,,,,,,4
5037,horizon,2017,odds,,,,1,0.795918367346939,,,,5
5038,horizon,2017,taken,101,0,2,20,117,0,0,240,3
5039,horizon,2017,vacancy,0,0,0,69,117,0,0,240,1
5040,horizon,2018,applied,0,0,0,24,191,0,0,0,2
5041,horizon,2018,ballot,,,,,,,,,4
5042,horizon,2018,odds,,,,1,0.947643979057592,,,,5
5043,horizon,2018,taken,102,0,13,24,181,0,0,320,3
5044,horizon,2018,vacancy,0,0,0,103,181,0,0,320,1
5045,horizon,2019,applied,83,1,14,18,168,0,0,0,2
5046,horizon,2019,ballot,,,,,PR<1,,,,4
5047,horizon,2019,odds,,,,,0.982142857142857,,,,5
5048,horizon,2019,taken,83,1,14,18,165,0,0,281,3
5049,horizon,2019,vacancy,240,157,156,91,165,0,0,280,1
5050,horizon,2020,applied,134,0,16,24,140,0,0,0,2
5051,horizon,2020,ballot,,,,,SC<1,,,,4
5052,horizon,2020,odds,,,,,0.485714285714286,,,,5
5053,horizon,2020,taken,134,0,16,24,68,0,0,242,3
5054,horizon,2020,vacancy,200,66,67,46,68,0,0,240,1
5055,horizon,2021,applied,138,0,102,13,109,0,0,0,2
5056,horizon,2021,ballot,,,SC<1,,SC<1,,,,4
5057,horizon,2021,odds,,,0.607843137254902,,0.256880733944954,,,,5
5058,horizon,2021,taken,138,0,62,13,28,0,0,241,3
5059,horizon,2021,vacancy,200,62,62,21,28,0,0,240,1
5060,horizon,2022,applied,101,92,0,19,77,0,0,0,2
5061,horizon,2022,ballot,,PR<1,,,SC<1,,,,4
5062,horizon,2022,odds,,0.858695652173913,,,0.545454545454545,,,,5
5063,horizon,2022,taken,101,79,0,19,42,0,0,241,3
5064,horizon,2022,vacancy,180,79,0,20,42,0,0,240,1
5065,horizon,2023,applied,103,105,0,16,81,0,0,0,2
5066,horizon,2023,ballot,,SC<1,,,SC<1,,,,4
5067,horizon,2023,odds,,0.733333333333333,,,0.54320987654321,,,,5
5068,horizon,2023,taken,103,77,0,16,44,0,0,240,3
5069,horizon,2023,vacancy,180,77,0,20,44,0,0,240,1
5070,hougang,2009,applied,0,0,0,25,149,0,0,0,2
5071,hougang,2009,ballot,,,,,,,,,4
5072,hougang,2009,odds,,,,1,0.536912751677852,,,,5
5073,hougang,2009,taken,120,0,16,25,80,0,0,241,3
5074,hougang,2009,vacancy,0,0,0,52,80,0,0,240,1
5075,hougang,2010,applied,0,0,0,28,138,0,0,0,2
5076,hougang,2010,ballot,,,,,,,,,4
5077,hougang,2010,odds,,,,1,0.666666666666667,,,,5
5078,hougang,2010,taken,109,0,11,28,92,0,0,240,3
5079,hougang,2010,vacancy,0,0,0,60,92,0,0,240,1
5080,hougang,2011,applied,0,0,0,28,126,0,0,0,2
5081,hougang,2011,ballot,,,,,,,,,4
5082,hougang,2011,odds,,,,1,0.738095238095238,,,,5
5083,hougang,2011,taken,106,0,13,28,93,0,0,240,3
5084,hougang,2011,vacancy,0,0,0,61,93,0,0,240,1
5085,hougang,2012,applied,0,0,0,35,110,0,0,0,2
5086,hougang,2012,ballot,,,,,,,,,4
5087,hougang,2012,odds,,,,1,0.818181818181818,,,,5
5088,hougang,2012,taken,99,0,16,35,90,0,0,240,3
5089,hougang,2012,vacancy,0,0,0,63,90,0,0,240,1
5090,hougang,2013,applied,0,0,0,41,114,0,0,0,2
5091,hougang,2013,ballot,,,,,,,,,4
5092,hougang,2013,odds,,,,1,0.605263157894737,,,,5
5093,hougang,2013,taken,123,0,7,41,69,0,0,240,3
5094,hougang,2013,vacancy,0,0,0,55,69,0,0,240,1
5095,hougang,2014,applied,0,0,0,47,120,0,0,0,2
5096,hougang,2014,ballot,,,,,,,,,4
5097,hougang,2014,odds,,,,1,0.75,,,,5
5098,hougang,2014,taken,88,0,15,47,90,0,0,240,3
5099,hougang,2014,vacancy,0,0,0,69,90,0,0,240,1
5100,hougang,2015,applied,0,0,0,31,128,0,0,0,2
5101,hougang,2015,ballot,,,,,,,,,4
5102,hougang,2015,odds,,,,1,0.8671875,,,,5
5103,hougang,2015,taken,89,0,10,30,111,0,0,240,3
5104,hougang,2015,vacancy,0,0,0,71,111,0,0,240,1
5105,hougang,2016,applied,0,0,0,17,108,0,0,0,2
5106,hougang,2016,ballot,,,,,,,,,4
5107,hougang,2016,odds,,,,1,0.944444444444444,,,,5
5108,hougang,2016,taken,79,0,12,17,102,0,0,210,3
5109,hougang,2016,vacancy,0,0,0,60,102,0,0,210,1
5110,hougang,2017,applied,0,0,0,26,92,0,0,0,2
5111,hougang,2017,ballot,,,,,,,,,4
5112,hougang,2017,odds,,,,1,0.902173913043478,,,,5
5113,hougang,2017,taken,90,0,11,26,83,0,0,210,3
5114,hougang,2017,vacancy,0,0,0,55,83,0,0,210,1
5115,hougang,2018,applied,0,0,0,32,102,0,0,0,2
5116,hougang,2018,ballot,,,,,,,,,4
5117,hougang,2018,odds,,,,1,0.686274509803922,,,,5
5118,hougang,2018,taken,97,0,13,30,70,0,0,210,3
5119,hougang,2018,vacancy,0,0,0,50,70,0,0,210,1
5120,hougang,2019,applied,77,0,14,19,115,0,0,0,2
5121,hougang,2019,ballot,,,,,SC<1,,,,4
5122,hougang,2019,odds,,,,,0.869565217391304,,,,5
5123,hougang,2019,taken,77,0,14,19,100,0,0,210,3
5124,hougang,2019,vacancy,170,93,93,60,100,0,0,210,1
5125,hougang,2020,applied,90,0,17,19,139,0,0,0,2
5126,hougang,2020,ballot,,,,,SC<1,,,,4
5127,hougang,2020,odds,,,,,0.60431654676259,,,,5
5128,hougang,2020,taken,90,0,17,19,84,0,0,210,3
5129,hougang,2020,vacancy,170,80,80,52,84,0,0,210,1
5130,hougang,2021,applied,71,0,14,17,140,0,0,0,2
5131,hougang,2021,ballot,,,,,SC<1,,,,4
5132,hougang,2021,odds,,,,,0.707142857142857,,,,5
5133,hougang,2021,taken,71,0,14,17,99,0,0,201,3
5134,hougang,2021,vacancy,160,89,89,58,99,0,0,200,1
5135,hougang,2022,applied,99,5,0,18,114,0,0,0,2
5136,hougang,2022,ballot,,,,,SC<1,,,,4
5137,hougang,2022,odds,,,,,0.692982456140351,,,,5
5138,hougang,2022,taken,99,5,0,18,79,0,0,201,3
5139,hougang,2022,vacancy,140,41,0,32,79,0,0,200,1
5140,hougang,2023,applied,76,22,0,17,98,0,0,0,2
5141,hougang,2023,ballot,,,,,SC<1,,,,4
5142,hougang,2023,odds,,,,,0.775510204081633,,,,5
5143,hougang,2023,taken,76,22,0,17,76,0,0,191,3
5144,hougang,2023,vacancy,130,54,0,31,76,0,0,190,1
5145,huamin,2009,applied,0,0,0,0,50,19,0,0,2
5146,huamin,2009,ballot,,,,,,,,,4
5147,huamin,2009,odds,,,,1,1,1,1,,5
5148,huamin,2009,taken,50,1,6,0,50,19,0,126,3
5149,huamin,2009,vacancy,0,0,0,62,123,73,54,180,1
5150,huamin,2010,applied,0,0,0,0,67,16,0,0,2
5151,huamin,2010,ballot,,,,,,,,,4
5152,huamin,2010,odds,,,,1,1,1,1,,5
5153,huamin,2010,taken,58,2,5,0,67,16,0,148,3
5154,huamin,2010,vacancy,0,0,0,58,115,48,31,180,1
5155,huamin,2011,applied,0,0,0,2,38,27,0,0,2
5156,huamin,2011,ballot,,,,,,,,,4
5157,huamin,2011,odds,,,,1,1,1,1,,5
5158,huamin,2011,taken,61,0,2,2,37,35,0,137,3
5159,huamin,2011,vacancy,0,0,0,59,115,78,43,180,1
5160,huamin,2012,applied,0,0,0,0,48,9,0,0,2
5161,huamin,2012,ballot,,,,,,,,,4
5162,huamin,2012,odds,,,,1,1,1,1,,5
5163,huamin,2012,taken,47,1,6,0,48,31,0,133,3
5164,huamin,2012,vacancy,0,0,0,63,126,78,47,180,1
5165,huamin,2013,applied,0,0,0,1,75,20,0,0,2
5166,huamin,2013,ballot,,,,,,,,,4
5167,huamin,2013,odds,,,,1,1,1,,,5
5168,huamin,2013,taken,68,0,12,1,75,24,0,180,3
5169,huamin,2013,vacancy,0,0,0,50,99,24,0,180,1
5170,huamin,2014,applied,0,0,0,0,81,26,0,0,2
5171,huamin,2014,ballot,,,,,,,,,4
5172,huamin,2014,odds,,,,1,1,0.961538461538462,,,5
5173,huamin,2014,taken,62,0,12,0,81,25,0,180,3
5174,huamin,2014,vacancy,0,0,0,53,106,25,0,180,1
5175,huamin,2015,applied,0,0,0,1,98,0,0,0,2
5176,huamin,2015,ballot,,,,,,,,,4
5177,huamin,2015,odds,,,,1,0.887755102040816,,,,5
5178,huamin,2015,taken,71,0,22,0,87,0,0,180,3
5179,huamin,2015,vacancy,0,0,0,44,87,0,0,180,1
5180,huamin,2016,applied,0,0,0,0,103,0,0,0,2
5181,huamin,2016,ballot,,,,,,,,,4
5182,huamin,2016,odds,,,,1,0.961165048543689,,,,5
5183,huamin,2016,taken,69,0,13,0,99,0,0,181,3
5184,huamin,2016,vacancy,0,0,0,49,99,0,0,180,1
5185,huamin,2017,applied,0,0,0,1,111,0,0,0,2
5186,huamin,2017,ballot,,,,,,,,,4
5187,huamin,2017,odds,,,,1,0.837837837837838,,,,5
5188,huamin,2017,taken,71,1,14,1,93,0,0,180,3
5189,huamin,2017,vacancy,0,0,0,47,93,0,0,180,1
5190,huamin,2018,applied,0,0,0,0,159,0,0,0,2
5191,huamin,2018,ballot,,,,,,,,,4
5192,huamin,2018,odds,,,,1,0.748427672955975,,,,5
5193,huamin,2018,taken,63,0,28,0,119,0,0,210,3
5194,huamin,2018,vacancy,0,0,0,60,119,0,0,210,1
5195,huamin,2019,applied,72,0,30,0,138,0,0,0,2
5196,huamin,2019,ballot,,,,,SC<1,,,,4
5197,huamin,2019,odds,,,,,0.789855072463768,,,,5
5198,huamin,2019,taken,72,0,30,0,109,0,0,211,3
5199,huamin,2019,vacancy,170,98,98,54,109,0,0,210,1
5200,huamin,2020,applied,97,0,63,0,141,0,0,0,2
5201,huamin,2020,ballot,,,,,SC<1,,,,4
5202,huamin,2020,odds,,,,,0.872340425531915,,,,5
5203,huamin,2020,taken,97,0,63,0,123,0,0,283,3
5204,huamin,2020,vacancy,240,143,143,60,123,0,0,280,1
5205,huamin,2021,applied,133,1,85,0,116,0,0,0,2
5206,huamin,2021,ballot,,,,,SC<1,,,,4
5207,huamin,2021,odds,,,,,0.53448275862069,,,,5
5208,huamin,2021,taken,133,1,85,0,62,0,0,281,3
5209,huamin,2021,vacancy,240,107,106,31,62,0,0,280,1
5210,huamin,2022,applied,115,68,0,2,114,0,0,0,2
5211,huamin,2022,ballot,,,,,SC<1,,,,4
5212,huamin,2022,odds,,,,,0.842105263157895,,,,5
5213,huamin,2022,taken,115,68,0,2,96,0,0,281,3
5214,huamin,2022,vacancy,220,105,0,32,96,0,0,280,1
5215,huamin,2023,applied,101,90,0,1,95,0,0,0,2
5216,huamin,2023,ballot,,SC1-2,,,SC<1,,,,4
5217,huamin,2023,odds,,0.877777777777778,,,0.642105263157895,,,,5
5218,huamin,2023,taken,101,79,0,1,61,0,0,242,3
5219,huamin,2023,vacancy,180,79,0,20,61,0,0,240,1
5220,innova,2009,applied,0,0,0,5,178,0,0,0,2
5221,innova,2009,ballot,,,,,,,,,4
5222,innova,2009,odds,,,,1,0.887640449438202,,,,5
5223,innova,2009,taken,77,0,0,5,158,0,0,240,3
5224,innova,2009,vacancy,0,0,0,82,158,0,0,240,1
5225,innova,2010,applied,0,0,0,6,177,0,0,0,2
5226,innova,2010,ballot,,,,,,,,,4
5227,innova,2010,odds,,,,1,0.819209039548023,,,,5
5228,innova,2010,taken,89,0,0,6,145,0,0,240,3
5229,innova,2010,vacancy,0,0,0,76,145,0,0,240,1
5230,innova,2011,applied,0,0,0,12,150,0,0,0,2
5231,innova,2011,ballot,,,,,,,,,4
5232,innova,2011,odds,,,,1,0.76,,,,5
5233,innova,2011,taken,112,0,2,12,114,0,0,240,3
5234,innova,2011,vacancy,0,0,0,63,114,0,0,240,1
5235,innova,2012,applied,0,0,0,19,128,0,0,0,2
5236,innova,2012,ballot,,,,,,,,,4
5237,innova,2012,odds,,,,1,0.5859375,,,,5
5238,innova,2012,taken,115,0,2,18,75,0,0,210,3
5239,innova,2012,vacancy,0,0,0,47,75,0,0,210,1
5240,innova,2013,applied,0,0,0,20,139,0,0,0,2
5241,innova,2013,ballot,,,,,,,,,4
5242,innova,2013,odds,,,,1,0.654676258992806,,,,5
5243,innova,2013,taken,95,0,4,20,91,0,0,210,3
5244,innova,2013,vacancy,0,0,0,56,91,0,0,210,1
5245,innova,2014,applied,0,0,0,25,137,0,0,0,2
5246,innova,2014,ballot,,,,,,,,,4
5247,innova,2014,odds,,,,1,0.496350364963504,,,,5
5248,innova,2014,taken,107,0,10,25,68,0,0,210,3
5249,innova,2014,vacancy,0,0,0,47,68,0,0,210,1
5250,innova,2015,applied,0,0,0,23,117,0,0,0,2
5251,innova,2015,ballot,,,,,,,,,4
5252,innova,2015,odds,,,,1,0.709401709401709,,,,5
5253,innova,2015,taken,93,1,11,22,83,0,0,210,3
5254,innova,2015,vacancy,0,0,0,53,83,0,0,210,1
5255,innova,2016,applied,0,0,0,20,126,0,0,0,2
5256,innova,2016,ballot,,,,,,,,,4
5257,innova,2016,odds,,,,1,0.944444444444444,,,,5
5258,innova,2016,taken,70,0,2,19,119,0,0,210,3
5259,innova,2016,vacancy,0,0,0,69,119,0,0,210,1
5260,innova,2017,applied,0,0,0,27,99,0,0,0,2
5261,innova,2017,ballot,,,,,,,,,4
5262,innova,2017,odds,,,,1,0.888888888888889,,,,5
5263,innova,2017,taken,91,0,5,26,88,0,0,210,3
5264,innova,2017,vacancy,0,0,0,57,88,0,0,210,1
5265,innova,2018,applied,0,0,0,20,107,0,0,0,2
5266,innova,2018,ballot,,,,,,,,,4
5267,innova,2018,odds,,,,1,1,,,,5
5268,innova,2018,taken,77,0,7,19,107,0,0,210,3
5269,innova,2018,vacancy,0,0,0,63,107,0,0,210,1
5270,innova,2019,applied,96,0,7,18,80,0,0,0,2
5271,innova,2019,ballot,,,,,SC<1#,,,,4
5272,innova,2019,odds,,,,,0.7375,,,,5
5273,innova,2019,taken,96,0,7,18,59,0,0,180,3
5274,innova,2019,vacancy,140,44,44,39,59,0,0,180,1
5275,innova,2020,applied,83,0,11,21,87,0,0,0,2
5276,innova,2020,ballot,,,,,SC1-2,,,,4
5277,innova,2020,odds,,,,,0.747126436781609,,,,5
5278,innova,2020,taken,83,0,11,21,65,0,0,180,3
5279,innova,2020,vacancy,140,57,57,43,65,0,0,180,1
5280,innova,2021,applied,88,0,9,11,83,0,0,0,2
5281,innova,2021,ballot,,,,,SC1-2,,,,4
5282,innova,2021,odds,,,,,0.879518072289157,,,,5
5283,innova,2021,taken,88,0,9,11,73,0,0,181,3
5284,innova,2021,vacancy,140,52,52,42,73,0,0,180,1
5285,innova,2022,applied,75,7,0,14,86,0,0,0,2
5286,innova,2022,ballot,,,,,PR<1,,,,4
5287,innova,2022,odds,,,,,0.976744186046512,,,,5
5288,innova,2022,taken,75,7,0,14,84,0,0,180,3
5289,innova,2022,vacancy,120,45,0,33,84,0,0,180,1
5290,innova,2023,applied,64,9,0,11,58,4,0,0,2
5291,innova,2023,ballot,,,,,,,,,4
5292,innova,2023,odds,,,,,,,,,5
5293,innova,2023,taken,64,9,0,11,58,4,0,146,3
5294,innova,2023,vacancy,120,56,0,36,96,38,34,180,1
5295,jiemin,2009,applied,0,0,0,1,107,0,0,0,2
5296,jiemin,2009,ballot,,,,,,,,,4
5297,jiemin,2009,odds,,,,1,0.990654205607477,,,,5
5298,jiemin,2009,taken,63,0,11,1,106,0,0,181,3
5299,jiemin,2009,vacancy,0,0,0,53,106,0,0,180,1
5300,jiemin,2010,applied,0,0,0,1,110,0,0,0,2
5301,jiemin,2010,ballot,,,,,,,,,4
5302,jiemin,2010,odds,,,,1,0.645454545454546,,,,5
5303,jiemin,2010,taken,91,0,17,1,71,0,0,180,3
5304,jiemin,2010,vacancy,0,0,0,36,71,0,0,180,1
5305,jiemin,2011,applied,0,0,0,1,124,0,0,0,2
5306,jiemin,2011,ballot,,,,,,,,,4
5307,jiemin,2011,odds,,,,1,0.717741935483871,,,,5
5308,jiemin,2011,taken,79,0,12,1,89,0,0,181,3
5309,jiemin,2011,vacancy,0,0,0,45,89,0,0,180,1
5310,jiemin,2012,applied,0,0,0,7,96,0,0,0,2
5311,jiemin,2012,ballot,,,,,,,,,4
5312,jiemin,2012,odds,,,,1,0.833333333333333,,,,5
5313,jiemin,2012,taken,70,0,23,7,80,0,0,180,3
5314,jiemin,2012,vacancy,0,0,0,44,80,0,0,180,1
5315,jiemin,2013,applied,0,0,0,11,89,0,0,0,2
5316,jiemin,2013,ballot,,,,,,,,,4
5317,jiemin,2013,odds,,,,1,0.662921348314607,,,,5
5318,jiemin,2013,taken,76,0,34,11,59,0,0,180,3
5319,jiemin,2013,vacancy,0,0,0,35,59,0,0,180,1
5320,jiemin,2014,applied,0,0,0,9,82,0,0,0,2
5321,jiemin,2014,ballot,,,,,,,,,4
5322,jiemin,2014,odds,,,,1,0.865853658536585,,,,5
5323,jiemin,2014,taken,73,0,28,8,71,0,0,180,3
5324,jiemin,2014,vacancy,0,0,0,40,71,0,0,180,1
5325,jiemin,2015,applied,0,0,0,8,86,0,0,0,2
5326,jiemin,2015,ballot,,,,,,,,,4
5327,jiemin,2015,odds,,,,1,0.883720930232558,,,,5
5328,jiemin,2015,taken,75,0,23,6,76,0,0,180,3
5329,jiemin,2015,vacancy,0,0,0,41,76,0,0,180,1
5330,jiemin,2016,applied,0,0,0,5,78,11,0,0,2
5331,jiemin,2016,ballot,,,,,,,,,4
5332,jiemin,2016,odds,,,,1,1,1,1,,5
5333,jiemin,2016,taken,54,0,19,5,78,11,0,167,3
5334,jiemin,2016,vacancy,0,0,0,54,102,24,13,180,1
5335,jiemin,2017,applied,0,0,0,10,88,0,0,0,2
5336,jiemin,2017,ballot,,,,,,,,,4
5337,jiemin,2017,odds,,,,1,0.875,,,,5
5338,jiemin,2017,taken,70,0,24,9,77,0,0,180,3
5339,jiemin,2017,vacancy,0,0,0,43,77,0,0,180,1
5340,jiemin,2018,applied,0,0,0,9,92,0,0,0,2
5341,jiemin,2018,ballot,,,,,,,,,4
5342,jiemin,2018,odds,,,,1,0.945652173913043,,,,5
5343,jiemin,2018,taken,77,0,39,7,87,0,0,210,3
5344,jiemin,2018,vacancy,0,0,0,47,87,0,0,210,1
5345,jiemin,2019,applied,64,0,25,7,84,1,0,0,2
5346,jiemin,2019,ballot,,,,,,,,,4
5347,jiemin,2019,odds,,,,,,,,,5
5348,jiemin,2019,taken,64,0,25,7,84,1,0,181,3
5349,jiemin,2019,vacancy,140,76,76,46,85,1,0,180,1
5350,jiemin,2020,applied,79,0,39,1,74,14,0,0,2
5351,jiemin,2020,ballot,,,,,,,,,4
5352,jiemin,2020,odds,,,,,,,,,5
5353,jiemin,2020,taken,79,0,39,1,74,14,0,207,3
5354,jiemin,2020,vacancy,180,101,101,51,101,27,13,220,1
5355,jiemin,2021,applied,64,0,24,2,76,23,0,0,2
5356,jiemin,2021,ballot,,,,,,,,,4
5357,jiemin,2021,odds,,,,,,,,,5
5358,jiemin,2021,taken,64,0,24,2,76,23,0,189,3
5359,jiemin,2021,vacancy,180,116,116,66,130,55,32,220,1
5360,jiemin,2022,applied,74,22,0,1,62,27,0,0,2
5361,jiemin,2022,ballot,,,,,,SC<2#,,,4
5362,jiemin,2022,odds,,,,,,0.814814814814815,,,5
5363,jiemin,2022,taken,74,22,0,1,62,22,0,181,3
5364,jiemin,2022,vacancy,120,46,0,28,83,22,0,180,1
5365,jiemin,2023,applied,68,19,0,0,57,54,0,0,2
5366,jiemin,2023,ballot,,,,,,,,,4
5367,jiemin,2023,odds,,,,,,,,,5
5368,jiemin,2023,taken,68,19,0,0,57,54,0,198,3
5369,jiemin,2023,vacancy,160,92,0,44,134,77,23,220,1
5370,jing-shan,2009,applied,0,0,0,1,65,13,0,0,2
5371,jing-shan,2009,ballot,,,,,,,,,4
5372,jing-shan,2009,odds,,,,1,1,1,1,,5
5373,jing-shan,2009,taken,65,0,15,1,65,12,0,158,3
5374,jing-shan,2009,vacancy,0,0,0,50,100,35,24,180,1
5375,jing-shan,2010,applied,0,0,0,0,55,6,0,0,2
5376,jing-shan,2010,ballot,,,,,,,,,4
5377,jing-shan,2010,odds,,,,1,1,1,1,,5
5378,jing-shan,2010,taken,47,1,13,0,55,6,0,122,3
5379,jing-shan,2010,vacancy,0,0,0,59,119,64,52,180,1
5380,jing-shan,2011,applied,0,0,0,2,79,10,0,0,2
5381,jing-shan,2011,ballot,,,,,,,,,4
5382,jing-shan,2011,odds,,,,1,1,1,1,,5
5383,jing-shan,2011,taken,59,0,13,2,79,13,0,166,3
5384,jing-shan,2011,vacancy,0,0,0,54,107,29,16,180,1
5385,jing-shan,2012,applied,0,0,0,0,67,7,0,0,2
5386,jing-shan,2012,ballot,,,,,,,,,4
5387,jing-shan,2012,odds,,,,1,1,1,1,,5
5388,jing-shan,2012,taken,62,0,12,0,67,8,0,149,3
5389,jing-shan,2012,vacancy,0,0,0,53,106,39,31,180,1
5390,jing-shan,2013,applied,0,0,0,1,41,9,0,0,2
5391,jing-shan,2013,ballot,,,,,,,,,4
5392,jing-shan,2013,odds,,,,1,1,1,1,,5
5393,jing-shan,2013,taken,38,0,22,1,41,32,0,134,3
5394,jing-shan,2013,vacancy,0,0,0,60,119,79,47,180,1
5395,jing-shan,2014,applied,0,0,0,1,70,13,0,0,2
5396,jing-shan,2014,ballot,,,,,,,,,4
5397,jing-shan,2014,odds,,,,1,1,1,1,,5
5398,jing-shan,2014,taken,67,0,14,1,67,13,0,162,3
5399,jing-shan,2014,vacancy,0,0,0,50,98,31,18,180,1
5400,jing-shan,2015,applied,0,0,0,0,64,6,0,0,2
5401,jing-shan,2015,ballot,,,,,,,,,4
5402,jing-shan,2015,odds,,,,1,1,1,1,,5
5403,jing-shan,2015,taken,50,0,13,0,64,6,0,133,3
5404,jing-shan,2015,vacancy,0,0,0,59,119,55,49,180,1
5405,jing-shan,2016,applied,0,0,0,0,62,9,0,0,2
5406,jing-shan,2016,ballot,,,,,,,,,4
5407,jing-shan,2016,odds,,,,1,1,1,1,,5
5408,jing-shan,2016,taken,48,1,12,0,62,9,0,132,3
5409,jing-shan,2016,vacancy,0,0,0,45,89,27,18,150,1
5410,jing-shan,2017,applied,0,0,0,0,68,0,0,0,2
5411,jing-shan,2017,ballot,,,,,,,,,4
5412,jing-shan,2017,odds,,,,1,0.941176470588235,,,,5
5413,jing-shan,2017,taken,64,0,22,0,64,0,0,150,3
5414,jing-shan,2017,vacancy,0,0,0,32,64,0,0,150,1
5415,jing-shan,2018,applied,0,0,0,2,78,0,0,0,2
5416,jing-shan,2018,ballot,,,,,,,,,4
5417,jing-shan,2018,odds,,,,1,0.666666666666667,,,,5
5418,jing-shan,2018,taken,63,3,31,1,52,0,0,150,3
5419,jing-shan,2018,vacancy,0,0,0,27,52,0,0,150,1
5420,jing-shan,2019,applied,49,0,29,1,59,10,0,0,2
5421,jing-shan,2019,ballot,,,,,,,,,4
5422,jing-shan,2019,odds,,,,,,,,,5
5423,jing-shan,2019,taken,49,0,29,1,59,10,0,148,3
5424,jing-shan,2019,vacancy,110,61,61,36,71,12,2,150,1
5425,jing-shan,2020,applied,62,0,19,2,60,26,0,0,2
5426,jing-shan,2020,ballot,,,,,,SC>2,,,4
5427,jing-shan,2020,odds,,,,,,0.730769230769231,,,5
5428,jing-shan,2020,taken,62,0,19,2,60,19,0,162,3
5429,jing-shan,2020,vacancy,120,58,58,40,79,19,0,160,1
5430,jing-shan,2021,applied,64,0,22,0,72,5,0,0,2
5431,jing-shan,2021,ballot,,,,,,,,,4
5432,jing-shan,2021,odds,,,,,,,,,5
5433,jing-shan,2021,taken,64,0,22,0,72,5,0,163,3
5434,jing-shan,2021,vacancy,120,56,56,37,75,5,0,160,1
5435,jing-shan,2022,applied,55,22,0,1,67,5,0,0,2
5436,jing-shan,2022,ballot,,,,,,,,,4
5437,jing-shan,2022,odds,,,,,,,,,5
5438,jing-shan,2022,taken,55,22,0,1,67,5,0,150,3
5439,jing-shan,2022,vacancy,90,35,0,24,72,5,0,150,1
5440,jing-shan,2023,applied,51,51,0,1,62,0,0,0,2
5441,jing-shan,2023,ballot,,SC1-2,,,PR<1#,,,,4
5442,jing-shan,2023,odds,,0.764705882352941,,,0.983870967741935,,,,5
5443,jing-shan,2023,taken,51,39,0,1,61,0,0,152,3
5444,jing-shan,2023,vacancy,90,39,0,20,61,0,0,150,1
5445,junyuan,2009,applied,0,0,0,0,64,57,0,0,2
5446,junyuan,2009,ballot,,,,,,,,,4
5447,junyuan,2009,odds,,,,1,1,1,1,,5
5448,junyuan,2009,taken,43,0,9,0,63,57,0,172,3
5449,junyuan,2009,vacancy,0,0,0,64,128,65,8,180,1
5450,junyuan,2010,applied,0,0,0,0,59,44,0,0,2
5451,junyuan,2010,ballot,,,,,,,,,4
5452,junyuan,2010,odds,,,,1,1,1,1,,5
5453,junyuan,2010,taken,60,0,14,0,59,44,0,177,3
5454,junyuan,2010,vacancy,0,0,0,53,106,49,1,180,1
5455,junyuan,2011,applied,0,0,0,1,71,61,0,0,2
5456,junyuan,2011,ballot,,,,,,,,,4
5457,junyuan,2011,odds,,,,1,1,0.967213114754098,,,5
5458,junyuan,2011,taken,68,0,11,1,71,59,0,210,3
5459,junyuan,2011,vacancy,0,0,0,66,130,59,0,210,1
5460,junyuan,2012,applied,0,0,0,2,83,28,0,0,2
5461,junyuan,2012,ballot,,,,,,,,,4
5462,junyuan,2012,odds,,,,1,1,1,,,5
5463,junyuan,2012,taken,77,0,12,2,83,36,0,210,3
5464,junyuan,2012,vacancy,0,0,0,61,119,36,0,210,1
5465,junyuan,2013,applied,0,0,0,0,93,34,0,0,2
5466,junyuan,2013,ballot,,,,,,,,,4
5467,junyuan,2013,odds,,,,1,1,0.852941176470588,,,5
5468,junyuan,2013,taken,73,0,15,0,93,29,0,210,3
5469,junyuan,2013,vacancy,0,0,0,61,122,29,0,210,1
5470,junyuan,2014,applied,0,0,0,0,79,61,0,0,2
5471,junyuan,2014,ballot,,,,,,,,,4
5472,junyuan,2014,odds,,,,1,1,1,1,,5
5473,junyuan,2014,taken,75,0,14,0,78,61,0,228,3
5474,junyuan,2014,vacancy,0,0,0,76,151,73,12,240,1
5475,junyuan,2015,applied,0,0,0,0,82,71,0,0,2
5476,junyuan,2015,ballot,,,,,,,,,4
5477,junyuan,2015,odds,,,,1,1,0.901408450704225,,,5
5478,junyuan,2015,taken,82,0,13,0,82,64,0,241,3
5479,junyuan,2015,vacancy,0,0,0,73,146,64,0,240,1
5480,junyuan,2016,applied,0,0,0,0,74,48,0,0,2
5481,junyuan,2016,ballot,,,,,,,,,4
5482,junyuan,2016,odds,,,,1,1,0.9375,,,5
5483,junyuan,2016,taken,78,0,15,0,73,45,0,211,3
5484,junyuan,2016,vacancy,0,0,0,59,118,45,0,210,1
5485,junyuan,2017,applied,0,0,0,1,63,0,0,0,2
5486,junyuan,2017,ballot,,,,,,,,,4
5487,junyuan,2017,odds,,,,1,0.936507936507937,,,,5
5488,junyuan,2017,taken,99,0,21,1,59,0,0,180,3
5489,junyuan,2017,vacancy,0,0,0,30,59,0,0,180,1
5490,junyuan,2018,applied,0,0,0,0,57,0,0,0,2
5491,junyuan,2018,ballot,,,,,,,,,4
5492,junyuan,2018,odds,,,,1,0.701754385964912,,,,5
5493,junyuan,2018,taken,123,0,17,0,40,0,0,180,3
5494,junyuan,2018,vacancy,0,0,0,20,40,0,0,180,1
5495,junyuan,2019,applied,93,0,39,0,55,0,0,0,2
5496,junyuan,2019,ballot,,,,,PR<1,,,,4
5497,junyuan,2019,odds,,,,,0.927272727272727,,,,5
5498,junyuan,2019,taken,93,0,39,0,51,0,0,183,3
5499,junyuan,2019,vacancy,140,47,47,24,51,0,0,180,1
5500,junyuan,2020,applied,86,0,42,1,87,0,0,0,2
5501,junyuan,2020,ballot,,,,,SC>2,,,,4
5502,junyuan,2020,odds,,,,,0.942528735632184,,,,5
5503,junyuan,2020,taken,86,0,42,1,82,0,0,211,3
5504,junyuan,2020,vacancy,170,84,84,42,82,0,0,210,1
5505,junyuan,2021,applied,75,0,58,0,96,39,0,0,2
5506,junyuan,2021,ballot,,,,,,SC<1,,,4
5507,junyuan,2021,odds,,,,,,0.358974358974359,,,5
5508,junyuan,2021,taken,75,0,58,0,96,14,0,243,3
5509,junyuan,2021,vacancy,200,125,125,54,109,14,0,240,1
5510,junyuan,2022,applied,86,42,0,0,77,70,0,0,2
5511,junyuan,2022,ballot,,,,,,SC<1,,,4
5512,junyuan,2022,odds,,,,,,0.5,,,5
5513,junyuan,2022,taken,86,42,0,0,77,35,0,240,3
5514,junyuan,2022,vacancy,180,94,0,37,112,35,0,240,1
5515,junyuan,2023,applied,83,76,0,0,58,74,0,0,2
5516,junyuan,2023,ballot,,,,,,SC<1,,,4
5517,junyuan,2023,odds,,,,,,0.310810810810811,,,5
5518,junyuan,2023,taken,83,76,0,0,58,23,0,240,3
5519,junyuan,2023,vacancy,180,97,0,27,81,23,0,240,1
5520,jurong,2009,applied,0,0,0,6,138,0,0,0,2
5521,jurong,2009,ballot,,,,,,,,,4
5522,jurong,2009,odds,,,,1,0.77536231884058,,,,5
5523,jurong,2009,taken,129,0,28,6,107,0,0,270,3
5524,jurong,2009,vacancy,0,0,0,57,107,0,0,270,1
5525,jurong,2010,applied,0,0,0,14,121,0,0,0,2
5526,jurong,2010,ballot,,,,,,,,,4
5527,jurong,2010,odds,,,,1,0.727272727272727,,,,5
5528,jurong,2010,taken,124,0,44,14,88,0,0,270,3
5529,jurong,2010,vacancy,0,0,0,51,88,0,0,270,1
5530,jurong,2011,applied,0,0,0,11,122,0,0,0,2
5531,jurong,2011,ballot,,,,,,,,,4
5532,jurong,2011,odds,,,,1,0.80327868852459,,,,5
5533,jurong,2011,taken,111,0,52,11,98,0,0,272,3
5534,jurong,2011,vacancy,0,0,0,54,98,0,0,270,1
5535,jurong,2012,applied,0,0,0,19,115,0,0,0,2
5536,jurong,2012,ballot,,,,,,,,,4
5537,jurong,2012,odds,,,,1,0.860869565217391,,,,5
5538,jurong,2012,taken,114,0,39,19,99,0,0,271,3
5539,jurong,2012,vacancy,0,0,0,59,99,0,0,270,1
5540,jurong,2013,applied,0,0,0,28,110,0,0,0,2
5541,jurong,2013,ballot,,,,,,,,,4
5542,jurong,2013,odds,,,,1,0.645454545454546,,,,5
5543,jurong,2013,taken,118,0,53,28,71,0,0,270,3
5544,jurong,2013,vacancy,0,0,0,50,71,0,0,270,1
5545,jurong,2014,applied,0,0,0,20,86,0,0,0,2
5546,jurong,2014,ballot,,,,,,,,,4
5547,jurong,2014,odds,,,,1,0.848837209302326,,,,5
5548,jurong,2014,taken,98,0,49,20,73,0,0,240,3
5549,jurong,2014,vacancy,0,0,0,47,73,0,0,240,1
5550,jurong,2015,applied,0,0,0,10,86,0,0,0,2
5551,jurong,2015,ballot,,,,,,,,,4
5552,jurong,2015,odds,,,,1,0.941860465116279,,,,5
5553,jurong,2015,taken,102,0,50,7,81,0,0,240,3
5554,jurong,2015,vacancy,0,0,0,44,81,0,0,240,1
5555,jurong,2016,applied,0,0,0,0,101,21,0,0,2
5556,jurong,2016,ballot,,,,,,,,,4
5557,jurong,2016,odds,,,,1,1,0.666666666666667,,,5
5558,jurong,2016,taken,91,0,35,0,101,14,0,241,3
5559,jurong,2016,vacancy,0,0,0,57,115,14,0,240,1
5560,jurong,2017,applied,0,0,0,0,88,4,0,0,2
5561,jurong,2017,ballot,,,,,,,,,4
5562,jurong,2017,odds,,,,1,1,0.5,,,5
5563,jurong,2017,taken,82,0,40,0,88,2,0,212,3
5564,jurong,2017,vacancy,0,0,0,44,90,2,0,210,1
5565,jurong,2018,applied,0,0,0,2,55,0,0,0,2
5566,jurong,2018,ballot,,,,,,,,,4
5567,jurong,2018,odds,,,,1,0.945454545454545,,,,5
5568,jurong,2018,taken,109,0,49,0,52,0,0,210,3
5569,jurong,2018,vacancy,0,0,0,26,52,0,0,210,1
5570,jurong,2019,applied,84,0,30,0,69,0,0,0,2
5571,jurong,2019,ballot,,,,,PR<1,,,,4
5572,jurong,2019,odds,,,,,0.956521739130435,,,,5
5573,jurong,2019,taken,84,0,30,0,66,0,0,180,3
5574,jurong,2019,vacancy,140,56,56,33,66,0,0,180,1
5575,jurong,2020,applied,92,0,39,0,60,0,0,0,2
5576,jurong,2020,ballot,,,,,SC1-2,,,,4
5577,jurong,2020,odds,,,,,0.816666666666667,,,,5
5578,jurong,2020,taken,92,0,39,0,49,0,0,180,3
5579,jurong,2020,vacancy,140,48,48,25,49,0,0,180,1
5580,jurong,2021,applied,72,0,36,0,80,20,0,0,2
5581,jurong,2021,ballot,,,,,,SC<1,,,4
5582,jurong,2021,odds,,,,,,0.3,,,5
5583,jurong,2021,taken,72,0,36,0,80,6,0,194,3
5584,jurong,2021,vacancy,150,78,78,41,86,6,0,190,1
5585,jurong,2022,applied,80,21,0,0,55,41,0,0,2
5586,jurong,2022,ballot,,,,,,SC<1,,,4
5587,jurong,2022,odds,,,,,,0.658536585365854,,,5
5588,jurong,2022,taken,80,21,0,0,55,27,0,183,3
5589,jurong,2022,vacancy,120,40,0,26,82,27,0,180,1
5590,jurong,2023,applied,59,37,0,0,73,72,0,0,2
5591,jurong,2023,ballot,,,,,,SC1-2,,,4
5592,jurong,2023,odds,,,,,,0.722222222222222,,,5
5593,jurong,2023,taken,59,37,0,0,73,52,0,221,3
5594,jurong,2023,vacancy,160,101,0,41,125,52,0,220,1
5595,jurong-west,2009,applied,0,0,0,26,205,0,0,0,2
5596,jurong-west,2009,ballot,,,,,,,,,4
5597,jurong-west,2009,odds,,,,1,0.395121951219512,,,,5
5598,jurong-west,2009,taken,120,0,13,26,81,0,0,240,3
5599,jurong-west,2009,vacancy,0,0,0,54,81,0,0,240,1
5600,jurong-west,2010,applied,0,0,0,32,225,0,0,0,2
5601,jurong-west,2010,ballot,,,,,,,,,4
5602,jurong-west,2010,odds,,,,1,0.506666666666667,,,,5
5603,jurong-west,2010,taken,103,0,21,32,114,0,0,270,3
5604,jurong-west,2010,vacancy,0,0,0,73,114,0,0,270,1
5605,jurong-west,2011,applied,0,0,0,35,116,45,0,0,2
5606,jurong-west,2011,ballot,,,,,,,,,4
5607,jurong-west,2011,odds,,,,1,1,0.288888888888889,,,5
5608,jurong-west,2011,taken,96,0,11,34,116,13,0,270,3
5609,jurong-west,2011,vacancy,0,0,0,82,129,13,0,270,1
5610,jurong-west,2012,applied,0,0,0,30,128,0,0,0,2
5611,jurong-west,2012,ballot,,,,,,,,,4
5612,jurong-west,2012,odds,,,,1,0.6875,,,,5
5613,jurong-west,2012,taken,109,1,12,30,88,0,0,240,3
5614,jurong-west,2012,vacancy,0,0,0,59,88,0,0,240,1
5615,jurong-west,2013,applied,0,0,0,15,125,0,0,0,2
5616,jurong-west,2013,ballot,,,,,,,,,4
5617,jurong-west,2013,odds,,,,1,0.736,,,,5
5618,jurong-west,2013,taken,119,0,14,15,92,0,0,240,3
5619,jurong-west,2013,vacancy,0,0,0,54,92,0,0,240,1
5620,jurong-west,2014,applied,0,0,0,13,146,0,0,0,2
5621,jurong-west,2014,ballot,,,,,,,,,4
5622,jurong-west,2014,odds,,,,1,0.678082191780822,,,,5
5623,jurong-west,2014,taken,119,0,9,13,99,0,0,240,3
5624,jurong-west,2014,vacancy,0,0,0,56,99,0,0,240,1
5625,jurong-west,2015,applied,0,0,0,6,145,0,0,0,2
5626,jurong-west,2015,ballot,,,,,,,,,4
5627,jurong-west,2015,odds,,,,1,0.848275862068966,,,,5
5628,jurong-west,2015,taken,100,0,12,5,123,0,0,240,3
5629,jurong-west,2015,vacancy,0,0,0,64,123,0,0,240,1
5630,jurong-west,2016,applied,0,0,0,8,122,10,0,0,2
5631,jurong-west,2016,ballot,,,,,,,,,4
5632,jurong-west,2016,odds,,,,1,1,0.8,,,5
5633,jurong-west,2016,taken,88,0,14,8,122,8,0,240,3
5634,jurong-west,2016,vacancy,0,0,0,69,130,8,0,240,1
5635,jurong-west,2017,applied,0,0,0,5,89,0,0,0,2
5636,jurong-west,2017,ballot,,,,,,,,,4
5637,jurong-west,2017,odds,,,,1,0.831460674157303,,,,5
5638,jurong-west,2017,taken,111,0,20,5,74,0,0,210,3
5639,jurong-west,2017,vacancy,0,0,0,40,74,0,0,210,1
5640,jurong-west,2018,applied,0,0,0,20,105,0,0,0,2
5641,jurong-west,2018,ballot,,,,,,,,,4
5642,jurong-west,2018,odds,,,,1,0.876190476190476,,,,5
5643,jurong-west,2018,taken,87,0,11,20,92,0,0,210,3
5644,jurong-west,2018,vacancy,0,0,0,56,92,0,0,210,1
5645,jurong-west,2019,applied,73,0,17,11,87,0,0,0,2
5646,jurong-west,2019,ballot,,,,,SC1-2,,,,4
5647,jurong-west,2019,odds,,,,,0.919540229885057,,,,5
5648,jurong-west,2019,taken,73,0,17,11,80,0,0,181,3
5649,jurong-west,2019,vacancy,140,67,67,46,80,0,0,180,1
5650,jurong-west,2020,applied,83,2,15,11,74,0,0,0,2
5651,jurong-west,2020,ballot,,,,,SC#,,,,4
5652,jurong-west,2020,odds,,,,,0.945945945945946,,,,5
5653,jurong-west,2020,taken,83,2,15,11,70,0,0,181,3
5654,jurong-west,2020,vacancy,140,57,55,41,70,0,0,180,1
5655,jurong-west,2021,applied,72,1,17,6,111,0,0,0,2
5656,jurong-west,2021,ballot,,,,,SC1-2,,,,4
5657,jurong-west,2021,odds,,,,,0.765765765765766,,,,5
5658,jurong-west,2021,taken,72,1,17,6,85,0,0,181,3
5659,jurong-west,2021,vacancy,140,68,67,45,85,0,0,180,1
5660,jurong-west,2022,applied,87,12,0,4,93,0,0,0,2
5661,jurong-west,2022,ballot,,,,,SC#,,,,4
5662,jurong-west,2022,odds,,,,,0.838709677419355,,,,5
5663,jurong-west,2022,taken,87,12,0,4,78,0,0,181,3
5664,jurong-west,2022,vacancy,120,33,0,27,78,0,0,180,1
5665,jurong-west,2023,applied,57,65,0,1,63,0,0,0,2
5666,jurong-west,2023,ballot,,PR<1,,,PR<1,,,,4
5667,jurong-west,2023,odds,,0.969230769230769,,,0.952380952380952,,,,5
5668,jurong-west,2023,taken,57,63,0,1,60,0,0,181,3
5669,jurong-west,2023,vacancy,120,63,0,20,60,0,0,180,1
5670,juying,2009,applied,0,0,0,0,28,71,0,0,2
5671,juying,2009,ballot,,,,,,,,,4
5672,juying,2009,odds,,,,1,1,1,1,,5
5673,juying,2009,taken,92,0,3,0,28,71,0,194,3
5674,juying,2009,vacancy,0,0,0,73,146,118,20,240,1
5675,juying,2010,applied,0,0,0,0,25,71,0,0,2
5676,juying,2010,ballot,,,,,,,,,4
5677,juying,2010,odds,,,,1,1,1,1,,5
5678,juying,2010,taken,71,0,3,0,25,71,0,170,3
5679,juying,2010,vacancy,0,0,0,68,136,113,14,210,1
5680,juying,2011,applied,0,0,0,0,24,8,0,0,2
5681,juying,2011,ballot,,,,,,,,,4
5682,juying,2011,odds,,,,1,1,1,1,,5
5683,juying,2011,taken,81,1,2,0,23,100,0,207,3
5684,juying,2011,vacancy,0,0,0,78,162,139,39,240,1
5685,juying,2012,applied,0,0,0,0,16,20,0,0,2
5686,juying,2012,ballot,,,,,,,,,4
5687,juying,2012,odds,,,,1,1,1,1,,5
5688,juying,2012,taken,63,0,2,0,16,113,0,194,3
5689,juying,2012,vacancy,0,0,0,88,175,159,46,240,1
5690,juying,2013,applied,0,0,0,1,23,21,0,0,2
5691,juying,2013,ballot,,,,,,,,,4
5692,juying,2013,odds,,,,1,1,1,1,,5
5693,juying,2013,taken,49,0,2,1,23,144,0,219,3
5694,juying,2013,vacancy,0,0,0,95,188,165,21,240,1
5695,juying,2014,applied,0,0,0,0,7,33,0,0,2
5696,juying,2014,ballot,,,,,,,,,4
5697,juying,2014,odds,,,,1,1,1,1,,5
5698,juying,2014,taken,42,1,6,0,7,33,0,89,3
5699,juying,2014,vacancy,0,0,0,96,191,184,151,240,1
5700,juying,2015,applied,0,0,0,0,13,5,0,0,2
5701,juying,2015,ballot,,,,,,,,,4
5702,juying,2015,odds,,,,1,1,1,1,,5
5703,juying,2015,taken,43,0,2,0,12,5,0,62,3
5704,juying,2015,vacancy,0,0,0,83,165,153,148,210,1
5705,juying,2016,applied,0,0,0,0,10,3,0,0,2
5706,juying,2016,ballot,,,,,,,,,4
5707,juying,2016,odds,,,,1,1,1,1,,5
5708,juying,2016,taken,27,0,2,0,9,3,0,41,3
5709,juying,2016,vacancy,0,0,0,61,122,113,110,150,1
5710,juying,2017,applied,0,0,0,0,19,30,0,0,2
5711,juying,2017,ballot,,,,,,,,,4
5712,juying,2017,odds,,,,1,1,1,1,,5
5713,juying,2017,taken,21,0,4,0,18,30,0,73,3
5714,juying,2017,vacancy,0,0,0,63,126,108,78,150,1
5715,juying,2018,applied,0,0,0,0,18,26,0,0,2
5716,juying,2018,ballot,,,,,,,,,4
5717,juying,2018,odds,,,,1,1,1,1,,5
5718,juying,2018,taken,18,0,1,0,18,26,0,63,3
5719,juying,2018,vacancy,0,0,0,81,161,143,117,180,1
5720,juying,2019,applied,23,0,1,0,10,8,0,0,2
5721,juying,2019,ballot,,,,,,,,,4
5722,juying,2019,odds,,,,,,,,,5
5723,juying,2019,taken,23,0,1,0,10,8,0,42,3
5724,juying,2019,vacancy,50,27,27,33,66,56,48,90,1
5725,juying,2020,applied,22,0,2,0,10,30,0,0,2
5726,juying,2020,ballot,,,,,,,,,4
5727,juying,2020,odds,,,,,,,,,5
5728,juying,2020,taken,22,0,2,0,10,30,0,64,3
5729,juying,2020,vacancy,80,58,58,48,96,86,56,120,1
5730,keming,2009,applied,0,0,0,11,110,0,0,0,2
5731,keming,2009,ballot,,,,,,,,,4
5732,keming,2009,odds,,,,1,0.9,,,,5
5733,keming,2009,taken,84,1,16,11,99,0,0,211,3
5734,keming,2009,vacancy,0,0,0,55,99,0,0,210,1
5735,keming,2010,applied,0,0,0,18,103,0,0,0,2
5736,keming,2010,ballot,,,,,,,,,4
5737,keming,2010,odds,,,,1,0.747572815533981,,,,5
5738,keming,2010,taken,98,1,16,18,77,0,0,210,3
5739,keming,2010,vacancy,0,0,0,47,77,0,0,210,1
5740,keming,2011,applied,0,0,0,27,135,0,0,0,2
5741,keming,2011,ballot,,,,,,,,,4
5742,keming,2011,odds,,,,1,0.651851851851852,,,,5
5743,keming,2011,taken,82,0,14,27,88,0,0,211,3
5744,keming,2011,vacancy,0,0,0,57,88,0,0,210,1
5745,keming,2012,applied,0,0,0,33,101,0,0,0,2
5746,keming,2012,ballot,,,,,,,,,4
5747,keming,2012,odds,,,,1,0.792079207920792,,,,5
5748,keming,2012,taken,74,0,23,33,80,0,0,210,3
5749,keming,2012,vacancy,0,0,0,57,80,0,0,210,1
5750,keming,2013,applied,0,0,0,19,120,0,0,0,2
5751,keming,2013,ballot,,,,,,,,,4
5752,keming,2013,odds,,,,1,0.791666666666667,,,,5
5753,keming,2013,taken,70,1,25,19,95,0,0,210,3
5754,keming,2013,vacancy,0,0,0,57,95,0,0,210,1
5755,keming,2014,applied,0,0,0,24,82,0,0,0,2
5756,keming,2014,ballot,,,,,,,,,4
5757,keming,2014,odds,,,,1,0.768292682926829,,,,5
5758,keming,2014,taken,100,1,22,24,63,0,0,210,3
5759,keming,2014,vacancy,0,0,0,44,63,0,0,210,1
5760,keming,2015,applied,0,0,0,31,95,0,0,0,2
5761,keming,2015,ballot,,,,,,,,,4
5762,keming,2015,odds,,,,1,0.673684210526316,,,,5
5763,keming,2015,taken,88,1,28,29,64,0,0,210,3
5764,keming,2015,vacancy,0,0,0,47,64,0,0,210,1
5765,keming,2016,applied,0,0,0,17,120,0,0,0,2
5766,keming,2016,ballot,,,,,,,,,4
5767,keming,2016,odds,,,,1,0.808333333333333,,,,5
5768,keming,2016,taken,65,0,33,15,97,0,0,210,3
5769,keming,2016,vacancy,0,0,0,56,97,0,0,210,1
5770,keming,2017,applied,0,0,0,15,131,0,0,0,2
5771,keming,2017,ballot,,,,,,,,,4
5772,keming,2017,odds,,,,1,0.702290076335878,,,,5
5773,keming,2017,taken,82,3,20,13,92,0,0,210,3
5774,keming,2017,vacancy,0,0,0,53,92,0,0,210,1
5775,keming,2018,applied,0,0,0,23,110,0,0,0,2
5776,keming,2018,ballot,,,,,,,,,4
5777,keming,2018,odds,,,,1,0.581818181818182,,,,5
5778,keming,2018,taken,91,5,29,21,64,0,0,210,3
5779,keming,2018,vacancy,0,0,0,43,64,0,0,210,1
5780,keming,2019,applied,99,2,31,13,135,0,0,0,2
5781,keming,2019,ballot,,,,,SC<1,,,,4
5782,keming,2019,odds,,,,,0.503703703703704,,,,5
5783,keming,2019,taken,99,2,31,13,68,0,0,213,3
5784,keming,2019,vacancy,170,71,69,40,68,0,0,210,1
5785,keming,2020,applied,82,3,38,21,144,0,0,0,2
5786,keming,2020,ballot,,,,,SC<1,,,,4
5787,keming,2020,odds,,,,,0.465277777777778,,,,5
5788,keming,2020,taken,82,3,38,21,67,0,0,211,3
5789,keming,2020,vacancy,170,88,85,44,67,0,0,210,1
5790,keming,2021,applied,88,2,40,16,126,0,0,0,2
5791,keming,2021,ballot,,,,,SC<1,,,,4
5792,keming,2021,odds,,,,,0.523809523809524,,,,5
5793,keming,2021,taken,88,2,40,16,66,0,0,212,3
5794,keming,2021,vacancy,170,82,80,40,66,0,0,210,1
5795,keming,2022,applied,100,49,0,19,121,0,0,0,2
5796,keming,2022,ballot,,,,,SC<1,,,,4
5797,keming,2022,odds,,,,,0.43801652892562,,,,5
5798,keming,2022,taken,100,49,0,19,53,0,0,221,3
5799,keming,2022,vacancy,160,60,0,24,53,0,0,220,1
5800,keming,2023,applied,100,51,0,8,138,0,0,0,2
5801,keming,2023,ballot,,,,,SC<1,,,,4
5802,keming,2023,odds,,,,,0.594202898550725,,,,5
5803,keming,2023,taken,100,51,0,8,82,0,0,241,3
5804,keming,2023,vacancy,180,80,0,30,82,0,0,240,1
5805,kheng-cheng,2009,applied,0,0,0,0,112,38,0,0,2
5806,kheng-cheng,2009,ballot,,,,,,,,,4
5807,kheng-cheng,2009,odds,,,,1,1,0.868421052631579,,,5
5808,kheng-cheng,2009,taken,78,0,18,0,112,33,0,241,3
5809,kheng-cheng,2009,vacancy,0,0,0,72,145,33,0,240,1
5810,kheng-cheng,2010,applied,0,0,0,2,108,43,0,0,2
5811,kheng-cheng,2010,ballot,,,,,,,,,4
5812,kheng-cheng,2010,odds,,,,1,1,0.651162790697674,,,5
5813,kheng-cheng,2010,taken,90,0,15,2,108,28,0,243,3
5814,kheng-cheng,2010,vacancy,0,0,0,68,133,28,0,240,1
5815,kheng-cheng,2011,applied,0,0,0,3,149,0,0,0,2
5816,kheng-cheng,2011,ballot,,,,,,,,,4
5817,kheng-cheng,2011,odds,,,,1,1,,,,5
5818,kheng-cheng,2011,taken,74,0,15,3,149,0,0,241,3
5819,kheng-cheng,2011,vacancy,0,0,0,76,149,0,0,240,1
5820,kheng-cheng,2012,applied,0,0,0,5,134,0,0,0,2
5821,kheng-cheng,2012,ballot,,,,,,,,,4
5822,kheng-cheng,2012,odds,,,,1,0.91044776119403,,,,5
5823,kheng-cheng,2012,taken,91,0,22,5,122,0,0,240,3
5824,kheng-cheng,2012,vacancy,0,0,0,64,122,0,0,240,1
5825,kheng-cheng,2013,applied,0,0,0,3,142,0,0,0,2
5826,kheng-cheng,2013,ballot,,,,,,,,,4
5827,kheng-cheng,2013,odds,,,,1,0.936619718309859,,,,5
5828,kheng-cheng,2013,taken,87,0,17,3,133,0,0,240,3
5829,kheng-cheng,2013,vacancy,0,0,0,68,133,0,0,240,1
5830,kheng-cheng,2014,applied,0,0,0,0,150,0,0,0,2
5831,kheng-cheng,2014,ballot,,,,,,,,,4
5832,kheng-cheng,2014,odds,,,,1,0.913333333333333,,,,5
5833,kheng-cheng,2014,taken,88,0,15,0,137,0,0,240,3
5834,kheng-cheng,2014,vacancy,0,0,0,69,137,0,0,240,1
5835,kheng-cheng,2015,applied,0,0,0,2,117,0,0,0,2
5836,kheng-cheng,2015,ballot,,,,,,,,,4
5837,kheng-cheng,2015,odds,,,,1,0.837606837606838,,,,5
5838,kheng-cheng,2015,taken,116,0,25,1,98,0,0,240,3
5839,kheng-cheng,2015,vacancy,0,0,0,50,98,0,0,240,1
5840,kheng-cheng,2016,applied,0,0,0,0,138,0,0,0,2
5841,kheng-cheng,2016,ballot,,,,,,,,,4
5842,kheng-cheng,2016,odds,,,,1,1,,,,5
5843,kheng-cheng,2016,taken,88,0,16,0,138,0,0,242,3
5844,kheng-cheng,2016,vacancy,0,0,0,68,138,0,0,240,1
5845,kheng-cheng,2017,applied,0,0,0,0,160,0,0,0,2
5846,kheng-cheng,2017,ballot,,,,,,,,,4
5847,kheng-cheng,2017,odds,,,,1,0.9375,,,,5
5848,kheng-cheng,2017,taken,70,0,21,0,150,0,0,241,3
5849,kheng-cheng,2017,vacancy,0,0,0,75,150,0,0,240,1
5850,kheng-cheng,2018,applied,0,0,0,2,133,0,0,0,2
5851,kheng-cheng,2018,ballot,,,,,,,,,4
5852,kheng-cheng,2018,odds,,,,1,0.87218045112782,,,,5
5853,kheng-cheng,2018,taken,95,0,27,2,116,0,0,240,3
5854,kheng-cheng,2018,vacancy,0,0,0,59,116,0,0,240,1
5855,kheng-cheng,2019,applied,71,0,19,0,129,27,0,0,2
5856,kheng-cheng,2019,ballot,,,,,,SC<1,,,4
5857,kheng-cheng,2019,odds,,,,,,0.777777777777778,,,5
5858,kheng-cheng,2019,taken,71,0,19,0,129,21,0,240,3
5859,kheng-cheng,2019,vacancy,200,129,129,75,150,21,0,240,1
5860,kheng-cheng,2020,applied,85,3,18,3,140,0,0,0,2
5861,kheng-cheng,2020,ballot,,,,,PR<1,,,,4
5862,kheng-cheng,2020,odds,,,,,0.942857142857143,,,,5
5863,kheng-cheng,2020,taken,85,3,18,3,132,0,0,241,3
5864,kheng-cheng,2020,vacancy,200,115,112,67,132,0,0,240,1
5865,kheng-cheng,2021,applied,125,3,20,0,127,0,0,0,2
5866,kheng-cheng,2021,ballot,,,,,SC<1,,,,4
5867,kheng-cheng,2021,odds,,,,,0.740157480314961,,,,5
5868,kheng-cheng,2021,taken,125,3,20,0,94,0,0,242,3
5869,kheng-cheng,2021,vacancy,200,75,72,46,94,0,0,240,1
5870,kheng-cheng,2022,applied,83,15,0,4,111,55,0,0,2
5871,kheng-cheng,2022,ballot,,,,,,SC<1#,,,4
5872,kheng-cheng,2022,odds,,,,,,0.545454545454545,,,5
5873,kheng-cheng,2022,taken,83,15,0,4,111,30,0,243,3
5874,kheng-cheng,2022,vacancy,180,98,0,48,141,30,0,240,1
5875,kheng-cheng,2023,applied,71,47,0,1,110,28,0,0,2
5876,kheng-cheng,2023,ballot,,,,,,SC<1,,,4
5877,kheng-cheng,2023,odds,,,,,,0.392857142857143,,,5
5878,kheng-cheng,2023,taken,71,47,0,1,110,11,0,240,3
5879,kheng-cheng,2023,vacancy,180,109,0,41,121,11,0,240,1
5880,kong-hwa,2009,applied,0,0,0,63,66,0,0,0,2
5881,kong-hwa,2009,ballot,,,,,,,,,4
5882,kong-hwa,2009,odds,,,,0.873015873015873,0.833333333333333,,,,5
5883,kong-hwa,2009,taken,106,13,42,55,55,0,0,271,3
5884,kong-hwa,2009,vacancy,0,0,0,55,55,0,0,270,1
5885,kong-hwa,2010,applied,0,0,0,76,80,0,0,0,2
5886,kong-hwa,2010,ballot,,,,,,,,,4
5887,kong-hwa,2010,odds,,,,0.657894736842105,0.6125,,,,5
5888,kong-hwa,2010,taken,112,12,47,50,49,0,0,270,3
5889,kong-hwa,2010,vacancy,0,0,0,50,49,0,0,270,1
5890,kong-hwa,2011,applied,0,0,0,69,82,0,0,0,2
5891,kong-hwa,2011,ballot,,,,,,,,,4
5892,kong-hwa,2011,odds,,,,0.681159420289855,0.585365853658537,,,,5
5893,kong-hwa,2011,taken,128,9,39,47,48,0,0,271,3
5894,kong-hwa,2011,vacancy,0,0,0,47,48,0,0,270,1
5895,kong-hwa,2012,applied,0,0,0,79,77,0,0,0,2
5896,kong-hwa,2012,ballot,,,,,,,,,4
5897,kong-hwa,2012,odds,,,,0.518987341772152,0.532467532467532,,,,5
5898,kong-hwa,2012,taken,120,12,56,41,41,0,0,270,3
5899,kong-hwa,2012,vacancy,0,0,0,41,41,0,0,270,1
5900,kong-hwa,2013,applied,0,0,0,46,75,0,0,0,2
5901,kong-hwa,2013,ballot,,,,,,,,,4
5902,kong-hwa,2013,odds,,,,0.891304347826087,0.546666666666667,,,,5
5903,kong-hwa,2013,taken,124,18,46,41,41,0,0,270,3
5904,kong-hwa,2013,vacancy,0,0,0,41,41,0,0,270,1
5905,kong-hwa,2014,applied,0,0,0,47,67,0,0,0,2
5906,kong-hwa,2014,ballot,,,,,,,,,4
5907,kong-hwa,2014,odds,,,,0.702127659574468,0.492537313432836,,,,5
5908,kong-hwa,2014,taken,129,32,43,33,33,0,0,270,3
5909,kong-hwa,2014,vacancy,0,0,0,33,33,0,0,270,1
5910,kong-hwa,2015,applied,0,0,0,53,62,0,0,0,2
5911,kong-hwa,2015,ballot,,,,,,,,,4
5912,kong-hwa,2015,odds,,,,0.867924528301887,0.790322580645161,,,,5
5913,kong-hwa,2015,taken,123,29,26,43,49,0,0,270,3
5914,kong-hwa,2015,vacancy,0,0,0,46,49,0,0,270,1
5915,kong-hwa,2016,applied,0,0,0,51,69,0,0,0,2
5916,kong-hwa,2016,ballot,,,,,,,,,4
5917,kong-hwa,2016,odds,,,,1,0.782608695652174,,,,5
5918,kong-hwa,2016,taken,102,31,34,49,54,0,0,270,3
5919,kong-hwa,2016,vacancy,0,0,0,52,54,0,0,270,1
5920,kong-hwa,2017,applied,0,0,0,43,56,0,0,0,2
5921,kong-hwa,2017,ballot,,,,,,,,,4
5922,kong-hwa,2017,odds,,,,1,0.857142857142857,,,,5
5923,kong-hwa,2017,taken,113,33,33,43,48,0,0,270,3
5924,kong-hwa,2017,vacancy,0,0,0,46,48,0,0,270,1
5925,kong-hwa,2018,applied,0,0,0,31,53,0,0,0,2
5926,kong-hwa,2018,ballot,,,,,,,,,4
5927,kong-hwa,2018,odds,,,,0.774193548387097,0.452830188679245,,,,5
5928,kong-hwa,2018,taken,143,42,37,24,24,0,0,270,3
5929,kong-hwa,2018,vacancy,0,0,0,24,24,0,0,270,1
5930,kong-hwa,2019,applied,106,33,29,43,79,0,0,0,2
5931,kong-hwa,2019,ballot,,,,,SC<1,,,,4
5932,kong-hwa,2019,odds,,,,,0.772151898734177,,,,5
5933,kong-hwa,2019,taken,106,33,29,43,61,0,0,272,3
5934,kong-hwa,2019,vacancy,230,124,91,51,61,0,0,270,1
5935,kong-hwa,2020,applied,115,43,31,41,91,0,0,0,2
5936,kong-hwa,2020,ballot,,,,,SC<1,,,,4
5937,kong-hwa,2020,odds,,,,,0.483516483516484,,,,5
5938,kong-hwa,2020,taken,115,43,31,41,44,0,0,274,3
5939,kong-hwa,2020,vacancy,230,116,73,42,44,0,0,270,1
5940,kong-hwa,2021,applied,129,31,26,45,72,0,0,0,2
5941,kong-hwa,2021,ballot,,,,SC>2,SC<1,,,,4
5942,kong-hwa,2021,odds,,,,0.955555555555556,0.583333333333333,,,,5
5943,kong-hwa,2021,taken,129,31,26,43,42,0,0,271,3
5944,kong-hwa,2021,vacancy,230,101,70,43,42,0,0,270,1
5945,kong-hwa,2022,applied,99,75,0,65,129,0,0,0,2
5946,kong-hwa,2022,ballot,,,,SC<1,SC<1,,,,4
5947,kong-hwa,2022,odds,,,,0.492307692307692,0.496124031007752,,,,5
5948,kong-hwa,2022,taken,99,75,0,32,64,0,0,270,3
5949,kong-hwa,2022,vacancy,210,111,0,32,64,0,0,270,1
5950,kong-hwa,2023,applied,110,74,0,57,84,0,0,0,2
5951,kong-hwa,2023,ballot,,,,SC<1,SC<1,,,,4
5952,kong-hwa,2023,odds,,,,0.508771929824561,0.678571428571429,,,,5
5953,kong-hwa,2023,taken,110,74,0,29,57,0,0,270,3
5954,kong-hwa,2023,vacancy,210,100,0,29,57,0,0,270,1
5955,kranji,2009,applied,0,0,0,2,32,101,0,0,2
5956,kranji,2009,ballot,,,,,,,,,4
5957,kranji,2009,odds,,,,1,1,1,1,,5
5958,kranji,2009,taken,77,0,10,2,32,101,0,222,3
5959,kranji,2009,vacancy,0,0,0,92,186,154,41,270,1
5960,kranji,2010,applied,0,0,0,1,34,86,0,0,2
5961,kranji,2010,ballot,,,,,,,,,4
5962,kranji,2010,odds,,,,1,1,1,1,,5
5963,kranji,2010,taken,78,0,9,1,34,86,0,208,3
5964,kranji,2010,vacancy,0,0,0,92,182,149,48,270,1
5965,kranji,2011,applied,0,0,0,1,35,57,0,0,2
5966,kranji,2011,ballot,,,,,,,,,4
5967,kranji,2011,odds,,,,1,1,1,1,,5
5968,kranji,2011,taken,81,0,7,1,35,67,0,191,3
5969,kranji,2011,vacancy,0,0,0,76,151,116,49,240,1
5970,kranji,2012,applied,0,0,0,0,35,46,0,0,2
5971,kranji,2012,ballot,,,,,,,,,4
5972,kranji,2012,odds,,,,1,1,1,1,,5
5973,kranji,2012,taken,78,0,4,0,35,51,0,168,3
5974,kranji,2012,vacancy,0,0,0,79,158,123,72,240,1
5975,kranji,2013,applied,0,0,0,1,34,30,0,0,2
5976,kranji,2013,ballot,,,,,,,,,4
5977,kranji,2013,odds,,,,1,1,1,1,,5
5978,kranji,2013,taken,57,0,8,1,34,89,0,189,3
5979,kranji,2013,vacancy,0,0,0,73,144,112,23,210,1
5980,kranji,2014,applied,0,0,0,0,29,19,0,0,2
5981,kranji,2014,ballot,,,,,,,,,4
5982,kranji,2014,odds,,,,1,1,1,1,,5
5983,kranji,2014,taken,51,0,4,0,28,19,0,102,3
5984,kranji,2014,vacancy,0,0,0,78,155,127,108,210,1
5985,kranji,2015,applied,0,0,0,0,20,9,0,0,2
5986,kranji,2015,ballot,,,,,,,,,4
5987,kranji,2015,odds,,,,1,1,1,1,,5
5988,kranji,2015,taken,43,0,8,0,20,9,0,80,3
5989,kranji,2015,vacancy,0,0,0,80,160,140,131,210,1
5990,kranji,2016,applied,0,0,0,0,12,2,0,0,2
5991,kranji,2016,ballot,,,,,,,,,4
5992,kranji,2016,odds,,,,1,1,1,1,,5
5993,kranji,2016,taken,31,0,5,0,12,2,0,50,3
5994,kranji,2016,vacancy,0,0,0,57,115,103,101,150,1
5995,kranji,2017,applied,0,0,0,0,10,9,0,0,2
5996,kranji,2017,ballot,,,,,,,,,4
5997,kranji,2017,odds,,,,1,1,1,1,,5
5998,kranji,2017,taken,33,0,3,0,9,9,0,54,3
5999,kranji,2017,vacancy,0,0,0,57,114,105,96,150,1
6000,kranji,2018,applied,0,0,0,0,16,9,0,0,2
6001,kranji,2018,ballot,,,,,,,,,4
6002,kranji,2018,odds,,,,1,1,1,1,,5
6003,kranji,2018,taken,30,0,7,0,15,9,0,61,3
6004,kranji,2018,vacancy,0,0,0,57,113,98,89,150,1
6005,kranji,2019,applied,24,0,4,0,21,6,0,0,2
6006,kranji,2019,ballot,,,,,,,,,4
6007,kranji,2019,odds,,,,,,,,,5
6008,kranji,2019,taken,24,0,4,0,21,6,0,55,3
6009,kranji,2019,vacancy,110,86,86,61,122,102,96,150,1
6010,kranji,2020,applied,31,0,13,0,12,22,0,0,2
6011,kranji,2020,ballot,,,,,,,,,4
6012,kranji,2020,odds,,,,,,,,,5
6013,kranji,2020,taken,31,0,13,0,12,22,0,78,3
6014,kranji,2020,vacancy,170,139,141,84,168,157,135,210,1
6015,kranji,2021,applied,30,0,25,0,13,10,0,0,2
6016,kranji,2021,ballot,,,,,,,,,4
6017,kranji,2021,odds,,,,,,,,,5
6018,kranji,2021,taken,30,0,25,0,13,10,0,78,3
6019,kranji,2021,vacancy,140,110,110,63,125,112,102,180,1
6020,kranji,2022,applied,31,20,0,0,16,7,0,0,2
6021,kranji,2022,ballot,,,,,,,,,4
6022,kranji,2022,odds,,,,,,,,,5
6023,kranji,2022,taken,31,20,0,0,16,7,0,74,3
6024,kranji,2022,vacancy,90,59,0,33,99,84,77,150,1
6025,kranji,2023,applied,35,25,0,0,21,16,0,0,2
6026,kranji,2023,ballot,,,,,,,,,4
6027,kranji,2023,odds,,,,,,,,,5
6028,kranji,2023,taken,35,25,0,0,21,16,0,97,3
6029,kranji,2023,vacancy,60,25,0,20,60,39,23,120,1
6030,kuo-chuan-presbyterian,2009,applied,0,0,0,27,148,0,0,0,2
6031,kuo-chuan-presbyterian,2009,ballot,,,,,,,,,4
6032,kuo-chuan-presbyterian,2009,odds,,,,1,0.824324324324324,,,,5
6033,kuo-chuan-presbyterian,2009,taken,80,0,13,27,122,0,0,242,3
6034,kuo-chuan-presbyterian,2009,vacancy,0,0,0,74,122,0,0,240,1
6035,kuo-chuan-presbyterian,2010,applied,0,0,0,16,148,0,0,0,2
6036,kuo-chuan-presbyterian,2010,ballot,,,,,,,,,4
6037,kuo-chuan-presbyterian,2010,odds,,,,1,0.783783783783784,,,,5
6038,kuo-chuan-presbyterian,2010,taken,99,0,9,16,116,0,0,240,3
6039,kuo-chuan-presbyterian,2010,vacancy,0,0,0,66,116,0,0,240,1
6040,kuo-chuan-presbyterian,2011,applied,0,0,0,34,123,0,0,0,2
6041,kuo-chuan-presbyterian,2011,ballot,,,,,,,,,4
6042,kuo-chuan-presbyterian,2011,odds,,,,1,0.902439024390244,,,,5
6043,kuo-chuan-presbyterian,2011,taken,80,0,17,33,111,0,0,241,3
6044,kuo-chuan-presbyterian,2011,vacancy,0,0,0,72,111,0,0,240,1
6045,kuo-chuan-presbyterian,2012,applied,0,0,0,39,118,0,0,0,2
6046,kuo-chuan-presbyterian,2012,ballot,,,,,,,,,4
6047,kuo-chuan-presbyterian,2012,odds,,,,1,0.898305084745763,,,,5
6048,kuo-chuan-presbyterian,2012,taken,83,0,12,39,106,0,0,240,3
6049,kuo-chuan-presbyterian,2012,vacancy,0,0,0,73,106,0,0,240,1
6050,kuo-chuan-presbyterian,2013,applied,0,0,0,43,88,0,0,0,2
6051,kuo-chuan-presbyterian,2013,ballot,,,,,,,,,4
6052,kuo-chuan-presbyterian,2013,odds,,,,1,0.761363636363636,,,,5
6053,kuo-chuan-presbyterian,2013,taken,93,3,34,43,67,0,0,240,3
6054,kuo-chuan-presbyterian,2013,vacancy,0,0,0,55,67,0,0,240,1
6055,kuo-chuan-presbyterian,2014,applied,0,0,0,57,68,0,0,0,2
6056,kuo-chuan-presbyterian,2014,ballot,,,,,,,,,4
6057,kuo-chuan-presbyterian,2014,odds,,,,1,0.926470588235294,,,,5
6058,kuo-chuan-presbyterian,2014,taken,97,1,23,56,63,0,0,240,3
6059,kuo-chuan-presbyterian,2014,vacancy,0,0,0,60,63,0,0,240,1
6060,kuo-chuan-presbyterian,2015,applied,0,0,0,56,68,0,0,0,2
6061,kuo-chuan-presbyterian,2015,ballot,,,,,,,,,4
6062,kuo-chuan-presbyterian,2015,odds,,,,0.982142857142857,0.838235294117647,,,,5
6063,kuo-chuan-presbyterian,2015,taken,91,2,38,52,57,0,0,240,3
6064,kuo-chuan-presbyterian,2015,vacancy,0,0,0,55,57,0,0,240,1
6065,kuo-chuan-presbyterian,2016,applied,0,0,0,32,108,0,0,0,2
6066,kuo-chuan-presbyterian,2016,ballot,,,,,,,,,4
6067,kuo-chuan-presbyterian,2016,odds,,,,1,0.888888888888889,,,,5
6068,kuo-chuan-presbyterian,2016,taken,81,2,34,27,96,0,0,240,3
6069,kuo-chuan-presbyterian,2016,vacancy,0,0,0,62,96,0,0,240,1
6070,kuo-chuan-presbyterian,2017,applied,0,0,0,34,93,0,0,0,2
6071,kuo-chuan-presbyterian,2017,ballot,,,,,,,,,4
6072,kuo-chuan-presbyterian,2017,odds,,,,1,0.924731182795699,,,,5
6073,kuo-chuan-presbyterian,2017,taken,84,6,30,34,86,0,0,240,3
6074,kuo-chuan-presbyterian,2017,vacancy,0,0,0,60,86,0,0,240,1
6075,kuo-chuan-presbyterian,2018,applied,0,0,0,54,56,0,0,0,2
6076,kuo-chuan-presbyterian,2018,ballot,,,,,,,,,4
6077,kuo-chuan-presbyterian,2018,odds,,,,0.722222222222222,0.767857142857143,,,,5
6078,kuo-chuan-presbyterian,2018,taken,118,13,31,35,43,0,0,240,3
6079,kuo-chuan-presbyterian,2018,vacancy,0,0,0,39,43,0,0,240,1
6080,kuo-chuan-presbyterian,2019,applied,111,10,32,37,73,0,0,0,2
6081,kuo-chuan-presbyterian,2019,ballot,,,,,SC1-2,,,,4
6082,kuo-chuan-presbyterian,2019,odds,,,,,0.753424657534247,,,,5
6083,kuo-chuan-presbyterian,2019,taken,111,10,32,37,55,0,0,245,3
6084,kuo-chuan-presbyterian,2019,vacancy,200,90,81,46,55,0,0,240,1
6085,kuo-chuan-presbyterian,2020,applied,120,9,38,55,50,0,0,0,2
6086,kuo-chuan-presbyterian,2020,ballot,,,,SC<2#,SC<1,,,,4
6087,kuo-chuan-presbyterian,2020,odds,,,,0.672727272727273,0.74,,,,5
6088,kuo-chuan-presbyterian,2020,taken,120,9,38,37,37,0,0,241,3
6089,kuo-chuan-presbyterian,2020,vacancy,200,80,71,37,37,0,0,240,1
6090,kuo-chuan-presbyterian,2021,applied,82,9,34,51,91,0,0,0,2
6091,kuo-chuan-presbyterian,2021,ballot,,,,,SC1-2,,,,4
6092,kuo-chuan-presbyterian,2021,odds,,,,,0.725274725274725,,,,5
6093,kuo-chuan-presbyterian,2021,taken,82,9,34,51,66,0,0,242,3
6094,kuo-chuan-presbyterian,2021,vacancy,200,118,109,58,66,0,0,240,1
6095,kuo-chuan-presbyterian,2022,applied,103,45,0,54,86,0,0,0,2
6096,kuo-chuan-presbyterian,2022,ballot,,,,SC1-2,SC1-2,,,,4
6097,kuo-chuan-presbyterian,2022,odds,,,,0.574074074074074,0.779069767441861,,,,5
6098,kuo-chuan-presbyterian,2022,taken,103,45,0,31,67,0,0,246,3
6099,kuo-chuan-presbyterian,2022,vacancy,180,77,0,31,67,0,0,240,1
6100,kuo-chuan-presbyterian,2023,applied,88,57,0,36,76,0,0,0,2
6101,kuo-chuan-presbyterian,2023,ballot,,,,SC>2,SC1-2,,,,4
6102,kuo-chuan-presbyterian,2023,odds,,,,0.888888888888889,0.881578947368421,,,,5
6103,kuo-chuan-presbyterian,2023,taken,88,57,0,32,67,0,0,244,3
6104,kuo-chuan-presbyterian,2023,vacancy,180,92,0,32,67,0,0,240,1
6105,lakeside,2009,applied,0,0,0,3,90,83,0,0,2
6106,lakeside,2009,ballot,,,,,,,,,4
6107,lakeside,2009,odds,,,,1,1,1,,,5
6108,lakeside,2009,taken,109,0,16,2,90,84,0,301,3
6109,lakeside,2009,vacancy,0,0,0,88,174,84,0,300,1
6110,lakeside,2010,applied,0,0,0,0,98,67,0,0,2
6111,lakeside,2010,ballot,,,,,,,,,4
6112,lakeside,2010,odds,,,,1,1,0.73134328358209,,,5
6113,lakeside,2010,taken,134,0,20,0,98,49,0,301,3
6114,lakeside,2010,vacancy,0,0,0,73,146,49,0,300,1
6115,lakeside,2011,applied,0,0,0,0,115,36,0,0,2
6116,lakeside,2011,ballot,,,,,,,,,4
6117,lakeside,2011,odds,,,,1,1,0.777777777777778,,,5
6118,lakeside,2011,taken,107,0,21,0,115,28,0,271,3
6119,lakeside,2011,vacancy,0,0,0,71,143,28,0,270,1
6120,lakeside,2012,applied,0,0,0,0,147,0,0,0,2
6121,lakeside,2012,ballot,,,,,,,,,4
6122,lakeside,2012,odds,,,,1,0.870748299319728,,,,5
6123,lakeside,2012,taken,98,2,12,0,128,0,0,240,3
6124,lakeside,2012,vacancy,0,0,0,64,128,0,0,240,1
6125,lakeside,2013,applied,0,0,0,2,111,0,0,0,2
6126,lakeside,2013,ballot,,,,,,,,,4
6127,lakeside,2013,odds,,,,1,0.90990990990991,,,,5
6128,lakeside,2013,taken,114,0,23,2,101,0,0,240,3
6129,lakeside,2013,vacancy,0,0,0,52,101,0,0,240,1
6130,lakeside,2014,applied,0,0,0,0,130,0,0,0,2
6131,lakeside,2014,ballot,,,,,,,,,4
6132,lakeside,2014,odds,,,,1,0.946153846153846,,,,5
6133,lakeside,2014,taken,82,0,35,0,123,0,0,240,3
6134,lakeside,2014,vacancy,0,0,0,62,123,0,0,240,1
6135,lakeside,2015,applied,0,0,0,0,127,0,0,0,2
6136,lakeside,2015,ballot,,,,,,,,,4
6137,lakeside,2015,odds,,,,1,0.937007874015748,,,,5
6138,lakeside,2015,taken,106,0,15,0,119,0,0,240,3
6139,lakeside,2015,vacancy,0,0,0,60,119,0,0,240,1
6140,lakeside,2016,applied,0,0,0,0,138,0,0,0,2
6141,lakeside,2016,ballot,,,,,,,,,4
6142,lakeside,2016,odds,,,,1,0.978260869565217,,,,5
6143,lakeside,2016,taken,84,0,21,0,135,0,0,240,3
6144,lakeside,2016,vacancy,0,0,0,68,135,0,0,240,1
6145,lakeside,2017,applied,0,0,0,0,117,0,0,0,2
6146,lakeside,2017,ballot,,,,,,,,,4
6147,lakeside,2017,odds,,,,1,0.931623931623932,,,,5
6148,lakeside,2017,taken,87,0,14,0,109,0,0,210,3
6149,lakeside,2017,vacancy,0,0,0,55,109,0,0,210,1
6150,lakeside,2018,applied,0,0,0,0,106,0,0,0,2
6151,lakeside,2018,ballot,,,,,,,,,4
6152,lakeside,2018,odds,,,,1,0.707547169811321,,,,5
6153,lakeside,2018,taken,109,0,27,0,75,0,0,211,3
6154,lakeside,2018,vacancy,0,0,0,37,75,0,0,210,1
6155,lakeside,2019,applied,92,0,22,0,147,0,0,0,2
6156,lakeside,2019,ballot,,,,,SC>2,,,,4
6157,lakeside,2019,odds,,,,,0.863945578231292,,,,5
6158,lakeside,2019,taken,92,0,22,0,127,0,0,241,3
6159,lakeside,2019,vacancy,200,108,108,64,127,0,0,240,1
6160,lakeside,2020,applied,94,0,20,0,138,0,0,0,2
6161,lakeside,2020,ballot,,,,,PR<1,,,,4
6162,lakeside,2020,odds,,,,,0.91304347826087,,,,5
6163,lakeside,2020,taken,94,0,20,0,126,0,0,240,3
6164,lakeside,2020,vacancy,200,106,106,63,126,0,0,240,1
6165,lakeside,2021,applied,100,1,34,0,143,0,0,0,2
6166,lakeside,2021,ballot,,,,,SC1-2,,,,4
6167,lakeside,2021,odds,,,,,0.734265734265734,,,,5
6168,lakeside,2021,taken,100,1,34,0,105,0,0,240,3
6169,lakeside,2021,vacancy,200,100,99,53,105,0,0,240,1
6170,lakeside,2022,applied,104,23,0,0,124,0,0,0,2
6171,lakeside,2022,ballot,,,,,PR<1,,,,4
6172,lakeside,2022,odds,,,,,0.911290322580645,,,,5
6173,lakeside,2022,taken,104,23,0,0,113,0,0,240,3
6174,lakeside,2022,vacancy,180,76,0,38,113,0,0,240,1
6175,lakeside,2023,applied,82,42,0,0,112,19,0,0,2
6176,lakeside,2023,ballot,,,,,,SC<1,,,4
6177,lakeside,2023,odds,,,,,,0.368421052631579,,,5
6178,lakeside,2023,taken,82,42,0,0,112,7,0,243,3
6179,lakeside,2023,vacancy,180,98,0,39,119,7,0,240,1
6180,lianhua,2009,applied,0,0,0,2,73,24,0,0,2
6181,lianhua,2009,ballot,,,,,,,,,4
6182,lianhua,2009,odds,,,,1,1,0.791666666666667,,,5
6183,lianhua,2009,taken,72,0,15,2,73,19,0,181,3
6184,lianhua,2009,vacancy,0,0,0,47,92,19,0,180,1
6185,lianhua,2010,applied,0,0,0,0,65,38,0,0,2
6186,lianhua,2010,ballot,,,,,,,,,4
6187,lianhua,2010,odds,,,,1,1,1,1,,5
6188,lianhua,2010,taken,69,0,6,0,65,38,0,178,3
6189,lianhua,2010,vacancy,0,0,0,68,135,71,21,210,1
6190,lianhua,2011,applied,0,0,0,0,56,25,0,0,2
6191,lianhua,2011,ballot,,,,,,,,,4
6192,lianhua,2011,odds,,,,1,1,1,1,,5
6193,lianhua,2011,taken,61,0,9,0,56,34,0,160,3
6194,lianhua,2011,vacancy,0,0,0,70,142,86,52,210,1
6195,lianhua,2012,applied,0,0,0,0,57,7,0,0,2
6196,lianhua,2012,ballot,,,,,,,,,4
6197,lianhua,2012,odds,,,,1,1,1,1,,5
6198,lianhua,2012,taken,43,0,9,0,57,50,0,159,3
6199,lianhua,2012,vacancy,0,0,0,79,158,101,51,210,1
6200,lianhua,2013,applied,0,0,0,0,43,16,0,0,2
6201,lianhua,2013,ballot,,,,,,,,,4
6202,lianhua,2013,odds,,,,1,1,1,1,,5
6203,lianhua,2013,taken,56,0,14,0,42,47,0,159,3
6204,lianhua,2013,vacancy,0,0,0,55,110,68,21,180,1
6205,lianhua,2014,applied,0,0,0,0,36,4,0,0,2
6206,lianhua,2014,ballot,,,,,,,,,4
6207,lianhua,2014,odds,,,,1,1,1,1,,5
6208,lianhua,2014,taken,62,0,9,0,34,4,0,109,3
6209,lianhua,2014,vacancy,0,0,0,70,139,105,101,210,1
6210,lianhua,2015,applied,0,0,0,0,49,7,0,0,2
6211,lianhua,2015,ballot,,,,,,,,,4
6212,lianhua,2015,odds,,,,1,1,1,1,,5
6213,lianhua,2015,taken,54,0,6,0,49,7,0,116,3
6214,lianhua,2015,vacancy,0,0,0,60,121,72,65,180,1
6215,lianhua,2016,applied,0,0,0,0,25,11,0,0,2
6216,lianhua,2016,ballot,,,,,,,,,4
6217,lianhua,2016,odds,,,,1,1,1,1,,5
6218,lianhua,2016,taken,39,0,8,0,24,11,0,82,3
6219,lianhua,2016,vacancy,0,0,0,52,103,79,68,150,1
6220,lianhua,2017,applied,0,0,0,0,32,12,0,0,2
6221,lianhua,2017,ballot,,,,,,,,,4
6222,lianhua,2017,odds,,,,1,1,1,1,,5
6223,lianhua,2017,taken,31,0,9,0,32,12,0,84,3
6224,lianhua,2017,vacancy,0,0,0,70,140,108,96,180,1
6225,lianhua,2018,applied,0,0,0,0,44,18,0,0,2
6226,lianhua,2018,ballot,,,,,,,,,4
6227,lianhua,2018,odds,,,,1,1,1,1,,5
6228,lianhua,2018,taken,39,0,15,0,44,18,0,116,3
6229,lianhua,2018,vacancy,0,0,0,78,156,112,94,210,1
6230,lianhua,2019,applied,37,0,9,0,30,34,0,0,2
6231,lianhua,2019,ballot,,,,,,,,,4
6232,lianhua,2019,odds,,,,,,,,,5
6233,lianhua,2019,taken,37,0,9,0,30,34,0,110,3
6234,lianhua,2019,vacancy,140,103,104,68,135,105,71,180,1
6235,lianhua,2020,applied,60,0,4,0,22,71,0,0,2
6236,lianhua,2020,ballot,,,,,,,,,4
6237,lianhua,2020,odds,,,,,,,,,5
6238,lianhua,2020,taken,60,0,4,0,22,71,0,157,3
6239,lianhua,2020,vacancy,200,140,140,88,176,154,83,240,1
6240,lianhua,2021,applied,51,0,16,0,38,42,0,0,2
6241,lianhua,2021,ballot,,,,,,,,,4
6242,lianhua,2021,odds,,,,,,,,,5
6243,lianhua,2021,taken,51,0,16,0,38,42,0,147,3
6244,lianhua,2021,vacancy,200,149,149,87,173,135,93,240,1
6245,lianhua,2022,applied,53,11,0,1,32,60,0,0,2
6246,lianhua,2022,ballot,,,,,,,,,4
6247,lianhua,2022,odds,,,,,,,,,5
6248,lianhua,2022,taken,53,11,0,1,32,60,0,157,3
6249,lianhua,2022,vacancy,240,187,0,79,235,203,143,300,1
6250,lianhua,2023,applied,53,17,0,0,36,51,0,0,2
6251,lianhua,2023,ballot,,,,,,,,,4
6252,lianhua,2023,odds,,,,,,,,,5
6253,lianhua,2023,taken,53,17,0,0,36,51,0,157,3
6254,lianhua,2023,vacancy,260,207,0,84,252,216,165,320,1
6255,maha-bodhi,2009,applied,0,0,0,55,71,0,0,0,2
6256,maha-bodhi,2009,ballot,,,,,,,,,4
6257,maha-bodhi,2009,odds,,,,1,0.816901408450704,,,,5
6258,maha-bodhi,2009,taken,141,19,61,55,58,0,0,334,3
6259,maha-bodhi,2009,vacancy,0,0,0,55,58,0,0,330,1
6260,maha-bodhi,2010,applied,0,0,0,56,67,0,0,0,2
6261,maha-bodhi,2010,ballot,,,,,,,,,4
6262,maha-bodhi,2010,odds,,,,0.982142857142857,0.82089552238806,,,,5
6263,maha-bodhi,2010,taken,147,12,60,56,55,0,0,330,3
6264,maha-bodhi,2010,vacancy,0,0,0,55,55,0,0,330,1
6265,maha-bodhi,2011,applied,0,0,0,55,69,0,0,0,2
6266,maha-bodhi,2011,ballot,,,,,,,,,4
6267,maha-bodhi,2011,odds,,,,1,0.811594202898551,,,,5
6268,maha-bodhi,2011,taken,125,20,75,55,56,0,0,331,3
6269,maha-bodhi,2011,vacancy,0,0,0,55,56,0,0,330,1
6270,maha-bodhi,2012,applied,0,0,0,61,66,0,0,0,2
6271,maha-bodhi,2012,ballot,,,,,,,,,4
6272,maha-bodhi,2012,odds,,,,0.704918032786885,0.651515151515151,,,,5
6273,maha-bodhi,2012,taken,136,23,85,43,43,0,0,330,3
6274,maha-bodhi,2012,vacancy,0,0,0,43,43,0,0,330,1
6275,maha-bodhi,2013,applied,0,0,0,44,63,0,0,0,2
6276,maha-bodhi,2013,ballot,,,,,,,,,4
6277,maha-bodhi,2013,odds,,,,0.909090909090909,0.634920634920635,,,,5
6278,maha-bodhi,2013,taken,153,22,75,40,40,0,0,330,3
6279,maha-bodhi,2013,vacancy,0,0,0,40,40,0,0,330,1
6280,maha-bodhi,2014,applied,0,0,0,58,70,0,0,0,2
6281,maha-bodhi,2014,ballot,,,,,,,,,4
6282,maha-bodhi,2014,odds,,,,0.827586206896552,0.685714285714286,,,,5
6283,maha-bodhi,2014,taken,134,36,64,48,48,0,0,330,3
6284,maha-bodhi,2014,vacancy,0,0,0,48,48,0,0,330,1
6285,maha-bodhi,2015,applied,0,0,0,45,64,0,0,0,2
6286,maha-bodhi,2015,ballot,,,,,,,,,4
6287,maha-bodhi,2015,odds,,,,1,0.96875,,,,5
6288,maha-bodhi,2015,taken,128,41,57,42,62,0,0,330,3
6289,maha-bodhi,2015,vacancy,0,0,0,52,62,0,0,330,1
6290,maha-bodhi,2016,applied,0,0,0,37,106,0,0,0,2
6291,maha-bodhi,2016,ballot,,,,,,,,,4
6292,maha-bodhi,2016,odds,,,,1,0.905660377358491,,,,5
6293,maha-bodhi,2016,taken,132,32,36,34,96,0,0,330,3
6294,maha-bodhi,2016,vacancy,0,0,0,65,96,0,0,330,1
6295,maha-bodhi,2017,applied,0,0,0,34,79,0,0,0,2
6296,maha-bodhi,2017,ballot,,,,,,,,,4
6297,maha-bodhi,2017,odds,,,,1,0.886075949367089,,,,5
6298,maha-bodhi,2017,taken,133,39,56,32,70,0,0,330,3
6299,maha-bodhi,2017,vacancy,0,0,0,51,70,0,0,330,1
6300,maha-bodhi,2018,applied,0,0,0,47,44,0,0,0,2
6301,maha-bodhi,2018,ballot,,,,,,,,,4
6302,maha-bodhi,2018,odds,,,,0.659574468085106,0.704545454545455,,,,5
6303,maha-bodhi,2018,taken,171,58,40,30,31,0,0,330,3
6304,maha-bodhi,2018,vacancy,0,0,0,31,31,0,0,330,1
6305,maha-bodhi,2019,applied,130,52,62,31,64,0,0,0,2
6306,maha-bodhi,2019,ballot,,,,,SC1-2,,,,4
6307,maha-bodhi,2019,odds,,,,,0.9375,,,,5
6308,maha-bodhi,2019,taken,130,52,62,31,60,0,0,335,3
6309,maha-bodhi,2019,vacancy,290,160,108,44,60,0,0,330,1
6310,maha-bodhi,2020,applied,131,49,40,53,105,0,0,0,2
6311,maha-bodhi,2020,ballot,,,,,SC<1,,,,4
6312,maha-bodhi,2020,odds,,,,,0.571428571428571,,,,5
6313,maha-bodhi,2020,taken,131,49,40,53,60,0,0,333,3
6314,maha-bodhi,2020,vacancy,290,159,110,55,60,0,0,330,1
6315,maha-bodhi,2021,applied,130,55,50,52,71,0,0,0,2
6316,maha-bodhi,2021,ballot,,,,SC>2,SC1-2,,,,4
6317,maha-bodhi,2021,odds,,,,0.923076923076923,0.704225352112676,,,,5
6318,maha-bodhi,2021,taken,130,55,50,48,50,0,0,333,3
6319,maha-bodhi,2021,vacancy,290,160,105,48,50,0,0,330,1
6320,maha-bodhi,2022,applied,132,88,0,33,114,0,0,0,2
6321,maha-bodhi,2022,ballot,,,,,SC<1,,,,4
6322,maha-bodhi,2022,odds,,,,,0.692982456140351,,,,5
6323,maha-bodhi,2022,taken,132,88,0,33,79,0,0,332,3
6324,maha-bodhi,2022,vacancy,270,138,0,37,79,0,0,330,1
6325,maha-bodhi,2023,applied,141,99,0,42,82,0,0,0,2
6326,maha-bodhi,2023,ballot,,,,SC>2,SC1-2,,,,4
6327,maha-bodhi,2023,odds,,,,0.714285714285714,0.768292682926829,,,,5
6328,maha-bodhi,2023,taken,141,99,0,30,63,0,0,333,3
6329,maha-bodhi,2023,vacancy,270,129,0,30,63,0,0,330,1
6330,maris-stella-high,2009,applied,0,0,0,99,121,0,0,0,2
6331,maris-stella-high,2009,ballot,,,,,,,,,4
6332,maris-stella-high,2009,odds,,,,0.98989898989899,0.809917355371901,,,,5
6333,maris-stella-high,2009,taken,84,5,36,99,98,0,0,322,3
6334,maris-stella-high,2009,vacancy,0,0,0,98,98,0,0,320,1
6335,maris-stella-high,2010,applied,0,0,0,98,104,0,0,0,2
6336,maris-stella-high,2010,ballot,,,,,,,,,4
6337,maris-stella-high,2010,odds,,,,0.918367346938776,0.865384615384615,,,,5
6338,maris-stella-high,2010,taken,87,5,47,91,90,0,0,320,3
6339,maris-stella-high,2010,vacancy,0,0,0,90,90,0,0,320,1
6340,maris-stella-high,2011,applied,0,0,0,88,95,0,0,0,2
6341,maris-stella-high,2011,ballot,,,,,,,,,4
6342,maris-stella-high,2011,odds,,,,0.863636363636364,0.810526315789474,,,,5
6343,maris-stella-high,2011,taken,81,11,56,76,77,0,0,301,3
6344,maris-stella-high,2011,vacancy,0,0,0,76,77,0,0,300,1
6345,maris-stella-high,2012,applied,0,0,0,78,98,0,0,0,2
6346,maris-stella-high,2012,ballot,,,,,,,,,4
6347,maris-stella-high,2012,odds,,,,1,0.877551020408163,,,,5
6348,maris-stella-high,2012,taken,80,12,44,78,86,0,0,300,3
6349,maris-stella-high,2012,vacancy,0,0,0,82,86,0,0,300,1
6350,maris-stella-high,2013,applied,0,0,0,79,84,0,0,0,2
6351,maris-stella-high,2013,ballot,,,,,,,,,4
6352,maris-stella-high,2013,odds,,,,0.89873417721519,0.845238095238095,,,,5
6353,maris-stella-high,2013,taken,100,18,40,71,71,0,0,300,3
6354,maris-stella-high,2013,vacancy,0,0,0,71,71,0,0,300,1
6355,maris-stella-high,2014,applied,0,0,0,73,65,0,0,0,2
6356,maris-stella-high,2014,ballot,,,,,,,,,4
6357,maris-stella-high,2014,odds,,,,0.726027397260274,0.830769230769231,,,,5
6358,maris-stella-high,2014,taken,100,28,36,52,54,0,0,270,3
6359,maris-stella-high,2014,vacancy,0,0,0,53,54,0,0,270,1
6360,maris-stella-high,2015,applied,0,0,0,71,68,0,0,0,2
6361,maris-stella-high,2015,ballot,,,,,,,,,4
6362,maris-stella-high,2015,odds,,,,0.816901408450704,0.867647058823529,,,,5
6363,maris-stella-high,2015,taken,84,34,37,56,59,0,0,270,3
6364,maris-stella-high,2015,vacancy,0,0,0,58,59,0,0,270,1
6365,maris-stella-high,2016,applied,0,0,0,63,64,0,0,0,2
6366,maris-stella-high,2016,ballot,,,,,,,,,4
6367,maris-stella-high,2016,odds,,,,0.920634920634921,0.921875,,,,5
6368,maris-stella-high,2016,taken,74,46,34,57,59,0,0,270,3
6369,maris-stella-high,2016,vacancy,0,0,0,58,59,0,0,270,1
6370,maris-stella-high,2017,applied,0,0,0,63,68,0,0,0,2
6371,maris-stella-high,2017,ballot,,,,,,,,,4
6372,maris-stella-high,2017,odds,,,,0.952380952380952,0.867647058823529,,,,5
6373,maris-stella-high,2017,taken,71,48,32,60,59,0,0,270,3
6374,maris-stella-high,2017,vacancy,0,0,0,60,59,0,0,270,1
6375,maris-stella-high,2018,applied,0,0,0,53,62,0,0,0,2
6376,maris-stella-high,2018,ballot,,,,,,,,,4
6377,maris-stella-high,2018,odds,,,,0.792452830188679,0.693548387096774,,,,5
6378,maris-stella-high,2018,taken,103,57,26,41,43,0,0,270,3
6379,maris-stella-high,2018,vacancy,0,0,0,42,43,0,0,270,1
6380,maris-stella-high,2019,applied,63,63,34,59,66,0,0,0,2
6381,maris-stella-high,2019,ballot,,,,SC#,SC<1,,,,4
6382,maris-stella-high,2019,odds,,,,0.949152542372881,0.863636363636364,,,,5
6383,maris-stella-high,2019,taken,63,63,34,56,57,0,0,273,3
6384,maris-stella-high,2019,vacancy,230,167,104,56,57,0,0,270,1
6385,maris-stella-high,2020,applied,80,59,33,67,64,0,0,0,2
6386,maris-stella-high,2020,ballot,,,,SC>2,SC<1,,,,4
6387,maris-stella-high,2020,odds,,,,0.746268656716418,0.796875,,,,5
6388,maris-stella-high,2020,taken,80,59,33,50,51,0,0,273,3
6389,maris-stella-high,2020,vacancy,230,150,91,50,51,0,0,270,1
6390,maris-stella-high,2021,applied,53,73,24,73,72,0,0,0,2
6391,maris-stella-high,2021,ballot,,,,SC>2,SC<1,,,,4
6392,maris-stella-high,2021,odds,,,,0.821917808219178,0.861111111111111,,,,5
6393,maris-stella-high,2021,taken,53,73,24,60,62,0,0,272,3
6394,maris-stella-high,2021,vacancy,230,177,104,60,62,0,0,270,1
6395,maris-stella-high,2022,applied,82,106,0,45,93,0,0,0,2
6396,maris-stella-high,2022,ballot,,,,SC<1,SC<1,,,,4
6397,maris-stella-high,2022,odds,,,,0.6,0.602150537634409,,,,5
6398,maris-stella-high,2022,taken,82,106,0,27,56,0,0,271,3
6399,maris-stella-high,2022,vacancy,210,128,0,27,56,0,0,270,1
6400,maris-stella-high,2023,applied,70,122,0,30,77,0,0,0,2
6401,maris-stella-high,2023,ballot,,,,SC1-2,SC<1,,,,4
6402,maris-stella-high,2023,odds,,,,0.866666666666667,0.714285714285714,,,,5
6403,maris-stella-high,2023,taken,70,122,0,26,55,0,0,273,3
6404,maris-stella-high,2023,vacancy,210,140,0,26,55,0,0,270,1
6405,marsiling,2009,applied,0,0,0,2,68,20,0,0,2
6406,marsiling,2009,ballot,,,,,,,,,4
6407,marsiling,2009,odds,,,,1,1,1,1,,5
6408,marsiling,2009,taken,81,4,14,2,68,20,0,189,3
6409,marsiling,2009,vacancy,0,0,0,86,169,102,80,270,1
6410,marsiling,2010,applied,0,0,0,0,80,20,0,0,2
6411,marsiling,2010,ballot,,,,,,,,,4
6412,marsiling,2010,odds,,,,1,1,1,1,,5
6413,marsiling,2010,taken,57,1,11,0,80,20,0,169,3
6414,marsiling,2010,vacancy,0,0,0,101,201,124,73,270,1
6415,marsiling,2011,applied,0,0,0,1,77,18,0,0,2
6416,marsiling,2011,ballot,,,,,,,,,4
6417,marsiling,2011,odds,,,,1,1,1,1,,5
6418,marsiling,2011,taken,70,0,17,1,77,25,0,190,3
6419,marsiling,2011,vacancy,0,0,0,92,182,105,80,270,1
6420,marsiling,2012,applied,0,0,0,0,93,12,0,0,2
6421,marsiling,2012,ballot,,,,,,,,,4
6422,marsiling,2012,odds,,,,1,1,1,1,,5
6423,marsiling,2012,taken,66,0,11,0,92,23,0,192,3
6424,marsiling,2012,vacancy,0,0,0,82,163,73,50,240,1
6425,marsiling,2013,applied,0,0,0,0,66,17,0,0,2
6426,marsiling,2013,ballot,,,,,,,,,4
6427,marsiling,2013,odds,,,,1,1,1,1,,5
6428,marsiling,2013,taken,79,0,4,0,66,59,0,208,3
6429,marsiling,2013,vacancy,0,0,0,79,157,92,33,240,1
6430,marsiling,2014,applied,0,0,0,0,57,7,0,0,2
6431,marsiling,2014,ballot,,,,,,,,,4
6432,marsiling,2014,odds,,,,1,1,1,1,,5
6433,marsiling,2014,taken,67,0,11,0,57,7,0,142,3
6434,marsiling,2014,vacancy,0,0,0,81,162,105,98,240,1
6435,marsiling,2015,applied,0,0,0,0,57,7,0,0,2
6436,marsiling,2015,ballot,,,,,,,,,4
6437,marsiling,2015,odds,,,,1,1,1,1,,5
6438,marsiling,2015,taken,50,0,14,0,56,7,0,127,3
6439,marsiling,2015,vacancy,0,0,0,73,146,90,83,210,1
6440,marsiling,2016,applied,0,0,0,2,59,10,0,0,2
6441,marsiling,2016,ballot,,,,,,,,,4
6442,marsiling,2016,odds,,,,1,1,1,1,,5
6443,marsiling,2016,taken,38,0,7,1,58,10,0,114,3
6444,marsiling,2016,vacancy,0,0,0,68,134,76,66,180,1
6445,marsiling,2017,applied,0,0,0,0,44,10,0,0,2
6446,marsiling,2017,ballot,,,,,,,,,4
6447,marsiling,2017,odds,,,,1,1,1,1,,5
6448,marsiling,2017,taken,48,0,11,0,43,10,0,112,3
6449,marsiling,2017,vacancy,0,0,0,61,122,79,69,180,1
6450,marsiling,2018,applied,0,0,0,0,47,4,0,0,2
6451,marsiling,2018,ballot,,,,,,,,,4
6452,marsiling,2018,odds,,,,1,1,1,1,,5
6453,marsiling,2018,taken,42,0,7,0,47,4,0,100,3
6454,marsiling,2018,vacancy,0,0,0,96,191,144,140,240,1
6455,marsiling,2019,applied,63,0,10,0,69,7,0,0,2
6456,marsiling,2019,ballot,,,,,,,,,4
6457,marsiling,2019,odds,,,,,,,,,5
6458,marsiling,2019,taken,63,0,10,0,69,7,0,149,3
6459,marsiling,2019,vacancy,140,77,77,54,107,38,31,180,1
6460,marsiling,2020,applied,55,0,8,0,77,3,0,0,2
6461,marsiling,2020,ballot,,,,,,,,,4
6462,marsiling,2020,odds,,,,,,,,,5
6463,marsiling,2020,taken,55,0,8,0,77,3,0,143,3
6464,marsiling,2020,vacancy,170,115,115,74,147,72,69,210,1
6465,marsiling,2021,applied,64,0,14,0,78,12,0,0,2
6466,marsiling,2021,ballot,,,,,,,,,4
6467,marsiling,2021,odds,,,,,,,,,5
6468,marsiling,2021,taken,64,0,14,0,78,12,0,168,3
6469,marsiling,2021,vacancy,170,106,107,67,134,56,44,210,1
6470,marsiling,2022,applied,62,11,0,0,82,18,0,0,2
6471,marsiling,2022,ballot,,,,,,,,,4
6472,marsiling,2022,odds,,,,,,,,,5
6473,marsiling,2022,taken,62,11,0,0,82,18,0,173,3
6474,marsiling,2022,vacancy,150,88,0,46,137,55,37,210,1
6475,marsiling,2023,applied,52,15,0,0,74,4,0,0,2
6476,marsiling,2023,ballot,,,,,,,,,4
6477,marsiling,2023,odds,,,,,,,,,5
6478,marsiling,2023,taken,52,15,0,0,74,4,0,145,3
6479,marsiling,2023,vacancy,150,98,0,48,143,69,65,210,1
6480,marymount-convent,2009,applied,0,0,0,18,86,82,0,0,2
6481,marymount-convent,2009,ballot,,,,,,,,,4
6482,marymount-convent,2009,odds,,,,1,1,1,1,,5
6483,marymount-convent,2009,taken,40,2,6,18,86,82,0,234,3
6484,marymount-convent,2009,vacancy,0,0,0,96,177,91,8,240,1
6485,marymount-convent,2010,applied,0,0,0,18,112,78,0,0,2
6486,marymount-convent,2010,ballot,,,,,,,,,4
6487,marymount-convent,2010,odds,,,,1,1,0.538461538461538,,,5
6488,marymount-convent,2010,taken,56,1,14,18,112,42,0,243,3
6489,marymount-convent,2010,vacancy,0,0,0,85,151,42,0,240,1
6490,marymount-convent,2011,applied,0,0,0,21,112,83,0,0,2
6491,marymount-convent,2011,ballot,,,,,,,,,4
6492,marymount-convent,2011,odds,,,,1,1,0.63855421686747,,,5
6493,marymount-convent,2011,taken,44,1,9,21,112,53,0,240,3
6494,marymount-convent,2011,vacancy,0,0,0,93,165,53,0,240,1
6495,marymount-convent,2012,applied,0,0,0,30,128,44,0,0,2
6496,marymount-convent,2012,ballot,,,,,,,,,4
6497,marymount-convent,2012,odds,,,,1,1,0.545454545454545,,,5
6498,marymount-convent,2012,taken,49,0,13,30,128,24,0,244,3
6499,marymount-convent,2012,vacancy,0,0,0,89,148,24,0,240,1
6500,marymount-convent,2013,applied,0,0,0,17,127,41,0,0,2
6501,marymount-convent,2013,ballot,,,,,,,,,4
6502,marymount-convent,2013,odds,,,,1,1,0.609756097560976,,,5
6503,marymount-convent,2013,taken,57,2,12,17,128,25,0,241,3
6504,marymount-convent,2013,vacancy,0,0,0,85,152,25,0,240,1
6505,marymount-convent,2014,applied,0,0,0,31,121,59,0,0,2
6506,marymount-convent,2014,ballot,,,,,,,,,4
6507,marymount-convent,2014,odds,,,,1,1,0.711864406779661,,,5
6508,marymount-convent,2014,taken,39,3,6,31,119,42,0,240,3
6509,marymount-convent,2014,vacancy,0,0,0,96,161,42,0,240,1
6510,marymount-convent,2015,applied,0,0,0,25,81,42,0,0,2
6511,marymount-convent,2015,ballot,,,,,,,,,4
6512,marymount-convent,2015,odds,,,,1,1,1,1,,5
6513,marymount-convent,2015,taken,46,2,6,21,81,42,0,198,3
6514,marymount-convent,2015,vacancy,0,0,0,93,165,84,42,240,1
6515,marymount-convent,2016,applied,0,0,0,16,49,30,0,0,2
6516,marymount-convent,2016,ballot,,,,,,,,,4
6517,marymount-convent,2016,odds,,,,1,1,1,1,,5
6518,marymount-convent,2016,taken,57,5,14,15,49,30,0,170,3
6519,marymount-convent,2016,vacancy,0,0,0,67,119,70,40,210,1
6520,marymount-convent,2017,applied,0,0,0,10,72,55,0,0,2
6521,marymount-convent,2017,ballot,,,,,,,,,4
6522,marymount-convent,2017,odds,,,,1,1,1,1,,5
6523,marymount-convent,2017,taken,48,1,8,10,72,55,0,194,3
6524,marymount-convent,2017,vacancy,0,0,0,77,143,71,16,210,1
6525,marymount-convent,2018,applied,0,0,0,19,121,27,0,0,2
6526,marymount-convent,2018,ballot,,,,,,,,,4
6527,marymount-convent,2018,odds,,,,1,1,0.407407407407407,,,5
6528,marymount-convent,2018,taken,42,6,15,15,121,11,0,210,3
6529,marymount-convent,2018,vacancy,0,0,0,74,132,11,0,210,1
6530,marymount-convent,2019,applied,37,1,7,11,66,75,0,0,2
6531,marymount-convent,2019,ballot,,,,,,,,,4
6532,marymount-convent,2019,odds,,,,,,,,,5
6533,marymount-convent,2019,taken,37,1,7,11,66,75,0,197,3
6534,marymount-convent,2019,vacancy,170,133,132,83,156,90,15,210,1
6535,marymount-convent,2020,applied,41,2,6,9,72,155,0,0,2
6536,marymount-convent,2020,ballot,,,,,,SC>2,,,4
6537,marymount-convent,2020,odds,,,,,,0.716129032258065,,,5
6538,marymount-convent,2020,taken,41,2,6,9,72,111,0,241,3
6539,marymount-convent,2020,vacancy,200,159,157,96,183,111,0,240,1
6540,marymount-convent,2021,applied,44,1,6,25,93,92,0,0,2
6541,marymount-convent,2021,ballot,,,,,,SC>2,,,4
6542,marymount-convent,2021,odds,,,,,,0.804347826086957,,,5
6543,marymount-convent,2021,taken,44,1,6,25,93,74,0,243,3
6544,marymount-convent,2021,vacancy,200,156,155,95,166,74,0,240,1
6545,marymount-convent,2022,applied,32,7,0,13,68,101,0,0,2
6546,marymount-convent,2022,ballot,,,,,,,,,4
6547,marymount-convent,2022,odds,,,,,,,,,5
6548,marymount-convent,2022,taken,32,7,0,13,68,101,0,221,3
6549,marymount-convent,2022,vacancy,180,148,0,67,188,120,19,240,1
6550,marymount-convent,2023,applied,38,9,0,7,56,62,0,0,2
6551,marymount-convent,2023,ballot,,,,,,,,,4
6552,marymount-convent,2023,odds,,,,,,,,,5
6553,marymount-convent,2023,taken,38,9,0,7,56,62,0,172,3
6554,marymount-convent,2023,vacancy,180,143,0,65,188,132,70,240,1
6555,mayflower,2009,applied,0,0,0,0,45,23,0,0,2
6556,mayflower,2009,ballot,,,,,,,,,4
6557,mayflower,2009,odds,,,,1,1,1,1,,5
6558,mayflower,2009,taken,51,0,5,0,45,23,0,124,3
6559,mayflower,2009,vacancy,0,0,0,77,154,109,85,210,1
6560,mayflower,2010,applied,0,0,0,2,93,38,0,0,2
6561,mayflower,2010,ballot,,,,,,,,,4
6562,mayflower,2010,odds,,,,1,1,1,,,5
6563,mayflower,2010,taken,65,1,11,2,93,38,0,210,3
6564,mayflower,2010,vacancy,0,0,0,67,131,39,0,210,1
6565,mayflower,2011,applied,0,0,0,1,68,89,0,0,2
6566,mayflower,2011,ballot,,,,,,,,,4
6567,mayflower,2011,odds,,,,1,1,1,,,5
6568,mayflower,2011,taken,68,0,14,1,67,90,0,240,3
6569,mayflower,2011,vacancy,0,0,0,79,157,90,0,240,1
6570,mayflower,2012,applied,0,0,0,1,111,43,0,0,2
6571,mayflower,2012,ballot,,,,,,,,,4
6572,mayflower,2012,odds,,,,1,1,0.813953488372093,,,5
6573,mayflower,2012,taken,78,0,17,1,111,35,0,242,3
6574,mayflower,2012,vacancy,0,0,0,73,144,35,0,240,1
6575,mayflower,2013,applied,0,0,0,1,102,30,0,0,2
6576,mayflower,2013,ballot,,,,,,,,,4
6577,mayflower,2013,odds,,,,1,1,1,1,,5
6578,mayflower,2013,taken,62,0,15,1,102,35,0,215,3
6579,mayflower,2013,vacancy,0,0,0,82,162,63,28,240,1
6580,mayflower,2014,applied,0,0,0,1,73,26,0,0,2
6581,mayflower,2014,ballot,,,,,,,,,4
6582,mayflower,2014,odds,,,,1,1,1,1,,5
6583,mayflower,2014,taken,66,0,8,1,72,26,0,173,3
6584,mayflower,2014,vacancy,0,0,0,83,165,93,67,240,1
6585,mayflower,2015,applied,0,0,0,1,76,19,0,0,2
6586,mayflower,2015,ballot,,,,,,,,,4
6587,mayflower,2015,odds,,,,1,1,1,1,,5
6588,mayflower,2015,taken,78,0,11,0,76,19,0,184,3
6589,mayflower,2015,vacancy,0,0,0,61,121,45,26,210,1
6590,mayflower,2016,applied,0,0,0,1,44,11,0,0,2
6591,mayflower,2016,ballot,,,,,,,,,4
6592,mayflower,2016,odds,,,,1,1,1,1,,5
6593,mayflower,2016,taken,50,0,12,0,44,11,0,117,3
6594,mayflower,2016,vacancy,0,0,0,59,120,76,65,180,1
6595,mayflower,2017,applied,0,0,0,2,52,28,0,0,2
6596,mayflower,2017,ballot,,,,,,,,,4
6597,mayflower,2017,odds,,,,1,1,1,1,,5
6598,mayflower,2017,taken,49,0,9,1,52,28,0,139,3
6599,mayflower,2017,vacancy,0,0,0,61,121,69,41,180,1
6600,mayflower,2018,applied,0,0,0,0,62,57,0,0,2
6601,mayflower,2018,ballot,,,,,,,,,4
6602,mayflower,2018,odds,,,,1,1,1,1,,5
6603,mayflower,2018,taken,49,0,10,0,62,57,0,178,3
6604,mayflower,2018,vacancy,0,0,0,61,123,61,4,180,1
6605,mayflower,2019,applied,40,0,15,0,43,30,0,0,2
6606,mayflower,2019,ballot,,,,,,,,,4
6607,mayflower,2019,odds,,,,,,,,,5
6608,mayflower,2019,taken,40,0,15,0,43,30,0,128,3
6609,mayflower,2019,vacancy,140,100,100,63,126,83,53,180,1
6610,mayflower,2020,applied,39,1,9,0,30,41,0,0,2
6611,mayflower,2020,ballot,,,,,,,,,4
6612,mayflower,2020,odds,,,,,,,,,5
6613,mayflower,2020,taken,39,1,9,0,30,41,0,120,3
6614,mayflower,2020,vacancy,140,101,100,66,132,102,61,180,1
6615,mayflower,2021,applied,47,0,11,0,34,53,0,0,2
6616,mayflower,2021,ballot,,,,,,,,,4
6617,mayflower,2021,odds,,,,,,,,,5
6618,mayflower,2021,taken,47,0,11,0,34,53,0,145,3
6619,mayflower,2021,vacancy,150,103,103,66,132,98,45,190,1
6620,mayflower,2022,applied,55,20,0,0,38,59,0,0,2
6621,mayflower,2022,ballot,,,,,,,,,4
6622,mayflower,2022,odds,,,,,,,,,5
6623,mayflower,2022,taken,55,20,0,0,38,59,0,172,3
6624,mayflower,2022,vacancy,130,75,0,38,115,77,18,190,1
6625,mayflower,2023,applied,37,23,0,0,30,46,0,0,2
6626,mayflower,2023,ballot,,,,,,,,,4
6627,mayflower,2023,odds,,,,,,,,,5
6628,mayflower,2023,taken,37,23,0,0,30,46,0,136,3
6629,mayflower,2023,vacancy,120,83,0,40,121,91,45,180,1
6630,mee-toh,2009,applied,0,0,0,57,179,0,0,0,2
6631,mee-toh,2009,ballot,,,,,,,,,4
6632,mee-toh,2009,odds,,,,1,0.430167597765363,,,,5
6633,mee-toh,2009,taken,154,2,11,57,77,0,0,301,3
6634,mee-toh,2009,vacancy,0,0,0,67,77,0,0,300,1
6635,mee-toh,2010,applied,0,0,0,74,174,0,0,0,2
6636,mee-toh,2010,ballot,,,,,,,,,4
6637,mee-toh,2010,odds,,,,1,0.517241379310345,,,,5
6638,mee-toh,2010,taken,128,2,6,74,90,0,0,300,3
6639,mee-toh,2010,vacancy,0,0,0,82,90,0,0,300,1
6640,mee-toh,2011,applied,0,0,0,73,157,0,0,0,2
6641,mee-toh,2011,ballot,,,,,,,,,4
6642,mee-toh,2011,odds,,,,1,0.522292993630573,,,,5
6643,mee-toh,2011,taken,124,1,24,73,82,0,0,304,3
6644,mee-toh,2011,vacancy,0,0,0,76,82,0,0,300,1
6645,mee-toh,2012,applied,0,0,0,58,152,0,0,0,2
6646,mee-toh,2012,ballot,,,,,,,,,4
6647,mee-toh,2012,odds,,,,1,0.434210526315789,,,,5
6648,mee-toh,2012,taken,149,1,26,58,66,0,0,300,3
6649,mee-toh,2012,vacancy,0,0,0,62,66,0,0,300,1
6650,mee-toh,2013,applied,0,0,0,62,114,0,0,0,2
6651,mee-toh,2013,ballot,,,,,,,,,4
6652,mee-toh,2013,odds,,,,1,0.657894736842105,,,,5
6653,mee-toh,2013,taken,140,2,21,62,75,0,0,300,3
6654,mee-toh,2013,vacancy,0,0,0,69,75,0,0,300,1
6655,mee-toh,2014,applied,0,0,0,61,123,0,0,0,2
6656,mee-toh,2014,ballot,,,,,,,,,4
6657,mee-toh,2014,odds,,,,0.950819672131147,0.455284552845528,,,,5
6658,mee-toh,2014,taken,165,1,19,59,56,0,0,300,3
6659,mee-toh,2014,vacancy,0,0,0,58,56,0,0,300,1
6660,mee-toh,2015,applied,0,0,0,52,135,0,0,0,2
6661,mee-toh,2015,ballot,,,,,,,,,4
6662,mee-toh,2015,odds,,,,1,0.607407407407407,,,,5
6663,mee-toh,2015,taken,127,5,34,52,82,0,0,300,3
6664,mee-toh,2015,vacancy,0,0,0,67,82,0,0,300,1
6665,mee-toh,2016,applied,0,0,0,44,149,0,0,0,2
6666,mee-toh,2016,ballot,,,,,,,,,4
6667,mee-toh,2016,odds,,,,1,0.758389261744966,,,,5
6668,mee-toh,2016,taken,122,5,19,41,113,0,0,300,3
6669,mee-toh,2016,vacancy,0,0,0,77,113,0,0,300,1
6670,mee-toh,2017,applied,0,0,0,45,170,0,0,0,2
6671,mee-toh,2017,ballot,,,,,,,,,4
6672,mee-toh,2017,odds,,,,1,0.7,,,,5
6673,mee-toh,2017,taken,112,5,21,43,119,0,0,300,3
6674,mee-toh,2017,vacancy,0,0,0,81,119,0,0,300,1
6675,mee-toh,2018,applied,0,0,0,66,206,0,0,0,2
6676,mee-toh,2018,ballot,,,,,,,,,4
6677,mee-toh,2018,odds,,,,1,0.495145631067961,,,,5
6678,mee-toh,2018,taken,152,10,33,63,102,0,0,360,3
6679,mee-toh,2018,vacancy,0,0,0,83,102,0,0,360,1
6680,mee-toh,2019,applied,109,5,21,54,199,0,0,0,2
6681,mee-toh,2019,ballot,,,,,SC<1,,,,4
6682,mee-toh,2019,odds,,,,,0.668341708542714,,,,5
6683,mee-toh,2019,taken,109,5,21,54,133,0,0,322,3
6684,mee-toh,2019,vacancy,280,171,166,93,133,0,0,320,1
6685,mee-toh,2020,applied,151,7,22,50,160,0,0,0,2
6686,mee-toh,2020,ballot,,,,,SC<1,,,,4
6687,mee-toh,2020,odds,,,,,0.5625,,,,5
6688,mee-toh,2020,taken,151,7,22,50,90,0,0,320,3
6689,mee-toh,2020,vacancy,280,129,122,70,90,0,0,320,1
6690,mee-toh,2021,applied,141,7,30,64,152,0,0,0,2
6691,mee-toh,2021,ballot,,,,,SC<1,,,,4
6692,mee-toh,2021,odds,,,,,0.526315789473684,,,,5
6693,mee-toh,2021,taken,141,7,30,64,80,0,0,322,3
6694,mee-toh,2021,vacancy,280,139,133,72,80,0,0,320,1
6695,mee-toh,2022,applied,117,34,0,50,150,0,0,0,2
6696,mee-toh,2022,ballot,,,,,SC<1,,,,4
6697,mee-toh,2022,odds,,,,,0.673333333333333,,,,5
6698,mee-toh,2022,taken,117,34,0,50,101,0,0,302,3
6699,mee-toh,2022,vacancy,240,123,0,50,101,0,0,300,1
6700,mee-toh,2023,applied,108,28,0,49,145,0,0,0,2
6701,mee-toh,2023,ballot,,,,,SC<1,,,,4
6702,mee-toh,2023,odds,,,,,0.8,,,,5
6703,mee-toh,2023,taken,108,28,0,49,116,0,0,301,3
6704,mee-toh,2023,vacancy,240,132,0,55,116,0,0,300,1
6705,meridian,2009,applied,0,0,0,3,69,6,0,0,2
6706,meridian,2009,ballot,,,,,,,,,4
6707,meridian,2009,odds,,,,1,1,1,1,,5
6708,meridian,2009,taken,70,0,10,3,69,6,0,158,3
6709,meridian,2009,vacancy,0,0,0,65,127,58,51,210,1
6710,meridian,2010,applied,0,0,0,1,82,6,0,0,2
6711,meridian,2010,ballot,,,,,,,,,4
6712,meridian,2010,odds,,,,1,1,1,1,,5
6713,meridian,2010,taken,64,0,7,1,82,6,0,160,3
6714,meridian,2010,vacancy,0,0,0,70,138,56,48,210,1
6715,meridian,2011,applied,0,0,0,0,52,7,0,0,2
6716,meridian,2011,ballot,,,,,,,,,4
6717,meridian,2011,odds,,,,1,1,1,1,,5
6718,meridian,2011,taken,65,0,11,0,50,54,0,180,3
6719,meridian,2011,vacancy,0,0,0,67,136,86,32,210,1
6720,meridian,2012,applied,0,0,0,0,52,2,0,0,2
6721,meridian,2012,ballot,,,,,,,,,4
6722,meridian,2012,odds,,,,1,1,1,1,,5
6723,meridian,2012,taken,55,0,4,0,52,22,0,133,3
6724,meridian,2012,vacancy,0,0,0,61,121,70,48,180,1
6725,meridian,2013,applied,0,0,0,0,57,6,0,0,2
6726,meridian,2013,ballot,,,,,,,,,4
6727,meridian,2013,odds,,,,1,1,1,1,,5
6728,meridian,2013,taken,49,0,8,0,57,23,0,137,3
6729,meridian,2013,vacancy,0,0,0,62,123,67,44,180,1
6730,meridian,2014,applied,0,0,0,1,52,4,0,0,2
6731,meridian,2014,ballot,,,,,,,,,4
6732,meridian,2014,odds,,,,1,1,1,1,,5
6733,meridian,2014,taken,46,0,10,1,51,4,0,112,3
6734,meridian,2014,vacancy,0,0,0,77,153,102,98,210,1
6735,meridian,2015,applied,0,0,0,0,36,2,0,0,2
6736,meridian,2015,ballot,,,,,,,,,4
6737,meridian,2015,odds,,,,1,1,1,1,,5
6738,meridian,2015,taken,45,0,8,0,36,2,0,91,3
6739,meridian,2015,vacancy,0,0,0,49,97,61,59,150,1
6740,meridian,2016,applied,0,0,0,0,36,1,0,0,2
6741,meridian,2016,ballot,,,,,,,,,4
6742,meridian,2016,odds,,,,1,1,1,1,,5
6743,meridian,2016,taken,46,0,6,0,36,1,0,89,3
6744,meridian,2016,vacancy,0,0,0,34,68,32,31,120,1
6745,meridian,2017,applied,0,0,0,0,30,8,0,0,2
6746,meridian,2017,ballot,,,,,,,,,4
6747,meridian,2017,odds,,,,1,1,1,1,,5
6748,meridian,2017,taken,38,0,4,0,30,8,0,80,3
6749,meridian,2017,vacancy,0,0,0,69,138,108,100,180,1
6750,meridian,2018,applied,0,0,0,0,33,17,0,0,2
6751,meridian,2018,ballot,,,,,,,,,4
6752,meridian,2018,odds,,,,1,1,1,1,,5
6753,meridian,2018,taken,41,1,5,0,33,17,0,97,3
6754,meridian,2018,vacancy,0,0,0,67,134,101,84,180,1
6755,meridian,2019,applied,25,0,2,0,22,5,0,0,2
6756,meridian,2019,ballot,,,,,,,,,4
6757,meridian,2019,odds,,,,,,,,,5
6758,meridian,2019,taken,25,0,2,0,22,5,0,54,3
6759,meridian,2019,vacancy,110,85,86,62,124,102,97,150,1
6760,meridian,2020,applied,27,0,5,0,31,12,0,0,2
6761,meridian,2020,ballot,,,,,,,,,4
6762,meridian,2020,odds,,,,,,,,,5
6763,meridian,2020,taken,27,0,5,0,31,12,0,75,3
6764,meridian,2020,vacancy,170,143,143,89,178,148,136,210,1
6765,meridian,2021,applied,35,0,4,0,24,5,0,0,2
6766,meridian,2021,ballot,,,,,,,,,4
6767,meridian,2021,odds,,,,,,,,,5
6768,meridian,2021,taken,35,0,4,0,24,5,0,68,3
6769,meridian,2021,vacancy,150,115,115,76,153,129,124,190,1
6770,meridian,2022,applied,59,25,0,0,22,9,0,0,2
6771,meridian,2022,ballot,,,,,,,,,4
6772,meridian,2022,odds,,,,,,,,,5
6773,meridian,2022,taken,59,25,0,0,22,9,0,115,3
6774,meridian,2022,vacancy,130,71,0,35,108,86,77,190,1
6775,meridian,2023,applied,29,26,0,0,22,14,0,0,2
6776,meridian,2023,ballot,,,,,,,,,4
6777,meridian,2023,odds,,,,,,,,,5
6778,meridian,2023,taken,29,26,0,0,22,14,0,91,3
6779,meridian,2023,vacancy,150,121,0,52,157,135,121,210,1
6780,methodist-girls,2009,applied,0,0,0,64,42,0,0,0,2
6781,methodist-girls,2009,ballot,,,,,,,,,4
6782,methodist-girls,2009,odds,,,,0.578125,0.880952380952381,,,,5
6783,methodist-girls,2009,taken,65,46,25,37,37,0,0,210,3
6784,methodist-girls,2009,vacancy,0,0,0,37,37,0,0,210,1
6785,methodist-girls,2010,applied,0,0,0,59,42,0,0,0,2
6786,methodist-girls,2010,ballot,,,,,,,,,4
6787,methodist-girls,2010,odds,,,,0.644067796610169,0.880952380952381,,,,5
6788,methodist-girls,2010,taken,69,39,27,38,37,0,0,210,3
6789,methodist-girls,2010,vacancy,0,0,0,38,37,0,0,210,1
6790,methodist-girls,2011,applied,0,0,0,50,51,0,0,0,2
6791,methodist-girls,2011,ballot,,,,,,,,,4
6792,methodist-girls,2011,odds,,,,0.7,0.686274509803922,,,,5
6793,methodist-girls,2011,taken,62,56,22,35,35,0,0,210,3
6794,methodist-girls,2011,vacancy,0,0,0,35,35,0,0,210,1
6795,methodist-girls,2012,applied,0,0,0,45,35,0,0,0,2
6796,methodist-girls,2012,ballot,,,,,,,,,4
6797,methodist-girls,2012,odds,,,,0.622222222222222,0.8,,,,5
6798,methodist-girls,2012,taken,70,59,25,28,28,0,0,210,3
6799,methodist-girls,2012,vacancy,0,0,0,28,28,0,0,210,1
6800,methodist-girls,2013,applied,0,0,0,57,48,0,0,0,2
6801,methodist-girls,2013,ballot,,,,,,,,,4
6802,methodist-girls,2013,odds,,,,0.701754385964912,0.791666666666667,,,,5
6803,methodist-girls,2013,taken,64,51,16,41,38,0,0,210,3
6804,methodist-girls,2013,vacancy,0,0,0,40,38,0,0,210,1
6805,methodist-girls,2014,applied,0,0,0,44,40,0,0,0,2
6806,methodist-girls,2014,ballot,,,,,,,,,4
6807,methodist-girls,2014,odds,,,,0.636363636363636,0.7,,,,5
6808,methodist-girls,2014,taken,73,60,21,28,28,0,0,210,3
6809,methodist-girls,2014,vacancy,0,0,0,28,28,0,0,210,1
6810,methodist-girls,2015,applied,0,0,0,41,28,0,0,0,2
6811,methodist-girls,2015,ballot,,,,,,,,,4
6812,methodist-girls,2015,odds,,,,0.634146341463415,0.928571428571429,,,,5
6813,methodist-girls,2015,taken,80,60,18,26,26,0,0,210,3
6814,methodist-girls,2015,vacancy,0,0,0,26,26,0,0,210,1
6815,methodist-girls,2016,applied,0,0,0,60,78,0,0,0,2
6816,methodist-girls,2016,ballot,,,,,,,,,4
6817,methodist-girls,2016,odds,,,,0.733333333333333,0.564102564102564,,,,5
6818,methodist-girls,2016,taken,62,48,13,43,44,0,0,210,3
6819,methodist-girls,2016,vacancy,0,0,0,44,44,0,0,210,1
6820,methodist-girls,2017,applied,0,0,0,47,33,0,0,0,2
6821,methodist-girls,2017,ballot,,,,,,,,,4
6822,methodist-girls,2017,odds,,,,0.659574468085106,0.939393939393939,,,,5
6823,methodist-girls,2017,taken,52,80,16,31,31,0,0,210,3
6824,methodist-girls,2017,vacancy,0,0,0,31,31,0,0,210,1
6825,methodist-girls,2018,applied,0,0,0,47,34,0,0,0,2
6826,methodist-girls,2018,ballot,,,,,,,,,4
6827,methodist-girls,2018,odds,,,,0.659574468085106,0.882352941176471,,,,5
6828,methodist-girls,2018,taken,66,68,15,31,30,0,0,210,3
6829,methodist-girls,2018,vacancy,0,0,0,31,30,0,0,210,1
6830,methodist-girls,2019,applied,62,85,22,40,32,0,0,0,2
6831,methodist-girls,2019,ballot,,,,SC<1,SC<1,,,,4
6832,methodist-girls,2019,odds,,,,0.525,0.65625,,,,5
6833,methodist-girls,2019,taken,62,85,22,21,21,0,0,211,3
6834,methodist-girls,2019,vacancy,170,108,23,21,21,0,0,210,1
6835,methodist-girls,2020,applied,64,79,14,39,39,0,0,0,2
6836,methodist-girls,2020,ballot,,,,SC<1,SC<1,,,,4
6837,methodist-girls,2020,odds,,,,0.692307692307692,0.666666666666667,,,,5
6838,methodist-girls,2020,taken,64,79,14,27,26,0,0,210,3
6839,methodist-girls,2020,vacancy,170,106,27,27,26,0,0,210,1
6840,methodist-girls,2021,applied,78,69,9,45,51,0,0,0,2
6841,methodist-girls,2021,ballot,,,,SC<1,SC<1,,,,4
6842,methodist-girls,2021,odds,,,,0.6,0.529411764705882,,,,5
6843,methodist-girls,2021,taken,78,69,9,27,27,0,0,210,3
6844,methodist-girls,2021,vacancy,170,92,23,27,27,0,0,210,1
6845,methodist-girls,2022,applied,81,89,0,79,70,0,0,0,2
6846,methodist-girls,2022,ballot,,SC>2,,SC<1,SC<1,,,,4
6847,methodist-girls,2022,odds,,0.775280898876405,,0.253164556962025,0.571428571428571,,,,5
6848,methodist-girls,2022,taken,81,69,0,20,40,0,0,210,3
6849,methodist-girls,2022,vacancy,150,69,0,20,40,0,0,210,1
6850,methodist-girls,2023,applied,64,83,0,38,63,0,0,0,2
6851,methodist-girls,2023,ballot,,,,SC<1,SC<1,,,,4
6852,methodist-girls,2023,odds,,,,0.552631578947368,0.682539682539683,,,,5
6853,methodist-girls,2023,taken,64,83,0,21,43,0,0,211,3
6854,methodist-girls,2023,vacancy,150,86,0,21,43,0,0,210,1
6855,montfort-junior,2009,applied,0,0,0,8,55,31,0,0,2
6856,montfort-junior,2009,ballot,,,,,,,,,4
6857,montfort-junior,2009,odds,,,,1,1,1,1,,5
6858,montfort-junior,2009,taken,31,0,9,8,53,30,0,131,3
6859,montfort-junior,2009,vacancy,0,0,0,100,193,140,93,240,1
6860,montfort-junior,2010,applied,0,0,0,16,57,36,0,0,2
6861,montfort-junior,2010,ballot,,,,,,,,,4
6862,montfort-junior,2010,odds,,,,1,1,1,1,,5
6863,montfort-junior,2010,taken,42,1,7,16,57,36,0,159,3
6864,montfort-junior,2010,vacancy,0,0,0,95,174,119,67,240,1
6865,montfort-junior,2011,applied,0,0,0,7,48,50,0,0,2
6866,montfort-junior,2011,ballot,,,,,,,,,4
6867,montfort-junior,2011,odds,,,,1,1,1,1,,5
6868,montfort-junior,2011,taken,32,1,8,7,47,55,0,150,3
6869,montfort-junior,2011,vacancy,0,0,0,85,162,115,60,210,1
6870,montfort-junior,2012,applied,0,0,0,10,58,17,0,0,2
6871,montfort-junior,2012,ballot,,,,,,,,,4
6872,montfort-junior,2012,odds,,,,1,1,1,1,,5
6873,montfort-junior,2012,taken,33,0,12,10,58,44,0,157,3
6874,montfort-junior,2012,vacancy,0,0,0,83,155,99,55,210,1
6875,montfort-junior,2013,applied,0,0,0,14,53,18,0,0,2
6876,montfort-junior,2013,ballot,,,,,,,,,4
6877,montfort-junior,2013,odds,,,,1,1,1,1,,5
6878,montfort-junior,2013,taken,18,0,13,14,53,83,0,181,3
6879,montfort-junior,2013,vacancy,0,0,0,90,165,112,29,210,1
6880,montfort-junior,2014,applied,0,0,0,11,37,13,0,0,2
6881,montfort-junior,2014,ballot,,,,,,,,,4
6882,montfort-junior,2014,odds,,,,1,1,1,1,,5
6883,montfort-junior,2014,taken,19,1,7,11,37,13,0,88,3
6884,montfort-junior,2014,vacancy,0,0,0,92,172,135,122,210,1
6885,montfort-junior,2015,applied,0,0,0,9,22,8,0,0,2
6886,montfort-junior,2015,ballot,,,,,,,,,4
6887,montfort-junior,2015,odds,,,,1,1,1,1,,5
6888,montfort-junior,2015,taken,27,0,7,8,22,8,0,72,3
6889,montfort-junior,2015,vacancy,0,0,0,73,138,116,108,180,1
6890,montfort-junior,2016,applied,0,0,0,6,20,4,0,0,2
6891,montfort-junior,2016,ballot,,,,,,,,,4
6892,montfort-junior,2016,odds,,,,1,1,1,1,,5
6893,montfort-junior,2016,taken,14,1,7,6,20,4,0,52,3
6894,montfort-junior,2016,vacancy,0,0,0,49,92,72,68,120,1
6895,montfort-junior,2017,applied,0,0,0,5,24,12,0,0,2
6896,montfort-junior,2017,ballot,,,,,,,,,4
6897,montfort-junior,2017,odds,,,,1,1,1,1,,5
6898,montfort-junior,2017,taken,19,0,6,5,24,12,0,66,3
6899,montfort-junior,2017,vacancy,0,0,0,63,120,96,84,150,1
6900,montfort-junior,2018,applied,0,0,0,15,43,46,0,0,2
6901,montfort-junior,2018,ballot,,,,,,,,,4
6902,montfort-junior,2018,odds,,,,1,1,0.891304347826087,,,5
6903,montfort-junior,2018,taken,12,3,9,14,41,41,0,120,3
6904,montfort-junior,2018,vacancy,0,0,0,48,82,41,0,120,1
6905,montfort-junior,2019,applied,13,0,7,15,45,24,0,0,2
6906,montfort-junior,2019,ballot,,,,,,,,,4
6907,montfort-junior,2019,odds,,,,,,,,,5
6908,montfort-junior,2019,taken,13,0,7,15,45,24,0,104,3
6909,montfort-junior,2019,vacancy,80,67,69,51,87,42,18,120,1
6910,montfort-junior,2020,applied,18,1,10,5,63,37,0,0,2
6911,montfort-junior,2020,ballot,,,,,,SC1-2,,,4
6912,montfort-junior,2020,odds,,,,,,0.621621621621622,,,5
6913,montfort-junior,2020,taken,18,1,10,5,63,23,0,120,3
6914,montfort-junior,2020,vacancy,80,62,61,46,86,23,0,120,1
6915,montfort-junior,2021,applied,20,2,7,14,45,50,0,0,2
6916,montfort-junior,2021,ballot,,,,,,,,,4
6917,montfort-junior,2021,odds,,,,,,,,,5
6918,montfort-junior,2021,taken,20,2,7,14,45,50,0,138,3
6919,montfort-junior,2021,vacancy,140,120,118,76,137,94,44,180,1
6920,montfort-junior,2022,applied,26,9,0,15,29,64,0,0,2
6921,montfort-junior,2022,ballot,,,,,,,,,4
6922,montfort-junior,2022,odds,,,,,,,,,5
6923,montfort-junior,2022,taken,26,9,0,15,29,64,0,143,3
6924,montfort-junior,2022,vacancy,90,64,0,38,101,72,8,150,1
6925,montfort-junior,2023,applied,22,7,0,8,25,38,0,0,2
6926,montfort-junior,2023,ballot,,,,,,,,,4
6927,montfort-junior,2023,odds,,,,,,,,,5
6928,montfort-junior,2023,taken,22,7,0,8,25,38,0,100,3
6929,montfort-junior,2023,vacancy,90,68,0,40,113,88,50,150,1
6930,nan-chiau,2009,applied,0,0,0,79,191,0,0,0,2
6931,nan-chiau,2009,ballot,,,,,,,,,4
6932,nan-chiau,2009,odds,,,,0.949367088607595,0.382198952879581,,,,5
6933,nan-chiau,2009,taken,125,2,24,77,73,0,0,301,3
6934,nan-chiau,2009,vacancy,0,0,0,75,73,0,0,300,1
6935,nan-chiau,2010,applied,0,0,0,79,204,0,0,0,2
6936,nan-chiau,2010,ballot,,,,,,,,,4
6937,nan-chiau,2010,odds,,,,0.822784810126582,0.318627450980392,,,,5
6938,nan-chiau,2010,taken,131,8,31,65,65,0,0,300,3
6939,nan-chiau,2010,vacancy,0,0,0,65,65,0,0,300,1
6940,nan-chiau,2011,applied,0,0,0,83,181,0,0,0,2
6941,nan-chiau,2011,ballot,,,,,,,,,4
6942,nan-chiau,2011,odds,,,,0.819277108433735,0.38121546961326,,,,5
6943,nan-chiau,2011,taken,124,4,36,68,69,0,0,301,3
6944,nan-chiau,2011,vacancy,0,0,0,68,69,0,0,300,1
6945,nan-chiau,2012,applied,0,0,0,83,180,0,0,0,2
6946,nan-chiau,2012,ballot,,,,,,,,,4
6947,nan-chiau,2012,odds,,,,0.698795180722892,0.322222222222222,,,,5
6948,nan-chiau,2012,taken,148,6,30,58,58,0,0,300,3
6949,nan-chiau,2012,vacancy,0,0,0,58,58,0,0,300,1
6950,nan-chiau,2013,applied,0,0,0,68,175,0,0,0,2
6951,nan-chiau,2013,ballot,,,,,,,,,4
6952,nan-chiau,2013,odds,,,,0.779411764705882,0.297142857142857,,,,5
6953,nan-chiau,2013,taken,147,15,33,53,52,0,0,300,3
6954,nan-chiau,2013,vacancy,0,0,0,53,52,0,0,300,1
6955,nan-chiau,2014,applied,0,0,0,96,163,0,0,0,2
6956,nan-chiau,2014,ballot,,,,,,,,,4
6957,nan-chiau,2014,odds,,,,0.666666666666667,0.392638036809816,,,,5
6958,nan-chiau,2014,taken,120,12,41,63,64,0,0,300,3
6959,nan-chiau,2014,vacancy,0,0,0,64,64,0,0,300,1
6960,nan-chiau,2015,applied,0,0,0,80,166,0,0,0,2
6961,nan-chiau,2015,ballot,,,,,,,,,4
6962,nan-chiau,2015,odds,,,,0.7625,0.367469879518072,,,,5
6963,nan-chiau,2015,taken,136,16,27,60,61,0,0,300,3
6964,nan-chiau,2015,vacancy,0,0,0,61,61,0,0,300,1
6965,nan-chiau,2016,applied,0,0,0,67,183,0,0,0,2
6966,nan-chiau,2016,ballot,,,,,,,,,4
6967,nan-chiau,2016,odds,,,,1,0.404371584699454,,,,5
6968,nan-chiau,2016,taken,123,11,26,66,74,0,0,300,3
6969,nan-chiau,2016,vacancy,0,0,0,70,74,0,0,300,1
6970,nan-chiau,2017,applied,0,0,0,76,203,0,0,0,2
6971,nan-chiau,2017,ballot,,,,,,,,,4
6972,nan-chiau,2017,odds,,,,0.921052631578947,0.354679802955665,,,,5
6973,nan-chiau,2017,taken,125,12,24,67,72,0,0,300,3
6974,nan-chiau,2017,vacancy,0,0,0,70,72,0,0,300,1
6975,nan-chiau,2018,applied,0,0,0,67,203,0,0,0,2
6976,nan-chiau,2018,ballot,,,,,,,,,4
6977,nan-chiau,2018,odds,,,,0.791044776119403,0.25615763546798,,,,5
6978,nan-chiau,2018,taken,142,20,33,53,52,0,0,300,3
6979,nan-chiau,2018,vacancy,0,0,0,53,52,0,0,300,1
6980,nan-chiau,2019,applied,144,12,26,70,235,0,0,0,2
6981,nan-chiau,2019,ballot,,,,SC<1,SC<1,,,,4
6982,nan-chiau,2019,odds,,,,0.857142857142857,0.259574468085106,,,,5
6983,nan-chiau,2019,taken,144,12,26,60,61,0,0,303,3
6984,nan-chiau,2019,vacancy,260,116,104,60,61,0,0,300,1
6985,nan-chiau,2020,applied,118,14,24,81,225,0,0,0,2
6986,nan-chiau,2020,ballot,,,,SC<1,SC<1,,,,4
6987,nan-chiau,2020,odds,,,,0.888888888888889,0.32,,,,5
6988,nan-chiau,2020,taken,118,14,24,72,72,0,0,300,3
6989,nan-chiau,2020,vacancy,260,142,128,72,72,0,0,300,1
6990,nan-chiau,2021,applied,134,20,23,88,204,0,0,0,2
6991,nan-chiau,2021,ballot,,,,SC<1,SC<1,,,,4
6992,nan-chiau,2021,odds,,,,0.704545454545455,0.313725490196078,,,,5
6993,nan-chiau,2021,taken,134,20,23,62,64,0,0,303,3
6994,nan-chiau,2021,vacancy,260,126,106,62,64,0,0,300,1
6995,nan-chiau,2022,applied,143,35,0,79,274,0,0,0,2
6996,nan-chiau,2022,ballot,,,,SC<1,SC<1,,,,4
6997,nan-chiau,2022,odds,,,,0.518987341772152,0.295620437956204,,,,5
6998,nan-chiau,2022,taken,143,35,0,41,81,0,0,300,3
6999,nan-chiau,2022,vacancy,240,97,0,41,81,0,0,300,1
7000,nan-chiau,2023,applied,131,38,0,123,264,0,0,0,2
7001,nan-chiau,2023,ballot,,,,SC<1,SC<1,,,,4
7002,nan-chiau,2023,odds,,,,0.365853658536585,0.337121212121212,,,,5
7003,nan-chiau,2023,taken,131,38,0,45,89,0,0,303,3
7004,nan-chiau,2023,vacancy,240,109,0,45,89,0,0,300,1
7005,nan-hua,2009,applied,0,0,0,42,100,0,0,0,2
7006,nan-hua,2009,ballot,,,,,,,,,4
7007,nan-hua,2009,odds,,,,1,0.43,,,,5
7008,nan-hua,2009,taken,82,24,51,42,43,0,0,242,3
7009,nan-hua,2009,vacancy,0,0,0,42,43,0,0,240,1
7010,nan-hua,2010,applied,0,0,0,40,84,0,0,0,2
7011,nan-hua,2010,ballot,,,,,,,,,4
7012,nan-hua,2010,odds,,,,0.9,0.416666666666667,,,,5
7013,nan-hua,2010,taken,102,20,47,36,35,0,0,240,3
7014,nan-hua,2010,vacancy,0,0,0,36,35,0,0,240,1
7015,nan-hua,2011,applied,0,0,0,38,84,0,0,0,2
7016,nan-hua,2011,ballot,,,,,,,,,4
7017,nan-hua,2011,odds,,,,0.736842105263158,0.333333333333333,,,,5
7018,nan-hua,2011,taken,109,19,56,28,28,0,0,240,3
7019,nan-hua,2011,vacancy,0,0,0,28,28,0,0,240,1
7020,nan-hua,2012,applied,0,0,0,35,63,0,0,0,2
7021,nan-hua,2012,ballot,,,,,,,,,4
7022,nan-hua,2012,odds,,,,0.457142857142857,0.253968253968254,,,,5
7023,nan-hua,2012,taken,108,31,69,16,16,0,0,240,3
7024,nan-hua,2012,vacancy,0,0,0,16,16,0,0,240,1
7025,nan-hua,2013,applied,0,0,0,30,72,0,0,0,2
7026,nan-hua,2013,ballot,,,,,,,,,4
7027,nan-hua,2013,odds,,,,0.5,0.208333333333333,,,,5
7028,nan-hua,2013,taken,133,27,50,15,15,0,0,240,3
7029,nan-hua,2013,vacancy,0,0,0,15,15,0,0,240,1
7030,nan-hua,2014,applied,0,0,0,28,64,0,0,0,2
7031,nan-hua,2014,ballot,,,,,,,,,4
7032,nan-hua,2014,odds,,,,0.714285714285714,0.328125,,,,5
7033,nan-hua,2014,taken,117,41,42,19,21,0,0,240,3
7034,nan-hua,2014,vacancy,0,0,0,20,21,0,0,240,1
7035,nan-hua,2015,applied,0,0,0,27,54,0,0,0,2
7036,nan-hua,2015,ballot,,,,,,,,,4
7037,nan-hua,2015,odds,,,,0.740740740740741,0.388888888888889,,,,5
7038,nan-hua,2015,taken,121,42,37,19,21,0,0,240,3
7039,nan-hua,2015,vacancy,0,0,0,20,21,0,0,240,1
7040,nan-hua,2016,applied,0,0,0,10,81,0,0,0,2
7041,nan-hua,2016,ballot,,,,,,,,,4
7042,nan-hua,2016,odds,,,,1,0.555555555555556,,,,5
7043,nan-hua,2016,taken,108,48,34,5,45,0,0,240,3
7044,nan-hua,2016,vacancy,0,0,0,25,45,0,0,240,1
7045,nan-hua,2017,applied,0,0,0,15,94,0,0,0,2
7046,nan-hua,2017,ballot,,,,,,,,,4
7047,nan-hua,2017,odds,,,,1,0.276595744680851,,,,5
7048,nan-hua,2017,taken,117,64,19,14,26,0,0,240,3
7049,nan-hua,2017,vacancy,0,0,0,20,26,0,0,240,1
7050,nan-hua,2018,applied,0,0,0,16,87,0,0,0,2
7051,nan-hua,2018,ballot,,,,,,,,,4
7052,nan-hua,2018,odds,,,,1,0.367816091954023,,,,5
7053,nan-hua,2018,taken,112,51,31,14,32,0,0,240,3
7054,nan-hua,2018,vacancy,0,0,0,23,32,0,0,240,1
7055,nan-hua,2019,applied,108,84,22,27,96,0,0,0,2
7056,nan-hua,2019,ballot,,,,SC<1,SC<1,,,,4
7057,nan-hua,2019,odds,,,,0.740740740740741,0.208333333333333,,,,5
7058,nan-hua,2019,taken,108,84,8,20,20,0,0,240,3
7059,nan-hua,2019,vacancy,200,92,8,20,20,0,0,240,1
7060,nan-hua,2020,applied,123,84,0,19,115,0,0,0,2
7061,nan-hua,2020,ballot,,SC>2,,,SC<1,,,,4
7062,nan-hua,2020,odds,,0.916666666666667,,,0.191304347826087,,,,5
7063,nan-hua,2020,taken,123,77,0,19,22,0,0,241,3
7064,nan-hua,2020,vacancy,200,77,0,20,22,0,0,240,1
7065,nan-hua,2021,applied,107,88,21,34,141,0,0,0,2
7066,nan-hua,2021,ballot,,,SC<1,SC<1,SC<1,,,,4
7067,nan-hua,2021,odds,,,0.238095238095238,0.617647058823529,0.148936170212766,,,,5
7068,nan-hua,2021,taken,107,88,5,21,21,0,0,242,3
7069,nan-hua,2021,vacancy,200,93,5,21,21,0,0,240,1
7070,nan-hua,2022,applied,104,111,0,38,191,0,0,0,2
7071,nan-hua,2022,ballot,,SC<2#,,SC<1,SC<1,,,,4
7072,nan-hua,2022,odds,,0.693693693693694,,0.526315789473684,0.209424083769634,,,,5
7073,nan-hua,2022,taken,104,77,0,20,40,0,0,241,3
7074,nan-hua,2022,vacancy,180,77,0,20,40,0,0,240,1
7075,nan-hua,2023,applied,116,96,0,34,192,0,0,0,2
7076,nan-hua,2023,ballot,,SC1-2,,SC<1,SC<1,,,,4
7077,nan-hua,2023,odds,,0.677083333333333,,0.588235294117647,0.208333333333333,,,,5
7078,nan-hua,2023,taken,116,65,0,20,40,0,0,241,3
7079,nan-hua,2023,vacancy,180,65,0,20,40,0,0,240,1
7080,nanyang,2009,applied,0,0,0,47,55,0,0,0,2
7081,nanyang,2009,ballot,,,,,,,,,4
7082,nanyang,2009,odds,,,,1,0.854545454545454,,,,5
7083,nanyang,2009,taken,176,47,74,47,47,0,0,391,3
7084,nanyang,2009,vacancy,0,0,0,47,47,0,0,390,1
7085,nanyang,2010,applied,0,0,0,51,68,0,0,0,2
7086,nanyang,2010,ballot,,,,,,,,,4
7087,nanyang,2010,odds,,,,0.705882352941177,0.529411764705882,,,,5
7088,nanyang,2010,taken,179,48,91,36,36,0,0,390,3
7089,nanyang,2010,vacancy,0,0,0,36,36,0,0,390,1
7090,nanyang,2011,applied,0,0,0,45,53,0,0,0,2
7091,nanyang,2011,ballot,,,,,,,,,4
7092,nanyang,2011,odds,,,,0.622222222222222,0.566037735849057,,,,5
7093,nanyang,2011,taken,200,52,82,28,30,0,0,392,3
7094,nanyang,2011,vacancy,0,0,0,28,30,0,0,390,1
7095,nanyang,2012,applied,0,0,0,33,33,0,0,0,2
7096,nanyang,2012,ballot,,,,,,,,,4
7097,nanyang,2012,odds,,,,0.757575757575758,0.757575757575758,,,,5
7098,nanyang,2012,taken,187,67,86,25,25,0,0,390,3
7099,nanyang,2012,vacancy,0,0,0,25,25,0,0,390,1
7100,nanyang,2013,applied,0,0,0,36,48,0,0,0,2
7101,nanyang,2013,ballot,,,,,,,,,4
7102,nanyang,2013,odds,,,,0.694444444444444,0.520833333333333,,,,5
7103,nanyang,2013,taken,195,75,70,25,25,0,0,390,3
7104,nanyang,2013,vacancy,0,0,0,25,25,0,0,390,1
7105,nanyang,2014,applied,0,0,0,32,30,0,0,0,2
7106,nanyang,2014,ballot,,,,,,,,,4
7107,nanyang,2014,odds,,,,0.71875,0.766666666666667,,,,5
7108,nanyang,2014,taken,192,84,69,22,23,0,0,390,3
7109,nanyang,2014,vacancy,0,0,0,23,23,0,0,390,1
7110,nanyang,2015,applied,0,0,0,29,45,0,0,0,2
7111,nanyang,2015,ballot,,,,,,,,,4
7112,nanyang,2015,odds,,,,0.689655172413793,0.466666666666667,,,,5
7113,nanyang,2015,taken,205,90,55,19,21,0,0,390,3
7114,nanyang,2015,vacancy,0,0,0,20,21,0,0,390,1
7115,nanyang,2016,applied,0,0,0,26,49,0,0,0,2
7116,nanyang,2016,ballot,,,,,,,,,4
7117,nanyang,2016,odds,,,,0.769230769230769,0.428571428571429,,,,5
7118,nanyang,2016,taken,196,125,29,19,21,0,0,390,3
7119,nanyang,2016,vacancy,0,0,0,20,21,0,0,390,1
7120,nanyang,2017,applied,0,0,0,20,36,0,0,0,2
7121,nanyang,2017,ballot,,,,,,,,,4
7122,nanyang,2017,odds,,,,1,0.555555555555556,,,,5
7123,nanyang,2017,taken,203,137,10,20,20,0,0,390,3
7124,nanyang,2017,vacancy,0,0,0,20,20,0,0,390,1
7125,nanyang,2018,applied,0,0,0,35,56,0,0,0,2
7126,nanyang,2018,ballot,,,,,,,,,4
7127,nanyang,2018,odds,,,,0.571428571428571,0.357142857142857,,,,5
7128,nanyang,2018,taken,196,146,8,20,20,0,0,390,3
7129,nanyang,2018,vacancy,0,0,0,20,20,0,0,390,1
7130,nanyang,2019,applied,194,148,34,30,37,0,0,0,2
7131,nanyang,2019,ballot,,,,SC<1,SC<1,,,,4
7132,nanyang,2019,odds,,,,0.7,0.567567567567568,,,,5
7133,nanyang,2019,taken,194,148,11,21,21,0,0,395,3
7134,nanyang,2019,vacancy,350,158,11,21,21,0,0,390,1
7135,nanyang,2020,applied,182,140,44,48,78,0,0,0,2
7136,nanyang,2020,ballot,,,SC>2,SC<1,SC<1,,,,4
7137,nanyang,2020,odds,,,0.636363636363636,0.4375,0.256410256410256,,,,5
7138,nanyang,2020,taken,182,140,28,21,20,0,0,391,3
7139,nanyang,2020,vacancy,350,168,28,21,20,0,0,390,1
7140,nanyang,2021,applied,210,150,0,31,61,0,0,0,2
7141,nanyang,2021,ballot,,SC>2,,SC<1,SC<1,,,,4
7142,nanyang,2021,odds,,0.933333333333333,,0.645161290322581,0.327868852459016,,,,5
7143,nanyang,2021,taken,210,140,0,20,20,0,0,390,3
7144,nanyang,2021,vacancy,350,140,0,20,20,0,0,390,1
7145,nanyang,2022,applied,175,185,0,37,89,0,0,0,2
7146,nanyang,2022,ballot,,SC>2,,SC<1,SC<1,,,,4
7147,nanyang,2022,odds,,0.843243243243243,,0.540540540540541,0.460674157303371,,,,5
7148,nanyang,2022,taken,175,156,0,20,41,0,0,392,3
7149,nanyang,2022,vacancy,330,156,0,20,41,0,0,390,1
7150,nanyang,2023,applied,182,171,0,43,76,0,0,0,2
7151,nanyang,2023,ballot,,SC>2,,SC<1,SC<1,,,,4
7152,nanyang,2023,odds,,0.871345029239766,,0.465116279069767,0.578947368421053,,,,5
7153,nanyang,2023,taken,182,149,0,20,44,0,0,395,3
7154,nanyang,2023,vacancy,330,149,0,20,44,0,0,390,1
7155,naval-base,2009,applied,0,0,0,3,37,16,0,0,2
7156,naval-base,2009,ballot,,,,,,,,,4
7157,naval-base,2009,odds,,,,1,1,1,1,,5
7158,naval-base,2009,taken,50,1,5,3,37,16,0,112,3
7159,naval-base,2009,vacancy,0,0,0,77,152,115,97,210,1
7160,naval-base,2010,applied,0,0,0,0,37,14,0,0,2
7161,naval-base,2010,ballot,,,,,,,,,4
7162,naval-base,2010,odds,,,,1,1,1,1,,5
7163,naval-base,2010,taken,43,0,6,0,37,14,0,100,3
7164,naval-base,2010,vacancy,0,0,0,81,161,124,42,210,1
7165,naval-base,2011,applied,0,0,0,0,39,34,0,0,2
7166,naval-base,2011,ballot,,,,,,,,,4
7167,naval-base,2011,odds,,,,1,1,1,1,,5
7168,naval-base,2011,taken,51,0,10,0,39,66,0,166,3
7169,naval-base,2011,vacancy,0,0,0,75,149,110,44,210,1
7170,naval-base,2012,applied,0,0,0,1,54,12,0,0,2
7171,naval-base,2012,ballot,,,,,,,,,4
7172,naval-base,2012,odds,,,,1,1,1,1,,5
7173,naval-base,2012,taken,43,0,10,1,54,20,0,128,3
7174,naval-base,2012,vacancy,0,0,0,64,126,72,52,180,1
7175,naval-base,2013,applied,0,0,0,1,53,11,0,0,2
7176,naval-base,2013,ballot,,,,,,,,,4
7177,naval-base,2013,odds,,,,1,1,1,1,,5
7178,naval-base,2013,taken,46,0,13,1,53,33,0,146,3
7179,naval-base,2013,vacancy,0,0,0,61,120,68,35,180,1
7180,naval-base,2014,applied,0,0,0,0,39,18,0,0,2
7181,naval-base,2014,ballot,,,,,,,,,4
7182,naval-base,2014,odds,,,,1,1,1,1,,5
7183,naval-base,2014,taken,38,0,12,0,39,18,0,107,3
7184,naval-base,2014,vacancy,0,0,0,80,160,121,103,210,1
7185,naval-base,2015,applied,0,0,0,0,46,29,0,0,2
7186,naval-base,2015,ballot,,,,,,,,,4
7187,naval-base,2015,odds,,,,1,1,1,1,,5
7188,naval-base,2015,taken,47,0,8,0,46,29,0,130,3
7189,naval-base,2015,vacancy,0,0,0,63,126,80,51,180,1
7190,naval-base,2016,applied,0,0,0,0,59,46,0,0,2
7191,naval-base,2016,ballot,,,,,,,,,4
7192,naval-base,2016,odds,,,,1,1,1,1,,5
7193,naval-base,2016,taken,34,0,11,0,59,46,0,150,3
7194,naval-base,2016,vacancy,0,0,0,68,137,78,32,180,1
7195,naval-base,2017,applied,0,0,0,0,72,80,0,0,2
7196,naval-base,2017,ballot,,,,,,,,,4
7197,naval-base,2017,odds,,,,1,1,0.95,,,5
7198,naval-base,2017,taken,55,0,7,0,72,76,0,210,3
7199,naval-base,2017,vacancy,0,0,0,74,148,76,0,210,1
7200,naval-base,2018,applied,0,0,0,0,132,0,0,0,2
7201,naval-base,2018,ballot,,,,,,,,,4
7202,naval-base,2018,odds,,,,1,1,,,,5
7203,naval-base,2018,taken,91,0,17,0,132,0,0,240,3
7204,naval-base,2018,vacancy,0,0,0,66,132,0,0,240,1
7205,naval-base,2019,applied,69,0,23,2,112,81,0,0,2
7206,naval-base,2019,ballot,,,,,,SC<1,,,4
7207,naval-base,2019,odds,,,,,,0.419753086419753,,,5
7208,naval-base,2019,taken,69,0,23,2,112,34,0,240,3
7209,naval-base,2019,vacancy,200,131,131,74,146,34,0,240,1
7210,naval-base,2020,applied,95,0,23,2,116,73,0,0,2
7211,naval-base,2020,ballot,,,,,,SC<1,,,4
7212,naval-base,2020,odds,,,,,,0.616438356164384,,,5
7213,naval-base,2020,taken,95,0,23,2,116,45,0,281,3
7214,naval-base,2020,vacancy,240,145,145,81,160,45,0,280,1
7215,naval-base,2021,applied,118,0,66,0,108,0,0,0,2
7216,naval-base,2021,ballot,,,,,SC<1,,,,4
7217,naval-base,2021,odds,,,,,0.888888888888889,,,,5
7218,naval-base,2021,taken,118,0,66,0,96,0,0,280,3
7219,naval-base,2021,vacancy,240,122,122,48,96,0,0,280,1
7220,naval-base,2022,applied,115,61,0,1,116,0,0,0,2
7221,naval-base,2022,ballot,,,,,PR<1,,,,4
7222,naval-base,2022,odds,,,,,0.905172413793103,,,,5
7223,naval-base,2022,taken,115,61,0,1,105,0,0,282,3
7224,naval-base,2022,vacancy,220,106,0,35,105,0,0,280,1
7225,naval-base,2023,applied,114,100,0,2,89,0,0,0,2
7226,naval-base,2023,ballot,,SC<1,,,SC<1,,,,4
7227,naval-base,2023,odds,,0.66,,,0.651685393258427,,,,5
7228,naval-base,2023,taken,114,66,0,2,58,0,0,240,3
7229,naval-base,2023,vacancy,180,66,0,20,58,0,0,240,1
7230,new-town,2009,applied,0,0,0,0,99,25,0,0,2
7231,new-town,2009,ballot,,,,,,,,,4
7232,new-town,2009,odds,,,,1,1,1,1,,5
7233,new-town,2009,taken,63,1,12,0,98,25,0,199,3
7234,new-town,2009,vacancy,0,0,0,97,194,96,66,270,1
7235,new-town,2010,applied,0,0,0,1,77,37,0,0,2
7236,new-town,2010,ballot,,,,,,,,,4
7237,new-town,2010,odds,,,,1,1,1,1,,5
7238,new-town,2010,taken,63,0,12,1,77,37,0,190,3
7239,new-town,2010,vacancy,0,0,0,83,164,88,46,240,1
7240,new-town,2011,applied,0,0,0,0,103,37,0,0,2
7241,new-town,2011,ballot,,,,,,,,,4
7242,new-town,2011,odds,,,,1,1,1,1,,5
7243,new-town,2011,taken,67,0,8,0,103,39,0,217,3
7244,new-town,2011,vacancy,0,0,0,83,165,62,23,240,1
7245,new-town,2012,applied,0,0,0,4,101,54,0,0,2
7246,new-town,2012,ballot,,,,,,,,,4
7247,new-town,2012,odds,,,,1,1,0.944444444444444,,,5
7248,new-town,2012,taken,77,0,15,4,97,51,0,244,3
7249,new-town,2012,vacancy,0,0,0,74,144,51,0,240,1
7250,new-town,2013,applied,0,0,0,2,107,34,0,0,2
7251,new-town,2013,ballot,,,,,,,,,4
7252,new-town,2013,odds,,,,1,1,1,,,5
7253,new-town,2013,taken,75,0,11,2,107,45,0,240,3
7254,new-town,2013,vacancy,0,0,0,77,152,45,0,240,1
7255,new-town,2014,applied,0,0,0,0,95,41,0,0,2
7256,new-town,2014,ballot,,,,,,,,,4
7257,new-town,2014,odds,,,,1,1,1,1,,5
7258,new-town,2014,taken,73,0,12,0,93,41,0,219,3
7259,new-town,2014,vacancy,0,0,0,78,155,62,21,240,1
7260,new-town,2015,applied,0,0,0,0,90,36,0,0,2
7261,new-town,2015,ballot,,,,,,,,,4
7262,new-town,2015,odds,,,,1,1,1,1,,5
7263,new-town,2015,taken,82,0,13,0,88,36,0,219,3
7264,new-town,2015,vacancy,0,0,0,73,147,59,23,240,1
7265,new-town,2016,applied,0,0,0,0,46,23,0,0,2
7266,new-town,2016,ballot,,,,,,,,,4
7267,new-town,2016,odds,,,,1,1,1,1,,5
7268,new-town,2016,taken,68,0,11,0,46,23,0,148,3
7269,new-town,2016,vacancy,0,0,0,81,161,115,92,240,1
7270,new-town,2017,applied,0,0,0,0,55,13,0,0,2
7271,new-town,2017,ballot,,,,,,,,,4
7272,new-town,2017,odds,,,,1,1,1,1,,5
7273,new-town,2017,taken,52,0,6,0,55,13,0,126,3
7274,new-town,2017,vacancy,0,0,0,76,152,97,84,210,1
7275,new-town,2018,applied,0,0,0,0,45,42,0,0,2
7276,new-town,2018,ballot,,,,,,,,,4
7277,new-town,2018,odds,,,,1,1,1,1,,5
7278,new-town,2018,taken,48,0,16,0,45,42,0,151,3
7279,new-town,2018,vacancy,0,0,0,88,176,131,89,240,1
7280,new-town,2019,applied,42,0,4,1,26,28,0,0,2
7281,new-town,2019,ballot,,,,,,,,,4
7282,new-town,2019,odds,,,,,,,,,5
7283,new-town,2019,taken,42,0,4,1,26,28,0,101,3
7284,new-town,2019,vacancy,170,128,128,82,165,139,111,210,1
7285,new-town,2020,applied,45,0,6,0,27,62,0,0,2
7286,new-town,2020,ballot,,,,,,,,,4
7287,new-town,2020,odds,,,,,,,,,5
7288,new-town,2020,taken,45,0,6,0,27,62,0,140,3
7289,new-town,2020,vacancy,230,185,185,110,220,194,132,270,1
7290,new-town,2021,applied,37,0,8,0,24,31,0,0,2
7291,new-town,2021,ballot,,,,,,,,,4
7292,new-town,2021,odds,,,,,,,,,5
7293,new-town,2021,taken,37,0,8,0,24,31,0,100,3
7294,new-town,2021,vacancy,230,193,193,113,225,201,170,270,1
7295,new-town,2022,applied,33,4,0,0,20,33,0,0,2
7296,new-town,2022,ballot,,,,,,,,,4
7297,new-town,2022,odds,,,,,,,,,5
7298,new-town,2022,taken,33,4,0,0,20,33,0,90,3
7299,new-town,2022,vacancy,150,117,0,58,173,153,120,210,1
7300,new-town,2023,applied,37,9,0,0,19,41,0,0,2
7301,new-town,2023,ballot,,,,,,,,,4
7302,new-town,2023,odds,,,,,,,,,5
7303,new-town,2023,taken,37,9,0,0,19,41,0,106,3
7304,new-town,2023,vacancy,150,113,0,55,164,145,104,210,1
7305,ngee-ann,2009,applied,0,0,0,9,124,4,0,0,2
7306,ngee-ann,2009,ballot,,,,,,,,,4
7307,ngee-ann,2009,odds,,,,1,1,1,,,5
7308,ngee-ann,2009,taken,81,4,19,9,124,4,0,241,3
7309,ngee-ann,2009,vacancy,0,0,0,68,128,4,0,240,1
7310,ngee-ann,2010,applied,0,0,0,16,136,0,0,0,2
7311,ngee-ann,2010,ballot,,,,,,,,,4
7312,ngee-ann,2010,odds,,,,1,0.904411764705882,,,,5
7313,ngee-ann,2010,taken,85,5,11,16,123,0,0,240,3
7314,ngee-ann,2010,vacancy,0,0,0,69,123,0,0,240,1
7315,ngee-ann,2011,applied,0,0,0,24,112,0,0,0,2
7316,ngee-ann,2011,ballot,,,,,,,,,4
7317,ngee-ann,2011,odds,,,,1,0.9375,,,,5
7318,ngee-ann,2011,taken,87,1,25,24,105,0,0,242,3
7319,ngee-ann,2011,vacancy,0,0,0,64,105,0,0,240,1
7320,ngee-ann,2012,applied,0,0,0,19,114,12,0,0,2
7321,ngee-ann,2012,ballot,,,,,,,,,4
7322,ngee-ann,2012,odds,,,,1,1,0.333333333333333,,,5
7323,ngee-ann,2012,taken,86,0,21,19,114,4,0,244,3
7324,ngee-ann,2012,vacancy,0,0,0,67,114,4,0,240,1
7325,ngee-ann,2013,applied,0,0,0,29,112,0,0,0,2
7326,ngee-ann,2013,ballot,,,,,,,,,4
7327,ngee-ann,2013,odds,,,,1,0.785714285714286,,,,5
7328,ngee-ann,2013,taken,94,1,28,29,88,0,0,240,3
7329,ngee-ann,2013,vacancy,0,0,0,59,88,0,0,240,1
7330,ngee-ann,2014,applied,0,0,0,35,88,0,0,0,2
7331,ngee-ann,2014,ballot,,,,,,,,,4
7332,ngee-ann,2014,odds,,,,1,0.704545454545455,,,,5
7333,ngee-ann,2014,taken,109,1,34,34,62,0,0,240,3
7334,ngee-ann,2014,vacancy,0,0,0,48,62,0,0,240,1
7335,ngee-ann,2015,applied,0,0,0,31,83,0,0,0,2
7336,ngee-ann,2015,ballot,,,,,,,,,4
7337,ngee-ann,2015,odds,,,,1,0.951807228915663,,,,5
7338,ngee-ann,2015,taken,94,5,33,29,79,0,0,240,3
7339,ngee-ann,2015,vacancy,0,0,0,54,79,0,0,240,1
7340,ngee-ann,2016,applied,0,0,0,19,101,0,0,0,2
7341,ngee-ann,2016,ballot,,,,,,,,,4
7342,ngee-ann,2016,odds,,,,1,0.910891089108911,,,,5
7343,ngee-ann,2016,taken,99,5,29,15,92,0,0,240,3
7344,ngee-ann,2016,vacancy,0,0,0,54,92,0,0,240,1
7345,ngee-ann,2017,applied,0,0,0,21,92,0,0,0,2
7346,ngee-ann,2017,ballot,,,,,,,,,4
7347,ngee-ann,2017,odds,,,,1,0.945652173913043,,,,5
7348,ngee-ann,2017,taken,100,0,35,18,87,0,0,240,3
7349,ngee-ann,2017,vacancy,0,0,0,53,87,0,0,240,1
7350,ngee-ann,2018,applied,0,0,0,23,98,0,0,0,2
7351,ngee-ann,2018,ballot,,,,,,,,,4
7352,ngee-ann,2018,odds,,,,1,0.76530612244898,,,,5
7353,ngee-ann,2018,taken,105,0,41,19,75,0,0,240,3
7354,ngee-ann,2018,vacancy,0,0,0,47,75,0,0,240,1
7355,ngee-ann,2019,applied,80,0,33,16,108,15,0,0,2
7356,ngee-ann,2019,ballot,,,,,,SC1-2,,,4
7357,ngee-ann,2019,odds,,,,,,0.733333333333333,,,5
7358,ngee-ann,2019,taken,80,0,33,16,108,11,0,248,3
7359,ngee-ann,2019,vacancy,200,121,122,66,118,11,0,240,1
7360,ngee-ann,2020,applied,85,0,26,24,116,0,0,0,2
7361,ngee-ann,2020,ballot,,,,,PR>2,,,,4
7362,ngee-ann,2020,odds,,,,,0.922413793103448,,,,5
7363,ngee-ann,2020,taken,85,0,26,24,107,0,0,242,3
7364,ngee-ann,2020,vacancy,200,115,115,65,107,0,0,240,1
7365,ngee-ann,2021,applied,86,2,31,3,141,0,0,0,2
7366,ngee-ann,2021,ballot,,,,,PR<1,,,,4
7367,ngee-ann,2021,odds,,,,,0.851063829787234,,,,5
7368,ngee-ann,2021,taken,86,2,31,3,120,0,0,242,3
7369,ngee-ann,2021,vacancy,200,114,112,61,120,0,0,240,1
7370,ngee-ann,2022,applied,86,28,0,4,128,0,0,0,2
7371,ngee-ann,2022,ballot,,,,,PR<2#,,,,4
7372,ngee-ann,2022,odds,,,,,0.9609375,,,,5
7373,ngee-ann,2022,taken,86,28,0,4,123,0,0,241,3
7374,ngee-ann,2022,vacancy,180,95,0,42,123,0,0,240,1
7375,ngee-ann,2023,applied,86,34,0,2,122,0,0,0,2
7376,ngee-ann,2023,ballot,,,,,,,,,4
7377,ngee-ann,2023,odds,,,,,,,,,5
7378,ngee-ann,2023,taken,86,34,0,2,122,0,0,244,3
7379,ngee-ann,2023,vacancy,180,94,0,40,122,0,0,240,1
7380,north-spring,2009,applied,0,0,0,0,46,70,0,0,2
7381,north-spring,2009,ballot,,,,,,,,,4
7382,north-spring,2009,odds,,,,1,1,1,1,,5
7383,north-spring,2009,taken,73,0,6,0,46,70,0,195,3
7384,north-spring,2009,vacancy,0,0,0,81,162,116,40,240,1
7385,north-spring,2010,applied,0,0,0,1,44,60,0,0,2
7386,north-spring,2010,ballot,,,,,,,,,4
7387,north-spring,2010,odds,,,,1,1,1,1,,5
7388,north-spring,2010,taken,80,0,4,1,44,60,0,189,3
7389,north-spring,2010,vacancy,0,0,0,78,155,112,44,240,1
7390,north-spring,2011,applied,0,0,0,0,58,52,0,0,2
7391,north-spring,2011,ballot,,,,,,,,,4
7392,north-spring,2011,odds,,,,1,1,1,1,,5
7393,north-spring,2011,taken,69,0,5,0,58,91,0,223,3
7394,north-spring,2011,vacancy,0,0,0,98,197,139,48,270,1
7395,north-spring,2012,applied,0,0,0,0,51,56,0,0,2
7396,north-spring,2012,ballot,,,,,,,,,4
7397,north-spring,2012,odds,,,,1,1,1,1,,5
7398,north-spring,2012,taken,71,0,4,0,50,67,0,192,3
7399,north-spring,2012,vacancy,0,0,0,68,136,89,22,210,1
7400,north-spring,2013,applied,0,0,0,0,48,46,0,0,2
7401,north-spring,2013,ballot,,,,,,,,,4
7402,north-spring,2013,odds,,,,1,1,1,1,,5
7403,north-spring,2013,taken,74,0,5,0,48,57,0,184,3
7404,north-spring,2013,vacancy,0,0,0,66,132,84,27,210,1
7405,north-spring,2014,applied,0,0,0,0,54,42,0,0,2
7406,north-spring,2014,ballot,,,,,,,,,4
7407,north-spring,2014,odds,,,,1,1,1,1,,5
7408,north-spring,2014,taken,71,0,8,0,54,42,0,175,3
7409,north-spring,2014,vacancy,0,0,0,81,161,107,65,240,1
7410,north-spring,2015,applied,0,0,0,0,52,29,0,0,2
7411,north-spring,2015,ballot,,,,,,,,,4
7412,north-spring,2015,odds,,,,1,1,1,1,,5
7413,north-spring,2015,taken,60,1,9,0,52,29,0,151,3
7414,north-spring,2015,vacancy,0,0,0,85,171,119,90,240,1
7415,north-spring,2016,applied,0,0,0,0,64,14,0,0,2
7416,north-spring,2016,ballot,,,,,,,,,4
7417,north-spring,2016,odds,,,,1,1,1,1,,5
7418,north-spring,2016,taken,55,0,8,0,64,14,0,141,3
7419,north-spring,2016,vacancy,0,0,0,89,177,113,99,240,1
7420,north-spring,2017,applied,0,0,0,0,63,24,0,0,2
7421,north-spring,2017,ballot,,,,,,,,,4
7422,north-spring,2017,odds,,,,1,1,1,1,,5
7423,north-spring,2017,taken,70,0,3,0,63,24,0,160,3
7424,north-spring,2017,vacancy,0,0,0,69,138,75,51,210,1
7425,north-spring,2018,applied,0,0,0,0,70,87,0,0,2
7426,north-spring,2018,ballot,,,,,,,,,4
7427,north-spring,2018,odds,,,,1,1,1,1,,5
7428,north-spring,2018,taken,62,0,5,0,70,87,0,224,3
7429,north-spring,2018,vacancy,0,0,0,102,203,133,46,270,1
7430,north-spring,2019,applied,69,0,8,0,56,31,0,0,2
7431,north-spring,2019,ballot,,,,,,,,,4
7432,north-spring,2019,odds,,,,,,,,,5
7433,north-spring,2019,taken,69,0,8,0,56,31,0,164,3
7434,north-spring,2019,vacancy,170,101,101,67,134,78,47,210,1
7435,north-spring,2020,applied,62,0,5,0,84,41,0,0,2
7436,north-spring,2020,ballot,,,,,,,,,4
7437,north-spring,2020,odds,,,,,,,,,5
7438,north-spring,2020,taken,62,0,5,0,84,41,0,192,3
7439,north-spring,2020,vacancy,200,138,138,87,174,90,49,240,1
7440,north-spring,2021,applied,68,0,7,0,54,38,0,0,2
7441,north-spring,2021,ballot,,,,,,,,,4
7442,north-spring,2021,odds,,,,,,,,,5
7443,north-spring,2021,taken,68,0,7,0,54,38,0,167,3
7444,north-spring,2021,vacancy,200,132,132,83,166,112,74,240,1
7445,north-spring,2022,applied,65,7,0,0,37,50,0,0,2
7446,north-spring,2022,ballot,,,,,,,,,4
7447,north-spring,2022,odds,,,,,,,,,5
7448,north-spring,2022,taken,65,7,0,0,37,50,0,159,3
7449,north-spring,2022,vacancy,150,85,0,46,139,102,52,210,1
7450,north-spring,2023,applied,52,15,0,0,38,49,0,0,2
7451,north-spring,2023,ballot,,,,,,,,,4
7452,north-spring,2023,odds,,,,,,,,,5
7453,north-spring,2023,taken,52,15,0,0,38,49,0,154,3
7454,north-spring,2023,vacancy,180,128,0,58,173,135,86,240,1
7455,north-view,2009,applied,0,0,0,0,45,10,0,0,2
7456,north-view,2009,ballot,,,,,,,,,4
7457,north-view,2009,odds,,,,1,1,1,1,,5
7458,north-view,2009,taken,45,0,6,0,45,10,0,106,3
7459,north-view,2009,vacancy,0,0,0,65,130,85,74,180,1
7460,north-view,2010,applied,0,0,0,0,66,13,0,0,2
7461,north-view,2010,ballot,,,,,,,,,4
7462,north-view,2010,odds,,,,1,1,1,1,,5
7463,north-view,2010,taken,60,0,7,0,65,13,0,145,3
7464,north-view,2010,vacancy,0,0,0,57,113,48,33,180,1
7465,north-view,2011,applied,0,0,0,2,69,17,0,0,2
7466,north-view,2011,ballot,,,,,,,,,4
7467,north-view,2011,odds,,,,1,1,1,1,,5
7468,north-view,2011,taken,54,0,5,1,69,20,0,149,3
7469,north-view,2011,vacancy,0,0,0,61,120,51,31,180,1
7470,north-view,2012,applied,0,0,0,0,92,20,0,0,2
7471,north-view,2012,ballot,,,,,,,,,4
7472,north-view,2012,odds,,,,1,1,1,1,,5
7473,north-view,2012,taken,48,0,6,0,92,21,0,167,3
7474,north-view,2012,vacancy,0,0,0,63,126,34,13,180,1
7475,north-view,2013,applied,0,0,0,0,111,2,0,0,2
7476,north-view,2013,ballot,,,,,,,,,4
7477,north-view,2013,odds,,,,1,1,0.5,,,5
7478,north-view,2013,taken,57,0,11,0,111,1,0,180,3
7479,north-view,2013,vacancy,0,0,0,56,112,1,0,180,1
7480,north-view,2014,applied,0,0,0,0,108,15,0,0,2
7481,north-view,2014,ballot,,,,,,,,,4
7482,north-view,2014,odds,,,,1,1,0.866666666666667,,,5
7483,north-view,2014,taken,53,0,6,0,108,13,0,180,3
7484,north-view,2014,vacancy,0,0,0,61,121,13,0,180,1
7485,north-view,2015,applied,0,0,0,0,103,13,0,0,2
7486,north-view,2015,ballot,,,,,,,,,4
7487,north-view,2015,odds,,,,1,1,0.538461538461538,,,5
7488,north-view,2015,taken,64,0,7,0,102,7,0,180,3
7489,north-view,2015,vacancy,0,0,0,55,109,7,0,180,1
7490,north-view,2016,applied,0,0,0,0,106,0,0,0,2
7491,north-view,2016,ballot,,,,,,,,,4
7492,north-view,2016,odds,,,,1,0.971698113207547,,,,5
7493,north-view,2016,taken,70,0,7,0,103,0,0,180,3
7494,north-view,2016,vacancy,0,0,0,52,103,0,0,180,1
7495,north-view,2017,applied,0,0,0,2,89,35,0,0,2
7496,north-view,2017,ballot,,,,,,,,,4
7497,north-view,2017,odds,,,,1,1,0.542857142857143,,,5
7498,north-view,2017,taken,68,0,4,1,88,19,0,180,3
7499,north-view,2017,vacancy,0,0,0,54,107,19,0,180,1
7500,north-view,2018,applied,0,0,0,1,101,0,0,0,2
7501,north-view,2018,ballot,,,,,,,,,4
7502,north-view,2018,odds,,,,1,0.811881188118812,,,,5
7503,north-view,2018,taken,87,0,10,1,82,0,0,180,3
7504,north-view,2018,vacancy,0,0,0,42,82,0,0,180,1
7505,north-view,2019,applied,80,0,13,1,90,0,0,0,2
7506,north-view,2019,ballot,,,,,PR<1,,,,4
7507,north-view,2019,odds,,,,,0.966666666666667,,,,5
7508,north-view,2019,taken,80,0,13,1,87,0,0,181,3
7509,north-view,2019,vacancy,140,60,60,44,87,0,0,180,1
7510,north-view,2020,applied,87,0,15,1,102,34,0,0,2
7511,north-view,2020,ballot,,,,,,SC<1,,,4
7512,north-view,2020,odds,,,,,,0.441176470588235,,,5
7513,north-view,2020,taken,87,0,15,1,102,15,0,220,3
7514,north-view,2020,vacancy,180,93,93,59,117,15,0,220,1
7515,north-view,2021,applied,78,1,15,0,104,87,0,0,2
7516,north-view,2021,ballot,,,,,,SC<1,,,4
7517,north-view,2021,odds,,,,,,0.494252873563218,,,5
7518,north-view,2021,taken,78,1,15,0,104,43,0,241,3
7519,north-view,2021,vacancy,200,122,121,73,147,43,0,240,1
7520,north-view,2022,applied,81,15,0,0,119,58,0,0,2
7521,north-view,2022,ballot,,,,,,SC<1,,,4
7522,north-view,2022,odds,,,,,,0.448275862068966,,,5
7523,north-view,2022,taken,81,15,0,0,119,26,0,241,3
7524,north-view,2022,vacancy,180,99,0,48,144,26,0,240,1
7525,north-view,2023,applied,93,68,0,0,95,0,0,0,2
7526,north-view,2023,ballot,,,,,SC<1,,,,4
7527,north-view,2023,odds,,,,,0.842105263157895,,,,5
7528,north-view,2023,taken,93,68,0,0,80,0,0,241,3
7529,north-view,2023,vacancy,180,87,0,26,80,0,0,240,1
7530,north-vista,2009,applied,0,0,0,1,203,26,0,0,2
7531,north-vista,2009,ballot,,,,,,,,,4
7532,north-vista,2009,odds,,,,1,1,0.615384615384615,,,5
7533,north-vista,2009,taken,50,0,1,1,202,16,0,270,3
7534,north-vista,2009,vacancy,0,0,0,110,218,16,0,270,1
7535,north-vista,2010,applied,0,0,0,6,177,12,0,0,2
7536,north-vista,2010,ballot,,,,,,,,,4
7537,north-vista,2010,odds,,,,1,1,0.583333333333333,,,5
7538,north-vista,2010,taken,80,0,0,6,177,7,0,270,3
7539,north-vista,2010,vacancy,0,0,0,95,184,7,0,270,1
7540,north-vista,2011,applied,0,0,0,8,185,16,0,0,2
7541,north-vista,2011,ballot,,,,,,,,,4
7542,north-vista,2011,odds,,,,1,1,0.5625,,,5
7543,north-vista,2011,taken,70,0,0,8,185,9,0,272,3
7544,north-vista,2011,vacancy,0,0,0,100,194,9,0,270,1
7545,north-vista,2012,applied,0,0,0,9,114,0,0,0,2
7546,north-vista,2012,ballot,,,,,,,,,4
7547,north-vista,2012,odds,,,,1,0.719298245614035,,,,5
7548,north-vista,2012,taken,118,0,1,9,82,0,0,210,3
7549,north-vista,2012,vacancy,0,0,0,46,82,0,0,210,1
7550,north-vista,2013,applied,0,0,0,11,122,0,0,0,2
7551,north-vista,2013,ballot,,,,,,,,,4
7552,north-vista,2013,odds,,,,1,0.811475409836066,,,,5
7553,north-vista,2013,taken,97,0,3,11,99,0,0,210,3
7554,north-vista,2013,vacancy,0,0,0,55,99,0,0,210,1
7555,north-vista,2014,applied,0,0,0,8,100,15,0,0,2
7556,north-vista,2014,ballot,,,,,,,,,4
7557,north-vista,2014,odds,,,,1,1,1,1,,5
7558,north-vista,2014,taken,111,0,2,8,99,15,0,235,3
7559,north-vista,2014,vacancy,0,0,0,64,119,20,5,240,1
7560,north-vista,2015,applied,0,0,0,10,127,3,0,0,2
7561,north-vista,2015,ballot,,,,,,,,,4
7562,north-vista,2015,odds,,,,1,1,0.666666666666667,,,5
7563,north-vista,2015,taken,100,0,2,9,127,2,0,240,3
7564,north-vista,2015,vacancy,0,0,0,69,129,2,0,240,1
7565,north-vista,2016,applied,0,0,0,7,108,18,0,0,2
7566,north-vista,2016,ballot,,,,,,,,,4
7567,north-vista,2016,odds,,,,1,1,1,1,,5
7568,north-vista,2016,taken,70,0,6,4,108,18,0,206,3
7569,north-vista,2016,vacancy,0,0,0,82,160,52,34,240,1
7570,north-vista,2017,applied,0,0,0,6,88,20,0,0,2
7571,north-vista,2017,ballot,,,,,,,,,4
7572,north-vista,2017,odds,,,,1,1,1,1,,5
7573,north-vista,2017,taken,64,0,8,6,88,20,0,186,3
7574,north-vista,2017,vacancy,0,0,0,84,162,74,54,240,1
7575,north-vista,2018,applied,0,0,0,5,110,49,0,0,2
7576,north-vista,2018,ballot,,,,,,,,,4
7577,north-vista,2018,odds,,,,1,1,0.959183673469388,,,5
7578,north-vista,2018,taken,104,0,5,4,110,47,0,270,3
7579,north-vista,2018,vacancy,0,0,0,81,157,47,0,270,1
7580,north-vista,2019,applied,79,1,3,1,56,28,0,0,2
7581,north-vista,2019,ballot,,,,,,,,,4
7582,north-vista,2019,odds,,,,,,,,,5
7583,north-vista,2019,taken,79,1,3,1,56,28,0,168,3
7584,north-vista,2019,vacancy,200,121,120,79,158,103,75,240,1
7585,north-vista,2020,applied,98,0,7,1,79,46,0,0,2
7586,north-vista,2020,ballot,,,,,,,,,4
7587,north-vista,2020,odds,,,,,,,,,5
7588,north-vista,2020,taken,98,0,7,1,79,46,0,231,3
7589,north-vista,2020,vacancy,200,102,102,68,134,55,9,240,1
7590,north-vista,2021,applied,74,0,52,1,64,47,0,0,2
7591,north-vista,2021,ballot,,,,,,,,,4
7592,north-vista,2021,odds,,,,,,,,,5
7593,north-vista,2021,taken,74,0,52,1,64,47,0,238,3
7594,north-vista,2021,vacancy,230,157,157,73,145,81,34,270,1
7595,north-vista,2022,applied,79,44,0,0,43,49,0,0,2
7596,north-vista,2022,ballot,,,,,,,,,4
7597,north-vista,2022,odds,,,,,,,,,5
7598,north-vista,2022,taken,79,44,0,0,43,49,0,215,3
7599,north-vista,2022,vacancy,180,101,0,39,117,74,25,240,1
7600,north-vista,2023,applied,57,35,0,1,55,50,0,0,2
7601,north-vista,2023,ballot,,,,,,,,,4
7602,north-vista,2023,odds,,,,,,,,,5
7603,north-vista,2023,taken,57,35,0,1,55,50,0,198,3
7604,north-vista,2023,vacancy,180,123,0,49,148,94,44,240,1
7605,northland,2009,applied,0,0,0,51,153,0,0,0,2
7606,northland,2009,ballot,,,,,,,,,4
7607,northland,2009,odds,,,,1,0.601307189542484,,,,5
7608,northland,2009,taken,104,1,22,51,92,0,0,270,3
7609,northland,2009,vacancy,0,0,0,72,92,0,0,270,1
7610,northland,2010,applied,0,0,0,35,137,0,0,0,2
7611,northland,2010,ballot,,,,,,,,,4
7612,northland,2010,odds,,,,1,0.576642335766423,,,,5
7613,northland,2010,taken,107,0,19,35,79,0,0,240,3
7614,northland,2010,vacancy,0,0,0,57,79,0,0,240,1
7615,northland,2011,applied,0,0,0,54,146,0,0,0,2
7616,northland,2011,ballot,,,,,,,,,4
7617,northland,2011,odds,,,,0.814814814814815,0.301369863013699,,,,5
7618,northland,2011,taken,120,0,32,44,44,0,0,240,3
7619,northland,2011,vacancy,0,0,0,44,44,0,0,240,1
7620,northland,2012,applied,0,0,0,47,99,0,0,0,2
7621,northland,2012,ballot,,,,,,,,,4
7622,northland,2012,odds,,,,1,0.474747474747475,,,,5
7623,northland,2012,taken,119,0,27,47,47,0,0,240,3
7624,northland,2012,vacancy,0,0,0,47,47,0,0,240,1
7625,northland,2013,applied,0,0,0,25,112,0,0,0,2
7626,northland,2013,ballot,,,,,,,,,4
7627,northland,2013,odds,,,,1,0.696428571428571,,,,5
7628,northland,2013,taken,102,0,35,25,78,0,0,240,3
7629,northland,2013,vacancy,0,0,0,52,78,0,0,240,1
7630,northland,2014,applied,0,0,0,27,156,0,0,0,2
7631,northland,2014,ballot,,,,,,,,,4
7632,northland,2014,odds,,,,1,0.487179487179487,,,,5
7633,northland,2014,taken,89,0,48,27,76,0,0,240,3
7634,northland,2014,vacancy,0,0,0,52,76,0,0,240,1
7635,northland,2015,applied,0,0,0,26,160,0,0,0,2
7636,northland,2015,ballot,,,,,,,,,4
7637,northland,2015,odds,,,,1,0.5,,,,5
7638,northland,2015,taken,95,0,39,26,80,0,0,240,3
7639,northland,2015,vacancy,0,0,0,53,80,0,0,240,1
7640,northland,2016,applied,0,0,0,25,160,0,0,0,2
7641,northland,2016,ballot,,,,,,,,,4
7642,northland,2016,odds,,,,1,0.35625,,,,5
7643,northland,2016,taken,110,0,49,24,57,0,0,240,3
7644,northland,2016,vacancy,0,0,0,41,57,0,0,240,1
7645,northland,2017,applied,0,0,0,24,200,0,0,0,2
7646,northland,2017,ballot,,,,,,,,,4
7647,northland,2017,odds,,,,1,0.255,,,,5
7648,northland,2017,taken,115,4,46,24,51,0,0,240,3
7649,northland,2017,vacancy,0,0,0,38,51,0,0,240,1
7650,northland,2018,applied,0,0,0,24,194,0,0,0,2
7651,northland,2018,ballot,,,,,,,,,4
7652,northland,2018,odds,,,,1,0.164948453608247,,,,5
7653,northland,2018,taken,119,10,57,22,32,0,0,240,3
7654,northland,2018,vacancy,0,0,0,27,32,0,0,240,1
7655,northland,2019,applied,88,20,26,25,243,0,0,0,2
7656,northland,2019,ballot,,,,,SC<1,,,,4
7657,northland,2019,odds,,,,,0.34156378600823,,,,5
7658,northland,2019,taken,88,20,26,25,83,0,0,242,3
7659,northland,2019,vacancy,200,112,92,53,83,0,0,240,1
7660,northland,2020,applied,98,21,46,28,215,0,0,0,2
7661,northland,2020,ballot,,,,,SC<1,,,,4
7662,northland,2020,odds,,,,,0.227906976744186,,,,5
7663,northland,2020,taken,98,21,46,28,49,0,0,242,3
7664,northland,2020,vacancy,200,102,81,38,49,0,0,240,1
7665,northland,2021,applied,109,21,56,36,191,0,0,0,2
7666,northland,2021,ballot,,,,SC<1,SC<1,,,,4
7667,northland,2021,odds,,,,0.75,0.146596858638743,,,,5
7668,northland,2021,taken,109,21,56,27,28,0,0,241,3
7669,northland,2021,vacancy,200,91,70,27,28,0,0,240,1
7670,northland,2022,applied,120,62,0,22,199,0,0,0,2
7671,northland,2022,ballot,,SC>2,,SC<1#,SC<1,,,,4
7672,northland,2022,odds,,0.967741935483871,,0.909090909090909,0.21105527638191,,,,5
7673,northland,2022,taken,120,60,0,20,42,0,0,242,3
7674,northland,2022,vacancy,180,60,0,20,42,0,0,240,1
7675,northland,2023,applied,104,72,0,22,200,0,0,0,2
7676,northland,2023,ballot,,,,SC<2#,SC<1,,,,4
7677,northland,2023,odds,,,,0.954545454545455,0.22,,,,5
7678,northland,2023,taken,104,72,0,21,44,0,0,241,3
7679,northland,2023,vacancy,180,76,0,21,44,0,0,240,1
7680,northoaks,2013,applied,0,0,0,0,71,34,0,0,2
7681,northoaks,2013,ballot,,,,,,,,,4
7682,northoaks,2013,odds,,,,1,1,1,1,,5
7683,northoaks,2013,taken,0,0,0,0,70,112,0,182,3
7684,northoaks,2013,vacancy,0,0,0,105,210,140,28,210,1
7685,northoaks,2014,applied,0,0,0,0,65,17,0,0,2
7686,northoaks,2014,ballot,,,,,,,,,4
7687,northoaks,2014,odds,,,,1,1,1,1,,5
7688,northoaks,2014,taken,9,0,0,0,65,17,0,91,3
7689,northoaks,2014,vacancy,0,0,0,101,201,136,119,210,1
7690,northoaks,2015,applied,0,0,0,0,65,16,0,0,2
7691,northoaks,2015,ballot,,,,,,,,,4
7692,northoaks,2015,odds,,,,1,1,1,1,,5
7693,northoaks,2015,taken,31,0,4,0,65,16,0,116,3
7694,northoaks,2015,vacancy,0,0,0,73,145,80,64,180,1
7695,northoaks,2016,applied,0,0,0,0,46,5,0,0,2
7696,northoaks,2016,ballot,,,,,,,,,4
7697,northoaks,2016,odds,,,,1,1,1,1,,5
7698,northoaks,2016,taken,36,0,0,0,46,5,0,87,3
7699,northoaks,2016,vacancy,0,0,0,57,114,68,63,150,1
7700,northoaks,2017,applied,0,0,0,0,49,8,0,0,2
7701,northoaks,2017,ballot,,,,,,,,,4
7702,northoaks,2017,odds,,,,1,1,1,1,,5
7703,northoaks,2017,taken,38,0,0,0,49,8,0,95,3
7704,northoaks,2017,vacancy,0,0,0,71,142,93,85,180,1
7705,northoaks,2018,applied,0,0,0,0,33,14,0,0,2
7706,northoaks,2018,ballot,,,,,,,,,4
7707,northoaks,2018,odds,,,,1,1,1,1,,5
7708,northoaks,2018,taken,52,0,13,0,33,14,0,112,3
7709,northoaks,2018,vacancy,0,0,0,88,175,142,128,240,1
7710,northoaks,2019,applied,45,0,11,0,26,8,0,0,2
7711,northoaks,2019,ballot,,,,,,,,,4
7712,northoaks,2019,odds,,,,,,,,,5
7713,northoaks,2019,taken,45,0,11,0,26,8,0,90,3
7714,northoaks,2019,vacancy,200,155,156,93,185,159,151,240,1
7715,northoaks,2020,applied,50,0,13,0,7,22,0,0,2
7716,northoaks,2020,ballot,,,,,,,,,4
7717,northoaks,2020,odds,,,,,,,,,5
7718,northoaks,2020,taken,50,0,13,0,7,22,0,92,3
7719,northoaks,2020,vacancy,200,150,150,89,179,173,151,240,1
7720,northoaks,2021,applied,58,0,12,0,17,17,0,0,2
7721,northoaks,2021,ballot,,,,,,,,,4
7722,northoaks,2021,odds,,,,,,,,,5
7723,northoaks,2021,taken,58,0,12,0,17,17,0,104,3
7724,northoaks,2021,vacancy,170,112,112,70,140,123,106,210,1
7725,northoaks,2022,applied,29,5,0,0,14,13,0,0,2
7726,northoaks,2022,ballot,,,,,,,,,4
7727,northoaks,2022,odds,,,,,,,,,5
7728,northoaks,2022,taken,29,5,0,0,14,13,0,61,3
7729,northoaks,2022,vacancy,160,131,0,62,186,172,159,220,1
7730,northoaks,2023,applied,35,9,0,0,20,3,0,0,2
7731,northoaks,2023,ballot,,,,,,,,,4
7732,northoaks,2023,odds,,,,,,,,,5
7733,northoaks,2023,taken,35,9,0,0,20,3,0,67,3
7734,northoaks,2023,vacancy,120,85,0,45,137,117,114,180,1
7735,northshore,2020,applied,0,0,0,0,47,36,0,0,2
7736,northshore,2020,ballot,,,,,,,,,4
7737,northshore,2020,odds,,,,,,,,,5
7738,northshore,2020,taken,0,0,0,0,47,36,0,83,3
7739,northshore,2020,vacancy,170,170,170,105,210,164,128,210,1
7740,northshore,2021,applied,6,0,0,1,93,79,0,0,2
7741,northshore,2021,ballot,,,,,,,,,4
7742,northshore,2021,odds,,,,,,,,,5
7743,northshore,2021,taken,6,0,0,1,93,79,0,179,3
7744,northshore,2021,vacancy,200,194,194,117,233,140,61,240,1
7745,northshore,2022,applied,33,31,0,1,75,87,0,0,2
7746,northshore,2022,ballot,,,,,,,,,4
7747,northshore,2022,odds,,,,,,,,,5
7748,northshore,2022,taken,33,31,0,1,75,87,0,227,3
7749,northshore,2022,vacancy,180,147,0,59,175,100,13,240,1
7750,northshore,2023,applied,52,69,0,1,110,12,0,0,2
7751,northshore,2023,ballot,,,,,,,,,4
7752,northshore,2023,odds,,,,,,,,,5
7753,northshore,2023,taken,52,69,0,1,110,12,0,244,3
7754,northshore,2023,vacancy,220,168,0,53,159,49,37,280,1
7755,oasis,2015,applied,0,0,0,1,118,77,0,0,2
7756,oasis,2015,ballot,,,,,,,,,4
7757,oasis,2015,odds,,,,1,1,1,1,,5
7758,oasis,2015,taken,0,0,0,1,118,77,0,196,3
7759,oasis,2015,vacancy,0,0,0,105,209,91,14,210,1
7760,oasis,2016,applied,0,0,0,0,186,27,0,0,2
7761,oasis,2016,ballot,,,,,,,,,4
7762,oasis,2016,odds,,,,1,1,1,1,,5
7763,oasis,2016,taken,23,0,0,0,185,27,0,235,3
7764,oasis,2016,vacancy,0,0,0,109,217,32,5,240,1
7765,oasis,2017,applied,0,0,0,0,169,22,0,0,2
7766,oasis,2017,ballot,,,,,,,,,4
7767,oasis,2017,odds,,,,,1,1,,,5
7768,oasis,2017,taken,63,0,104,208,39,17,0,431,3
7769,oasis,2017,vacancy,0,0,0,0,170,22,0,270,1
7770,oasis,2018,applied,0,0,0,0,137,44,0,0,2
7771,oasis,2018,ballot,,,,,,,,,4
7772,oasis,2018,odds,,,,1,1,1,1,,5
7773,oasis,2018,taken,83,0,0,0,137,44,0,264,3
7774,oasis,2018,vacancy,0,0,0,119,237,100,56,320,1
7775,oasis,2019,applied,107,0,59,0,115,0,0,0,2
7776,oasis,2019,ballot,,,,,SC#,,,,4
7777,oasis,2019,odds,,,,,0.991304347826087,,,,5
7778,oasis,2019,taken,107,0,59,0,114,0,0,280,3
7779,oasis,2019,vacancy,240,133,133,57,114,0,0,280,1
7780,oasis,2020,applied,124,0,76,2,108,0,0,0,2
7781,oasis,2020,ballot,,,,,SC<1,,,,4
7782,oasis,2020,odds,,,,,0.75,,,,5
7783,oasis,2020,taken,124,0,76,2,81,0,0,283,3
7784,oasis,2020,vacancy,240,116,116,40,81,0,0,280,1
7785,oasis,2021,applied,124,1,69,0,97,0,0,0,2
7786,oasis,2021,ballot,,,,,SC<1#,,,,4
7787,oasis,2021,odds,,,,,0.88659793814433,,,,5
7788,oasis,2021,taken,124,1,69,0,86,0,0,280,3
7789,oasis,2021,vacancy,240,116,115,43,86,0,0,280,1
7790,oasis,2022,applied,136,71,0,0,80,0,0,0,2
7791,oasis,2022,ballot,,SC<1,,,SC<1,,,,4
7792,oasis,2022,odds,,0.76056338028169,,,0.75,,,,5
7793,oasis,2022,taken,136,54,0,0,60,0,0,250,3
7794,oasis,2022,vacancy,190,54,0,20,60,0,0,250,1
7795,oasis,2023,applied,110,68,0,2,63,0,0,0,2
7796,oasis,2023,ballot,,,,,SC<2#,,,,4
7797,oasis,2023,odds,,,,,0.968253968253968,,,,5
7798,oasis,2023,taken,110,68,0,2,61,0,0,241,3
7799,oasis,2023,vacancy,180,70,0,21,61,0,0,240,1
7800,opera-estate,2009,applied,0,0,0,0,14,11,0,0,2
7801,opera-estate,2009,ballot,,,,,,,,,4
7802,opera-estate,2009,odds,,,,1,1,1,1,,5
7803,opera-estate,2009,taken,41,0,6,0,14,10,0,71,3
7804,opera-estate,2009,vacancy,0,0,0,67,135,121,72,180,1
7805,opera-estate,2010,applied,0,0,0,1,31,16,0,0,2
7806,opera-estate,2010,ballot,,,,,,,,,4
7807,opera-estate,2010,odds,,,,1,1,1,1,,5
7808,opera-estate,2010,taken,34,0,5,1,31,16,0,87,3
7809,opera-estate,2010,vacancy,0,0,0,70,140,109,40,180,1
7810,opera-estate,2011,applied,0,0,0,0,30,71,0,0,2
7811,opera-estate,2011,ballot,,,,,,,,,4
7812,opera-estate,2011,odds,,,,1,1,1,1,,5
7813,opera-estate,2011,taken,36,0,8,0,30,99,0,173,3
7814,opera-estate,2011,vacancy,0,0,0,68,137,107,8,180,1
7815,opera-estate,2012,applied,0,0,0,0,45,64,0,0,2
7816,opera-estate,2012,ballot,,,,,,,,,4
7817,opera-estate,2012,odds,,,,1,1,1,1,,5
7818,opera-estate,2012,taken,48,0,8,0,45,74,0,175,3
7819,opera-estate,2012,vacancy,0,0,0,62,124,82,8,180,1
7820,opera-estate,2013,applied,0,0,0,1,82,47,0,0,2
7821,opera-estate,2013,ballot,,,,,,,,,4
7822,opera-estate,2013,odds,,,,1,1,0.829787234042553,,,5
7823,opera-estate,2013,taken,45,0,15,1,82,39,0,182,3
7824,opera-estate,2013,vacancy,0,0,0,60,119,39,0,180,1
7825,opera-estate,2014,applied,0,0,0,4,88,16,0,0,2
7826,opera-estate,2014,ballot,,,,,,,,,4
7827,opera-estate,2014,odds,,,,1,1,0.625,,,5
7828,opera-estate,2014,taken,66,0,13,4,87,10,0,180,3
7829,opera-estate,2014,vacancy,0,0,0,51,97,10,0,180,1
7830,opera-estate,2015,applied,0,0,0,5,80,16,0,0,2
7831,opera-estate,2015,ballot,,,,,,,,,4
7832,opera-estate,2015,odds,,,,1,1,1,1,,5
7833,opera-estate,2015,taken,63,0,11,5,80,16,0,175,3
7834,opera-estate,2015,vacancy,0,0,0,53,101,21,5,180,1
7835,opera-estate,2016,applied,0,0,0,12,71,9,0,0,2
7836,opera-estate,2016,ballot,,,,,,,,,4
7837,opera-estate,2016,odds,,,,1,1,1,1,,5
7838,opera-estate,2016,taken,56,0,13,7,70,9,0,155,3
7839,opera-estate,2016,vacancy,0,0,0,56,104,34,25,180,1
7840,opera-estate,2017,applied,0,0,0,10,73,8,0,0,2
7841,opera-estate,2017,ballot,,,,,,,,,4
7842,opera-estate,2017,odds,,,,1,1,1,1,,5
7843,opera-estate,2017,taken,49,0,1,6,73,8,0,137,3
7844,opera-estate,2017,vacancy,0,0,0,50,94,21,13,150,1
7845,opera-estate,2018,applied,0,0,0,12,64,17,0,0,2
7846,opera-estate,2018,ballot,,,,,,,,,4
7847,opera-estate,2018,odds,,,,1,1,1,1,,5
7848,opera-estate,2018,taken,69,0,13,11,64,17,0,174,3
7849,opera-estate,2018,vacancy,0,0,0,49,87,23,6,180,1
7850,opera-estate,2019,applied,61,0,8,9,91,0,0,0,2
7851,opera-estate,2019,ballot,,,,,PR>2,,,,4
7852,opera-estate,2019,odds,,,,,0.824175824175824,,,,5
7853,opera-estate,2019,taken,61,0,8,9,75,0,0,153,3
7854,opera-estate,2019,vacancy,110,50,50,42,75,0,0,150,1
7855,opera-estate,2020,applied,56,3,14,1,83,11,0,0,2
7856,opera-estate,2020,ballot,,,,,PR1-2,SC>2,,,4
7857,opera-estate,2020,odds,,,,,0.91566265060241,0.818181818181818,,,5
7858,opera-estate,2020,taken,56,3,14,1,76,9,0,159,3
7859,opera-estate,2020,vacancy,110,54,51,39,76,9,0,150,1
7860,opera-estate,2021,applied,62,0,16,0,77,31,0,0,2
7861,opera-estate,2021,ballot,,,,,PR>2,,,,4
7862,opera-estate,2021,odds,,,,,1,,,,5
7863,opera-estate,2021,taken,62,0,16,0,77,31,0,186,3
7864,opera-estate,2021,vacancy,150,88,88,56,112,37,6,190,1
7865,opera-estate,2022,applied,74,8,0,1,70,43,0,0,2
7866,opera-estate,2022,ballot,,,,,PR>2,,,,4
7867,opera-estate,2022,odds,,,,,1,,,,5
7868,opera-estate,2022,taken,74,8,0,1,70,43,0,196,3
7869,opera-estate,2022,vacancy,130,56,0,36,107,43,0,190,1
7870,opera-estate,2023,applied,60,18,0,1,74,33,0,0,2
7871,opera-estate,2023,ballot,,,,,PR>2,,,,4
7872,opera-estate,2023,odds,,,,,1,,,,5
7873,opera-estate,2023,taken,60,18,0,1,74,33,0,186,3
7874,opera-estate,2023,vacancy,120,60,0,34,101,34,1,180,1
7875,palm-view,2012,applied,0,0,0,0,74,75,0,0,2
7876,palm-view,2012,ballot,,,,,,,,,4
7877,palm-view,2012,odds,,,,1,1,1,1,,5
7878,palm-view,2012,taken,0,0,0,0,74,76,0,150,3
7879,palm-view,2012,vacancy,0,0,0,105,210,136,60,210,1
7880,palm-view,2013,applied,0,0,0,1,125,104,0,0,2
7881,palm-view,2013,ballot,,,,,,,,,4
7882,palm-view,2013,odds,,,,1,1,0.884615384615385,,,5
7883,palm-view,2013,taken,22,0,0,1,125,92,0,240,3
7884,palm-view,2013,vacancy,0,0,0,109,217,92,0,240,1
7885,palm-view,2014,applied,0,0,0,1,158,35,0,0,2
7886,palm-view,2014,ballot,,,,,,,,,4
7887,palm-view,2014,odds,,,,1,1,1,1,,5
7888,palm-view,2014,taken,40,0,0,1,158,35,0,234,3
7889,palm-view,2014,vacancy,0,0,0,100,199,41,6,240,1
7890,palm-view,2015,applied,0,0,0,6,119,39,0,0,2
7891,palm-view,2015,ballot,,,,,,,,,4
7892,palm-view,2015,odds,,,,1,1,0.871794871794872,,,5
7893,palm-view,2015,taken,82,0,1,4,119,34,0,240,3
7894,palm-view,2015,vacancy,0,0,0,79,153,34,0,240,1
7895,palm-view,2016,applied,0,0,0,4,119,33,0,0,2
7896,palm-view,2016,ballot,,,,,,,,,4
7897,palm-view,2016,odds,,,,1,1,1,1,,5
7898,palm-view,2016,taken,82,0,-2,4,118,33,0,235,3
7899,palm-view,2016,vacancy,0,0,0,80,156,38,5,240,1
7900,palm-view,2017,applied,0,0,0,4,104,24,0,0,2
7901,palm-view,2017,ballot,,,,,,,,,4
7902,palm-view,2017,odds,,,,1,1,1,1,,5
7903,palm-view,2017,taken,106,0,1,2,104,24,0,237,3
7904,palm-view,2017,vacancy,0,0,0,67,131,27,3,240,1
7905,palm-view,2018,applied,0,0,0,8,139,0,0,0,2
7906,palm-view,2018,ballot,,,,,,,,,4
7907,palm-view,2018,odds,,,,1,0.985611510791367,,,,5
7908,palm-view,2018,taken,126,0,1,6,137,0,0,270,3
7909,palm-view,2018,vacancy,0,0,0,72,137,0,0,270,1
7910,palm-view,2019,applied,94,0,4,2,97,46,0,0,2
7911,palm-view,2019,ballot,,,,,,,,,4
7912,palm-view,2019,odds,,,,,,,,,5
7913,palm-view,2019,taken,94,0,4,2,97,46,0,243,3
7914,palm-view,2019,vacancy,200,106,106,71,143,46,0,240,1
7915,palm-view,2020,applied,105,0,3,10,100,79,0,0,2
7916,palm-view,2020,ballot,,,,,,SC1-2,,,4
7917,palm-view,2020,odds,,,,,,0.784810126582278,,,5
7918,palm-view,2020,taken,105,0,3,10,100,62,0,280,3
7919,palm-view,2020,vacancy,240,135,135,86,162,62,0,280,1
7920,palm-view,2021,applied,96,0,10,3,89,61,0,0,2
7921,palm-view,2021,ballot,,,,,,,,,4
7922,palm-view,2021,odds,,,,,,,,,5
7923,palm-view,2021,taken,96,0,10,3,89,61,0,259,3
7924,palm-view,2021,vacancy,240,144,144,87,172,86,25,280,1
7925,palm-view,2022,applied,93,9,0,1,56,59,0,0,2
7926,palm-view,2022,ballot,,,,,,,,,4
7927,palm-view,2022,odds,,,,,,,,,5
7928,palm-view,2022,taken,93,9,0,1,56,59,0,218,3
7929,palm-view,2022,vacancy,180,88,0,46,138,82,23,240,1
7930,palm-view,2023,applied,102,8,0,0,76,67,0,0,2
7931,palm-view,2023,ballot,,,,,,SC1-2,,,4
7932,palm-view,2023,odds,,,,,,0.805970149253731,,,5
7933,palm-view,2023,taken,102,8,0,0,76,54,0,240,3
7934,palm-view,2023,vacancy,180,78,0,43,130,54,0,240,1
7935,park-view,2009,applied,0,0,0,0,72,14,0,0,2
7936,park-view,2009,ballot,,,,,,,,,4
7937,park-view,2009,odds,,,,1,1,1,1,,5
7938,park-view,2009,taken,60,0,12,0,72,14,0,158,3
7939,park-view,2009,vacancy,0,0,0,54,108,36,20,180,1
7940,park-view,2010,applied,0,0,0,0,53,1,0,0,2
7941,park-view,2010,ballot,,,,,,,,,4
7942,park-view,2010,odds,,,,1,1,1,1,,5
7943,park-view,2010,taken,53,0,8,0,53,1,0,115,3
7944,park-view,2010,vacancy,0,0,0,60,119,67,48,180,1
7945,park-view,2011,applied,0,0,0,1,54,7,0,0,2
7946,park-view,2011,ballot,,,,,,,,,4
7947,park-view,2011,odds,,,,1,1,1,1,,5
7948,park-view,2011,taken,57,0,7,1,53,31,0,149,3
7949,park-view,2011,vacancy,0,0,0,58,115,62,31,180,1
7950,park-view,2012,applied,0,0,0,0,46,3,0,0,2
7951,park-view,2012,ballot,,,,,,,,,4
7952,park-view,2012,odds,,,,1,1,1,1,,5
7953,park-view,2012,taken,59,0,6,0,46,21,0,132,3
7954,park-view,2012,vacancy,0,0,0,58,115,69,48,180,1
7955,park-view,2013,applied,0,0,0,1,72,5,0,0,2
7956,park-view,2013,ballot,,,,,,,,,4
7957,park-view,2013,odds,,,,1,1,1,1,,5
7958,park-view,2013,taken,56,0,9,1,72,11,0,149,3
7959,park-view,2013,vacancy,0,0,0,58,114,42,31,180,1
7960,park-view,2014,applied,0,0,0,0,75,4,0,0,2
7961,park-view,2014,ballot,,,,,,,,,4
7962,park-view,2014,odds,,,,1,1,1,1,,5
7963,park-view,2014,taken,52,0,7,0,75,4,0,138,3
7964,park-view,2014,vacancy,0,0,0,61,121,46,42,180,1
7965,park-view,2015,applied,0,0,0,1,42,3,0,0,2
7966,park-view,2015,ballot,,,,,,,,,4
7967,park-view,2015,odds,,,,1,1,1,1,,5
7968,park-view,2015,taken,44,0,0,1,42,3,0,90,3
7969,park-view,2015,vacancy,0,0,0,68,135,93,90,180,1
7970,park-view,2016,applied,0,0,0,0,39,2,0,0,2
7971,park-view,2016,ballot,,,,,,,,,4
7972,park-view,2016,odds,,,,1,1,1,1,,5
7973,park-view,2016,taken,51,0,3,0,38,2,0,94,3
7974,park-view,2016,vacancy,0,0,0,48,96,58,56,150,1
7975,park-view,2017,applied,0,0,0,0,47,28,0,0,2
7976,park-view,2017,ballot,,,,,,,,,4
7977,park-view,2017,odds,,,,1,1,1,1,,5
7978,park-view,2017,taken,34,0,3,0,46,28,0,111,3
7979,park-view,2017,vacancy,0,0,0,72,143,97,69,180,1
7980,park-view,2018,applied,0,0,0,2,66,44,0,0,2
7981,park-view,2018,ballot,,,,,,,,,4
7982,park-view,2018,odds,,,,1,1,1,1,,5
7983,park-view,2018,taken,40,0,7,0,66,44,0,157,3
7984,park-view,2018,vacancy,0,0,0,67,133,67,23,180,1
7985,park-view,2019,applied,41,0,6,0,61,23,0,0,2
7986,park-view,2019,ballot,,,,,,,,,4
7987,park-view,2019,odds,,,,,,,,,5
7988,park-view,2019,taken,41,0,6,0,61,23,0,131,3
7989,park-view,2019,vacancy,110,69,69,52,103,42,19,150,1
7990,park-view,2020,applied,48,0,7,0,95,35,0,0,2
7991,park-view,2020,ballot,,,,,,SC#,,,4
7992,park-view,2020,odds,,,,,,0.914285714285714,,,5
7993,park-view,2020,taken,48,0,7,0,95,32,0,182,3
7994,park-view,2020,vacancy,140,92,92,63,125,32,0,180,1
7995,park-view,2021,applied,53,0,10,0,83,23,0,0,2
7996,park-view,2021,ballot,,,,,,,,,4
7997,park-view,2021,odds,,,,,,,,,5
7998,park-view,2021,taken,53,0,10,0,83,23,0,169,3
7999,park-view,2021,vacancy,140,87,88,59,118,35,12,180,1
8000,park-view,2022,applied,62,10,0,1,58,38,0,0,2
8001,park-view,2022,ballot,,,,,,,,,4
8002,park-view,2022,odds,,,,,,,,,5
8003,park-view,2022,taken,62,10,0,1,58,38,0,169,3
8004,park-view,2022,vacancy,120,58,0,36,108,50,12,180,1
8005,park-view,2023,applied,64,13,0,2,66,37,0,0,2
8006,park-view,2023,ballot,,,,,,PR<1#,,,4
8007,park-view,2023,odds,,,,,,0.945945945945946,,,5
8008,park-view,2023,taken,64,13,0,2,66,35,0,180,3
8009,park-view,2023,vacancy,120,56,0,34,101,35,0,180,1
8010,pasir-ris,2009,applied,0,0,0,20,100,0,0,0,2
8011,pasir-ris,2009,ballot,,,,,,,,,4
8012,pasir-ris,2009,odds,,,,1,0.76,,,,5
8013,pasir-ris,2009,taken,98,0,16,20,76,0,0,210,3
8014,pasir-ris,2009,vacancy,0,0,0,48,76,0,0,210,1
8015,pasir-ris,2010,applied,0,0,0,22,78,0,0,0,2
8016,pasir-ris,2010,ballot,,,,,,,,,4
8017,pasir-ris,2010,odds,,,,1,0.769230769230769,,,,5
8018,pasir-ris,2010,taken,87,0,11,22,60,0,0,180,3
8019,pasir-ris,2010,vacancy,0,0,0,41,60,0,0,180,1
8020,pasir-ris,2011,applied,0,0,0,26,91,0,0,0,2
8021,pasir-ris,2011,ballot,,,,,,,,,4
8022,pasir-ris,2011,odds,,,,1,0.549450549450549,,,,5
8023,pasir-ris,2011,taken,93,0,12,26,50,0,0,181,3
8024,pasir-ris,2011,vacancy,0,0,0,38,50,0,0,180,1
8025,pasir-ris,2012,applied,0,0,0,27,77,0,0,0,2
8026,pasir-ris,2012,ballot,,,,,,,,,4
8027,pasir-ris,2012,odds,,,,1,0.948051948051948,,,,5
8028,pasir-ris,2012,taken,65,0,15,27,73,0,0,180,3
8029,pasir-ris,2012,vacancy,0,0,0,50,73,0,0,180,1
8030,pasir-ris,2013,applied,0,0,0,30,80,0,0,0,2
8031,pasir-ris,2013,ballot,,,,,,,,,4
8032,pasir-ris,2013,odds,,,,1,0.6625,,,,5
8033,pasir-ris,2013,taken,83,0,14,30,53,0,0,180,3
8034,pasir-ris,2013,vacancy,0,0,0,42,53,0,0,180,1
8035,pasir-ris,2014,applied,0,0,0,41,70,0,0,0,2
8036,pasir-ris,2014,ballot,,,,,,,,,4
8037,pasir-ris,2014,odds,,,,0.75609756097561,0.442857142857143,,,,5
8038,pasir-ris,2014,taken,96,0,22,31,31,0,0,180,3
8039,pasir-ris,2014,vacancy,0,0,0,31,31,0,0,180,1
8040,pasir-ris,2015,applied,0,0,0,23,70,0,0,0,2
8041,pasir-ris,2015,ballot,,,,,,,,,4
8042,pasir-ris,2015,odds,,,,1,0.742857142857143,,,,5
8043,pasir-ris,2015,taken,89,0,17,22,52,0,0,180,3
8044,pasir-ris,2015,vacancy,0,0,0,37,52,0,0,180,1
8045,pasir-ris,2016,applied,0,0,0,23,89,0,0,0,2
8046,pasir-ris,2016,ballot,,,,,,,,,4
8047,pasir-ris,2016,odds,,,,1,0.786516853932584,,,,5
8048,pasir-ris,2016,taken,74,0,14,22,70,0,0,180,3
8049,pasir-ris,2016,vacancy,0,0,0,46,70,0,0,180,1
8050,pasir-ris,2017,applied,0,0,0,28,90,0,0,0,2
8051,pasir-ris,2017,ballot,,,,,,,,,4
8052,pasir-ris,2017,odds,,,,1,0.766666666666667,,,,5
8053,pasir-ris,2017,taken,63,0,20,28,69,0,0,180,3
8054,pasir-ris,2017,vacancy,0,0,0,49,69,0,0,180,1
8055,pasir-ris,2018,applied,0,0,0,27,70,0,0,0,2
8056,pasir-ris,2018,ballot,,,,,,,,,4
8057,pasir-ris,2018,odds,,,,1,0.6,,,,5
8058,pasir-ris,2018,taken,82,0,30,26,42,0,0,180,3
8059,pasir-ris,2018,vacancy,0,0,0,34,42,0,0,180,1
8060,pasir-ris,2019,applied,87,0,26,22,58,0,0,0,2
8061,pasir-ris,2019,ballot,,,,,SC<1,,,,4
8062,pasir-ris,2019,odds,,,,,0.775862068965517,,,,5
8063,pasir-ris,2019,taken,87,0,26,22,45,0,0,180,3
8064,pasir-ris,2019,vacancy,140,53,53,34,45,0,0,180,1
8065,pasir-ris,2020,applied,93,0,31,24,81,0,0,0,2
8066,pasir-ris,2020,ballot,,,,,SC<1,,,,4
8067,pasir-ris,2020,odds,,,,,0.407407407407407,,,,5
8068,pasir-ris,2020,taken,93,0,31,24,33,0,0,181,3
8069,pasir-ris,2020,vacancy,140,47,47,29,33,0,0,180,1
8070,pasir-ris,2021,applied,82,1,44,22,54,0,0,0,2
8071,pasir-ris,2021,ballot,,,,,SC<1,,,,4
8072,pasir-ris,2021,odds,,,,,0.611111111111111,,,,5
8073,pasir-ris,2021,taken,82,1,44,22,33,0,0,182,3
8074,pasir-ris,2021,vacancy,140,59,58,28,33,0,0,180,1
8075,pasir-ris,2022,applied,83,33,0,22,80,0,0,0,2
8076,pasir-ris,2022,ballot,,,,SC<1,SC<1,,,,4
8077,pasir-ris,2022,odds,,,,0.954545454545455,0.5375,,,,5
8078,pasir-ris,2022,taken,83,33,0,21,43,0,0,180,3
8079,pasir-ris,2022,vacancy,120,37,0,21,43,0,0,180,1
8080,pasir-ris,2023,applied,81,32,0,23,76,0,0,0,2
8081,pasir-ris,2023,ballot,,,,,SC<1,,,,4
8082,pasir-ris,2023,odds,,,,,0.618421052631579,,,,5
8083,pasir-ris,2023,taken,81,32,0,23,47,0,0,183,3
8084,pasir-ris,2023,vacancy,120,39,0,23,47,0,0,180,1
8085,paya-lebar-methodist-girls,2009,applied,0,0,0,87,103,0,0,0,2
8086,paya-lebar-methodist-girls,2009,ballot,,,,,,,,,4
8087,paya-lebar-methodist-girls,2009,odds,,,,0.977011494252874,0.825242718446602,,,,5
8088,paya-lebar-methodist-girls,2009,taken,72,8,20,85,85,0,0,270,3
8089,paya-lebar-methodist-girls,2009,vacancy,0,0,0,85,85,0,0,270,1
8090,paya-lebar-methodist-girls,2010,applied,0,0,0,95,109,0,0,0,2
8091,paya-lebar-methodist-girls,2010,ballot,,,,,,,,,4
8092,paya-lebar-methodist-girls,2010,odds,,,,0.873684210526316,0.752293577981651,,,,5
8093,paya-lebar-methodist-girls,2010,taken,68,7,30,83,82,0,0,270,3
8094,paya-lebar-methodist-girls,2010,vacancy,0,0,0,83,82,0,0,270,1
8095,paya-lebar-methodist-girls,2011,applied,0,0,0,76,106,0,0,0,2
8096,paya-lebar-methodist-girls,2011,ballot,,,,,,,,,4
8097,paya-lebar-methodist-girls,2011,odds,,,,1,0.915094339622642,,,,5
8098,paya-lebar-methodist-girls,2011,taken,65,8,26,76,97,0,0,272,3
8099,paya-lebar-methodist-girls,2011,vacancy,0,0,0,86,97,0,0,270,1
8100,paya-lebar-methodist-girls,2012,applied,0,0,0,61,119,0,0,0,2
8101,paya-lebar-methodist-girls,2012,ballot,,,,,,,,,4
8102,paya-lebar-methodist-girls,2012,odds,,,,1,0.865546218487395,,,,5
8103,paya-lebar-methodist-girls,2012,taken,62,5,39,61,103,0,0,270,3
8104,paya-lebar-methodist-girls,2012,vacancy,0,0,0,82,103,0,0,270,1
8105,paya-lebar-methodist-girls,2013,applied,0,0,0,75,84,0,0,0,2
8106,paya-lebar-methodist-girls,2013,ballot,,,,,,,,,4
8107,paya-lebar-methodist-girls,2013,odds,,,,0.973333333333333,0.845238095238095,,,,5
8108,paya-lebar-methodist-girls,2013,taken,73,14,38,74,71,0,0,270,3
8109,paya-lebar-methodist-girls,2013,vacancy,0,0,0,73,71,0,0,270,1
8110,paya-lebar-methodist-girls,2014,applied,0,0,0,57,97,0,0,0,2
8111,paya-lebar-methodist-girls,2014,ballot,,,,,,,,,4
8112,paya-lebar-methodist-girls,2014,odds,,,,1,0.793814432989691,,,,5
8113,paya-lebar-methodist-girls,2014,taken,77,21,38,57,77,0,0,270,3
8114,paya-lebar-methodist-girls,2014,vacancy,0,0,0,67,77,0,0,270,1
8115,paya-lebar-methodist-girls,2015,applied,0,0,0,55,111,0,0,0,2
8116,paya-lebar-methodist-girls,2015,ballot,,,,,,,,,4
8117,paya-lebar-methodist-girls,2015,odds,,,,1,0.855855855855856,,,,5
8118,paya-lebar-methodist-girls,2015,taken,71,27,24,53,95,0,0,270,3
8119,paya-lebar-methodist-girls,2015,vacancy,0,0,0,74,95,0,0,270,1
8120,paya-lebar-methodist-girls,2016,applied,0,0,0,54,115,0,0,0,2
8121,paya-lebar-methodist-girls,2016,ballot,,,,,,,,,4
8122,paya-lebar-methodist-girls,2016,odds,,,,1,0.956521739130435,,,,5
8123,paya-lebar-methodist-girls,2016,taken,61,24,27,48,110,0,0,270,3
8124,paya-lebar-methodist-girls,2016,vacancy,0,0,0,79,110,0,0,270,1
8125,paya-lebar-methodist-girls,2017,applied,0,0,0,62,116,0,0,0,2
8126,paya-lebar-methodist-girls,2017,ballot,,,,,,,,,4
8127,paya-lebar-methodist-girls,2017,odds,,,,1,0.775862068965517,,,,5
8128,paya-lebar-methodist-girls,2017,taken,63,25,32,60,90,0,0,270,3
8129,paya-lebar-methodist-girls,2017,vacancy,0,0,0,75,90,0,0,270,1
8130,paya-lebar-methodist-girls,2018,applied,0,0,0,54,93,0,0,0,2
8131,paya-lebar-methodist-girls,2018,ballot,,,,,,,,,4
8132,paya-lebar-methodist-girls,2018,odds,,,,1,0.741935483870968,,,,5
8133,paya-lebar-methodist-girls,2018,taken,80,46,22,53,69,0,0,270,3
8134,paya-lebar-methodist-girls,2018,vacancy,0,0,0,61,69,0,0,270,1
8135,paya-lebar-methodist-girls,2019,applied,61,36,23,65,108,0,0,0,2
8136,paya-lebar-methodist-girls,2019,ballot,,,,,SC1-2,,,,4
8137,paya-lebar-methodist-girls,2019,odds,,,,,0.814814814814815,,,,5
8138,paya-lebar-methodist-girls,2019,taken,61,36,23,65,88,0,0,273,3
8139,paya-lebar-methodist-girls,2019,vacancy,230,169,133,75,88,0,0,270,1
8140,paya-lebar-methodist-girls,2020,applied,63,49,23,56,109,0,0,0,2
8141,paya-lebar-methodist-girls,2020,ballot,,,,,SC<1#,,,,4
8142,paya-lebar-methodist-girls,2020,odds,,,,,0.743119266055046,,,,5
8143,paya-lebar-methodist-girls,2020,taken,63,49,23,56,81,0,0,272,3
8144,paya-lebar-methodist-girls,2020,vacancy,230,167,118,68,81,0,0,270,1
8145,paya-lebar-methodist-girls,2021,applied,73,56,29,51,105,0,0,0,2
8146,paya-lebar-methodist-girls,2021,ballot,,,,,SC<1,,,,4
8147,paya-lebar-methodist-girls,2021,odds,,,,,0.59047619047619,,,,5
8148,paya-lebar-methodist-girls,2021,taken,73,56,29,51,62,0,0,271,3
8149,paya-lebar-methodist-girls,2021,vacancy,230,157,101,56,62,0,0,270,1
8150,paya-lebar-methodist-girls,2022,applied,79,69,0,47,110,0,0,0,2
8151,paya-lebar-methodist-girls,2022,ballot,,,,SC>2,SC<1#,,,,4
8152,paya-lebar-methodist-girls,2022,odds,,,,0.872340425531915,0.736363636363636,,,,5
8153,paya-lebar-methodist-girls,2022,taken,79,69,0,41,81,0,0,270,3
8154,paya-lebar-methodist-girls,2022,vacancy,210,131,0,41,81,0,0,270,1
8155,paya-lebar-methodist-girls,2023,applied,64,70,0,35,120,0,0,0,2
8156,paya-lebar-methodist-girls,2023,ballot,,,,,SC1-2,,,,4
8157,paya-lebar-methodist-girls,2023,odds,,,,,0.858333333333333,,,,5
8158,paya-lebar-methodist-girls,2023,taken,64,70,0,35,103,0,0,272,3
8159,paya-lebar-methodist-girls,2023,vacancy,210,146,0,46,103,0,0,270,1
8160,pei-chun-public,2009,applied,0,0,0,63,119,0,0,0,2
8161,pei-chun-public,2009,ballot,,,,,,,,,4
8162,pei-chun-public,2009,odds,,,,0.984126984126984,0.546218487394958,,,,5
8163,pei-chun-public,2009,taken,141,25,70,63,65,0,0,364,3
8164,pei-chun-public,2009,vacancy,0,0,0,62,65,0,0,360,1
8165,pei-chun-public,2010,applied,0,0,0,59,98,0,0,0,2
8166,pei-chun-public,2010,ballot,,,,,,,,,4
8167,pei-chun-public,2010,odds,,,,0.796610169491525,0.479591836734694,,,,5
8168,pei-chun-public,2010,taken,158,36,71,48,47,0,0,360,3
8169,pei-chun-public,2010,vacancy,0,0,0,47,47,0,0,360,1
8170,pei-chun-public,2011,applied,0,0,0,67,114,0,0,0,2
8171,pei-chun-public,2011,ballot,,,,,,,,,4
8172,pei-chun-public,2011,odds,,,,0.91044776119403,0.535087719298246,,,,5
8173,pei-chun-public,2011,taken,137,30,72,61,61,0,0,361,3
8174,pei-chun-public,2011,vacancy,0,0,0,61,61,0,0,360,1
8175,pei-chun-public,2012,applied,0,0,0,51,73,0,0,0,2
8176,pei-chun-public,2012,ballot,,,,,,,,,4
8177,pei-chun-public,2012,odds,,,,0.764705882352941,0.520547945205479,,,,5
8178,pei-chun-public,2012,taken,167,38,78,39,38,0,0,360,3
8179,pei-chun-public,2012,vacancy,0,0,0,39,38,0,0,360,1
8180,pei-chun-public,2013,applied,0,0,0,45,55,0,0,0,2
8181,pei-chun-public,2013,ballot,,,,,,,,,4
8182,pei-chun-public,2013,odds,,,,0.844444444444444,0.690909090909091,,,,5
8183,pei-chun-public,2013,taken,170,53,61,38,38,0,0,360,3
8184,pei-chun-public,2013,vacancy,0,0,0,38,38,0,0,360,1
8185,pei-chun-public,2014,applied,0,0,0,40,65,0,0,0,2
8186,pei-chun-public,2014,ballot,,,,,,,,,4
8187,pei-chun-public,2014,odds,,,,0.85,0.523076923076923,,,,5
8188,pei-chun-public,2014,taken,162,52,79,33,34,0,0,360,3
8189,pei-chun-public,2014,vacancy,0,0,0,34,34,0,0,360,1
8190,pei-chun-public,2015,applied,0,0,0,36,76,0,0,0,2
8191,pei-chun-public,2015,ballot,,,,,,,,,4
8192,pei-chun-public,2015,odds,,,,1,0.960526315789474,,,,5
8193,pei-chun-public,2015,taken,145,55,56,31,73,0,0,360,3
8194,pei-chun-public,2015,vacancy,0,0,0,52,73,0,0,360,1
8195,pei-chun-public,2016,applied,0,0,0,28,97,0,0,0,2
8196,pei-chun-public,2016,ballot,,,,,,,,,4
8197,pei-chun-public,2016,odds,,,,1,0.948453608247423,,,,5
8198,pei-chun-public,2016,taken,128,65,53,22,92,0,0,360,3
8199,pei-chun-public,2016,vacancy,0,0,0,57,92,0,0,360,1
8200,pei-chun-public,2017,applied,0,0,0,17,68,0,0,0,2
8201,pei-chun-public,2017,ballot,,,,,,,,,4
8202,pei-chun-public,2017,odds,,,,1,0.941176470588235,,,,5
8203,pei-chun-public,2017,taken,154,65,35,12,64,0,0,330,3
8204,pei-chun-public,2017,vacancy,0,0,0,38,64,0,0,330,1
8205,pei-chun-public,2018,applied,0,0,0,23,50,0,0,0,2
8206,pei-chun-public,2018,ballot,,,,,,,,,4
8207,pei-chun-public,2018,odds,,,,0.91304347826087,0.48,,,,5
8208,pei-chun-public,2018,taken,149,79,31,17,24,0,0,300,3
8209,pei-chun-public,2018,vacancy,0,0,0,21,24,0,0,300,1
8210,pei-chun-public,2019,applied,125,75,46,30,64,0,0,0,2
8211,pei-chun-public,2019,ballot,,,,SC1-2,SC<1,,,,4
8212,pei-chun-public,2019,odds,,,,0.933333333333333,0.515625,,,,5
8213,pei-chun-public,2019,taken,125,75,46,28,33,0,0,307,3
8214,pei-chun-public,2019,vacancy,260,135,60,28,33,0,0,300,1
8215,pei-chun-public,2020,applied,149,78,38,30,68,0,0,0,2
8216,pei-chun-public,2020,ballot,,,SC>2,SC<1,SC<1,,,,4
8217,pei-chun-public,2020,odds,,,0.868421052631579,0.733333333333333,0.308823529411765,,,,5
8218,pei-chun-public,2020,taken,149,78,33,22,21,0,0,303,3
8219,pei-chun-public,2020,vacancy,260,111,33,22,21,0,0,300,1
8220,pei-chun-public,2021,applied,130,99,39,26,43,0,0,0,2
8221,pei-chun-public,2021,ballot,,,SC>2,SC1-2,SC<1,,,,4
8222,pei-chun-public,2021,odds,,,0.794871794871795,0.807692307692308,0.488372093023256,,,,5
8223,pei-chun-public,2021,taken,130,99,31,21,21,0,0,302,3
8224,pei-chun-public,2021,vacancy,260,130,31,21,21,0,0,300,1
8225,pei-chun-public,2022,applied,134,129,0,27,83,0,0,0,2
8226,pei-chun-public,2022,ballot,,SC>2,,SC<1,SC<1,,,,4
8227,pei-chun-public,2022,odds,,0.821705426356589,,0.740740740740741,0.542168674698795,,,,5
8228,pei-chun-public,2022,taken,134,106,0,20,45,0,0,305,3
8229,pei-chun-public,2022,vacancy,240,106,0,20,45,0,0,300,1
8230,pei-chun-public,2023,applied,113,116,0,29,81,0,0,0,2
8231,pei-chun-public,2023,ballot,,,,SC<1,SC<1,,,,4
8232,pei-chun-public,2023,odds,,,,0.827586206896552,0.641975308641975,,,,5
8233,pei-chun-public,2023,taken,113,116,0,24,52,0,0,305,3
8234,pei-chun-public,2023,vacancy,240,127,0,24,52,0,0,300,1
8235,pei-hwa-presbyterian,2009,applied,0,0,0,78,88,0,0,0,2
8236,pei-hwa-presbyterian,2009,ballot,,,,,,,,,4
8237,pei-hwa-presbyterian,2009,odds,,,,1,0.897727272727273,,,,5
8238,pei-hwa-presbyterian,2009,taken,147,0,57,78,79,0,0,361,3
8239,pei-hwa-presbyterian,2009,vacancy,0,0,0,78,79,0,0,360,1
8240,pei-hwa-presbyterian,2010,applied,0,0,0,68,67,0,0,0,2
8241,pei-hwa-presbyterian,2010,ballot,,,,,,,,,4
8242,pei-hwa-presbyterian,2010,odds,,,,0.647058823529412,0.656716417910448,,,,5
8243,pei-hwa-presbyterian,2010,taken,173,0,69,44,44,0,0,330,3
8244,pei-hwa-presbyterian,2010,vacancy,0,0,0,44,44,0,0,330,1
8245,pei-hwa-presbyterian,2011,applied,0,0,0,70,58,0,0,0,2
8246,pei-hwa-presbyterian,2011,ballot,,,,,,,,,4
8247,pei-hwa-presbyterian,2011,odds,,,,0.628571428571429,0.741379310344828,,,,5
8248,pei-hwa-presbyterian,2011,taken,158,1,54,44,43,0,0,300,3
8249,pei-hwa-presbyterian,2011,vacancy,0,0,0,44,43,0,0,300,1
8250,pei-hwa-presbyterian,2012,applied,0,0,0,40,42,0,0,0,2
8251,pei-hwa-presbyterian,2012,ballot,,,,,,,,,4
8252,pei-hwa-presbyterian,2012,odds,,,,0.7,0.642857142857143,,,,5
8253,pei-hwa-presbyterian,2012,taken,174,0,71,28,27,0,0,300,3
8254,pei-hwa-presbyterian,2012,vacancy,0,0,0,28,27,0,0,300,1
8255,pei-hwa-presbyterian,2013,applied,0,0,0,52,54,0,0,0,2
8256,pei-hwa-presbyterian,2013,ballot,,,,,,,,,4
8257,pei-hwa-presbyterian,2013,odds,,,,0.653846153846154,0.611111111111111,,,,5
8258,pei-hwa-presbyterian,2013,taken,144,1,88,34,33,0,0,300,3
8259,pei-hwa-presbyterian,2013,vacancy,0,0,0,34,33,0,0,300,1
8260,pei-hwa-presbyterian,2014,applied,0,0,0,41,52,0,0,0,2
8261,pei-hwa-presbyterian,2014,ballot,,,,,,,,,4
8262,pei-hwa-presbyterian,2014,odds,,,,0.975609756097561,0.769230769230769,,,,5
8263,pei-hwa-presbyterian,2014,taken,144,0,76,40,40,0,0,300,3
8264,pei-hwa-presbyterian,2014,vacancy,0,0,0,40,40,0,0,300,1
8265,pei-hwa-presbyterian,2015,applied,0,0,0,48,69,0,0,0,2
8266,pei-hwa-presbyterian,2015,ballot,,,,,,,,,4
8267,pei-hwa-presbyterian,2015,odds,,,,1,0.811594202898551,,,,5
8268,pei-hwa-presbyterian,2015,taken,134,0,66,44,56,0,0,300,3
8269,pei-hwa-presbyterian,2015,vacancy,0,0,0,50,56,0,0,300,1
8270,pei-hwa-presbyterian,2016,applied,0,0,0,47,44,0,0,0,2
8271,pei-hwa-presbyterian,2016,ballot,,,,,,,,,4
8272,pei-hwa-presbyterian,2016,odds,,,,0.702127659574468,0.931818181818182,,,,5
8273,pei-hwa-presbyterian,2016,taken,130,0,75,24,41,0,0,270,3
8274,pei-hwa-presbyterian,2016,vacancy,0,0,0,33,41,0,0,270,1
8275,pei-hwa-presbyterian,2017,applied,0,0,0,49,62,0,0,0,2
8276,pei-hwa-presbyterian,2017,ballot,,,,,,,,,4
8277,pei-hwa-presbyterian,2017,odds,,,,0.795918367346939,0.725806451612903,,,,5
8278,pei-hwa-presbyterian,2017,taken,121,0,71,33,45,0,0,270,3
8279,pei-hwa-presbyterian,2017,vacancy,0,0,0,39,45,0,0,270,1
8280,pei-hwa-presbyterian,2018,applied,0,0,0,36,47,0,0,0,2
8281,pei-hwa-presbyterian,2018,ballot,,,,,,,,,4
8282,pei-hwa-presbyterian,2018,odds,,,,0.611111111111111,0.574468085106383,,,,5
8283,pei-hwa-presbyterian,2018,taken,128,28,71,16,27,0,0,270,3
8284,pei-hwa-presbyterian,2018,vacancy,0,0,0,22,27,0,0,270,1
8285,pei-hwa-presbyterian,2019,applied,116,44,44,41,51,0,0,0,2
8286,pei-hwa-presbyterian,2019,ballot,,,,SC<2#,SC<1,,,,4
8287,pei-hwa-presbyterian,2019,odds,,,,0.48780487804878,0.411764705882353,,,,5
8288,pei-hwa-presbyterian,2019,taken,116,44,24,20,21,0,0,225,3
8289,pei-hwa-presbyterian,2019,vacancy,184,68,24,20,21,0,0,224,1
8290,pei-hwa-presbyterian,2020,applied,118,69,0,29,63,0,0,0,2
8291,pei-hwa-presbyterian,2020,ballot,,SC>2,,SC>2,SC<1,,,,4
8292,pei-hwa-presbyterian,2020,odds,,0.971014492753623,,0.689655172413793,0.333333333333333,,,,5
8293,pei-hwa-presbyterian,2020,taken,118,67,0,20,21,0,0,226,3
8294,pei-hwa-presbyterian,2020,vacancy,184,67,0,20,21,0,0,224,1
8295,pei-hwa-presbyterian,2021,applied,113,86,0,31,53,0,0,0,2
8296,pei-hwa-presbyterian,2021,ballot,,SC>2,,SC>2,SC<1,,,,4
8297,pei-hwa-presbyterian,2021,odds,,0.825581395348837,,0.67741935483871,0.39622641509434,,,,5
8298,pei-hwa-presbyterian,2021,taken,113,71,0,21,21,0,0,226,3
8299,pei-hwa-presbyterian,2021,vacancy,184,71,0,21,21,0,0,224,1
8300,pei-hwa-presbyterian,2022,applied,121,112,0,37,87,0,0,0,2
8301,pei-hwa-presbyterian,2022,ballot,,SC1-2,,SC<1,SC<1,,,,4
8302,pei-hwa-presbyterian,2022,odds,,0.392857142857143,,0.540540540540541,0.471264367816092,,,,5
8303,pei-hwa-presbyterian,2022,taken,121,44,0,20,41,0,0,226,3
8304,pei-hwa-presbyterian,2022,vacancy,164,44,0,20,41,0,0,224,1
8305,pei-hwa-presbyterian,2023,applied,102,93,0,32,75,0,0,0,2
8306,pei-hwa-presbyterian,2023,ballot,,SC>2,,SC<1,SC<1,,,,4
8307,pei-hwa-presbyterian,2023,odds,,0.666666666666667,,0.625,0.533333333333333,,,,5
8308,pei-hwa-presbyterian,2023,taken,102,62,0,20,40,0,0,224,3
8309,pei-hwa-presbyterian,2023,vacancy,164,62,0,20,40,0,0,224,1
8310,pei-tong,2009,applied,0,0,0,0,75,54,0,0,2
8311,pei-tong,2009,ballot,,,,,,,,,4
8312,pei-tong,2009,odds,,,,1,1,1,1,,5
8313,pei-tong,2009,taken,41,3,14,0,75,54,0,187,3
8314,pei-tong,2009,vacancy,0,0,0,91,183,108,52,240,1
8315,pei-tong,2010,applied,0,0,0,2,61,82,0,0,2
8316,pei-tong,2010,ballot,,,,,,,,,4
8317,pei-tong,2010,odds,,,,1,1,1,1,,5
8318,pei-tong,2010,taken,51,0,12,2,61,82,0,208,3
8319,pei-tong,2010,vacancy,0,0,0,88,175,114,30,240,1
8320,pei-tong,2011,applied,0,0,0,2,59,53,0,0,2
8321,pei-tong,2011,ballot,,,,,,,,,4
8322,pei-tong,2011,odds,,,,1,1,1,1,,5
8323,pei-tong,2011,taken,74,0,15,2,59,57,0,207,3
8324,pei-tong,2011,vacancy,0,0,0,76,151,92,35,240,1
8325,pei-tong,2012,applied,0,0,0,0,103,55,0,0,2
8326,pei-tong,2012,ballot,,,,,,,,,4
8327,pei-tong,2012,odds,,,,1,1,0.818181818181818,,,5
8328,pei-tong,2012,taken,75,0,20,0,103,45,0,243,3
8329,pei-tong,2012,vacancy,0,0,0,73,146,45,0,240,1
8330,pei-tong,2013,applied,0,0,0,6,84,46,0,0,2
8331,pei-tong,2013,ballot,,,,,,,,,4
8332,pei-tong,2013,odds,,,,1,1,1,,,5
8333,pei-tong,2013,taken,69,0,18,6,84,64,0,241,3
8334,pei-tong,2013,vacancy,0,0,0,77,147,64,0,240,1
8335,pei-tong,2014,applied,0,0,0,3,81,56,0,0,2
8336,pei-tong,2014,ballot,,,,,,,,,4
8337,pei-tong,2014,odds,,,,1,1,0.910714285714286,,,5
8338,pei-tong,2014,taken,84,0,22,3,80,51,0,240,3
8339,pei-tong,2014,vacancy,0,0,0,67,131,51,0,240,1
8340,pei-tong,2015,applied,0,0,0,2,70,34,0,0,2
8341,pei-tong,2015,ballot,,,,,,,,,4
8342,pei-tong,2015,odds,,,,1,1,1,1,,5
8343,pei-tong,2015,taken,84,2,23,2,70,34,0,215,3
8344,pei-tong,2015,vacancy,0,0,0,66,129,59,25,240,1
8345,pei-tong,2016,applied,0,0,0,3,68,27,0,0,2
8346,pei-tong,2016,ballot,,,,,,,,,4
8347,pei-tong,2016,odds,,,,1,1,1,1,,5
8348,pei-tong,2016,taken,80,0,21,2,68,27,0,198,3
8349,pei-tong,2016,vacancy,0,0,0,55,107,39,12,210,1
8350,pei-tong,2017,applied,0,0,0,0,54,44,0,0,2
8351,pei-tong,2017,ballot,,,,,,,,,4
8352,pei-tong,2017,odds,,,,1,1,1,1,,5
8353,pei-tong,2017,taken,66,2,16,0,54,44,0,182,3
8354,pei-tong,2017,vacancy,0,0,0,78,158,104,60,240,1
8355,pei-tong,2018,applied,0,0,0,0,58,74,0,0,2
8356,pei-tong,2018,ballot,,,,,,,,,4
8357,pei-tong,2018,odds,,,,1,1,1,1,,5
8358,pei-tong,2018,taken,62,1,13,0,58,74,0,208,3
8359,pei-tong,2018,vacancy,0,0,0,82,165,107,33,240,1
8360,pei-tong,2019,applied,62,1,10,0,36,34,0,0,2
8361,pei-tong,2019,ballot,,,,,,,,,4
8362,pei-tong,2019,odds,,,,,,,,,5
8363,pei-tong,2019,taken,62,1,10,0,36,34,0,143,3
8364,pei-tong,2019,vacancy,200,138,138,84,169,133,99,240,1
8365,pei-tong,2020,applied,66,0,28,0,29,78,0,0,2
8366,pei-tong,2020,ballot,,,,,,,,,4
8367,pei-tong,2020,odds,,,,,,,,,5
8368,pei-tong,2020,taken,66,0,28,0,29,78,0,201,3
8369,pei-tong,2020,vacancy,200,134,134,73,147,118,40,240,1
8370,pei-tong,2021,applied,52,5,35,0,39,79,0,0,2
8371,pei-tong,2021,ballot,,,,,,,,,4
8372,pei-tong,2021,odds,,,,,,,,,5
8373,pei-tong,2021,taken,52,5,35,0,39,79,0,210,3
8374,pei-tong,2021,vacancy,240,188,183,94,188,150,71,280,1
8375,pei-tong,2022,applied,64,43,0,0,34,94,0,0,2
8376,pei-tong,2022,ballot,,,,,,,,,4
8377,pei-tong,2022,odds,,,,,,,,,5
8378,pei-tong,2022,taken,64,43,0,0,34,94,0,235,3
8379,pei-tong,2022,vacancy,220,156,0,58,175,143,49,280,1
8380,pei-tong,2023,applied,60,25,0,0,29,84,0,0,2
8381,pei-tong,2023,ballot,,,,,,,,,4
8382,pei-tong,2023,odds,,,,,,,,,5
8383,pei-tong,2023,taken,60,25,0,0,29,84,0,198,3
8384,pei-tong,2023,vacancy,220,160,0,65,196,167,83,280,1
8385,peiying,2009,applied,0,0,0,1,63,23,0,0,2
8386,peiying,2009,ballot,,,,,,,,,4
8387,peiying,2009,odds,,,,1,1,1,1,,5
8388,peiying,2009,taken,63,0,5,1,63,23,0,155,3
8389,peiying,2009,vacancy,0,0,0,56,111,48,25,180,1
8390,peiying,2010,applied,0,0,0,0,67,33,0,0,2
8391,peiying,2010,ballot,,,,,,,,,4
8392,peiying,2010,odds,,,,1,1,1,1,,5
8393,peiying,2010,taken,62,0,7,0,67,33,0,169,3
8394,peiying,2010,vacancy,0,0,0,56,111,45,9,180,1
8395,peiying,2011,applied,0,0,0,2,68,40,0,0,2
8396,peiying,2011,ballot,,,,,,,,,4
8397,peiying,2011,odds,,,,1,1,1,,,5
8398,peiying,2011,taken,56,1,9,2,68,44,0,180,3
8399,peiying,2011,vacancy,0,0,0,57,112,44,0,180,1
8400,peiying,2012,applied,0,0,0,1,85,18,0,0,2
8401,peiying,2012,ballot,,,,,,,,,4
8402,peiying,2012,odds,,,,1,1,1,1,,5
8403,peiying,2012,taken,58,0,10,1,85,18,0,172,3
8404,peiying,2012,vacancy,0,0,0,56,111,27,9,180,1
8405,peiying,2013,applied,0,0,0,0,65,20,0,0,2
8406,peiying,2013,ballot,,,,,,,,,4
8407,peiying,2013,odds,,,,1,1,1,1,,5
8408,peiying,2013,taken,49,0,4,0,65,26,0,144,3
8409,peiying,2013,vacancy,0,0,0,64,127,62,36,180,1
8410,peiying,2014,applied,0,0,0,0,68,33,0,0,2
8411,peiying,2014,ballot,,,,,,,,,4
8412,peiying,2014,odds,,,,1,1,1,1,,5
8413,peiying,2014,taken,58,0,16,0,67,33,0,174,3
8414,peiying,2014,vacancy,0,0,0,53,107,39,6,180,1
8415,peiying,2015,applied,0,0,0,0,50,25,0,0,2
8416,peiying,2015,ballot,,,,,,,,,4
8417,peiying,2015,odds,,,,1,1,1,1,,5
8418,peiying,2015,taken,61,0,15,0,50,25,0,151,3
8419,peiying,2015,vacancy,0,0,0,52,105,55,30,180,1
8420,peiying,2016,applied,0,0,0,0,52,28,0,0,2
8421,peiying,2016,ballot,,,,,,,,,4
8422,peiying,2016,odds,,,,1,1,1,1,,5
8423,peiying,2016,taken,55,0,14,0,52,28,0,149,3
8424,peiying,2016,vacancy,0,0,0,56,113,61,33,180,1
8425,peiying,2017,applied,0,0,0,0,50,40,0,0,2
8426,peiying,2017,ballot,,,,,,,,,4
8427,peiying,2017,odds,,,,1,1,1,1,,5
8428,peiying,2017,taken,53,0,16,0,50,40,0,159,3
8429,peiying,2017,vacancy,0,0,0,56,112,62,22,180,1
8430,peiying,2018,applied,0,0,0,1,46,105,0,0,2
8431,peiying,2018,ballot,,,,,,,,,4
8432,peiying,2018,odds,,,,1,1,0.904761904761905,,,5
8433,peiying,2018,taken,52,0,17,0,46,95,0,210,3
8434,peiying,2018,vacancy,0,0,0,71,141,95,0,210,1
8435,peiying,2019,applied,56,0,10,0,41,56,0,0,2
8436,peiying,2019,ballot,,,,,,,,,4
8437,peiying,2019,odds,,,,,,,,,5
8438,peiying,2019,taken,56,0,10,0,41,56,0,163,3
8439,peiying,2019,vacancy,140,84,84,58,115,74,18,180,1
8440,peiying,2020,applied,81,0,16,0,44,45,0,0,2
8441,peiying,2020,ballot,,,,,,,,,4
8442,peiying,2020,odds,,,,,,,,,5
8443,peiying,2020,taken,81,0,16,0,44,45,0,186,3
8444,peiying,2020,vacancy,150,69,69,47,93,49,4,190,1
8445,peiying,2021,applied,76,0,18,0,44,93,0,0,2
8446,peiying,2021,ballot,,,,,,SC<2#,,,4
8447,peiying,2021,odds,,,,,,0.903225806451613,,,5
8448,peiying,2021,taken,76,0,18,0,44,84,0,222,3
8449,peiying,2021,vacancy,180,104,104,63,126,84,0,220,1
8450,peiying,2022,applied,66,17,0,0,45,82,0,0,2
8451,peiying,2022,ballot,,,,,,SC1-2,,,4
8452,peiying,2022,odds,,,,,,0.75609756097561,,,5
8453,peiying,2022,taken,66,17,0,0,45,62,0,190,3
8454,peiying,2022,vacancy,130,64,0,36,107,62,0,190,1
8455,peiying,2023,applied,70,29,0,0,49,105,0,0,2
8456,peiying,2023,ballot,,,,,,SC1-2,,,4
8457,peiying,2023,odds,,,,,,0.695238095238095,,,5
8458,peiying,2023,taken,70,29,0,0,49,73,0,221,3
8459,peiying,2023,vacancy,160,90,0,40,121,73,0,220,1
8460,pioneer,2009,applied,0,0,0,1,92,86,0,0,2
8461,pioneer,2009,ballot,,,,,,,,,4
8462,pioneer,2009,odds,,,,1,1,0.755813953488372,,,5
8463,pioneer,2009,taken,102,0,10,1,92,65,0,270,3
8464,pioneer,2009,vacancy,0,0,0,79,157,65,0,270,1
8465,pioneer,2010,applied,0,0,0,0,101,85,0,0,2
8466,pioneer,2010,ballot,,,,,,,,,4
8467,pioneer,2010,odds,,,,1,1,0.564705882352941,,,5
8468,pioneer,2010,taken,111,0,12,0,101,48,0,272,3
8469,pioneer,2010,vacancy,0,0,0,74,147,48,0,270,1
8470,pioneer,2011,applied,0,0,0,1,70,54,0,0,2
8471,pioneer,2011,ballot,,,,,,,,,4
8472,pioneer,2011,odds,,,,1,1,1,1,,5
8473,pioneer,2011,taken,109,0,8,1,70,73,0,261,3
8474,pioneer,2011,vacancy,0,0,0,77,154,84,11,270,1
8475,pioneer,2012,applied,0,0,0,0,74,68,0,0,2
8476,pioneer,2012,ballot,,,,,,,,,4
8477,pioneer,2012,odds,,,,1,1,1,,,5
8478,pioneer,2012,taken,87,0,9,0,74,71,0,241,3
8479,pioneer,2012,vacancy,0,0,0,72,144,71,0,240,1
8480,pioneer,2013,applied,0,0,0,0,84,75,0,0,2
8481,pioneer,2013,ballot,,,,,,,,,4
8482,pioneer,2013,odds,,,,1,1,0.933333333333333,,,5
8483,pioneer,2013,taken,81,0,7,0,84,70,0,242,3
8484,pioneer,2013,vacancy,0,0,0,76,152,70,0,240,1
8485,pioneer,2014,applied,0,0,0,0,87,60,0,0,2
8486,pioneer,2014,ballot,,,,,,,,,4
8487,pioneer,2014,odds,,,,1,1,1,,,5
8488,pioneer,2014,taken,88,0,5,0,87,60,0,240,3
8489,pioneer,2014,vacancy,0,0,0,74,147,60,0,240,1
8490,pioneer,2015,applied,0,0,0,0,39,37,0,0,2
8491,pioneer,2015,ballot,,,,,,,,,4
8492,pioneer,2015,odds,,,,1,1,1,1,,5
8493,pioneer,2015,taken,73,1,9,0,39,37,0,159,3
8494,pioneer,2015,vacancy,0,0,0,79,157,118,81,240,1
8495,pioneer,2016,applied,0,0,0,0,27,9,0,0,2
8496,pioneer,2016,ballot,,,,,,,,,4
8497,pioneer,2016,odds,,,,1,1,1,1,,5
8498,pioneer,2016,taken,60,0,6,0,26,9,0,101,3
8499,pioneer,2016,vacancy,0,0,0,72,145,119,110,210,1
8500,pioneer,2017,applied,0,0,0,0,62,20,0,0,2
8501,pioneer,2017,ballot,,,,,,,,,4
8502,pioneer,2017,odds,,,,1,1,0.55,,,5
8503,pioneer,2017,taken,69,0,9,0,62,11,0,151,3
8504,pioneer,2017,vacancy,0,0,0,36,73,11,0,150,1
8505,pioneer,2018,applied,0,0,0,0,51,51,0,0,2
8506,pioneer,2018,ballot,,,,,,,,,4
8507,pioneer,2018,odds,,,,1,1,1,1,,5
8508,pioneer,2018,taken,62,0,4,0,51,51,0,168,3
8509,pioneer,2018,vacancy,0,0,0,57,115,64,13,180,1
8510,pioneer,2019,applied,40,0,10,0,19,27,0,0,2
8511,pioneer,2019,ballot,,,,,,,,,4
8512,pioneer,2019,odds,,,,,,,,,5
8513,pioneer,2019,taken,40,0,10,0,19,27,0,96,3
8514,pioneer,2019,vacancy,140,100,101,66,131,112,85,180,1
8515,pioneer,2020,applied,53,0,6,0,20,35,0,0,2
8516,pioneer,2020,ballot,,,,,,PR1-2,,,4
8517,pioneer,2020,odds,,,,,,1,,,5
8518,pioneer,2020,taken,53,0,6,0,20,35,0,114,3
8519,pioneer,2020,vacancy,110,57,57,46,93,74,39,150,1
8520,poi-ching,2009,applied,0,0,0,26,111,0,0,0,2
8521,poi-ching,2009,ballot,,,,,,,,,4
8522,poi-ching,2009,odds,,,,1,0.90990990990991,,,,5
8523,poi-ching,2009,taken,120,3,20,26,101,0,0,270,3
8524,poi-ching,2009,vacancy,0,0,0,64,101,0,0,270,1
8525,poi-ching,2010,applied,0,0,0,31,120,0,0,0,2
8526,poi-ching,2010,ballot,,,,,,,,,4
8527,poi-ching,2010,odds,,,,1,0.883333333333333,,,,5
8528,poi-ching,2010,taken,108,2,23,31,106,0,0,270,3
8529,poi-ching,2010,vacancy,0,0,0,68,106,0,0,270,1
8530,poi-ching,2011,applied,0,0,0,33,83,0,0,0,2
8531,poi-ching,2011,ballot,,,,,,,,,4
8532,poi-ching,2011,odds,,,,1,0.939759036144578,,,,5
8533,poi-ching,2011,taken,104,2,25,33,78,0,0,242,3
8534,poi-ching,2011,vacancy,0,0,0,55,78,0,0,240,1
8535,poi-ching,2012,applied,0,0,0,29,106,0,0,0,2
8536,poi-ching,2012,ballot,,,,,,,,,4
8537,poi-ching,2012,odds,,,,1,0.915094339622642,,,,5
8538,poi-ching,2012,taken,90,1,23,29,97,0,0,240,3
8539,poi-ching,2012,vacancy,0,0,0,63,97,0,0,240,1
8540,poi-ching,2013,applied,0,0,0,46,96,0,0,0,2
8541,poi-ching,2013,ballot,,,,,,,,,4
8542,poi-ching,2013,odds,,,,1,0.697916666666667,,,,5
8543,poi-ching,2013,taken,106,4,17,46,67,0,0,240,3
8544,poi-ching,2013,vacancy,0,0,0,57,67,0,0,240,1
8545,poi-ching,2014,applied,0,0,0,31,104,0,0,0,2
8546,poi-ching,2014,ballot,,,,,,,,,4
8547,poi-ching,2014,odds,,,,1,0.721153846153846,,,,5
8548,poi-ching,2014,taken,109,5,20,31,75,0,0,240,3
8549,poi-ching,2014,vacancy,0,0,0,53,75,0,0,240,1
8550,poi-ching,2015,applied,0,0,0,34,120,0,0,0,2
8551,poi-ching,2015,ballot,,,,,,,,,4
8552,poi-ching,2015,odds,,,,1,0.675,,,,5
8553,poi-ching,2015,taken,93,9,23,34,81,0,0,240,3
8554,poi-ching,2015,vacancy,0,0,0,58,81,0,0,240,1
8555,poi-ching,2016,applied,0,0,0,34,111,0,0,0,2
8556,poi-ching,2016,ballot,,,,,,,,,4
8557,poi-ching,2016,odds,,,,1,0.936936936936937,,,,5
8558,poi-ching,2016,taken,79,6,20,31,104,0,0,240,3
8559,poi-ching,2016,vacancy,0,0,0,68,104,0,0,240,1
8560,poi-ching,2017,applied,0,0,0,36,106,0,0,0,2
8561,poi-ching,2017,ballot,,,,,,,,,4
8562,poi-ching,2017,odds,,,,1,0.641509433962264,,,,5
8563,poi-ching,2017,taken,110,5,21,36,68,0,0,240,3
8564,poi-ching,2017,vacancy,0,0,0,52,68,0,0,240,1
8565,poi-ching,2018,applied,0,0,0,37,158,0,0,0,2
8566,poi-ching,2018,ballot,,,,,,,,,4
8567,poi-ching,2018,odds,,,,1,0.373417721518987,,,,5
8568,poi-ching,2018,taken,122,0,23,36,59,0,0,240,3
8569,poi-ching,2018,vacancy,0,0,0,48,59,0,0,240,1
8570,poi-ching,2019,applied,81,3,17,24,150,0,0,0,2
8571,poi-ching,2019,ballot,,,,,SC<1,,,,4
8572,poi-ching,2019,odds,,,,,0.766666666666667,,,,5
8573,poi-ching,2019,taken,81,3,17,24,115,0,0,240,3
8574,poi-ching,2019,vacancy,200,119,116,70,115,0,0,240,1
8575,poi-ching,2020,applied,116,6,13,36,172,0,0,0,2
8576,poi-ching,2020,ballot,,,,,SC<1,,,,4
8577,poi-ching,2020,odds,,,,,0.406976744186047,,,,5
8578,poi-ching,2020,taken,116,6,13,36,70,0,0,241,3
8579,poi-ching,2020,vacancy,200,84,79,53,70,0,0,240,1
8580,poi-ching,2021,applied,88,11,19,44,195,0,0,0,2
8581,poi-ching,2021,ballot,,,,,SC<1,,,,4
8582,poi-ching,2021,odds,,,,,0.405128205128205,,,,5
8583,poi-ching,2021,taken,88,11,19,44,79,0,0,241,3
8584,poi-ching,2021,vacancy,200,112,101,61,79,0,0,240,1
8585,poi-ching,2022,applied,83,29,0,27,197,0,0,0,2
8586,poi-ching,2022,ballot,,,,,SC<1,,,,4
8587,poi-ching,2022,odds,,,,,0.527918781725888,,,,5
8588,poi-ching,2022,taken,83,29,0,27,104,0,0,243,3
8589,poi-ching,2022,vacancy,180,98,0,43,104,0,0,240,1
8590,poi-ching,2023,applied,95,23,0,45,197,0,0,0,2
8591,poi-ching,2023,ballot,,,,SC1-2,SC<1,,,,4
8592,poi-ching,2023,odds,,,,0.911111111111111,0.416243654822335,,,,5
8593,poi-ching,2023,taken,95,23,0,41,82,0,0,241,3
8594,poi-ching,2023,vacancy,180,85,0,41,82,0,0,240,1
8595,princess-elizabeth,2009,applied,0,0,0,8,175,0,0,0,2
8596,princess-elizabeth,2009,ballot,,,,,,,,,4
8597,princess-elizabeth,2009,odds,,,,1,0.605714285714286,,,,5
8598,princess-elizabeth,2009,taken,97,0,31,8,106,0,0,242,3
8599,princess-elizabeth,2009,vacancy,0,0,0,56,106,0,0,240,1
8600,princess-elizabeth,2010,applied,0,0,0,3,138,0,0,0,2
8601,princess-elizabeth,2010,ballot,,,,,,,,,4
8602,princess-elizabeth,2010,odds,,,,1,0.260869565217391,,,,5
8603,princess-elizabeth,2010,taken,128,0,43,3,36,0,0,210,3
8604,princess-elizabeth,2010,vacancy,0,0,0,19,36,0,0,210,1
8605,princess-elizabeth,2011,applied,0,0,0,5,117,0,0,0,2
8606,princess-elizabeth,2011,ballot,,,,,,,,,4
8607,princess-elizabeth,2011,odds,,,,1,0.452991452991453,,,,5
8608,princess-elizabeth,2011,taken,115,0,39,5,53,0,0,212,3
8609,princess-elizabeth,2011,vacancy,0,0,0,28,53,0,0,210,1
8610,princess-elizabeth,2012,applied,0,0,0,3,153,0,0,0,2
8611,princess-elizabeth,2012,ballot,,,,,,,,,4
8612,princess-elizabeth,2012,odds,,,,1,0.810457516339869,,,,5
8613,princess-elizabeth,2012,taken,79,0,34,3,124,0,0,240,3
8614,princess-elizabeth,2012,vacancy,0,0,0,64,124,0,0,240,1
8615,princess-elizabeth,2013,applied,0,0,0,7,126,0,0,0,2
8616,princess-elizabeth,2013,ballot,,,,,,,,,4
8617,princess-elizabeth,2013,odds,,,,1,0.849206349206349,,,,5
8618,princess-elizabeth,2013,taken,85,0,41,7,107,0,0,240,3
8619,princess-elizabeth,2013,vacancy,0,0,0,57,107,0,0,240,1
8620,princess-elizabeth,2014,applied,0,0,0,0,116,0,0,0,2
8621,princess-elizabeth,2014,ballot,,,,,,,,,4
8622,princess-elizabeth,2014,odds,,,,1,0.793103448275862,,,,5
8623,princess-elizabeth,2014,taken,107,2,39,0,92,0,0,240,3
8624,princess-elizabeth,2014,vacancy,0,0,0,46,92,0,0,240,1
8625,princess-elizabeth,2015,applied,0,0,0,1,103,0,0,0,2
8626,princess-elizabeth,2015,ballot,,,,,,,,,4
8627,princess-elizabeth,2015,odds,,,,1,0.932038834951456,,,,5
8628,princess-elizabeth,2015,taken,97,0,48,0,96,0,0,241,3
8629,princess-elizabeth,2015,vacancy,0,0,0,48,96,0,0,240,1
8630,princess-elizabeth,2016,applied,0,0,0,0,110,0,0,0,2
8631,princess-elizabeth,2016,ballot,,,,,,,,,4
8632,princess-elizabeth,2016,odds,,,,1,0.827272727272727,,,,5
8633,princess-elizabeth,2016,taken,85,0,37,0,91,0,0,213,3
8634,princess-elizabeth,2016,vacancy,0,0,0,44,91,0,0,210,1
8635,princess-elizabeth,2017,applied,0,0,0,2,114,0,0,0,2
8636,princess-elizabeth,2017,ballot,,,,,,,,,4
8637,princess-elizabeth,2017,odds,,,,1,0.62280701754386,,,,5
8638,princess-elizabeth,2017,taken,84,0,55,0,71,0,0,210,3
8639,princess-elizabeth,2017,vacancy,0,0,0,36,71,0,0,210,1
8640,princess-elizabeth,2018,applied,0,0,0,1,163,0,0,0,2
8641,princess-elizabeth,2018,ballot,,,,,,,,,4
8642,princess-elizabeth,2018,odds,,,,1,0.417177914110429,,,,5
8643,princess-elizabeth,2018,taken,96,0,47,0,68,0,0,211,3
8644,princess-elizabeth,2018,vacancy,0,0,0,34,68,0,0,210,1
8645,princess-elizabeth,2019,applied,68,0,52,0,205,0,0,0,2
8646,princess-elizabeth,2019,ballot,,,,,SC<1,,,,4
8647,princess-elizabeth,2019,odds,,,,,0.4,,,,5
8648,princess-elizabeth,2019,taken,68,0,52,0,82,0,0,202,3
8649,princess-elizabeth,2019,vacancy,160,92,92,40,82,0,0,200,1
8650,princess-elizabeth,2020,applied,120,0,50,2,226,0,0,0,2
8651,princess-elizabeth,2020,ballot,,,SC>2,,SC<1,,,,4
8652,princess-elizabeth,2020,odds,,,0.8,,0.168141592920354,,,,5
8653,princess-elizabeth,2020,taken,120,0,40,2,38,0,0,200,3
8654,princess-elizabeth,2020,vacancy,160,40,40,20,38,0,0,200,1
8655,princess-elizabeth,2021,applied,92,13,44,7,236,0,0,0,2
8656,princess-elizabeth,2021,ballot,,,,,SC<1,,,,4
8657,princess-elizabeth,2021,odds,,,,,0.190677966101695,,,,5
8658,princess-elizabeth,2021,taken,92,13,44,7,45,0,0,201,3
8659,princess-elizabeth,2021,vacancy,160,68,55,26,45,0,0,200,1
8660,princess-elizabeth,2022,applied,98,60,0,5,278,0,0,0,2
8661,princess-elizabeth,2022,ballot,,SC1-2,,,SC<1,,,,4
8662,princess-elizabeth,2022,odds,,0.7,,,0.197841726618705,,,,5
8663,princess-elizabeth,2022,taken,98,42,0,5,55,0,0,200,3
8664,princess-elizabeth,2022,vacancy,140,42,0,20,55,0,0,200,1
8665,princess-elizabeth,2023,applied,87,89,0,12,283,0,0,0,2
8666,princess-elizabeth,2023,ballot,,SC<1,,,SC<1,,,,4
8667,princess-elizabeth,2023,odds,,0.595505617977528,,,0.169611307420495,,,,5
8668,princess-elizabeth,2023,taken,87,53,0,12,48,0,0,200,3
8669,princess-elizabeth,2023,vacancy,140,53,0,20,48,0,0,200,1
8670,punggol,2009,applied,0,0,0,4,108,38,0,0,2
8671,punggol,2009,ballot,,,,,,,,,4
8672,punggol,2009,odds,,,,1,1,0.552631578947368,,,5
8673,punggol,2009,taken,97,0,10,4,108,21,0,240,3
8674,punggol,2009,vacancy,0,0,0,67,129,21,0,240,1
8675,punggol,2010,applied,0,0,0,0,87,58,0,0,2
8676,punggol,2010,ballot,,,,,,,,,4
8677,punggol,2010,odds,,,,1,1,0.913793103448276,,,5
8678,punggol,2010,taken,93,0,10,0,87,53,0,243,3
8679,punggol,2010,vacancy,0,0,0,68,137,53,0,240,1
8680,punggol,2011,applied,0,0,0,1,100,41,0,0,2
8681,punggol,2011,ballot,,,,,,,,,4
8682,punggol,2011,odds,,,,1,1,0.48780487804878,,,5
8683,punggol,2011,taken,83,0,6,1,100,20,0,210,3
8684,punggol,2011,vacancy,0,0,0,61,120,20,0,210,1
8685,punggol,2012,applied,0,0,0,1,82,24,0,0,2
8686,punggol,2012,ballot,,,,,,,,,4
8687,punggol,2012,odds,,,,1,1,1,1,,5
8688,punggol,2012,taken,75,0,7,0,82,25,0,189,3
8689,punggol,2012,vacancy,0,0,0,64,128,46,21,210,1
8690,punggol,2013,applied,0,0,0,0,112,6,0,0,2
8691,punggol,2013,ballot,,,,,,,,,4
8692,punggol,2013,odds,,,,1,1,1,,,5
8693,punggol,2013,taken,82,0,13,0,112,6,0,213,3
8694,punggol,2013,vacancy,0,0,0,58,116,6,0,210,1
8695,punggol,2014,applied,0,0,0,1,101,28,0,0,2
8696,punggol,2014,ballot,,,,,,,,,4
8697,punggol,2014,odds,,,,1,1,0.964285714285714,,,5
8698,punggol,2014,taken,72,0,10,1,100,27,0,210,3
8699,punggol,2014,vacancy,0,0,0,64,127,27,0,210,1
8700,punggol,2015,applied,0,0,0,1,124,0,0,0,2
8701,punggol,2015,ballot,,,,,,,,,4
8702,punggol,2015,odds,,,,1,0.991935483870968,,,,5
8703,punggol,2015,taken,75,0,12,0,123,0,0,210,3
8704,punggol,2015,vacancy,0,0,0,62,123,0,0,210,1
8705,punggol,2016,applied,0,0,0,3,106,10,0,0,2
8706,punggol,2016,ballot,,,,,,,,,4
8707,punggol,2016,odds,,,,1,1,1,1,,5
8708,punggol,2016,taken,64,0,11,2,106,10,0,193,3
8709,punggol,2016,vacancy,0,0,0,68,133,27,17,210,1
8710,punggol,2017,applied,0,0,0,1,121,0,0,0,2
8711,punggol,2017,ballot,,,,,,,,,4
8712,punggol,2017,odds,,,,1,0.942148760330578,,,,5
8713,punggol,2017,taken,82,0,15,0,114,0,0,211,3
8714,punggol,2017,vacancy,0,0,0,57,114,0,0,210,1
8715,punggol,2018,applied,0,0,0,6,149,0,0,0,2
8716,punggol,2018,ballot,,,,,,,,,4
8717,punggol,2018,odds,,,,1,0.738255033557047,,,,5
8718,punggol,2018,taken,85,0,9,6,110,0,0,210,3
8719,punggol,2018,vacancy,0,0,0,58,110,0,0,210,1
8720,punggol,2019,applied,74,0,9,3,141,0,0,0,2
8721,punggol,2019,ballot,,,,,SC1-2,,,,4
8722,punggol,2019,odds,,,,,0.886524822695035,,,,5
8723,punggol,2019,taken,74,0,9,3,125,0,0,211,3
8724,punggol,2019,vacancy,170,96,96,64,125,0,0,210,1
8725,punggol,2020,applied,68,0,15,12,124,0,0,0,2
8726,punggol,2020,ballot,,,,,SC1-2,,,,4
8727,punggol,2020,odds,,,,,0.854838709677419,,,,5
8728,punggol,2020,taken,68,0,15,12,106,0,0,201,3
8729,punggol,2020,vacancy,160,92,92,59,106,0,0,200,1
8730,punggol,2021,applied,91,0,20,10,104,0,0,0,2
8731,punggol,2021,ballot,,,,,SC<1,,,,4
8732,punggol,2021,odds,,,,,0.673076923076923,,,,5
8733,punggol,2021,taken,91,0,20,10,70,0,0,191,3
8734,punggol,2021,vacancy,150,59,59,40,70,0,0,190,1
8735,punggol,2022,applied,84,22,0,6,129,0,0,0,2
8736,punggol,2022,ballot,,,,,SC<1,,,,4
8737,punggol,2022,odds,,,,,0.604651162790698,,,,5
8738,punggol,2022,taken,84,22,0,6,78,0,0,190,3
8739,punggol,2022,vacancy,130,46,0,28,78,0,0,190,1
8740,punggol,2023,applied,89,17,0,0,106,0,0,0,2
8741,punggol,2023,ballot,,,,,SC<1,,,,4
8742,punggol,2023,odds,,,,,0.811320754716981,,,,5
8743,punggol,2023,taken,89,17,0,0,86,0,0,192,3
8744,punggol,2023,vacancy,130,41,0,28,86,0,0,190,1
8745,punggol-cove,2015,applied,0,0,0,1,54,49,0,0,2
8746,punggol-cove,2015,ballot,,,,,,,,,4
8747,punggol-cove,2015,odds,,,,1,1,1,1,,5
8748,punggol-cove,2015,taken,0,0,0,1,54,49,0,104,3
8749,punggol-cove,2015,vacancy,0,0,0,105,209,155,106,210,1
8750,punggol-cove,2016,applied,0,0,0,0,113,97,0,0,2
8751,punggol-cove,2016,ballot,,,,,,,,,4
8752,punggol-cove,2016,odds,,,,1,1,1,1,,5
8753,punggol-cove,2016,taken,7,0,0,0,112,97,0,216,3
8754,punggol-cove,2016,vacancy,0,0,0,117,233,121,24,240,1
8755,punggol-cove,2017,applied,0,0,0,0,144,65,0,0,2
8756,punggol-cove,2017,ballot,,,,,,,,,4
8757,punggol-cove,2017,odds,,,,1,1,1,1,,5
8758,punggol-cove,2017,taken,38,0,1,0,144,65,0,248,3
8759,punggol-cove,2017,vacancy,0,0,0,131,261,117,52,300,1
8760,punggol-cove,2018,applied,0,0,0,0,183,46,0,0,2
8761,punggol-cove,2018,ballot,,,,,,,,,4
8762,punggol-cove,2018,odds,,,,1,1,0.91304347826087,,,5
8763,punggol-cove,2018,taken,96,0,1,0,181,42,0,320,3
8764,punggol-cove,2018,vacancy,0,0,0,112,223,42,0,320,1
8765,punggol-cove,2019,applied,97,0,31,0,110,16,0,0,2
8766,punggol-cove,2019,ballot,,,,,,SC1-2,,,4
8767,punggol-cove,2019,odds,,,,,,0.8125,,,5
8768,punggol-cove,2019,taken,97,0,31,0,110,13,0,251,3
8769,punggol-cove,2019,vacancy,210,113,113,61,123,13,0,250,1
8770,punggol-cove,2020,applied,122,1,43,1,103,22,0,0,2
8771,punggol-cove,2020,ballot,,,,,,SC1-2,,,4
8772,punggol-cove,2020,odds,,,,,,0.454545454545455,,,5
8773,punggol-cove,2020,taken,122,1,43,1,103,10,0,280,3
8774,punggol-cove,2020,vacancy,240,118,117,57,113,10,0,280,1
8775,punggol-cove,2021,applied,116,0,63,1,96,13,0,0,2
8776,punggol-cove,2021,ballot,,,,,,SC<1,,,4
8777,punggol-cove,2021,odds,,,,,,0.461538461538462,,,5
8778,punggol-cove,2021,taken,116,0,63,1,96,6,0,282,3
8779,punggol-cove,2021,vacancy,240,124,124,51,102,6,0,280,1
8780,punggol-cove,2022,applied,99,58,0,1,82,21,0,0,2
8781,punggol-cove,2022,ballot,,,,,,SC<1,,,4
8782,punggol-cove,2022,odds,,,,,,0.571428571428571,,,5
8783,punggol-cove,2022,taken,99,58,0,1,82,12,0,252,3
8784,punggol-cove,2022,vacancy,190,91,0,31,93,12,0,250,1
8785,punggol-cove,2023,applied,102,65,0,1,82,34,0,0,2
8786,punggol-cove,2023,ballot,,,,,,PR<1,,,4
8787,punggol-cove,2023,odds,,,,,,0.911764705882353,,,5
8788,punggol-cove,2023,taken,102,65,0,1,82,31,0,281,3
8789,punggol-cove,2023,vacancy,220,118,0,38,113,31,0,280,1
8790,punggol-green,2012,applied,0,0,0,1,37,10,0,0,2
8791,punggol-green,2012,ballot,,,,,,,,,4
8792,punggol-green,2012,odds,,,,1,1,1,1,,5
8793,punggol-green,2012,taken,0,0,0,1,37,152,0,190,3
8794,punggol-green,2012,vacancy,0,0,0,105,209,172,20,210,1
8795,punggol-green,2013,applied,0,0,0,0,103,51,0,0,2
8796,punggol-green,2013,ballot,,,,,,,,,4
8797,punggol-green,2013,odds,,,,1,1,1,1,,5
8798,punggol-green,2013,taken,6,0,0,0,103,95,0,204,3
8799,punggol-green,2013,vacancy,0,0,0,117,234,132,37,240,1
8800,punggol-green,2014,applied,0,0,0,1,185,86,0,0,2
8801,punggol-green,2014,ballot,,,,,,,,,4
8802,punggol-green,2014,odds,,,,1,1,1,,,5
8803,punggol-green,2014,taken,28,0,0,1,185,86,0,300,3
8804,punggol-green,2014,vacancy,0,0,0,136,271,86,0,300,1
8805,punggol-green,2015,applied,0,0,0,0,233,0,0,0,2
8806,punggol-green,2015,ballot,,,,,,,,,4
8807,punggol-green,2015,odds,,,,1,0.785407725321888,,,,5
8808,punggol-green,2015,taken,55,0,2,0,183,0,0,240,3
8809,punggol-green,2015,vacancy,0,0,0,92,183,0,0,240,1
8810,punggol-green,2016,applied,0,0,0,1,258,0,0,0,2
8811,punggol-green,2016,ballot,,,,,,,,,4
8812,punggol-green,2016,odds,,,,1,0.596899224806202,,,,5
8813,punggol-green,2016,taken,83,1,1,1,154,0,0,240,3
8814,punggol-green,2016,vacancy,0,0,0,78,154,0,0,240,1
8815,punggol-green,2017,applied,0,0,0,2,263,0,0,0,2
8816,punggol-green,2017,ballot,,,,,,,,,4
8817,punggol-green,2017,odds,,,,1,0.634980988593156,,,,5
8818,punggol-green,2017,taken,103,0,0,0,167,0,0,270,3
8819,punggol-green,2017,vacancy,0,0,0,84,167,0,0,270,1
8820,punggol-green,2018,applied,0,0,0,2,243,0,0,0,2
8821,punggol-green,2018,ballot,,,,,,,,,4
8822,punggol-green,2018,odds,,,,1,0.469135802469136,,,,5
8823,punggol-green,2018,taken,137,0,67,2,114,0,0,320,3
8824,punggol-green,2018,vacancy,0,0,0,58,114,0,0,320,1
8825,punggol-green,2019,applied,136,0,64,3,147,0,0,0,2
8826,punggol-green,2019,ballot,,,,,SC<1,,,,4
8827,punggol-green,2019,odds,,,,,0.346938775510204,,,,5
8828,punggol-green,2019,taken,136,0,64,3,51,0,0,254,3
8829,punggol-green,2019,vacancy,210,74,74,25,51,0,0,250,1
8830,punggol-green,2020,applied,142,0,78,3,138,0,0,0,2
8831,punggol-green,2020,ballot,,,,,SC<1,,,,4
8832,punggol-green,2020,odds,,,,,0.427536231884058,,,,5
8833,punggol-green,2020,taken,142,0,78,3,59,0,0,282,3
8834,punggol-green,2020,vacancy,240,98,98,30,59,0,0,280,1
8835,punggol-green,2021,applied,118,0,96,3,97,0,0,0,2
8836,punggol-green,2021,ballot,,,SC1-2,,SC<1,,,,4
8837,punggol-green,2021,odds,,,0.958333333333333,,0.381443298969072,,,,5
8838,punggol-green,2021,taken,118,0,92,3,37,0,0,250,3
8839,punggol-green,2021,vacancy,210,92,92,20,37,0,0,250,1
8840,punggol-green,2022,applied,122,99,0,4,127,0,0,0,2
8841,punggol-green,2022,ballot,,SC<1,,,SC<1,,,,4
8842,punggol-green,2022,odds,,0.686868686868687,,,0.440944881889764,,,,5
8843,punggol-green,2022,taken,122,68,0,4,56,0,0,250,3
8844,punggol-green,2022,vacancy,190,68,0,20,56,0,0,250,1
8845,punggol-green,2023,applied,107,98,0,4,110,0,0,0,2
8846,punggol-green,2023,ballot,,SC<1,,,SC<1,,,,4
8847,punggol-green,2023,odds,,0.744897959183674,,,0.527272727272727,,,,5
8848,punggol-green,2023,taken,107,73,0,4,58,0,0,242,3
8849,punggol-green,2023,vacancy,180,73,0,21,58,0,0,240,1
8850,punggol-view,2012,applied,0,0,0,0,120,60,0,0,2
8851,punggol-view,2012,ballot,,,,,,,,,4
8852,punggol-view,2012,odds,,,,1,1,1,1,,5
8853,punggol-view,2012,taken,0,0,0,0,119,61,0,180,3
8854,punggol-view,2012,vacancy,0,0,0,105,210,91,30,210,1
8855,punggol-view,2013,applied,0,0,0,2,198,0,0,0,2
8856,punggol-view,2013,ballot,,,,,,,,,4
8857,punggol-view,2013,odds,,,,1,0.994949494949495,,,,5
8858,punggol-view,2013,taken,9,0,2,2,197,0,0,210,3
8859,punggol-view,2013,vacancy,0,0,0,100,197,0,0,210,1
8860,punggol-view,2014,applied,0,0,0,3,207,0,0,0,2
8861,punggol-view,2014,ballot,,,,,,,,,4
8862,punggol-view,2014,odds,,,,1,0.956521739130435,,,,5
8863,punggol-view,2014,taken,65,0,4,3,198,0,0,270,3
8864,punggol-view,2014,vacancy,0,0,0,101,198,0,0,270,1
8865,punggol-view,2015,applied,0,0,0,6,180,0,0,0,2
8866,punggol-view,2015,ballot,,,,,,,,,4
8867,punggol-view,2015,odds,,,,1,0.861111111111111,,,,5
8868,punggol-view,2015,taken,78,0,1,6,155,0,0,240,3
8869,punggol-view,2015,vacancy,0,0,0,81,155,0,0,240,1
8870,punggol-view,2016,applied,0,0,0,3,165,0,0,0,2
8871,punggol-view,2016,ballot,,,,,,,,,4
8872,punggol-view,2016,odds,,,,1,0.842424242424242,,,,5
8873,punggol-view,2016,taken,98,0,1,2,139,0,0,240,3
8874,punggol-view,2016,vacancy,0,0,0,71,139,0,0,240,1
8875,punggol-view,2017,applied,0,0,0,1,154,0,0,0,2
8876,punggol-view,2017,ballot,,,,,,,,,4
8877,punggol-view,2017,odds,,,,1,0.948051948051948,,,,5
8878,punggol-view,2017,taken,121,2,0,1,146,0,0,270,3
8879,punggol-view,2017,vacancy,0,0,0,74,146,0,0,270,1
8880,punggol-view,2018,applied,0,0,0,3,157,0,0,0,2
8881,punggol-view,2018,ballot,,,,,,,,,4
8882,punggol-view,2018,odds,,,,1,1,,,,5
8883,punggol-view,2018,taken,125,0,38,0,157,0,0,320,3
8884,punggol-view,2018,vacancy,0,0,0,79,157,0,0,320,1
8885,punggol-view,2019,applied,112,0,50,2,105,25,0,0,2
8886,punggol-view,2019,ballot,,,,,,SC<1,,,4
8887,punggol-view,2019,odds,,,,,,0.68,,,5
8888,punggol-view,2019,taken,112,0,50,2,105,17,0,286,3
8889,punggol-view,2019,vacancy,240,129,129,60,121,17,0,280,1
8890,punggol-view,2020,applied,124,0,73,0,58,0,0,0,2
8891,punggol-view,2020,ballot,,,,,SC<1,,,,4
8892,punggol-view,2020,odds,,,,,0.758620689655172,,,,5
8893,punggol-view,2020,taken,124,0,73,0,44,0,0,241,3
8894,punggol-view,2020,vacancy,200,76,76,22,44,0,0,240,1
8895,punggol-view,2021,applied,112,1,91,1,66,27,0,0,2
8896,punggol-view,2021,ballot,,,,,,SC<1,,,4
8897,punggol-view,2021,odds,,,,,,0.407407407407407,,,5
8898,punggol-view,2021,taken,112,1,91,1,66,11,0,282,3
8899,punggol-view,2021,vacancy,240,128,127,39,76,11,0,280,1
8900,punggol-view,2022,applied,125,82,0,0,74,0,0,0,2
8901,punggol-view,2022,ballot,,SC1-2,,,PR<1,,,,4
8902,punggol-view,2022,odds,,0.792682926829268,,,0.824324324324324,,,,5
8903,punggol-view,2022,taken,125,65,0,0,61,0,0,251,3
8904,punggol-view,2022,vacancy,190,65,0,20,61,0,0,250,1
8905,punggol-view,2023,applied,98,51,0,1,51,51,0,0,2
8906,punggol-view,2023,ballot,,,,,,SC1-2,,,4
8907,punggol-view,2023,odds,,,,,,0.803921568627451,,,5
8908,punggol-view,2023,taken,98,51,0,1,51,41,0,242,3
8909,punggol-view,2023,vacancy,180,82,0,30,92,41,0,240,1
8910,qifa,2009,applied,0,0,0,1,80,36,0,0,2
8911,qifa,2009,ballot,,,,,,,,,4
8912,qifa,2009,odds,,,,1,1,1,1,,5
8913,qifa,2009,taken,66,0,6,1,80,36,0,189,3
8914,qifa,2009,vacancy,0,0,0,69,137,58,21,210,1
8915,qifa,2010,applied,0,0,0,2,119,0,0,0,2
8916,qifa,2010,ballot,,,,,,,,,4
8917,qifa,2010,odds,,,,1,0.840336134453782,,,,5
8918,qifa,2010,taken,84,1,23,2,100,0,0,210,3
8919,qifa,2010,vacancy,0,0,0,51,100,0,0,210,1
8920,qifa,2011,applied,0,0,0,7,101,18,0,0,2
8921,qifa,2011,ballot,,,,,,,,,4
8922,qifa,2011,odds,,,,1,1,0.833333333333333,,,5
8923,qifa,2011,taken,76,0,14,6,101,15,0,212,3
8924,qifa,2011,vacancy,0,0,0,60,115,15,0,210,1
8925,qifa,2012,applied,0,0,0,6,126,0,0,0,2
8926,qifa,2012,ballot,,,,,,,,,4
8927,qifa,2012,odds,,,,1,0.992063492063492,,,,5
8928,qifa,2012,taken,66,0,13,6,125,0,0,210,3
8929,qifa,2012,vacancy,0,0,0,66,125,0,0,210,1
8930,qifa,2013,applied,0,0,0,1,131,7,0,0,2
8931,qifa,2013,ballot,,,,,,,,,4
8932,qifa,2013,odds,,,,1,1,0.571428571428571,,,5
8933,qifa,2013,taken,86,0,19,1,131,4,0,241,3
8934,qifa,2013,vacancy,0,0,0,68,134,4,0,240,1
8935,qifa,2014,applied,0,0,0,8,122,0,0,0,2
8936,qifa,2014,ballot,,,,,,,,,4
8937,qifa,2014,odds,,,,1,0.959016393442623,,,,5
8938,qifa,2014,taken,84,0,33,6,117,0,0,240,3
8939,qifa,2014,vacancy,0,0,0,62,117,0,0,240,1
8940,qifa,2015,applied,0,0,0,9,130,0,0,0,2
8941,qifa,2015,ballot,,,,,,,,,4
8942,qifa,2015,odds,,,,1,0.938461538461538,,,,5
8943,qifa,2015,taken,85,0,26,7,122,0,0,240,3
8944,qifa,2015,vacancy,0,0,0,65,122,0,0,240,1
8945,qifa,2016,applied,0,0,0,9,112,0,0,0,2
8946,qifa,2016,ballot,,,,,,,,,4
8947,qifa,2016,odds,,,,1,0.803571428571429,,,,5
8948,qifa,2016,taken,91,0,23,6,90,0,0,210,3
8949,qifa,2016,vacancy,0,0,0,48,90,0,0,210,1
8950,qifa,2017,applied,0,0,0,8,122,0,0,0,2
8951,qifa,2017,ballot,,,,,,,,,4
8952,qifa,2017,odds,,,,1,0.89344262295082,,,,5
8953,qifa,2017,taken,97,0,28,6,109,0,0,240,3
8954,qifa,2017,vacancy,0,0,0,58,109,0,0,240,1
8955,qifa,2018,applied,0,0,0,26,106,0,0,0,2
8956,qifa,2018,ballot,,,,,,,,,4
8957,qifa,2018,odds,,,,1,0.792452830188679,,,,5
8958,qifa,2018,taken,99,0,33,24,84,0,0,240,3
8959,qifa,2018,vacancy,0,0,0,54,84,0,0,240,1
8960,qifa,2019,applied,80,0,23,19,126,0,0,0,2
8961,qifa,2019,ballot,,,,,PR<1,,,,4
8962,qifa,2019,odds,,,,,0.952380952380952,,,,5
8963,qifa,2019,taken,80,0,23,19,120,0,0,242,3
8964,qifa,2019,vacancy,200,120,120,69,120,0,0,240,1
8965,qifa,2020,applied,106,0,42,22,97,0,0,0,2
8966,qifa,2020,ballot,,,,,SC1-2,,,,4
8967,qifa,2020,odds,,,,,0.721649484536082,,,,5
8968,qifa,2020,taken,106,0,42,22,70,0,0,240,3
8969,qifa,2020,vacancy,200,94,94,46,70,0,0,240,1
8970,qifa,2021,applied,101,0,54,14,141,0,0,0,2
8971,qifa,2021,ballot,,,,,SC>2,,,,4
8972,qifa,2021,odds,,,,,0.794326241134752,,,,5
8973,qifa,2021,taken,101,0,54,14,112,0,0,281,3
8974,qifa,2021,vacancy,240,139,139,63,112,0,0,280,1
8975,qifa,2022,applied,104,43,0,22,131,0,0,0,2
8976,qifa,2022,ballot,,,,,SC1-2,,,,4
8977,qifa,2022,odds,,,,,0.847328244274809,,,,5
8978,qifa,2022,taken,104,43,0,22,111,0,0,280,3
8979,qifa,2022,vacancy,220,116,0,44,111,0,0,280,1
8980,qifa,2023,applied,95,48,0,17,130,0,0,0,2
8981,qifa,2023,ballot,,,,,PR1-2,,,,4
8982,qifa,2023,odds,,,,,0.953846153846154,,,,5
8983,qifa,2023,taken,95,48,0,17,124,0,0,284,3
8984,qifa,2023,vacancy,220,125,0,46,124,0,0,280,1
8985,qihua,2009,applied,0,0,0,0,82,86,0,0,2
8986,qihua,2009,ballot,,,,,,,,,4
8987,qihua,2009,odds,,,,1,1,1,,,5
8988,qihua,2009,taken,106,0,15,0,82,99,0,302,3
8989,qihua,2009,vacancy,0,0,0,90,181,99,0,300,1
8990,qihua,2010,applied,0,0,0,0,90,68,0,0,2
8991,qihua,2010,ballot,,,,,,,,,4
8992,qihua,2010,odds,,,,1,1,1,,,5
8993,qihua,2010,taken,107,0,8,0,90,68,0,273,3
8994,qihua,2010,vacancy,0,0,0,78,155,68,0,270,1
8995,qihua,2011,applied,0,0,0,0,103,87,0,0,2
8996,qihua,2011,ballot,,,,,,,,,4
8997,qihua,2011,odds,,,,1,1,0.747126436781609,,,5
8998,qihua,2011,taken,92,0,12,0,102,65,0,271,3
8999,qihua,2011,vacancy,0,0,0,83,167,65,0,270,1
9000,qihua,2012,applied,0,0,0,0,102,18,0,0,2
9001,qihua,2012,ballot,,,,,,,,,4
9002,qihua,2012,odds,,,,1,1,1,,,5
9003,qihua,2012,taken,94,0,11,0,101,34,0,240,3
9004,qihua,2012,vacancy,0,0,0,68,135,34,0,240,1
9005,qihua,2013,applied,0,0,0,1,80,29,0,0,2
9006,qihua,2013,ballot,,,,,,,,,4
9007,qihua,2013,odds,,,,1,1,1,1,,5
9008,qihua,2013,taken,98,0,12,1,80,40,0,231,3
9009,qihua,2013,vacancy,0,0,0,65,129,51,11,240,1
9010,qihua,2014,applied,0,0,0,0,79,25,0,0,2
9011,qihua,2014,ballot,,,,,,,,,4
9012,qihua,2014,odds,,,,1,1,1,1,,5
9013,qihua,2014,taken,90,0,12,0,77,25,0,204,3
9014,qihua,2014,vacancy,0,0,0,69,139,61,36,240,1
9015,qihua,2015,applied,0,0,0,2,64,10,0,0,2
9016,qihua,2015,ballot,,,,,,,,,4
9017,qihua,2015,odds,,,,1,1,1,1,,5
9018,qihua,2015,taken,93,0,18,2,64,10,0,187,3
9019,qihua,2015,vacancy,0,0,0,65,127,63,53,240,1
9020,qihua,2016,applied,0,0,0,0,47,7,0,0,2
9021,qihua,2016,ballot,,,,,,,,,4
9022,qihua,2016,odds,,,,1,1,1,1,,5
9023,qihua,2016,taken,64,0,16,0,47,7,0,134,3
9024,qihua,2016,vacancy,0,0,0,65,130,83,76,210,1
9025,qihua,2017,applied,0,0,0,0,57,15,0,0,2
9026,qihua,2017,ballot,,,,,,,,,4
9027,qihua,2017,odds,,,,1,1,1,1,,5
9028,qihua,2017,taken,73,0,9,0,55,15,0,152,3
9029,qihua,2017,vacancy,0,0,0,64,128,73,58,210,1
9030,qihua,2018,applied,0,0,0,0,67,29,0,0,2
9031,qihua,2018,ballot,,,,,,,,,4
9032,qihua,2018,odds,,,,1,1,1,1,,5
9033,qihua,2018,taken,58,0,16,0,67,29,0,170,3
9034,qihua,2018,vacancy,0,0,0,83,167,100,71,240,1
9035,qihua,2019,applied,68,1,17,0,67,30,0,0,2
9036,qihua,2019,ballot,,,,,,SC#,,,4
9037,qihua,2019,odds,,,,,,0.933333333333333,,,5
9038,qihua,2019,taken,68,1,17,0,67,28,0,181,3
9039,qihua,2019,vacancy,140,72,72,48,95,28,0,180,1
9040,qihua,2020,applied,57,1,15,4,69,25,0,0,2
9041,qihua,2020,ballot,,,,,,,,,4
9042,qihua,2020,odds,,,,,,,,,5
9043,qihua,2020,taken,57,1,15,4,69,25,0,171,3
9044,qihua,2020,vacancy,170,113,112,69,133,65,40,210,1
9045,qihua,2021,applied,79,1,23,0,52,12,0,0,2
9046,qihua,2021,ballot,,,,,,,,,4
9047,qihua,2021,odds,,,,,,,,,5
9048,qihua,2021,taken,79,1,23,0,52,12,0,167,3
9049,qihua,2021,vacancy,200,121,120,69,137,85,73,240,1
9050,qihua,2022,applied,59,19,0,5,56,14,0,0,2
9051,qihua,2022,ballot,,,,,,,,,4
9052,qihua,2022,odds,,,,,,,,,5
9053,qihua,2022,taken,59,19,0,5,56,14,0,153,3
9054,qihua,2022,vacancy,180,121,0,54,158,102,88,240,1
9055,qihua,2023,applied,60,25,0,0,42,6,0,0,2
9056,qihua,2023,ballot,,,,,,,,,4
9057,qihua,2023,odds,,,,,,,,,5
9058,qihua,2023,taken,60,25,0,0,42,6,0,133,3
9059,qihua,2023,vacancy,120,60,0,32,95,53,47,180,1
9060,queenstown,2009,applied,0,0,0,4,61,37,0,0,2
9061,queenstown,2009,ballot,,,,,,,,,4
9062,queenstown,2009,odds,,,,1,1,1,1,,5
9063,queenstown,2009,taken,74,0,12,4,61,37,0,188,3
9064,queenstown,2009,vacancy,0,0,0,62,122,62,15,210,1
9065,queenstown,2010,applied,0,0,0,1,69,27,0,0,2
9066,queenstown,2010,ballot,,,,,,,,,4
9067,queenstown,2010,odds,,,,1,1,1,1,,5
9068,queenstown,2010,taken,79,0,9,1,69,27,0,185,3
9069,queenstown,2010,vacancy,0,0,0,61,121,54,24,210,1
9070,queenstown,2011,applied,0,0,0,0,77,13,0,0,2
9071,queenstown,2011,ballot,,,,,,,,,4
9072,queenstown,2011,odds,,,,1,1,1,1,,5
9073,queenstown,2011,taken,54,0,14,0,77,16,0,161,3
9074,queenstown,2011,vacancy,0,0,0,71,142,65,49,210,1
9075,queenstown,2012,applied,0,0,0,0,88,41,0,0,2
9076,queenstown,2012,ballot,,,,,,,,,4
9077,queenstown,2012,odds,,,,1,1,1,1,,5
9078,queenstown,2012,taken,74,0,7,0,87,63,0,231,3
9079,queenstown,2012,vacancy,0,0,0,80,159,74,11,240,1
9080,queenstown,2013,applied,0,0,0,0,84,16,0,0,2
9081,queenstown,2013,ballot,,,,,,,,,4
9082,queenstown,2013,odds,,,,1,1,1,1,,5
9083,queenstown,2013,taken,69,0,15,0,83,36,0,203,3
9084,queenstown,2013,vacancy,0,0,0,78,156,75,39,240,1
9085,queenstown,2014,applied,0,0,0,0,84,39,0,0,2
9086,queenstown,2014,ballot,,,,,,,,,4
9087,queenstown,2014,odds,,,,1,1,1,1,,5
9088,queenstown,2014,taken,63,0,19,0,84,39,0,205,3
9089,queenstown,2014,vacancy,0,0,0,79,158,74,35,240,1
9090,queenstown,2015,applied,0,0,0,1,94,33,0,0,2
9091,queenstown,2015,ballot,,,,,,,,,4
9092,queenstown,2015,odds,,,,1,1,1,1,,5
9093,queenstown,2015,taken,56,0,10,1,94,33,0,194,3
9094,queenstown,2015,vacancy,0,0,0,87,173,79,46,240,1
9095,queenstown,2016,applied,0,0,0,0,120,30,0,0,2
9096,queenstown,2016,ballot,,,,,,,,,4
9097,queenstown,2016,odds,,,,1,1,1,1,,5
9098,queenstown,2016,taken,68,0,19,0,120,30,0,237,3
9099,queenstown,2016,vacancy,0,0,0,77,155,35,5,240,1
9100,queenstown,2017,applied,0,0,0,0,100,50,0,0,2
9101,queenstown,2017,ballot,,,,,,,,,4
9102,queenstown,2017,odds,,,,1,1,1,1,,5
9103,queenstown,2017,taken,65,0,12,0,100,50,0,227,3
9104,queenstown,2017,vacancy,0,0,0,82,167,67,17,240,1
9105,queenstown,2018,applied,0,0,0,0,172,0,0,0,2
9106,queenstown,2018,ballot,,,,,,,,,4
9107,queenstown,2018,odds,,,,1,0.831395348837209,,,,5
9108,queenstown,2018,taken,78,0,19,0,143,0,0,240,3
9109,queenstown,2018,vacancy,0,0,0,72,143,0,0,240,1
9110,queenstown,2019,applied,99,0,21,0,132,0,0,0,2
9111,queenstown,2019,ballot,,,,,SC>2,,,,4
9112,queenstown,2019,odds,,,,,0.916666666666667,,,,5
9113,queenstown,2019,taken,99,0,21,0,121,0,0,241,3
9114,queenstown,2019,vacancy,200,101,101,60,121,0,0,240,1
9115,queenstown,2020,applied,77,0,14,2,154,0,0,0,2
9116,queenstown,2020,ballot,,,,,PR1-2,,,,4
9117,queenstown,2020,odds,,,,,0.961038961038961,,,,5
9118,queenstown,2020,taken,77,0,14,2,148,0,0,241,3
9119,queenstown,2020,vacancy,200,123,123,75,148,0,0,240,1
9120,queenstown,2021,applied,93,0,27,1,112,13,0,0,2
9121,queenstown,2021,ballot,,,,,,SC1-2,,,4
9122,queenstown,2021,odds,,,,,,0.538461538461538,,,5
9123,queenstown,2021,taken,93,0,27,1,112,7,0,240,3
9124,queenstown,2021,vacancy,200,107,107,60,119,7,0,240,1
9125,queenstown,2022,applied,76,16,0,0,115,24,0,0,2
9126,queenstown,2022,ballot,,,,,,SC<1,,,4
9127,queenstown,2022,odds,,,,,,0.25,,,5
9128,queenstown,2022,taken,76,16,0,0,115,6,0,213,3
9129,queenstown,2022,vacancy,150,74,0,40,121,6,0,210,1
9130,queenstown,2023,applied,76,28,0,1,123,0,0,0,2
9131,queenstown,2023,ballot,,,,,PR<1,,,,4
9132,queenstown,2023,odds,,,,,0.861788617886179,,,,5
9133,queenstown,2023,taken,76,28,0,1,106,0,0,211,3
9134,queenstown,2023,vacancy,150,75,0,36,106,0,0,210,1
9135,radin-mas,2009,applied,0,0,0,23,128,0,0,0,2
9136,radin-mas,2009,ballot,,,,,,,,,4
9137,radin-mas,2009,odds,,,,1,0.5078125,,,,5
9138,radin-mas,2009,taken,119,0,35,23,65,0,0,242,3
9139,radin-mas,2009,vacancy,0,0,0,43,65,0,0,240,1
9140,radin-mas,2010,applied,0,0,0,30,126,0,0,0,2
9141,radin-mas,2010,ballot,,,,,,,,,4
9142,radin-mas,2010,odds,,,,1,0.698412698412698,,,,5
9143,radin-mas,2010,taken,98,0,24,30,88,0,0,240,3
9144,radin-mas,2010,vacancy,0,0,0,59,88,0,0,240,1
9145,radin-mas,2011,applied,0,0,0,40,118,0,0,0,2
9146,radin-mas,2011,ballot,,,,,,,,,4
9147,radin-mas,2011,odds,,,,1,0.686440677966102,,,,5
9148,radin-mas,2011,taken,79,2,40,40,81,0,0,242,3
9149,radin-mas,2011,vacancy,0,0,0,60,81,0,0,240,1
9150,radin-mas,2012,applied,0,0,0,63,84,0,0,0,2
9151,radin-mas,2012,ballot,,,,,,,,,4
9152,radin-mas,2012,odds,,,,0.80952380952381,0.595238095238095,,,,5
9153,radin-mas,2012,taken,93,0,46,51,50,0,0,240,3
9154,radin-mas,2012,vacancy,0,0,0,51,50,0,0,240,1
9155,radin-mas,2013,applied,0,0,0,32,74,0,0,0,2
9156,radin-mas,2013,ballot,,,,,,,,,4
9157,radin-mas,2013,odds,,,,1,0.675675675675676,,,,5
9158,radin-mas,2013,taken,105,0,53,32,50,0,0,240,3
9159,radin-mas,2013,vacancy,0,0,0,41,50,0,0,240,1
9160,radin-mas,2014,applied,0,0,0,22,53,0,0,0,2
9161,radin-mas,2014,ballot,,,,,,,,,4
9162,radin-mas,2014,odds,,,,0.909090909090909,0.377358490566038,,,,5
9163,radin-mas,2014,taken,134,6,60,20,20,0,0,240,3
9164,radin-mas,2014,vacancy,0,0,0,20,20,0,0,240,1
9165,radin-mas,2015,applied,0,0,0,20,94,0,0,0,2
9166,radin-mas,2015,ballot,,,,,,,,,4
9167,radin-mas,2015,odds,,,,1,0.765957446808511,,,,5
9168,radin-mas,2015,taken,98,19,33,18,72,0,0,240,3
9169,radin-mas,2015,vacancy,0,0,0,45,72,0,0,240,1
9170,radin-mas,2016,applied,0,0,0,16,100,0,0,0,2
9171,radin-mas,2016,ballot,,,,,,,,,4
9172,radin-mas,2016,odds,,,,1,0.86,,,,5
9173,radin-mas,2016,taken,77,35,33,9,86,0,0,240,3
9174,radin-mas,2016,vacancy,0,0,0,48,86,0,0,240,1
9175,radin-mas,2017,applied,0,0,0,17,57,0,0,0,2
9176,radin-mas,2017,ballot,,,,,,,,,4
9177,radin-mas,2017,odds,,,,1,0.842105263157895,,,,5
9178,radin-mas,2017,taken,110,41,27,14,48,0,0,240,3
9179,radin-mas,2017,vacancy,0,0,0,31,48,0,0,240,1
9180,radin-mas,2018,applied,0,0,0,18,63,0,0,0,2
9181,radin-mas,2018,ballot,,,,,,,,,4
9182,radin-mas,2018,odds,,,,1,0.412698412698413,,,,5
9183,radin-mas,2018,taken,115,31,23,15,26,0,0,210,3
9184,radin-mas,2018,vacancy,0,0,0,21,26,0,0,210,1
9185,radin-mas,2019,applied,83,26,25,16,86,0,0,0,2
9186,radin-mas,2019,ballot,,,,,SC<1,,,,4
9187,radin-mas,2019,odds,,,,,0.604651162790698,,,,5
9188,radin-mas,2019,taken,83,26,25,16,52,0,0,202,3
9189,radin-mas,2019,vacancy,160,77,51,33,52,0,0,200,1
9190,radin-mas,2020,applied,115,28,31,21,75,0,0,0,2
9191,radin-mas,2020,ballot,,,SC1-2,,SC<1,,,,4
9192,radin-mas,2020,odds,,,0.580645161290323,,0.306666666666667,,,,5
9193,radin-mas,2020,taken,115,28,18,21,23,0,0,205,3
9194,radin-mas,2020,vacancy,160,45,18,21,23,0,0,200,1
9195,radin-mas,2021,applied,82,30,39,12,76,0,0,0,2
9196,radin-mas,2021,ballot,,,,,SC<1,,,,4
9197,radin-mas,2021,odds,,,,,0.513157894736842,,,,5
9198,radin-mas,2021,taken,82,30,39,12,39,0,0,202,3
9199,radin-mas,2021,vacancy,160,78,48,25,39,0,0,200,1
9200,radin-mas,2022,applied,85,62,0,20,82,0,0,0,2
9201,radin-mas,2022,ballot,,SC>2,,,SC<1,,,,4
9202,radin-mas,2022,odds,,0.887096774193548,,,0.48780487804878,,,,5
9203,radin-mas,2022,taken,85,55,0,20,40,0,0,200,3
9204,radin-mas,2022,vacancy,140,55,0,20,40,0,0,200,1
9205,radin-mas,2023,applied,70,56,0,22,81,0,0,0,2
9206,radin-mas,2023,ballot,,,,,SC<1,,,,4
9207,radin-mas,2023,odds,,,,,0.666666666666667,,,,5
9208,radin-mas,2023,taken,70,56,0,22,54,0,0,202,3
9209,radin-mas,2023,vacancy,140,71,0,25,54,0,0,200,1
9210,raffles-girls,2009,applied,0,0,0,47,140,0,0,0,2
9211,raffles-girls,2009,ballot,,,,,,,,,4
9212,raffles-girls,2009,odds,,,,1,0.614285714285714,,,,5
9213,raffles-girls,2009,taken,84,29,54,47,86,0,0,300,3
9214,raffles-girls,2009,vacancy,0,0,0,67,86,0,0,300,1
9215,raffles-girls,2010,applied,0,0,0,62,76,0,0,0,2
9216,raffles-girls,2010,ballot,,,,,,,,,4
9217,raffles-girls,2010,odds,,,,0.967741935483871,0.802631578947368,,,,5
9218,raffles-girls,2010,taken,90,30,57,62,61,0,0,300,3
9219,raffles-girls,2010,vacancy,0,0,0,60,61,0,0,300,1
9220,raffles-girls,2011,applied,0,0,0,49,46,0,0,0,2
9221,raffles-girls,2011,ballot,,,,,,,,,4
9222,raffles-girls,2011,odds,,,,0.857142857142857,0.91304347826087,,,,5
9223,raffles-girls,2011,taken,85,36,66,41,42,0,0,270,3
9224,raffles-girls,2011,vacancy,0,0,0,42,42,0,0,270,1
9225,raffles-girls,2012,applied,0,0,0,42,46,0,0,0,2
9226,raffles-girls,2012,ballot,,,,,,,,,4
9227,raffles-girls,2012,odds,,,,1,0.91304347826087,,,,5
9228,raffles-girls,2012,taken,90,42,54,42,42,0,0,270,3
9229,raffles-girls,2012,vacancy,0,0,0,42,42,0,0,270,1
9230,raffles-girls,2013,applied,0,0,0,26,69,0,0,0,2
9231,raffles-girls,2013,ballot,,,,,,,,,4
9232,raffles-girls,2013,odds,,,,1,0.840579710144927,,,,5
9233,raffles-girls,2013,taken,98,34,54,26,58,0,0,270,3
9234,raffles-girls,2013,vacancy,0,0,0,42,58,0,0,270,1
9235,raffles-girls,2014,applied,0,0,0,21,143,0,0,0,2
9236,raffles-girls,2014,ballot,,,,,,,,,4
9237,raffles-girls,2014,odds,,,,1,0.713286713286713,,,,5
9238,raffles-girls,2014,taken,69,40,38,21,102,0,0,270,3
9239,raffles-girls,2014,vacancy,0,0,0,62,102,0,0,270,1
9240,raffles-girls,2015,applied,0,0,0,20,114,0,0,0,2
9241,raffles-girls,2015,ballot,,,,,,,,,4
9242,raffles-girls,2015,odds,,,,1,0.789473684210526,,,,5
9243,raffles-girls,2015,taken,97,31,38,14,90,0,0,270,3
9244,raffles-girls,2015,vacancy,0,0,0,52,90,0,0,270,1
9245,raffles-girls,2016,applied,0,0,0,22,135,0,0,0,2
9246,raffles-girls,2016,ballot,,,,,,,,,4
9247,raffles-girls,2016,odds,,,,1,0.792592592592593,,,,5
9248,raffles-girls,2016,taken,74,50,22,17,107,0,0,270,3
9249,raffles-girls,2016,vacancy,0,0,0,62,107,0,0,270,1
9250,raffles-girls,2017,applied,0,0,0,25,142,0,0,0,2
9251,raffles-girls,2017,ballot,,,,,,,,,4
9252,raffles-girls,2017,odds,,,,1,0.78169014084507,,,,5
9253,raffles-girls,2017,taken,73,35,28,23,111,0,0,270,3
9254,raffles-girls,2017,vacancy,0,0,0,67,111,0,0,270,1
9255,raffles-girls,2018,applied,0,0,0,26,164,0,0,0,2
9256,raffles-girls,2018,ballot,,,,,,,,,4
9257,raffles-girls,2018,odds,,,,1,0.695121951219512,,,,5
9258,raffles-girls,2018,taken,64,40,26,26,114,0,0,270,3
9259,raffles-girls,2018,vacancy,0,0,0,70,114,0,0,270,1
9260,raffles-girls,2019,applied,63,39,23,24,172,0,0,0,2
9261,raffles-girls,2019,ballot,,,,,SC>2,,,,4
9262,raffles-girls,2019,odds,,,,,0.715116279069767,,,,5
9263,raffles-girls,2019,taken,63,39,23,24,123,0,0,272,3
9264,raffles-girls,2019,vacancy,230,167,130,74,123,0,0,270,1
9265,raffles-girls,2020,applied,89,48,29,28,176,0,0,0,2
9266,raffles-girls,2020,ballot,,,,,SC<1,,,,4
9267,raffles-girls,2020,odds,,,,,0.4375,,,,5
9268,raffles-girls,2020,taken,89,48,29,28,77,0,0,271,3
9269,raffles-girls,2020,vacancy,230,141,93,52,77,0,0,270,1
9270,raffles-girls,2021,applied,64,45,26,39,116,0,0,0,2
9271,raffles-girls,2021,ballot,,,,,SC>2,,,,4
9272,raffles-girls,2021,odds,,,,,0.836206896551724,,,,5
9273,raffles-girls,2021,taken,64,45,26,39,97,0,0,271,3
9274,raffles-girls,2021,vacancy,230,166,121,68,97,0,0,270,1
9275,raffles-girls,2022,applied,89,52,0,39,125,0,0,0,2
9276,raffles-girls,2022,ballot,,,,,SC<1,,,,4
9277,raffles-girls,2022,odds,,,,,0.72,,,,5
9278,raffles-girls,2022,taken,89,52,0,39,90,0,0,270,3
9279,raffles-girls,2022,vacancy,210,121,0,43,90,0,0,270,1
9280,raffles-girls,2023,applied,61,66,0,33,130,0,0,0,2
9281,raffles-girls,2023,ballot,,,,,SC>2,,,,4
9282,raffles-girls,2023,odds,,,,,0.869230769230769,,,,5
9283,raffles-girls,2023,taken,61,66,0,33,113,0,0,273,3
9284,raffles-girls,2023,vacancy,210,151,0,48,113,0,0,270,1
9285,red-swastika,2009,applied,0,0,0,32,86,0,0,0,2
9286,red-swastika,2009,ballot,,,,,,,,,4
9287,red-swastika,2009,odds,,,,1,0.476744186046512,,,,5
9288,red-swastika,2009,taken,129,9,62,32,41,0,0,273,3
9289,red-swastika,2009,vacancy,0,0,0,35,41,0,0,270,1
9290,red-swastika,2010,applied,0,0,0,28,99,0,0,0,2
9291,red-swastika,2010,ballot,,,,,,,,,4
9292,red-swastika,2010,odds,,,,1,0.414141414141414,,,,5
9293,red-swastika,2010,taken,119,11,71,28,41,0,0,270,3
9294,red-swastika,2010,vacancy,0,0,0,34,41,0,0,270,1
9295,red-swastika,2011,applied,0,0,0,29,75,0,0,0,2
9296,red-swastika,2011,ballot,,,,,,,,,4
9297,red-swastika,2011,odds,,,,0.758620689655172,0.293333333333333,,,,5
9298,red-swastika,2011,taken,118,20,58,22,22,0,0,240,3
9299,red-swastika,2011,vacancy,0,0,0,22,22,0,0,240,1
9300,red-swastika,2012,applied,0,0,0,18,40,0,0,0,2
9301,red-swastika,2012,ballot,,,,,,,,,4
9302,red-swastika,2012,odds,,,,0.777777777777778,0.35,,,,5
9303,red-swastika,2012,taken,106,30,76,14,14,0,0,240,3
9304,red-swastika,2012,vacancy,0,0,0,14,14,0,0,240,1
9305,red-swastika,2013,applied,0,0,0,16,46,0,0,0,2
9306,red-swastika,2013,ballot,,,,,,,,,4
9307,red-swastika,2013,odds,,,,0.75,0.239130434782609,,,,5
9308,red-swastika,2013,taken,121,36,60,12,11,0,0,240,3
9309,red-swastika,2013,vacancy,0,0,0,12,11,0,0,240,1
9310,red-swastika,2014,applied,0,0,0,16,79,0,0,0,2
9311,red-swastika,2014,ballot,,,,,,,,,4
9312,red-swastika,2014,odds,,,,1,0.455696202531646,,,,5
9313,red-swastika,2014,taken,106,35,48,15,36,0,0,240,3
9314,red-swastika,2014,vacancy,0,0,0,26,36,0,0,240,1
9315,red-swastika,2015,applied,0,0,0,14,51,0,0,0,2
9316,red-swastika,2015,ballot,,,,,,,,,4
9317,red-swastika,2015,odds,,,,1,0.568627450980392,,,,5
9318,red-swastika,2015,taken,103,59,36,13,29,0,0,240,3
9319,red-swastika,2015,vacancy,0,0,0,21,29,0,0,240,1
9320,red-swastika,2016,applied,0,0,0,13,83,0,0,0,2
9321,red-swastika,2016,ballot,,,,,,,,,4
9322,red-swastika,2016,odds,,,,1,0.91566265060241,,,,5
9323,red-swastika,2016,taken,87,43,25,9,76,0,0,240,3
9324,red-swastika,2016,vacancy,0,0,0,43,76,0,0,240,1
9325,red-swastika,2017,applied,0,0,0,11,58,0,0,0,2
9326,red-swastika,2017,ballot,,,,,,,,,4
9327,red-swastika,2017,odds,,,,1,0.568965517241379,,,,5
9328,red-swastika,2017,taken,99,78,22,8,33,0,0,240,3
9329,red-swastika,2017,vacancy,0,0,0,21,33,0,0,240,1
9330,red-swastika,2018,applied,0,0,0,15,74,0,0,0,2
9331,red-swastika,2018,ballot,,,,,,,,,4
9332,red-swastika,2018,odds,,,,1,0.391891891891892,,,,5
9333,red-swastika,2018,taken,125,69,5,12,29,0,0,240,3
9334,red-swastika,2018,vacancy,0,0,0,21,29,0,0,240,1
9335,red-swastika,2019,applied,92,79,32,10,59,0,0,0,2
9336,red-swastika,2019,ballot,,,,,SC<1,,,,4
9337,red-swastika,2019,odds,,,,,0.559322033898305,,,,5
9338,red-swastika,2019,taken,92,79,29,10,33,0,0,243,3
9339,red-swastika,2019,vacancy,200,108,29,21,33,0,0,240,1
9340,red-swastika,2020,applied,108,73,25,11,65,0,0,0,2
9341,red-swastika,2020,ballot,,,SC>2,,SC<1,,,,4
9342,red-swastika,2020,odds,,,0.76,,0.461538461538462,,,,5
9343,red-swastika,2020,taken,108,73,19,11,30,0,0,241,3
9344,red-swastika,2020,vacancy,200,92,19,21,30,0,0,240,1
9345,red-swastika,2021,applied,94,87,15,19,77,0,0,0,2
9346,red-swastika,2021,ballot,,,,,SC<1,,,,4
9347,red-swastika,2021,odds,,,,,0.324675324675325,,,,5
9348,red-swastika,2021,taken,94,87,15,19,25,0,0,240,3
9349,red-swastika,2021,vacancy,200,106,19,22,25,0,0,240,1
9350,red-swastika,2022,applied,116,94,0,26,81,0,0,0,2
9351,red-swastika,2022,ballot,,SC>2,,SC<1,SC<1,,,,4
9352,red-swastika,2022,odds,,0.680851063829787,,0.769230769230769,0.518518518518518,,,,5
9353,red-swastika,2022,taken,116,64,0,20,42,0,0,242,3
9354,red-swastika,2022,vacancy,180,64,0,20,42,0,0,240,1
9355,red-swastika,2023,applied,94,112,0,22,89,0,0,0,2
9356,red-swastika,2023,ballot,,SC>2,,PR<1,SC<1,,,,4
9357,red-swastika,2023,odds,,0.767857142857143,,0.909090909090909,0.471910112359551,,,,5
9358,red-swastika,2023,taken,94,86,0,20,42,0,0,242,3
9359,red-swastika,2023,vacancy,180,86,0,20,42,0,0,240,1
9360,river-valley,2009,applied,0,0,0,32,102,0,0,0,2
9361,river-valley,2009,ballot,,,,,,,,,4
9362,river-valley,2009,odds,,,,1,0.901960784313726,,,,5
9363,river-valley,2009,taken,88,1,31,32,92,0,0,244,3
9364,river-valley,2009,vacancy,0,0,0,60,92,0,0,240,1
9365,river-valley,2010,applied,0,0,0,39,51,0,0,0,2
9366,river-valley,2010,ballot,,,,,,,,,4
9367,river-valley,2010,odds,,,,1,0.823529411764706,,,,5
9368,river-valley,2010,taken,106,1,52,39,42,0,0,240,3
9369,river-valley,2010,vacancy,0,0,0,41,42,0,0,240,1
9370,river-valley,2011,applied,0,0,0,42,78,0,0,0,2
9371,river-valley,2011,ballot,,,,,,,,,4
9372,river-valley,2011,odds,,,,1,0.884615384615385,,,,5
9373,river-valley,2011,taken,78,7,48,41,69,0,0,243,3
9374,river-valley,2011,vacancy,0,0,0,54,69,0,0,240,1
9375,river-valley,2012,applied,0,0,0,55,54,0,0,0,2
9376,river-valley,2012,ballot,,,,,,,,,4
9377,river-valley,2012,odds,,,,0.854545454545454,0.851851851851852,,,,5
9378,river-valley,2012,taken,101,3,43,47,46,0,0,240,3
9379,river-valley,2012,vacancy,0,0,0,47,46,0,0,240,1
9380,river-valley,2013,applied,0,0,0,42,53,0,0,0,2
9381,river-valley,2013,ballot,,,,,,,,,4
9382,river-valley,2013,odds,,,,1,0.792452830188679,,,,5
9383,river-valley,2013,taken,103,0,54,42,42,0,0,241,3
9384,river-valley,2013,vacancy,0,0,0,42,42,0,0,240,1
9385,river-valley,2014,applied,0,0,0,22,78,0,0,0,2
9386,river-valley,2014,ballot,,,,,,,,,4
9387,river-valley,2014,odds,,,,1,0.82051282051282,,,,5
9388,river-valley,2014,taken,100,0,55,21,64,0,0,240,3
9389,river-valley,2014,vacancy,0,0,0,43,64,0,0,240,1
9390,river-valley,2015,applied,0,0,0,21,77,0,0,0,2
9391,river-valley,2015,ballot,,,,,,,,,4
9392,river-valley,2015,odds,,,,1,0.857142857142857,,,,5
9393,river-valley,2015,taken,108,0,52,14,66,0,0,240,3
9394,river-valley,2015,vacancy,0,0,0,40,66,0,0,240,1
9395,river-valley,2016,applied,0,0,0,22,120,0,0,0,2
9396,river-valley,2016,ballot,,,,,,,,,4
9397,river-valley,2016,odds,,,,1,0.766666666666667,,,,5
9398,river-valley,2016,taken,95,0,37,16,92,0,0,240,3
9399,river-valley,2016,vacancy,0,0,0,54,92,0,0,240,1
9400,river-valley,2017,applied,0,0,0,16,117,0,0,0,2
9401,river-valley,2017,ballot,,,,,,,,,4
9402,river-valley,2017,odds,,,,1,0.837606837606838,,,,5
9403,river-valley,2017,taken,93,0,39,10,98,0,0,240,3
9404,river-valley,2017,vacancy,0,0,0,54,98,0,0,240,1
9405,river-valley,2018,applied,0,0,0,20,83,0,0,0,2
9406,river-valley,2018,ballot,,,,,,,,,4
9407,river-valley,2018,odds,,,,1,0.819277108433735,,,,5
9408,river-valley,2018,taken,108,0,48,16,68,0,0,240,3
9409,river-valley,2018,vacancy,0,0,0,42,68,0,0,240,1
9410,river-valley,2019,applied,100,0,45,23,60,0,0,0,2
9411,river-valley,2019,ballot,,,,,SC<1,,,,4
9412,river-valley,2019,odds,,,,,0.8,,,,5
9413,river-valley,2019,taken,100,0,45,23,48,0,0,216,3
9414,river-valley,2019,vacancy,170,70,70,33,48,0,0,210,1
9415,river-valley,2020,applied,111,1,39,27,62,0,0,0,2
9416,river-valley,2020,ballot,,,,,SC<1,,,,4
9417,river-valley,2020,odds,,,,,0.564516129032258,,,,5
9418,river-valley,2020,taken,111,1,39,27,35,0,0,213,3
9419,river-valley,2020,vacancy,170,60,59,31,35,0,0,210,1
9420,river-valley,2021,applied,92,0,46,27,72,0,0,0,2
9421,river-valley,2021,ballot,,,,,SC1-2,,,,4
9422,river-valley,2021,odds,,,,,0.680555555555556,,,,5
9423,river-valley,2021,taken,92,0,46,27,49,0,0,214,3
9424,river-valley,2021,vacancy,170,78,79,38,49,0,0,210,1
9425,river-valley,2022,applied,85,49,0,20,91,0,0,0,2
9426,river-valley,2022,ballot,,,,,SC<1,,,,4
9427,river-valley,2022,odds,,,,,0.648351648351648,,,,5
9428,river-valley,2022,taken,85,49,0,20,59,0,0,213,3
9429,river-valley,2022,vacancy,150,65,0,26,59,0,0,210,1
9430,river-valley,2023,applied,84,52,0,16,73,0,0,0,2
9431,river-valley,2023,ballot,,,,,SC1-2,,,,4
9432,river-valley,2023,odds,,,,,0.821917808219178,,,,5
9433,river-valley,2023,taken,84,52,0,16,60,0,0,212,3
9434,river-valley,2023,vacancy,150,67,0,25,60,0,0,210,1
9435,riverside,2012,applied,0,0,0,1,219,24,0,0,2
9436,riverside,2012,ballot,,,,,,,,,4
9437,riverside,2012,odds,,,,1,1,0.875,,,5
9438,riverside,2012,taken,0,0,0,1,218,21,0,240,3
9439,riverside,2012,vacancy,0,0,0,120,239,21,0,240,1
9440,riverside,2013,applied,0,0,0,2,224,0,0,0,2
9441,riverside,2013,ballot,,,,,,,,,4
9442,riverside,2013,odds,,,,1,0.964285714285714,,,,5
9443,riverside,2013,taken,20,0,2,2,216,0,0,240,3
9444,riverside,2013,vacancy,0,0,0,109,216,0,0,240,1
9445,riverside,2014,applied,0,0,0,4,194,0,0,0,2
9446,riverside,2014,ballot,,,,,,,,,4
9447,riverside,2014,odds,,,,1,0.969072164948454,,,,5
9448,riverside,2014,taken,47,0,1,4,188,0,0,240,3
9449,riverside,2014,vacancy,0,0,0,96,188,0,0,240,1
9450,riverside,2015,applied,0,0,0,6,162,0,0,0,2
9451,riverside,2015,ballot,,,,,,,,,4
9452,riverside,2015,odds,,,,1,1,,,,5
9453,riverside,2015,taken,69,0,3,6,162,0,0,240,3
9454,riverside,2015,vacancy,0,0,0,84,162,0,0,240,1
9455,riverside,2016,applied,0,0,0,0,133,0,0,0,2
9456,riverside,2016,ballot,,,,,,,,,4
9457,riverside,2016,odds,,,,1,0.962406015037594,,,,5
9458,riverside,2016,taken,82,0,0,0,128,0,0,210,3
9459,riverside,2016,vacancy,0,0,0,64,128,0,0,210,1
9460,riverside,2017,applied,0,0,0,0,124,0,0,0,2
9461,riverside,2017,ballot,,,,,,,,,4
9462,riverside,2017,odds,,,,1,0.862903225806452,,,,5
9463,riverside,2017,taken,101,0,2,0,107,0,0,210,3
9464,riverside,2017,vacancy,0,0,0,54,107,0,0,210,1
9465,riverside,2018,applied,0,0,0,0,109,0,0,0,2
9466,riverside,2018,ballot,,,,,,,,,4
9467,riverside,2018,odds,,,,1,0.596330275229358,,,,5
9468,riverside,2018,taken,101,0,44,0,65,0,0,210,3
9469,riverside,2018,vacancy,0,0,0,33,65,0,0,210,1
9470,riverside,2019,applied,98,0,66,0,87,0,0,0,2
9471,riverside,2019,ballot,,,,,SC<1,,,,4
9472,riverside,2019,odds,,,,,0.528735632183908,,,,5
9473,riverside,2019,taken,98,0,66,0,46,0,0,210,3
9474,riverside,2019,vacancy,170,72,72,23,46,0,0,210,1
9475,riverside,2020,applied,104,0,53,1,89,0,0,0,2
9476,riverside,2020,ballot,,,,,SC<1,,,,4
9477,riverside,2020,odds,,,,,0.584269662921348,,,,5
9478,riverside,2020,taken,104,0,53,1,52,0,0,210,3
9479,riverside,2020,vacancy,170,66,66,27,52,0,0,210,1
9480,riverside,2021,applied,81,0,82,1,88,0,0,0,2
9481,riverside,2021,ballot,,,,,SC<1,,,,4
9482,riverside,2021,odds,,,,,0.522727272727273,,,,5
9483,riverside,2021,taken,81,0,82,1,46,0,0,210,3
9484,riverside,2021,vacancy,170,89,89,24,46,0,0,210,1
9485,riverside,2022,applied,103,72,0,2,83,0,0,0,2
9486,riverside,2022,ballot,,SC<1,,,SC<1,,,,4
9487,riverside,2022,odds,,0.652777777777778,,,0.698795180722892,,,,5
9488,riverside,2022,taken,103,47,0,2,58,0,0,210,3
9489,riverside,2022,vacancy,150,47,0,20,58,0,0,210,1
9490,riverside,2023,applied,87,70,0,1,90,0,0,0,2
9491,riverside,2023,ballot,,PR<1,,,SC<1,,,,4
9492,riverside,2023,odds,,0.9,,,0.655555555555556,,,,5
9493,riverside,2023,taken,87,63,0,1,59,0,0,210,3
9494,riverside,2023,vacancy,150,63,0,20,59,0,0,210,1
9495,rivervale,2009,applied,0,0,0,20,180,0,0,0,2
9496,rivervale,2009,ballot,,,,,,,,,4
9497,rivervale,2009,odds,,,,1,0.35,,,,5
9498,rivervale,2009,taken,116,0,11,20,63,0,0,210,3
9499,rivervale,2009,vacancy,0,0,0,42,63,0,0,210,1
9500,rivervale,2010,applied,0,0,0,40,144,0,0,0,2
9501,rivervale,2010,ballot,,,,,,,,,4
9502,rivervale,2010,odds,,,,1,0.472222222222222,,,,5
9503,rivervale,2010,taken,92,2,8,40,68,0,0,210,3
9504,rivervale,2010,vacancy,0,0,0,54,68,0,0,210,1
9505,rivervale,2011,applied,0,0,0,32,163,0,0,0,2
9506,rivervale,2011,ballot,,,,,,,,,4
9507,rivervale,2011,odds,,,,1,0.539877300613497,,,,5
9508,rivervale,2011,taken,107,0,13,32,88,0,0,240,3
9509,rivervale,2011,vacancy,0,0,0,60,88,0,0,240,1
9510,rivervale,2012,applied,0,0,0,34,147,0,0,0,2
9511,rivervale,2012,ballot,,,,,,,,,4
9512,rivervale,2012,odds,,,,1,0.476190476190476,,,,5
9513,rivervale,2012,taken,116,0,20,34,70,0,0,240,3
9514,rivervale,2012,vacancy,0,0,0,52,70,0,0,240,1
9515,rivervale,2013,applied,0,0,0,36,159,0,0,0,2
9516,rivervale,2013,ballot,,,,,,,,,4
9517,rivervale,2013,odds,,,,1,0.522012578616352,,,,5
9518,rivervale,2013,taken,111,0,10,36,83,0,0,240,3
9519,rivervale,2013,vacancy,0,0,0,60,83,0,0,240,1
9520,rivervale,2014,applied,0,0,0,34,144,0,0,0,2
9521,rivervale,2014,ballot,,,,,,,,,4
9522,rivervale,2014,odds,,,,1,0.576388888888889,,,,5
9523,rivervale,2014,taken,110,0,13,34,83,0,0,240,3
9524,rivervale,2014,vacancy,0,0,0,59,83,0,0,240,1
9525,rivervale,2015,applied,0,0,0,34,137,0,0,0,2
9526,rivervale,2015,ballot,,,,,,,,,4
9527,rivervale,2015,odds,,,,1,0.635036496350365,,,,5
9528,rivervale,2015,taken,97,0,22,34,87,0,0,240,3
9529,rivervale,2015,vacancy,0,0,0,61,87,0,0,240,1
9530,rivervale,2016,applied,0,0,0,21,140,0,0,0,2
9531,rivervale,2016,ballot,,,,,,,,,4
9532,rivervale,2016,odds,,,,1,0.9,,,,5
9533,rivervale,2016,taken,85,0,10,19,126,0,0,240,3
9534,rivervale,2016,vacancy,0,0,0,73,126,0,0,240,1
9535,rivervale,2017,applied,0,0,0,20,141,0,0,0,2
9536,rivervale,2017,ballot,,,,,,,,,4
9537,rivervale,2017,odds,,,,1,0.879432624113475,,,,5
9538,rivervale,2017,taken,83,0,13,20,124,0,0,240,3
9539,rivervale,2017,vacancy,0,0,0,72,124,0,0,240,1
9540,rivervale,2018,applied,0,0,0,23,143,0,0,0,2
9541,rivervale,2018,ballot,,,,,,,,,4
9542,rivervale,2018,odds,,,,1,0.503496503496504,,,,5
9543,rivervale,2018,taken,125,0,20,23,72,0,0,240,3
9544,rivervale,2018,vacancy,0,0,0,48,72,0,0,240,1
9545,rivervale,2019,applied,99,0,18,17,115,0,0,0,2
9546,rivervale,2019,ballot,,,,,SC<1,,,,4
9547,rivervale,2019,odds,,,,,0.930434782608696,,,,5
9548,rivervale,2019,taken,99,0,18,17,107,0,0,241,3
9549,rivervale,2019,vacancy,200,101,101,62,107,0,0,240,1
9550,rivervale,2020,applied,87,0,9,21,143,0,0,0,2
9551,rivervale,2020,ballot,,,,,SC<1,,,,4
9552,rivervale,2020,odds,,,,,0.874125874125874,,,,5
9553,rivervale,2020,taken,87,0,9,21,125,0,0,242,3
9554,rivervale,2020,vacancy,200,114,114,73,125,0,0,240,1
9555,rivervale,2021,applied,92,0,20,21,136,0,0,0,2
9556,rivervale,2021,ballot,,,,,SC<1,,,,4
9557,rivervale,2021,odds,,,,,0.794117647058823,,,,5
9558,rivervale,2021,taken,92,0,20,21,108,0,0,241,3
9559,rivervale,2021,vacancy,200,108,108,65,108,0,0,240,1
9560,rivervale,2022,applied,103,14,0,12,126,0,0,0,2
9561,rivervale,2022,ballot,,,,,SC<1,,,,4
9562,rivervale,2022,odds,,,,,0.642857142857143,,,,5
9563,rivervale,2022,taken,103,14,0,12,81,0,0,210,3
9564,rivervale,2022,vacancy,150,47,0,31,81,0,0,210,1
9565,rivervale,2023,applied,96,20,0,14,133,0,0,0,2
9566,rivervale,2023,ballot,,,,,SC<1,,,,4
9567,rivervale,2023,odds,,,,,0.526315789473684,,,,5
9568,rivervale,2023,taken,96,20,0,14,70,0,0,200,3
9569,rivervale,2023,vacancy,140,44,0,28,70,0,0,200,1
9570,rosyth,2009,applied,0,0,0,53,173,0,0,0,2
9571,rosyth,2009,ballot,,,,,,,,,4
9572,rosyth,2009,odds,,,,1,0.468208092485549,,,,5
9573,rosyth,2009,taken,132,5,60,53,81,0,0,331,3
9574,rosyth,2009,vacancy,0,0,0,67,81,0,0,330,1
9575,rosyth,2010,applied,0,0,0,57,163,0,0,0,2
9576,rosyth,2010,ballot,,,,,,,,,4
9577,rosyth,2010,odds,,,,0.982456140350877,0.343558282208589,,,,5
9578,rosyth,2010,taken,137,14,66,57,56,0,0,330,3
9579,rosyth,2010,vacancy,0,0,0,56,56,0,0,330,1
9580,rosyth,2011,applied,0,0,0,41,108,0,0,0,2
9581,rosyth,2011,ballot,,,,,,,,,4
9582,rosyth,2011,odds,,,,0.609756097560976,0.222222222222222,,,,5
9583,rosyth,2011,taken,168,13,70,25,24,0,0,300,3
9584,rosyth,2011,vacancy,0,0,0,25,24,0,0,300,1
9585,rosyth,2012,applied,0,0,0,47,113,0,0,0,2
9586,rosyth,2012,ballot,,,,,,,,,4
9587,rosyth,2012,odds,,,,0.914893617021277,0.380530973451327,,,,5
9588,rosyth,2012,taken,145,23,46,43,43,0,0,300,3
9589,rosyth,2012,vacancy,0,0,0,43,43,0,0,300,1
9590,rosyth,2013,applied,0,0,0,38,120,0,0,0,2
9591,rosyth,2013,ballot,,,,,,,,,4
9592,rosyth,2013,odds,,,,0.815789473684211,0.25,,,,5
9593,rosyth,2013,taken,144,28,67,31,30,0,0,300,3
9594,rosyth,2013,vacancy,0,0,0,31,30,0,0,300,1
9595,rosyth,2014,applied,0,0,0,44,95,0,0,0,2
9596,rosyth,2014,ballot,,,,,,,,,4
9597,rosyth,2014,odds,,,,0.636363636363636,0.294736842105263,,,,5
9598,rosyth,2014,taken,157,25,63,27,28,0,0,300,3
9599,rosyth,2014,vacancy,0,0,0,28,28,0,0,300,1
9600,rosyth,2015,applied,0,0,0,39,90,0,0,0,2
9601,rosyth,2015,ballot,,,,,,,,,4
9602,rosyth,2015,odds,,,,0.948717948717949,0.411111111111111,,,,5
9603,rosyth,2015,taken,148,34,45,36,37,0,0,300,3
9604,rosyth,2015,vacancy,0,0,0,37,37,0,0,300,1
9605,rosyth,2016,applied,0,0,0,27,87,0,0,0,2
9606,rosyth,2016,ballot,,,,,,,,,4
9607,rosyth,2016,odds,,,,1,0.758620689655172,,,,5
9608,rosyth,2016,taken,114,56,38,26,66,0,0,300,3
9609,rosyth,2016,vacancy,0,0,0,46,66,0,0,300,1
9610,rosyth,2017,applied,0,0,0,26,86,0,0,0,2
9611,rosyth,2017,ballot,,,,,,,,,4
9612,rosyth,2017,odds,,,,0.961538461538462,0.313953488372093,,,,5
9613,rosyth,2017,taken,144,66,40,23,27,0,0,300,3
9614,rosyth,2017,vacancy,0,0,0,25,27,0,0,300,1
9615,rosyth,2018,applied,0,0,0,25,100,0,0,0,2
9616,rosyth,2018,ballot,,,,,,,,,4
9617,rosyth,2018,odds,,,,0.84,0.21,,,,5
9618,rosyth,2018,taken,159,68,32,20,21,0,0,300,3
9619,rosyth,2018,vacancy,0,0,0,21,21,0,0,300,1
9620,rosyth,2019,applied,143,65,36,28,76,0,0,0,2
9621,rosyth,2019,ballot,,,,SC<1,SC<1,,,,4
9622,rosyth,2019,odds,,,,0.714285714285714,0.263157894736842,,,,5
9623,rosyth,2019,taken,143,65,25,20,20,0,0,273,3
9624,rosyth,2019,vacancy,230,88,25,20,20,0,0,270,1
9625,rosyth,2020,applied,144,89,0,33,94,0,0,0,2
9626,rosyth,2020,ballot,,SC>2,,SC<1,SC<1,,,,4
9627,rosyth,2020,odds,,0.97752808988764,,0.636363636363636,0.212765957446809,,,,5
9628,rosyth,2020,taken,144,87,0,21,20,0,0,272,3
9629,rosyth,2020,vacancy,230,87,0,21,20,0,0,270,1
9630,rosyth,2021,applied,149,102,0,31,101,0,0,0,2
9631,rosyth,2021,ballot,,SC>2,,SC<1,SC<1,,,,4
9632,rosyth,2021,odds,,0.794117647058823,,0.67741935483871,0.217821782178218,,,,5
9633,rosyth,2021,taken,149,81,0,21,22,0,0,273,3
9634,rosyth,2021,vacancy,230,81,0,21,22,0,0,270,1
9635,rosyth,2022,applied,137,113,0,24,125,0,0,0,2
9636,rosyth,2022,ballot,,SC1-2,,SC<1,SC<1,,,,4
9637,rosyth,2022,odds,,0.646017699115044,,0.833333333333333,0.328,,,,5
9638,rosyth,2022,taken,137,73,0,20,41,0,0,271,3
9639,rosyth,2022,vacancy,210,73,0,20,41,0,0,270,1
9640,rosyth,2023,applied,135,120,0,23,142,0,0,0,2
9641,rosyth,2023,ballot,,SC1-2,,SC<1,SC<1,,,,4
9642,rosyth,2023,odds,,0.625,,0.869565217391304,0.288732394366197,,,,5
9643,rosyth,2023,taken,135,75,0,20,41,0,0,271,3
9644,rosyth,2023,vacancy,210,75,0,20,41,0,0,270,1
9645,rulang,2009,applied,0,0,0,54,146,0,0,0,2
9646,rulang,2009,ballot,,,,,,,,,4
9647,rulang,2009,odds,,,,0.962962962962963,0.356164383561644,,,,5
9648,rulang,2009,taken,116,11,70,52,52,0,0,301,3
9649,rulang,2009,vacancy,0,0,0,52,52,0,0,300,1
9650,rulang,2010,applied,0,0,0,52,129,0,0,0,2
9651,rulang,2010,ballot,,,,,,,,,4
9652,rulang,2010,odds,,,,0.884615384615385,0.348837209302326,,,,5
9653,rulang,2010,taken,132,6,71,46,45,0,0,300,3
9654,rulang,2010,vacancy,0,0,0,46,45,0,0,300,1
9655,rulang,2011,applied,0,0,0,35,92,0,0,0,2
9656,rulang,2011,ballot,,,,,,,,,4
9657,rulang,2011,odds,,,,0.542857142857143,0.228260869565217,,,,5
9658,rulang,2011,taken,138,8,86,19,21,0,0,272,3
9659,rulang,2011,vacancy,0,0,0,19,21,0,0,270,1
9660,rulang,2012,applied,0,0,0,17,60,0,0,0,2
9661,rulang,2012,ballot,,,,,,,,,4
9662,rulang,2012,odds,,,,0.588235294117647,0.15,,,,5
9663,rulang,2012,taken,142,24,85,10,9,0,0,270,3
9664,rulang,2012,vacancy,0,0,0,10,9,0,0,270,1
9665,rulang,2013,applied,0,0,0,22,88,0,0,0,2
9666,rulang,2013,ballot,,,,,,,,,4
9667,rulang,2013,odds,,,,1,0.431818181818182,,,,5
9668,rulang,2013,taken,114,23,73,22,38,0,0,270,3
9669,rulang,2013,vacancy,0,0,0,30,38,0,0,270,1
9670,rulang,2014,applied,0,0,0,30,98,0,0,0,2
9671,rulang,2014,ballot,,,,,,,,,4
9672,rulang,2014,odds,,,,0.966666666666667,0.285714285714286,,,,5
9673,rulang,2014,taken,121,23,68,30,28,0,0,270,3
9674,rulang,2014,vacancy,0,0,0,29,28,0,0,270,1
9675,rulang,2015,applied,0,0,0,27,54,0,0,0,2
9676,rulang,2015,ballot,,,,,,,,,4
9677,rulang,2015,odds,,,,0.814814814814815,0.388888888888889,,,,5
9678,rulang,2015,taken,134,33,60,22,21,0,0,270,3
9679,rulang,2015,vacancy,0,0,0,22,21,0,0,270,1
9680,rulang,2016,applied,0,0,0,27,73,0,0,0,2
9681,rulang,2016,ballot,,,,,,,,,4
9682,rulang,2016,odds,,,,1,0.397260273972603,,,,5
9683,rulang,2016,taken,117,44,54,26,29,0,0,270,3
9684,rulang,2016,vacancy,0,0,0,28,29,0,0,270,1
9685,rulang,2017,applied,0,0,0,24,76,0,0,0,2
9686,rulang,2017,ballot,,,,,,,,,4
9687,rulang,2017,odds,,,,1,0.723684210526316,,,,5
9688,rulang,2017,taken,103,43,46,23,55,0,0,270,3
9689,rulang,2017,vacancy,0,0,0,39,55,0,0,270,1
9690,rulang,2018,applied,0,0,0,29,91,0,0,0,2
9691,rulang,2018,ballot,,,,,,,,,4
9692,rulang,2018,odds,,,,0.96551724137931,0.318681318681319,,,,5
9693,rulang,2018,taken,114,55,45,27,29,0,0,270,3
9694,rulang,2018,vacancy,0,0,0,28,29,0,0,270,1
9695,rulang,2019,applied,119,50,57,25,84,0,0,0,2
9696,rulang,2019,ballot,,,,SC>2,SC<1,,,,4
9697,rulang,2019,odds,,,,0.88,0.285714285714286,,,,5
9698,rulang,2019,taken,119,50,57,22,24,0,0,272,3
9699,rulang,2019,vacancy,230,111,61,22,24,0,0,270,1
9700,rulang,2020,applied,148,60,62,30,74,0,0,0,2
9701,rulang,2020,ballot,,,SC1-2,SC<1,SC<1,,,,4
9702,rulang,2020,odds,,,0.354838709677419,0.666666666666667,0.27027027027027,,,,5
9703,rulang,2020,taken,148,60,22,20,20,0,0,270,3
9704,rulang,2020,vacancy,230,82,22,20,20,0,0,270,1
9705,rulang,2021,applied,134,71,61,24,92,0,0,0,2
9706,rulang,2021,ballot,,,SC<1,SC<1,SC<1,,,,4
9707,rulang,2021,odds,,,0.426229508196721,0.833333333333333,0.217391304347826,,,,5
9708,rulang,2021,taken,134,71,26,20,20,0,0,271,3
9709,rulang,2021,vacancy,230,96,26,20,20,0,0,270,1
9710,rulang,2022,applied,120,107,0,34,95,0,0,0,2
9711,rulang,2022,ballot,,SC>2,,SC<1,SC<1,,,,4
9712,rulang,2022,odds,,0.841121495327103,,0.588235294117647,0.421052631578947,,,,5
9713,rulang,2022,taken,120,90,0,20,40,0,0,270,3
9714,rulang,2022,vacancy,210,90,0,20,40,0,0,270,1
9715,rulang,2023,applied,122,102,0,26,112,0,0,0,2
9716,rulang,2023,ballot,,SC>2,,SC<1,SC<1,,,,4
9717,rulang,2023,odds,,0.862745098039216,,0.769230769230769,0.366071428571429,,,,5
9718,rulang,2023,taken,122,88,0,20,41,0,0,271,3
9719,rulang,2023,vacancy,210,88,0,20,41,0,0,270,1
9720,sembawang,2009,applied,0,0,0,2,65,27,0,0,2
9721,sembawang,2009,ballot,,,,,,,,,4
9722,sembawang,2009,odds,,,,1,1,1,1,,5
9723,sembawang,2009,taken,77,0,4,2,65,27,0,175,3
9724,sembawang,2009,vacancy,0,0,0,80,158,93,61,240,1
9725,sembawang,2010,applied,0,0,0,0,67,42,0,0,2
9726,sembawang,2010,ballot,,,,,,,,,4
9727,sembawang,2010,odds,,,,1,1,1,1,,5
9728,sembawang,2010,taken,77,0,2,0,67,42,0,188,3
9729,sembawang,2010,vacancy,0,0,0,81,161,94,41,240,1
9730,sembawang,2011,applied,0,0,0,1,47,75,0,0,2
9731,sembawang,2011,ballot,,,,,,,,,4
9732,sembawang,2011,odds,,,,1,1,1,1,,5
9733,sembawang,2011,taken,70,1,3,1,47,125,0,247,3
9734,sembawang,2011,vacancy,0,0,0,113,225,179,54,300,1
9735,sembawang,2012,applied,0,0,0,1,76,44,0,0,2
9736,sembawang,2012,ballot,,,,,,,,,4
9737,sembawang,2012,odds,,,,1,1,1,1,,5
9738,sembawang,2012,taken,73,0,5,1,75,54,0,208,3
9739,sembawang,2012,vacancy,0,0,0,81,162,87,33,240,1
9740,sembawang,2013,applied,0,0,0,1,83,19,0,0,2
9741,sembawang,2013,ballot,,,,,,,,,4
9742,sembawang,2013,odds,,,,1,1,1,1,,5
9743,sembawang,2013,taken,60,0,6,1,81,43,0,191,3
9744,sembawang,2013,vacancy,0,0,0,72,143,63,20,210,1
9745,sembawang,2014,applied,0,0,0,1,84,21,0,0,2
9746,sembawang,2014,ballot,,,,,,,,,4
9747,sembawang,2014,odds,,,,1,1,1,1,,5
9748,sembawang,2014,taken,76,0,10,1,83,21,0,191,3
9749,sembawang,2014,vacancy,0,0,0,62,123,40,19,210,1
9750,sembawang,2015,applied,0,0,0,0,46,14,0,0,2
9751,sembawang,2015,ballot,,,,,,,,,4
9752,sembawang,2015,odds,,,,1,1,1,1,,5
9753,sembawang,2015,taken,50,1,5,0,44,14,0,114,3
9754,sembawang,2015,vacancy,0,0,0,77,154,110,96,210,1
9755,sembawang,2016,applied,0,0,0,0,79,19,0,0,2
9756,sembawang,2016,ballot,,,,,,,,,4
9757,sembawang,2016,odds,,,,1,1,1,1,,5
9758,sembawang,2016,taken,58,0,3,0,79,19,0,159,3
9759,sembawang,2016,vacancy,0,0,0,60,119,40,21,180,1
9760,sembawang,2017,applied,0,0,0,0,72,16,0,0,2
9761,sembawang,2017,ballot,,,,,,,,,4
9762,sembawang,2017,odds,,,,1,1,1,1,,5
9763,sembawang,2017,taken,55,0,3,0,72,16,0,146,3
9764,sembawang,2017,vacancy,0,0,0,61,124,52,36,180,1
9765,sembawang,2018,applied,0,0,0,2,90,31,0,0,2
9766,sembawang,2018,ballot,,,,,,,,,4
9767,sembawang,2018,odds,,,,1,1,1,1,,5
9768,sembawang,2018,taken,69,0,8,1,90,31,0,199,3
9769,sembawang,2018,vacancy,0,0,0,67,132,42,11,210,1
9770,sembawang,2019,applied,59,0,12,0,93,17,0,0,2
9771,sembawang,2019,ballot,,,,,,SC>2,,,4
9772,sembawang,2019,odds,,,,,,0.941176470588235,,,5
9773,sembawang,2019,taken,59,0,12,0,93,16,0,180,3
9774,sembawang,2019,vacancy,140,81,81,55,109,16,0,180,1
9775,sembawang,2020,applied,76,0,9,0,109,0,0,0,2
9776,sembawang,2020,ballot,,,,,PR<1,,,,4
9777,sembawang,2020,odds,,,,,0.963302752293578,,,,5
9778,sembawang,2020,taken,76,0,9,0,105,0,0,190,3
9779,sembawang,2020,vacancy,150,74,74,53,105,0,0,190,1
9780,sembawang,2021,applied,76,0,10,0,123,0,0,0,2
9781,sembawang,2021,ballot,,,,,SC1-2,,,,4
9782,sembawang,2021,odds,,,,,0.845528455284553,,,,5
9783,sembawang,2021,taken,76,0,10,0,104,0,0,190,3
9784,sembawang,2021,vacancy,150,74,74,52,104,0,0,190,1
9785,sembawang,2022,applied,87,8,0,1,122,0,0,0,2
9786,sembawang,2022,ballot,,,,,SC1-2,,,,4
9787,sembawang,2022,odds,,,,,0.852459016393443,,,,5
9788,sembawang,2022,taken,87,8,0,1,104,0,0,200,3
9789,sembawang,2022,vacancy,140,53,0,35,104,0,0,200,1
9790,sembawang,2023,applied,82,44,0,1,67,27,0,0,2
9791,sembawang,2023,ballot,,,,,,SC1-2,,,4
9792,sembawang,2023,odds,,,,,,0.296296296296296,,,5
9793,sembawang,2023,taken,82,44,0,1,67,8,0,202,3
9794,sembawang,2023,vacancy,140,58,0,25,75,8,0,200,1
9795,seng-kang,2009,applied,0,0,0,0,57,63,0,0,2
9796,seng-kang,2009,ballot,,,,,,,,,4
9797,seng-kang,2009,odds,,,,1,1,1,1,,5
9798,seng-kang,2009,taken,96,0,9,0,57,63,0,225,3
9799,seng-kang,2009,vacancy,0,0,0,68,136,79,3,240,1
9800,seng-kang,2010,applied,0,0,0,1,64,65,0,0,2
9801,seng-kang,2010,ballot,,,,,,,,,4
9802,seng-kang,2010,odds,,,,1,1,1,1,,5
9803,seng-kang,2010,taken,85,0,7,1,64,65,0,222,3
9804,seng-kang,2010,vacancy,0,0,0,74,147,85,8,240,1
9805,seng-kang,2011,applied,0,0,0,1,38,42,0,0,2
9806,seng-kang,2011,ballot,,,,,,,,,4
9807,seng-kang,2011,odds,,,,1,1,1,1,,5
9808,seng-kang,2011,taken,77,0,7,1,38,74,0,197,3
9809,seng-kang,2011,vacancy,0,0,0,78,155,119,45,240,1
9810,seng-kang,2012,applied,0,0,0,0,69,38,0,0,2
9811,seng-kang,2012,ballot,,,,,,,,,4
9812,seng-kang,2012,odds,,,,1,1,1,1,,5
9813,seng-kang,2012,taken,72,0,8,0,69,39,0,188,3
9814,seng-kang,2012,vacancy,0,0,0,65,130,61,22,210,1
9815,seng-kang,2013,applied,0,0,0,2,122,39,0,0,2
9816,seng-kang,2013,ballot,,,,,,,,,4
9817,seng-kang,2013,odds,,,,1,1,0.948717948717949,,,5
9818,seng-kang,2013,taken,72,0,7,2,122,37,0,240,3
9819,seng-kang,2013,vacancy,0,0,0,81,159,37,0,240,1
9820,seng-kang,2014,applied,0,0,0,1,103,44,0,0,2
9821,seng-kang,2014,ballot,,,,,,,,,4
9822,seng-kang,2014,odds,,,,1,1,0.909090909090909,,,5
9823,seng-kang,2014,taken,87,0,9,1,103,40,0,240,3
9824,seng-kang,2014,vacancy,0,0,0,72,143,40,0,240,1
9825,seng-kang,2015,applied,0,0,0,0,66,39,0,0,2
9826,seng-kang,2015,ballot,,,,,,,,,4
9827,seng-kang,2015,odds,,,,1,1,1,1,,5
9828,seng-kang,2015,taken,78,1,7,0,66,39,0,191,3
9829,seng-kang,2015,vacancy,0,0,0,77,155,89,50,240,1
9830,seng-kang,2016,applied,0,0,0,1,54,26,0,0,2
9831,seng-kang,2016,ballot,,,,,,,,,4
9832,seng-kang,2016,odds,,,,1,1,1,1,,5
9833,seng-kang,2016,taken,82,0,10,1,54,26,0,173,3
9834,seng-kang,2016,vacancy,0,0,0,74,147,93,67,240,1
9835,seng-kang,2017,applied,0,0,0,0,61,36,0,0,2
9836,seng-kang,2017,ballot,,,,,,,,,4
9837,seng-kang,2017,odds,,,,1,1,1,1,,5
9838,seng-kang,2017,taken,66,0,4,0,61,36,0,167,3
9839,seng-kang,2017,vacancy,0,0,0,85,172,111,75,240,1
9840,seng-kang,2018,applied,0,0,0,0,54,78,0,0,2
9841,seng-kang,2018,ballot,,,,,,,,,4
9842,seng-kang,2018,odds,,,,1,1,1,1,,5
9843,seng-kang,2018,taken,73,0,8,0,54,78,0,213,3
9844,seng-kang,2018,vacancy,0,0,0,95,189,135,57,270,1
9845,seng-kang,2019,applied,58,0,9,0,52,38,0,0,2
9846,seng-kang,2019,ballot,,,,,,,,,4
9847,seng-kang,2019,odds,,,,,,,,,5
9848,seng-kang,2019,taken,58,0,9,0,52,38,0,157,3
9849,seng-kang,2019,vacancy,200,142,142,87,173,121,83,240,1
9850,seng-kang,2020,applied,82,0,8,0,40,56,0,0,2
9851,seng-kang,2020,ballot,,,,,,,,,4
9852,seng-kang,2020,odds,,,,,,,,,5
9853,seng-kang,2020,taken,82,0,8,0,40,56,0,186,3
9854,seng-kang,2020,vacancy,200,118,118,75,152,114,58,240,1
9855,seng-kang,2021,applied,62,0,11,0,31,55,0,0,2
9856,seng-kang,2021,ballot,,,,,,,,,4
9857,seng-kang,2021,odds,,,,,,,,,5
9858,seng-kang,2021,taken,62,0,11,0,31,55,0,159,3
9859,seng-kang,2021,vacancy,230,168,168,99,198,167,112,270,1
9860,seng-kang,2022,applied,60,4,0,0,19,68,0,0,2
9861,seng-kang,2022,ballot,,,,,,,,,4
9862,seng-kang,2022,odds,,,,,,,,,5
9863,seng-kang,2022,taken,60,4,0,0,19,68,0,151,3
9864,seng-kang,2022,vacancy,150,90,0,49,148,129,61,210,1
9865,seng-kang,2023,applied,39,9,0,0,22,37,0,0,2
9866,seng-kang,2023,ballot,,,,,,,,,4
9867,seng-kang,2023,odds,,,,,,,,,5
9868,seng-kang,2023,taken,39,9,0,0,22,37,0,107,3
9869,seng-kang,2023,vacancy,150,111,0,54,163,141,104,210,1
9870,sengkang-green,2012,applied,0,0,0,0,109,15,0,0,2
9871,sengkang-green,2012,ballot,,,,,,,,,4
9872,sengkang-green,2012,odds,,,,1,1,1,1,,5
9873,sengkang-green,2012,taken,0,0,0,0,108,50,0,158,3
9874,sengkang-green,2012,vacancy,0,0,0,105,210,102,52,210,1
9875,sengkang-green,2013,applied,0,0,0,2,230,0,0,0,2
9876,sengkang-green,2013,ballot,,,,,,,,,4
9877,sengkang-green,2013,odds,,,,1,0.969565217391304,,,,5
9878,sengkang-green,2013,taken,15,0,0,2,223,0,0,240,3
9879,sengkang-green,2013,vacancy,0,0,0,113,223,0,0,240,1
9880,sengkang-green,2014,applied,0,0,0,7,256,0,0,0,2
9881,sengkang-green,2014,ballot,,,,,,,,,4
9882,sengkang-green,2014,odds,,,,1,0.75390625,,,,5
9883,sengkang-green,2014,taken,40,0,0,7,193,0,0,240,3
9884,sengkang-green,2014,vacancy,0,0,0,100,193,0,0,240,1
9885,sengkang-green,2015,applied,0,0,0,12,297,0,0,0,2
9886,sengkang-green,2015,ballot,,,,,,,,,4
9887,sengkang-green,2015,odds,,,,1,0.437710437710438,,,,5
9888,sengkang-green,2015,taken,99,0,0,11,130,0,0,240,3
9889,sengkang-green,2015,vacancy,0,0,0,71,130,0,0,240,1
9890,sengkang-green,2016,applied,0,0,0,21,297,0,0,0,2
9891,sengkang-green,2016,ballot,,,,,,,,,4
9892,sengkang-green,2016,odds,,,,1,0.447811447811448,,,,5
9893,sengkang-green,2016,taken,85,0,1,21,133,0,0,240,3
9894,sengkang-green,2016,vacancy,0,0,0,77,133,0,0,240,1
9895,sengkang-green,2017,applied,0,0,0,18,226,0,0,0,2
9896,sengkang-green,2017,ballot,,,,,,,,,4
9897,sengkang-green,2017,odds,,,,1,0.451327433628319,,,,5
9898,sengkang-green,2017,taken,121,0,1,16,102,0,0,240,3
9899,sengkang-green,2017,vacancy,0,0,0,59,102,0,0,240,1
9900,sengkang-green,2018,applied,0,0,0,24,157,0,0,0,2
9901,sengkang-green,2018,ballot,,,,,,,,,4
9902,sengkang-green,2018,odds,,,,1,0.343949044585987,,,,5
9903,sengkang-green,2018,taken,125,0,68,23,54,0,0,270,3
9904,sengkang-green,2018,vacancy,0,0,0,39,54,0,0,270,1
9905,sengkang-green,2019,applied,112,0,73,15,147,0,0,0,2
9906,sengkang-green,2019,ballot,,,,,SC<1,,,,4
9907,sengkang-green,2019,odds,,,,,0.476190476190476,,,,5
9908,sengkang-green,2019,taken,112,0,73,15,70,0,0,270,3
9909,sengkang-green,2019,vacancy,230,118,118,43,70,0,0,270,1
9910,sengkang-green,2020,applied,117,0,111,17,115,0,0,0,2
9911,sengkang-green,2020,ballot,,,,,SC<1,,,,4
9912,sengkang-green,2020,odds,,,,,0.31304347826087,,,,5
9913,sengkang-green,2020,taken,117,0,111,17,36,0,0,281,3
9914,sengkang-green,2020,vacancy,240,123,123,26,36,0,0,280,1
9915,sengkang-green,2021,applied,116,0,78,14,117,0,0,0,2
9916,sengkang-green,2021,ballot,,,,,SC<1,,,,4
9917,sengkang-green,2021,odds,,,,,0.632478632478632,,,,5
9918,sengkang-green,2021,taken,116,0,78,14,74,0,0,282,3
9919,sengkang-green,2021,vacancy,240,124,125,44,74,0,0,280,1
9920,sengkang-green,2022,applied,111,100,0,21,120,0,0,0,2
9921,sengkang-green,2022,ballot,,,,,SC<1,,,,4
9922,sengkang-green,2022,odds,,,,,0.408333333333333,,,,5
9923,sengkang-green,2022,taken,111,100,0,21,49,0,0,281,3
9924,sengkang-green,2022,vacancy,220,110,0,23,49,0,0,280,1
9925,sengkang-green,2023,applied,128,121,0,15,87,0,0,0,2
9926,sengkang-green,2023,ballot,,SC<1,,,SC<1,,,,4
9927,sengkang-green,2023,odds,,0.760330578512397,,,0.517241379310345,,,,5
9928,sengkang-green,2023,taken,128,92,0,15,45,0,0,280,3
9929,sengkang-green,2023,vacancy,220,92,0,20,45,0,0,280,1
9930,shuqun,2009,applied,0,0,0,8,179,0,0,0,2
9931,shuqun,2009,ballot,,,,,,,,,4
9932,shuqun,2009,odds,,,,1,0.93854748603352,,,,5
9933,shuqun,2009,taken,114,0,12,8,168,0,0,302,3
9934,shuqun,2009,vacancy,0,0,0,87,168,0,0,300,1
9935,shuqun,2010,applied,0,0,0,9,194,0,0,0,2
9936,shuqun,2010,ballot,,,,,,,,,4
9937,shuqun,2010,odds,,,,1,0.757731958762887,,,,5
9938,shuqun,2010,taken,124,0,20,9,147,0,0,300,3
9939,shuqun,2010,vacancy,0,0,0,78,147,0,0,300,1
9940,shuqun,2011,applied,0,0,0,23,174,0,0,0,2
9941,shuqun,2011,ballot,,,,,,,,,4
9942,shuqun,2011,odds,,,,1,0.528735632183908,,,,5
9943,shuqun,2011,taken,127,0,29,23,92,0,0,271,3
9944,shuqun,2011,vacancy,0,0,0,57,92,0,0,270,1
9945,shuqun,2012,applied,0,0,0,24,120,0,0,0,2
9946,shuqun,2012,ballot,,,,,,,,,4
9947,shuqun,2012,odds,,,,1,0.758333333333333,,,,5
9948,shuqun,2012,taken,123,0,32,24,91,0,0,270,3
9949,shuqun,2012,vacancy,0,0,0,58,91,0,0,270,1
9950,shuqun,2013,applied,0,0,0,34,116,0,0,0,2
9951,shuqun,2013,ballot,,,,,,,,,4
9952,shuqun,2013,odds,,,,1,0.827586206896552,,,,5
9953,shuqun,2013,taken,112,0,28,34,96,0,0,270,3
9954,shuqun,2013,vacancy,0,0,0,65,96,0,0,270,1
9955,shuqun,2014,applied,0,0,0,26,87,0,0,0,2
9956,shuqun,2014,ballot,,,,,,,,,4
9957,shuqun,2014,odds,,,,1,0.609195402298851,,,,5
9958,shuqun,2014,taken,121,2,38,26,53,0,0,240,3
9959,shuqun,2014,vacancy,0,0,0,40,53,0,0,240,1
9960,shuqun,2015,applied,0,0,0,25,114,0,0,0,2
9961,shuqun,2015,ballot,,,,,,,,,4
9962,shuqun,2015,odds,,,,1,0.912280701754386,,,,5
9963,shuqun,2015,taken,84,1,28,23,104,0,0,240,3
9964,shuqun,2015,vacancy,0,0,0,64,104,0,0,240,1
9965,shuqun,2016,applied,0,0,0,20,122,0,0,0,2
9966,shuqun,2016,ballot,,,,,,,,,4
9967,shuqun,2016,odds,,,,1,0.877049180327869,,,,5
9968,shuqun,2016,taken,90,0,25,18,107,0,0,240,3
9969,shuqun,2016,vacancy,0,0,0,63,107,0,0,240,1
9970,shuqun,2017,applied,0,0,0,16,113,0,0,0,2
9971,shuqun,2017,ballot,,,,,,,,,4
9972,shuqun,2017,odds,,,,1,0.823008849557522,,,,5
9973,shuqun,2017,taken,96,0,35,16,93,0,0,240,3
9974,shuqun,2017,vacancy,0,0,0,55,93,0,0,240,1
9975,shuqun,2018,applied,0,0,0,14,108,0,0,0,2
9976,shuqun,2018,ballot,,,,,,,,,4
9977,shuqun,2018,odds,,,,1,0.842592592592593,,,,5
9978,shuqun,2018,taken,104,5,27,13,91,0,0,240,3
9979,shuqun,2018,vacancy,0,0,0,52,91,0,0,240,1
9980,shuqun,2019,applied,98,4,40,18,77,0,0,0,2
9981,shuqun,2019,ballot,,,,,SC<1,,,,4
9982,shuqun,2019,odds,,,,,0.532467532467532,,,,5
9983,shuqun,2019,taken,98,4,40,18,41,0,0,201,3
9984,shuqun,2019,vacancy,160,62,58,29,41,0,0,200,1
9985,shuqun,2020,applied,108,6,42,13,86,0,0,0,2
9986,shuqun,2020,ballot,,,,,SC<1,,,,4
9987,shuqun,2020,odds,,,,,0.36046511627907,,,,5
9988,shuqun,2020,taken,108,6,42,13,31,0,0,200,3
9989,shuqun,2020,vacancy,160,52,46,22,31,0,0,200,1
9990,shuqun,2021,applied,83,6,47,9,97,0,0,0,2
9991,shuqun,2021,ballot,,,,,SC<1,,,,4
9992,shuqun,2021,odds,,,,,0.56701030927835,,,,5
9993,shuqun,2021,taken,83,6,47,9,55,0,0,200,3
9994,shuqun,2021,vacancy,160,77,71,32,55,0,0,200,1
9995,shuqun,2022,applied,68,42,0,11,106,0,0,0,2
9996,shuqun,2022,ballot,,,,,SC<1,,,,4
9997,shuqun,2022,odds,,,,,0.745283018867924,,,,5
9998,shuqun,2022,taken,68,42,0,11,79,0,0,200,3
9999,shuqun,2022,vacancy,140,72,0,30,79,0,0,200,1
10000,shuqun,2023,applied,78,49,0,15,97,0,0,0,2
10001,shuqun,2023,ballot,,,,,SC<1,,,,4
10002,shuqun,2023,odds,,,,,0.618556701030928,,,,5
10003,shuqun,2023,taken,78,49,0,15,60,0,0,202,3
10004,shuqun,2023,vacancy,140,62,0,25,60,0,0,200,1
10005,si-ling,2009,applied,0,0,0,2,51,20,0,0,2
10006,si-ling,2009,ballot,,,,,,,,,4
10007,si-ling,2009,odds,,,,1,1,1,1,,5
10008,si-ling,2009,taken,88,1,10,2,51,20,0,172,3
10009,si-ling,2009,vacancy,0,0,0,86,172,121,98,270,1
10010,si-ling,2010,applied,0,0,0,2,43,23,0,0,2
10011,si-ling,2010,ballot,,,,,,,,,4
10012,si-ling,2010,odds,,,,1,1,1,1,,5
10013,si-ling,2010,taken,65,3,17,2,43,23,0,153,3
10014,si-ling,2010,vacancy,0,0,0,93,183,146,66,270,1
10015,si-ling,2011,applied,0,0,0,3,62,29,0,0,2
10016,si-ling,2011,ballot,,,,,,,,,4
10017,si-ling,2011,odds,,,,1,1,1,1,,5
10018,si-ling,2011,taken,72,8,15,3,62,53,0,213,3
10019,si-ling,2011,vacancy,0,0,0,88,173,111,58,270,1
10020,si-ling,2012,applied,0,0,0,2,49,33,0,0,2
10021,si-ling,2012,ballot,,,,,,,,,4
10022,si-ling,2012,odds,,,,1,1,1,1,,5
10023,si-ling,2012,taken,72,0,16,2,48,47,0,185,3
10024,si-ling,2012,vacancy,0,0,0,76,150,102,55,240,1
10025,si-ling,2013,applied,0,0,0,2,44,25,0,0,2
10026,si-ling,2013,ballot,,,,,,,,,4
10027,si-ling,2013,odds,,,,1,1,1,1,,5
10028,si-ling,2013,taken,63,1,13,2,44,103,0,226,3
10029,si-ling,2013,vacancy,0,0,0,82,161,119,16,240,1
10030,si-ling,2014,applied,0,0,0,0,39,30,0,0,2
10031,si-ling,2014,ballot,,,,,,,,,4
10032,si-ling,2014,odds,,,,1,1,1,1,,5
10033,si-ling,2014,taken,69,0,13,0,35,30,0,147,3
10034,si-ling,2014,vacancy,0,0,0,79,158,123,93,240,1
10035,si-ling,2015,applied,0,0,0,0,36,4,0,0,2
10036,si-ling,2015,ballot,,,,,,,,,4
10037,si-ling,2015,odds,,,,1,1,1,1,,5
10038,si-ling,2015,taken,61,0,8,0,36,4,0,109,3
10039,si-ling,2015,vacancy,0,0,0,71,142,106,102,210,1
10040,si-ling,2016,applied,0,0,0,0,39,12,0,0,2
10041,si-ling,2016,ballot,,,,,,,,,4
10042,si-ling,2016,odds,,,,1,1,1,1,,5
10043,si-ling,2016,taken,53,0,7,0,39,12,0,111,3
10044,si-ling,2016,vacancy,0,0,0,60,120,81,69,180,1
10045,si-ling,2017,applied,0,0,0,0,29,2,0,0,2
10046,si-ling,2017,ballot,,,,,,,,,4
10047,si-ling,2017,odds,,,,1,1,1,1,,5
10048,si-ling,2017,taken,43,0,7,0,28,2,0,80,3
10049,si-ling,2017,vacancy,0,0,0,65,130,102,100,180,1
10050,si-ling,2018,applied,0,0,0,0,45,7,0,0,2
10051,si-ling,2018,ballot,,,,,,,,,4
10052,si-ling,2018,odds,,,,1,1,1,1,,5
10053,si-ling,2018,taken,57,0,11,0,45,7,0,120,3
10054,si-ling,2018,vacancy,0,0,0,71,144,99,92,210,1
10055,si-ling,2019,applied,37,0,6,0,34,22,0,0,2
10056,si-ling,2019,ballot,,,,,,,,,4
10057,si-ling,2019,odds,,,,,,,,,5
10058,si-ling,2019,taken,37,0,6,0,34,22,0,99,3
10059,si-ling,2019,vacancy,110,73,73,54,108,75,53,150,1
10060,si-ling,2020,applied,34,1,11,0,16,13,0,0,2
10061,si-ling,2020,ballot,,,,,,,,,4
10062,si-ling,2020,odds,,,,,,,,,5
10063,si-ling,2020,taken,34,1,11,0,16,13,0,75,3
10064,si-ling,2020,vacancy,140,108,107,68,136,120,107,180,1
10065,si-ling,2021,applied,38,0,9,0,24,8,0,0,2
10066,si-ling,2021,ballot,,,,,,,,,4
10067,si-ling,2021,odds,,,,,,,,,5
10068,si-ling,2021,taken,38,0,9,0,24,8,0,79,3
10069,si-ling,2021,vacancy,110,72,72,52,103,79,71,150,1
10070,si-ling,2022,applied,45,8,0,0,17,12,0,0,2
10071,si-ling,2022,ballot,,,,,,,,,4
10072,si-ling,2022,odds,,,,,,,,,5
10073,si-ling,2022,taken,45,8,0,0,17,12,0,82,3
10074,si-ling,2022,vacancy,90,45,0,32,97,80,68,150,1
10075,si-ling,2023,applied,40,10,0,0,22,1,0,0,2
10076,si-ling,2023,ballot,,,,,,,,,4
10077,si-ling,2023,odds,,,,,,,,,5
10078,si-ling,2023,taken,40,10,0,0,22,1,0,73,3
10079,si-ling,2023,vacancy,90,50,0,33,100,78,77,150,1
10080,singapore-chinese-girls,2009,applied,0,0,0,22,66,0,0,0,2
10081,singapore-chinese-girls,2009,ballot,,,,,,,,,4
10082,singapore-chinese-girls,2009,odds,,,,1,0.833333333333333,,,,5
10083,singapore-chinese-girls,2009,taken,49,35,39,22,55,0,0,200,3
10084,singapore-chinese-girls,2009,vacancy,0,0,0,39,55,0,0,200,1
10085,singapore-chinese-girls,2010,applied,0,0,0,29,54,0,0,0,2
10086,singapore-chinese-girls,2010,ballot,,,,,,,,,4
10087,singapore-chinese-girls,2010,odds,,,,1,0.888888888888889,,,,5
10088,singapore-chinese-girls,2010,taken,56,30,37,29,48,0,0,200,3
10089,singapore-chinese-girls,2010,vacancy,0,0,0,39,48,0,0,200,1
10090,singapore-chinese-girls,2011,applied,0,0,0,37,51,0,0,0,2
10091,singapore-chinese-girls,2011,ballot,,,,,,,,,4
10092,singapore-chinese-girls,2011,odds,,,,1,0.843137254901961,,,,5
10093,singapore-chinese-girls,2011,taken,52,29,39,37,43,0,0,200,3
10094,singapore-chinese-girls,2011,vacancy,0,0,0,40,43,0,0,200,1
10095,singapore-chinese-girls,2012,applied,0,0,0,34,51,0,0,0,2
10096,singapore-chinese-girls,2012,ballot,,,,,,,,,4
10097,singapore-chinese-girls,2012,odds,,,,0.882352941176471,0.568627450980392,,,,5
10098,singapore-chinese-girls,2012,taken,62,48,31,30,29,0,0,200,3
10099,singapore-chinese-girls,2012,vacancy,0,0,0,30,29,0,0,200,1
10100,singapore-chinese-girls,2013,applied,0,0,0,23,43,0,0,0,2
10101,singapore-chinese-girls,2013,ballot,,,,,,,,,4
10102,singapore-chinese-girls,2013,odds,,,,0.956521739130435,0.511627906976744,,,,5
10103,singapore-chinese-girls,2013,taken,74,46,36,22,22,0,0,200,3
10104,singapore-chinese-girls,2013,vacancy,0,0,0,22,22,0,0,200,1
10105,singapore-chinese-girls,2014,applied,0,0,0,31,39,0,0,0,2
10106,singapore-chinese-girls,2014,ballot,,,,,,,,,4
10107,singapore-chinese-girls,2014,odds,,,,0.903225806451613,0.717948717948718,,,,5
10108,singapore-chinese-girls,2014,taken,60,52,32,28,28,0,0,200,3
10109,singapore-chinese-girls,2014,vacancy,0,0,0,28,28,0,0,200,1
10110,singapore-chinese-girls,2015,applied,0,0,0,27,82,0,0,0,2
10111,singapore-chinese-girls,2015,ballot,,,,,,,,,4
10112,singapore-chinese-girls,2015,odds,,,,1,0.768292682926829,,,,5
10113,singapore-chinese-girls,2015,taken,47,44,19,27,63,0,0,200,3
10114,singapore-chinese-girls,2015,vacancy,0,0,0,45,63,0,0,200,1
10115,singapore-chinese-girls,2016,applied,0,0,0,23,60,0,0,0,2
10116,singapore-chinese-girls,2016,ballot,,,,,,,,,4
10117,singapore-chinese-girls,2016,odds,,,,1,0.85,,,,5
10118,singapore-chinese-girls,2016,taken,55,58,14,22,51,0,0,200,3
10119,singapore-chinese-girls,2016,vacancy,0,0,0,37,51,0,0,200,1
10120,singapore-chinese-girls,2017,applied,0,0,0,15,62,0,0,0,2
10121,singapore-chinese-girls,2017,ballot,,,,,,,,,4
10122,singapore-chinese-girls,2017,odds,,,,1,0.887096774193548,,,,5
10123,singapore-chinese-girls,2017,taken,61,50,19,15,55,0,0,200,3
10124,singapore-chinese-girls,2017,vacancy,0,0,0,35,55,0,0,200,1
10125,singapore-chinese-girls,2018,applied,0,0,0,24,53,0,0,0,2
10126,singapore-chinese-girls,2018,ballot,,,,,,,,,4
10127,singapore-chinese-girls,2018,odds,,,,1,0.641509433962264,,,,5
10128,singapore-chinese-girls,2018,taken,67,64,11,24,34,0,0,200,3
10129,singapore-chinese-girls,2018,vacancy,0,0,0,29,34,0,0,200,1
10130,singapore-chinese-girls,2019,applied,51,61,12,31,48,0,0,0,2
10131,singapore-chinese-girls,2019,ballot,,,,,SC<1,,,,4
10132,singapore-chinese-girls,2019,odds,,,,,0.770833333333333,,,,5
10133,singapore-chinese-girls,2019,taken,51,61,12,31,37,0,0,192,3
10134,singapore-chinese-girls,2019,vacancy,152,101,40,34,37,0,0,192,1
10135,singapore-chinese-girls,2020,applied,63,70,12,31,56,0,0,0,2
10136,singapore-chinese-girls,2020,ballot,,,,SC>2,SC<1,,,,4
10137,singapore-chinese-girls,2020,odds,,,,0.774193548387097,0.410714285714286,,,,5
10138,singapore-chinese-girls,2020,taken,63,70,12,24,23,0,0,192,3
10139,singapore-chinese-girls,2020,vacancy,152,89,19,24,23,0,0,192,1
10140,singapore-chinese-girls,2021,applied,61,60,10,37,39,0,0,0,2
10141,singapore-chinese-girls,2021,ballot,,,,SC>2,SC<1,,,,4
10142,singapore-chinese-girls,2021,odds,,,,0.837837837837838,0.769230769230769,,,,5
10143,singapore-chinese-girls,2021,taken,61,60,10,31,30,0,0,192,3
10144,singapore-chinese-girls,2021,vacancy,152,91,31,31,30,0,0,192,1
10145,singapore-chinese-girls,2022,applied,55,79,0,34,73,0,0,0,2
10146,singapore-chinese-girls,2022,ballot,,SC#,,SC<1,SC<1,,,,4
10147,singapore-chinese-girls,2022,odds,,0.974683544303797,,0.588235294117647,0.547945205479452,,,,5
10148,singapore-chinese-girls,2022,taken,55,77,0,20,40,0,0,192,3
10149,singapore-chinese-girls,2022,vacancy,132,77,0,20,40,0,0,192,1
10150,singapore-chinese-girls,2023,applied,54,75,0,20,58,0,0,0,2
10151,singapore-chinese-girls,2023,ballot,,,,,SC<1,,,,4
10152,singapore-chinese-girls,2023,odds,,,,,0.741379310344828,,,,5
10153,singapore-chinese-girls,2023,taken,54,75,0,20,43,0,0,192,3
10154,singapore-chinese-girls,2023,vacancy,132,78,0,21,43,0,0,192,1
10155,south-view,2009,applied,0,0,0,67,126,0,0,0,2
10156,south-view,2009,ballot,,,,,,,,,4
10157,south-view,2009,odds,,,,0.776119402985075,0.404761904761905,,,,5
10158,south-view,2009,taken,160,1,66,52,51,0,0,330,3
10159,south-view,2009,vacancy,0,0,0,52,51,0,0,330,1
10160,south-view,2010,applied,0,0,0,42,121,0,0,0,2
10161,south-view,2010,ballot,,,,,,,,,4
10162,south-view,2010,odds,,,,0.785714285714286,0.272727272727273,,,,5
10163,south-view,2010,taken,157,6,70,34,33,0,0,300,3
10164,south-view,2010,vacancy,0,0,0,33,33,0,0,300,1
10165,south-view,2011,applied,0,0,0,17,102,0,0,0,2
10166,south-view,2011,ballot,,,,,,,,,4
10167,south-view,2011,odds,,,,1,0.205882352941176,,,,5
10168,south-view,2011,taken,145,2,85,17,21,0,0,270,3
10169,south-view,2011,vacancy,0,0,0,19,21,0,0,270,1
10170,south-view,2012,applied,0,0,0,19,103,0,0,0,2
10171,south-view,2012,ballot,,,,,,,,,4
10172,south-view,2012,odds,,,,1,0.378640776699029,,,,5
10173,south-view,2012,taken,130,8,74,19,39,0,0,270,3
10174,south-view,2012,vacancy,0,0,0,29,39,0,0,270,1
10175,south-view,2013,applied,0,0,0,24,85,0,0,0,2
10176,south-view,2013,ballot,,,,,,,,,4
10177,south-view,2013,odds,,,,1,0.470588235294118,,,,5
10178,south-view,2013,taken,110,11,85,24,40,0,0,270,3
10179,south-view,2013,vacancy,0,0,0,32,40,0,0,270,1
10180,south-view,2014,applied,0,0,0,27,88,0,0,0,2
10181,south-view,2014,ballot,,,,,,,,,4
10182,south-view,2014,odds,,,,1,0.522727272727273,,,,5
10183,south-view,2014,taken,120,8,70,26,46,0,0,270,3
10184,south-view,2014,vacancy,0,0,0,36,46,0,0,270,1
10185,south-view,2015,applied,0,0,0,26,107,0,0,0,2
10186,south-view,2015,ballot,,,,,,,,,4
10187,south-view,2015,odds,,,,1,0.523364485981308,,,,5
10188,south-view,2015,taken,124,6,62,22,56,0,0,270,3
10189,south-view,2015,vacancy,0,0,0,39,56,0,0,270,1
10190,south-view,2016,applied,0,0,0,14,135,0,0,0,2
10191,south-view,2016,ballot,,,,,,,,,4
10192,south-view,2016,odds,,,,1,0.525925925925926,,,,5
10193,south-view,2016,taken,104,14,67,14,71,0,0,270,3
10194,south-view,2016,vacancy,0,0,0,43,71,0,0,270,1
10195,south-view,2017,applied,0,0,0,19,135,0,0,0,2
10196,south-view,2017,ballot,,,,,,,,,4
10197,south-view,2017,odds,,,,1,0.42962962962963,,,,5
10198,south-view,2017,taken,104,14,75,19,58,0,0,270,3
10199,south-view,2017,vacancy,0,0,0,39,58,0,0,270,1
10200,south-view,2018,applied,0,0,0,21,115,0,0,0,2
10201,south-view,2018,ballot,,,,,,,,,4
10202,south-view,2018,odds,,,,0.952380952380952,0.173913043478261,,,,5
10203,south-view,2018,taken,127,18,85,20,20,0,0,270,3
10204,south-view,2018,vacancy,0,0,0,20,20,0,0,270,1
10205,south-view,2019,applied,105,21,69,23,154,0,0,0,2
10206,south-view,2019,ballot,,,,,SC<1,,,,4
10207,south-view,2019,odds,,,,,0.337662337662338,,,,5
10208,south-view,2019,taken,105,21,69,23,52,0,0,270,3
10209,south-view,2019,vacancy,230,125,104,38,52,0,0,270,1
10210,south-view,2020,applied,130,38,52,24,139,0,0,0,2
10211,south-view,2020,ballot,,,,,SC<1,,,,4
10212,south-view,2020,odds,,,,,0.18705035971223,,,,5
10213,south-view,2020,taken,130,38,52,24,26,0,0,270,3
10214,south-view,2020,vacancy,230,100,62,25,26,0,0,270,1
10215,south-view,2021,applied,116,41,79,23,130,0,0,0,2
10216,south-view,2021,ballot,,,SC>2,SC1-2,SC<1,,,,4
10217,south-view,2021,odds,,,0.924050632911392,0.91304347826087,0.153846153846154,,,,5
10218,south-view,2021,taken,116,41,73,21,20,0,0,271,3
10219,south-view,2021,vacancy,230,114,73,21,20,0,0,270,1
10220,south-view,2022,applied,132,95,0,30,177,0,0,0,2
10221,south-view,2022,ballot,,SC1-2,,SC<1,SC<1,,,,4
10222,south-view,2022,odds,,0.821052631578947,,0.666666666666667,0.225988700564972,,,,5
10223,south-view,2022,taken,132,78,0,20,40,0,0,270,3
10224,south-view,2022,vacancy,210,78,0,20,40,0,0,270,1
10225,south-view,2023,applied,121,105,0,34,128,0,0,0,2
10226,south-view,2023,ballot,,SC1-2,,SC<1,SC<1,,,,4
10227,south-view,2023,odds,,0.847619047619048,,0.588235294117647,0.3125,,,,5
10228,south-view,2023,taken,121,89,0,20,40,0,0,270,3
10229,south-view,2023,vacancy,210,89,0,20,40,0,0,270,1
10230,springdale,2012,applied,0,0,0,3,52,116,0,0,2
10231,springdale,2012,ballot,,,,,,,,,4
10232,springdale,2012,odds,,,,1,1,1,1,,5
10233,springdale,2012,taken,0,0,0,3,52,121,0,176,3
10234,springdale,2012,vacancy,0,0,0,105,207,155,34,210,1
10235,springdale,2013,applied,0,0,0,1,58,122,0,0,2
10236,springdale,2013,ballot,,,,,,,,,4
10237,springdale,2013,odds,,,,1,1,1,1,,5
10238,springdale,2013,taken,15,0,0,1,58,143,0,217,3
10239,springdale,2013,vacancy,0,0,0,113,225,168,25,240,1
10240,springdale,2014,applied,0,0,0,1,90,116,0,0,2
10241,springdale,2014,ballot,,,,,,,,,4
10242,springdale,2014,odds,,,,1,1,1,1,,5
10243,springdale,2014,taken,44,0,0,1,90,116,0,251,3
10244,springdale,2014,vacancy,0,0,0,113,225,135,19,270,1
10245,springdale,2015,applied,0,0,0,2,104,88,0,0,2
10246,springdale,2015,ballot,,,,,,,,,4
10247,springdale,2015,odds,,,,1,1,0.806818181818182,,,5
10248,springdale,2015,taken,62,0,1,2,104,71,0,240,3
10249,springdale,2015,vacancy,0,0,0,89,175,71,0,240,1
10250,springdale,2016,applied,0,0,0,0,110,69,0,0,2
10251,springdale,2016,ballot,,,,,,,,,4
10252,springdale,2016,odds,,,,1,1,0.768115942028985,,,5
10253,springdale,2016,taken,77,0,0,0,110,53,0,240,3
10254,springdale,2016,vacancy,0,0,0,82,163,53,0,240,1
10255,springdale,2017,applied,0,0,0,0,122,26,0,0,2
10256,springdale,2017,ballot,,,,,,,,,4
10257,springdale,2017,odds,,,,1,1,0.346153846153846,,,5
10258,springdale,2017,taken,109,0,1,0,122,9,0,241,3
10259,springdale,2017,vacancy,0,0,0,65,131,9,0,240,1
10260,springdale,2018,applied,0,0,0,0,135,0,0,0,2
10261,springdale,2018,ballot,,,,,,,,,4
10262,springdale,2018,odds,,,,1,0.874074074074074,,,,5
10263,springdale,2018,taken,109,0,46,0,118,0,0,273,3
10264,springdale,2018,vacancy,0,0,0,58,118,0,0,270,1
10265,springdale,2019,applied,76,0,60,1,106,6,0,0,2
10266,springdale,2019,ballot,,,,,,SC<1,,,4
10267,springdale,2019,odds,,,,,,0.166666666666667,,,5
10268,springdale,2019,taken,76,0,60,1,106,1,0,244,3
10269,springdale,2019,vacancy,200,125,125,53,107,1,0,240,1
10270,springdale,2020,applied,110,1,63,2,136,0,0,0,2
10271,springdale,2020,ballot,,,,,SC<1,,,,4
10272,springdale,2020,odds,,,,,0.779411764705882,,,,5
10273,springdale,2020,taken,110,1,63,2,106,0,0,282,3
10274,springdale,2020,vacancy,240,130,129,53,106,0,0,280,1
10275,springdale,2021,applied,140,0,81,2,86,0,0,0,2
10276,springdale,2021,ballot,,,,,SC<1,,,,4
10277,springdale,2021,odds,,,,,0.686046511627907,,,,5
10278,springdale,2021,taken,140,0,81,2,59,0,0,282,3
10279,springdale,2021,vacancy,240,100,100,30,59,0,0,280,1
10280,springdale,2022,applied,121,74,0,0,81,22,0,0,2
10281,springdale,2022,ballot,,,,,,SC<1,,,4
10282,springdale,2022,odds,,,,,,0.272727272727273,,,5
10283,springdale,2022,taken,121,74,0,0,81,6,0,282,3
10284,springdale,2022,vacancy,220,99,0,29,87,6,0,280,1
10285,springdale,2023,applied,102,57,0,0,68,68,0,0,2
10286,springdale,2023,ballot,,,,,,SC<1,,,4
10287,springdale,2023,odds,,,,,,0.779411764705882,,,5
10288,springdale,2023,taken,102,57,0,0,68,53,0,280,3
10289,springdale,2023,vacancy,220,118,0,40,121,53,0,280,1
10290,st-andrew-junior,2009,applied,0,0,0,58,105,0,0,0,2
10291,st-andrew-junior,2009,ballot,,,,,,,,,4
10292,st-andrew-junior,2009,odds,,,,1,0.752380952380952,,,,5
10293,st-andrew-junior,2009,taken,55,11,37,58,79,0,0,240,3
10294,st-andrew-junior,2009,vacancy,0,0,0,69,79,0,0,240,1
10295,st-andrew-junior,2010,applied,0,0,0,79,79,0,0,0,2
10296,st-andrew-junior,2010,ballot,,,,,,,,,4
10297,st-andrew-junior,2010,odds,,,,0.911392405063291,0.89873417721519,,,,5
10298,st-andrew-junior,2010,taken,49,16,32,72,71,0,0,240,3
10299,st-andrew-junior,2010,vacancy,0,0,0,72,71,0,0,240,1
10300,st-andrew-junior,2011,applied,0,0,0,77,84,0,0,0,2
10301,st-andrew-junior,2011,ballot,,,,,,,,,4
10302,st-andrew-junior,2011,odds,,,,0.818181818181818,0.738095238095238,,,,5
10303,st-andrew-junior,2011,taken,61,18,36,63,62,0,0,240,3
10304,st-andrew-junior,2011,vacancy,0,0,0,63,62,0,0,240,1
10305,st-andrew-junior,2012,applied,0,0,0,64,70,0,0,0,2
10306,st-andrew-junior,2012,ballot,,,,,,,,,4
10307,st-andrew-junior,2012,odds,,,,0.90625,0.828571428571429,,,,5
10308,st-andrew-junior,2012,taken,63,23,38,58,58,0,0,240,3
10309,st-andrew-junior,2012,vacancy,0,0,0,58,58,0,0,240,1
10310,st-andrew-junior,2013,applied,0,0,0,67,75,0,0,0,2
10311,st-andrew-junior,2013,ballot,,,,,,,,,4
10312,st-andrew-junior,2013,odds,,,,0.835820895522388,0.733333333333333,,,,5
10313,st-andrew-junior,2013,taken,74,19,36,56,55,0,0,240,3
10314,st-andrew-junior,2013,vacancy,0,0,0,56,55,0,0,240,1
10315,st-andrew-junior,2014,applied,0,0,0,76,76,0,0,0,2
10316,st-andrew-junior,2014,ballot,,,,,,,,,4
10317,st-andrew-junior,2014,odds,,,,0.710526315789474,0.723684210526316,,,,5
10318,st-andrew-junior,2014,taken,64,27,41,53,55,0,0,240,3
10319,st-andrew-junior,2014,vacancy,0,0,0,54,55,0,0,240,1
10320,st-andrew-junior,2015,applied,0,0,0,67,77,0,0,0,2
10321,st-andrew-junior,2015,ballot,,,,,,,,,4
10322,st-andrew-junior,2015,odds,,,,0.955223880597015,0.844155844155844,,,,5
10323,st-andrew-junior,2015,taken,62,19,32,62,65,0,0,240,3
10324,st-andrew-junior,2015,vacancy,0,0,0,64,65,0,0,240,1
10325,st-andrew-junior,2016,applied,0,0,0,67,70,0,0,0,2
10326,st-andrew-junior,2016,ballot,,,,,,,,,4
10327,st-andrew-junior,2016,odds,,,,0.850746268656716,0.9,,,,5
10328,st-andrew-junior,2016,taken,69,23,34,51,63,0,0,240,3
10329,st-andrew-junior,2016,vacancy,0,0,0,57,63,0,0,240,1
10330,st-andrew-junior,2017,applied,0,0,0,73,79,0,0,0,2
10331,st-andrew-junior,2017,ballot,,,,,,,,,4
10332,st-andrew-junior,2017,odds,,,,0.821917808219178,0.772151898734177,,,,5
10333,st-andrew-junior,2017,taken,57,26,38,58,61,0,0,240,3
10334,st-andrew-junior,2017,vacancy,0,0,0,60,61,0,0,240,1
10335,st-andrew-junior,2018,applied,0,0,0,64,78,0,0,0,2
10336,st-andrew-junior,2018,ballot,,,,,,,,,4
10337,st-andrew-junior,2018,odds,,,,0.796875,0.67948717948718,,,,5
10338,st-andrew-junior,2018,taken,71,32,36,48,53,0,0,240,3
10339,st-andrew-junior,2018,vacancy,0,0,0,51,53,0,0,240,1
10340,st-andrew-junior,2019,applied,65,41,34,35,104,0,0,0,2
10341,st-andrew-junior,2019,ballot,,,,,SC1-2,,,,4
10342,st-andrew-junior,2019,odds,,,,,0.653846153846154,,,,5
10343,st-andrew-junior,2019,taken,65,41,34,35,68,0,0,243,3
10344,st-andrew-junior,2019,vacancy,200,135,94,51,68,0,0,240,1
10345,st-andrew-junior,2020,applied,48,42,19,44,122,0,0,0,2
10346,st-andrew-junior,2020,ballot,,,,,SC1-2,,,,4
10347,st-andrew-junior,2020,odds,,,,,0.729508196721312,,,,5
10348,st-andrew-junior,2020,taken,48,42,19,44,89,0,0,242,3
10349,st-andrew-junior,2020,vacancy,200,152,110,66,89,0,0,240,1
10350,st-andrew-junior,2021,applied,72,47,34,25,105,0,0,0,2
10351,st-andrew-junior,2021,ballot,,,,,SC<1,,,,4
10352,st-andrew-junior,2021,odds,,,,,0.60952380952381,,,,5
10353,st-andrew-junior,2021,taken,72,47,34,25,64,0,0,242,3
10354,st-andrew-junior,2021,vacancy,200,129,82,45,64,0,0,240,1
10355,st-andrew-junior,2022,applied,62,66,0,31,124,0,0,0,2
10356,st-andrew-junior,2022,ballot,,,,,SC<1,,,,4
10357,st-andrew-junior,2022,odds,,,,,0.661290322580645,,,,5
10358,st-andrew-junior,2022,taken,62,66,0,31,82,0,0,241,3
10359,st-andrew-junior,2022,vacancy,180,118,0,37,82,0,0,240,1
10360,st-andrew-junior,2023,applied,55,49,0,36,113,0,0,0,2
10361,st-andrew-junior,2023,ballot,,,,,SC>2,,,,4
10362,st-andrew-junior,2023,odds,,,,,0.911504424778761,,,,5
10363,st-andrew-junior,2023,taken,55,49,0,36,103,0,0,243,3
10364,st-andrew-junior,2023,vacancy,180,125,0,45,103,0,0,240,1
10365,st-anthony,2009,applied,0,0,0,46,146,0,0,0,2
10366,st-anthony,2009,ballot,,,,,,,,,4
10367,st-anthony,2009,odds,,,,1,0.602739726027397,,,,5
10368,st-anthony,2009,taken,112,0,28,46,88,0,0,274,3
10369,st-anthony,2009,vacancy,0,0,0,65,88,0,0,270,1
10370,st-anthony,2010,applied,0,0,0,50,129,0,0,0,2
10371,st-anthony,2010,ballot,,,,,,,,,4
10372,st-anthony,2010,odds,,,,1,0.821705426356589,,,,5
10373,st-anthony,2010,taken,95,0,19,50,106,0,0,270,3
10374,st-anthony,2010,vacancy,0,0,0,78,106,0,0,270,1
10375,st-anthony,2011,applied,0,0,0,37,124,0,0,0,2
10376,st-anthony,2011,ballot,,,,,,,,,4
10377,st-anthony,2011,odds,,,,1,0.814516129032258,,,,5
10378,st-anthony,2011,taken,77,4,23,36,101,0,0,241,3
10379,st-anthony,2011,vacancy,0,0,0,68,101,0,0,240,1
10380,st-anthony,2012,applied,0,0,0,29,111,0,0,0,2
10381,st-anthony,2012,ballot,,,,,,,,,4
10382,st-anthony,2012,odds,,,,1,0.900900900900901,,,,5
10383,st-anthony,2012,taken,89,2,21,28,100,0,0,240,3
10384,st-anthony,2012,vacancy,0,0,0,64,100,0,0,240,1
10385,st-anthony,2013,applied,0,0,0,31,106,0,0,0,2
10386,st-anthony,2013,ballot,,,,,,,,,4
10387,st-anthony,2013,odds,,,,1,0.811320754716981,,,,5
10388,st-anthony,2013,taken,98,3,22,31,86,0,0,240,3
10389,st-anthony,2013,vacancy,0,0,0,59,86,0,0,240,1
10390,st-anthony,2014,applied,0,0,0,49,96,0,0,0,2
10391,st-anthony,2014,ballot,,,,,,,,,4
10392,st-anthony,2014,odds,,,,1,0.854166666666667,,,,5
10393,st-anthony,2014,taken,92,5,14,47,82,0,0,240,3
10394,st-anthony,2014,vacancy,0,0,0,65,82,0,0,240,1
10395,st-anthony,2015,applied,0,0,0,43,89,0,0,0,2
10396,st-anthony,2015,ballot,,,,,,,,,4
10397,st-anthony,2015,odds,,,,1,0.865168539325843,,,,5
10398,st-anthony,2015,taken,100,6,15,42,77,0,0,240,3
10399,st-anthony,2015,vacancy,0,0,0,60,77,0,0,240,1
10400,st-anthony,2016,applied,0,0,0,25,103,0,0,0,2
10401,st-anthony,2016,ballot,,,,,,,,,4
10402,st-anthony,2016,odds,,,,1,0.902912621359223,,,,5
10403,st-anthony,2016,taken,101,5,18,23,93,0,0,240,3
10404,st-anthony,2016,vacancy,0,0,0,58,93,0,0,240,1
10405,st-anthony,2017,applied,0,0,0,31,107,0,0,0,2
10406,st-anthony,2017,ballot,,,,,,,,,4
10407,st-anthony,2017,odds,,,,1,0.841121495327103,,,,5
10408,st-anthony,2017,taken,96,5,21,28,90,0,0,240,3
10409,st-anthony,2017,vacancy,0,0,0,59,90,0,0,240,1
10410,st-anthony,2018,applied,0,0,0,31,86,0,0,0,2
10411,st-anthony,2018,ballot,,,,,,,,,4
10412,st-anthony,2018,odds,,,,1,0.755813953488372,,,,5
10413,st-anthony,2018,taken,99,1,16,29,65,0,0,210,3
10414,st-anthony,2018,vacancy,0,0,0,47,65,0,0,210,1
10415,st-anthony,2019,applied,77,10,25,25,87,0,0,0,2
10416,st-anthony,2019,ballot,,,,,SC1-2,,,,4
10417,st-anthony,2019,odds,,,,,0.850574712643678,,,,5
10418,st-anthony,2019,taken,77,10,25,25,74,0,0,211,3
10419,st-anthony,2019,vacancy,170,93,83,49,74,0,0,210,1
10420,st-anthony,2020,applied,106,9,23,33,96,0,0,0,2
10421,st-anthony,2020,ballot,,,,,SC<1,,,,4
10422,st-anthony,2020,odds,,,,,0.416666666666667,,,,5
10423,st-anthony,2020,taken,106,9,23,33,40,0,0,211,3
10424,st-anthony,2020,vacancy,170,65,56,37,40,0,0,210,1
10425,st-anthony,2021,applied,80,17,35,29,89,0,0,0,2
10426,st-anthony,2021,ballot,,,,,SC<1,,,,4
10427,st-anthony,2021,odds,,,,,0.573033707865168,,,,5
10428,st-anthony,2021,taken,80,17,35,29,51,0,0,212,3
10429,st-anthony,2021,vacancy,170,90,73,39,51,0,0,210,1
10430,st-anthony,2022,applied,87,38,0,39,105,0,0,0,2
10431,st-anthony,2022,ballot,,,,SC>2,SC<1#,,,,4
10432,st-anthony,2022,odds,,,,0.82051282051282,0.619047619047619,,,,5
10433,st-anthony,2022,taken,87,38,0,32,65,0,0,222,3
10434,st-anthony,2022,vacancy,160,73,0,32,65,0,0,220,1
10435,st-anthony,2023,applied,70,44,0,24,114,0,0,0,2
10436,st-anthony,2023,ballot,,,,,SC1-2,,,,4
10437,st-anthony,2023,odds,,,,,0.894736842105263,,,,5
10438,st-anthony,2023,taken,70,44,0,24,102,0,0,240,3
10439,st-anthony,2023,vacancy,180,110,0,42,102,0,0,240,1
10440,st-anthony-canossian,2009,applied,0,0,0,38,90,31,0,0,2
10441,st-anthony-canossian,2009,ballot,,,,,,,,,4
10442,st-anthony-canossian,2009,odds,,,,1,1,1,1,,5
10443,st-anthony-canossian,2009,taken,48,0,7,38,90,31,0,214,3
10444,st-anthony-canossian,2009,vacancy,0,0,0,93,149,59,22,240,1
10445,st-anthony-canossian,2010,applied,0,0,0,28,92,30,0,0,2
10446,st-anthony-canossian,2010,ballot,,,,,,,,,4
10447,st-anthony-canossian,2010,odds,,,,1,1,0.866666666666667,,,5
10448,st-anthony-canossian,2010,taken,54,0,10,28,92,26,0,210,3
10449,st-anthony-canossian,2010,vacancy,0,0,0,73,118,26,0,210,1
10450,st-anthony-canossian,2011,applied,0,0,0,31,86,53,0,0,2
10451,st-anthony-canossian,2011,ballot,,,,,,,,,4
10452,st-anthony-canossian,2011,odds,,,,1,1,0.735849056603774,,,5
10453,st-anthony-canossian,2011,taken,45,2,8,30,86,39,0,210,3
10454,st-anthony-canossian,2011,vacancy,0,0,0,78,125,39,0,210,1
10455,st-anthony-canossian,2012,applied,0,0,0,40,95,0,0,0,2
10456,st-anthony-canossian,2012,ballot,,,,,,,,,4
10457,st-anthony-canossian,2012,odds,,,,1,0.957894736842105,,,,5
10458,st-anthony-canossian,2012,taken,61,0,18,40,91,0,0,210,3
10459,st-anthony-canossian,2012,vacancy,0,0,0,66,91,0,0,210,1
10460,st-anthony-canossian,2013,applied,0,0,0,34,110,15,0,0,2
10461,st-anthony-canossian,2013,ballot,,,,,,,,,4
10462,st-anthony-canossian,2013,odds,,,,1,1,0.8,,,5
10463,st-anthony-canossian,2013,taken,44,2,12,34,109,12,0,213,3
10464,st-anthony-canossian,2013,vacancy,0,0,0,76,119,12,0,210,1
10465,st-anthony-canossian,2014,applied,0,0,0,36,92,26,0,0,2
10466,st-anthony-canossian,2014,ballot,,,,,,,,,4
10467,st-anthony-canossian,2014,odds,,,,1,1,1,1,,5
10468,st-anthony-canossian,2014,taken,48,0,6,36,92,26,0,208,3
10469,st-anthony-canossian,2014,vacancy,0,0,0,78,120,28,2,210,1
10470,st-anthony-canossian,2015,applied,0,0,0,22,56,24,0,0,2
10471,st-anthony-canossian,2015,ballot,,,,,,,,,4
10472,st-anthony-canossian,2015,odds,,,,1,1,1,1,,5
10473,st-anthony-canossian,2015,taken,56,3,5,22,56,24,0,166,3
10474,st-anthony-canossian,2015,vacancy,0,0,0,73,124,68,44,210,1
10475,st-anthony-canossian,2016,applied,0,0,0,23,59,5,0,0,2
10476,st-anthony-canossian,2016,ballot,,,,,,,,,4
10477,st-anthony-canossian,2016,odds,,,,1,1,1,1,,5
10478,st-anthony-canossian,2016,taken,45,0,7,22,59,5,0,138,3
10479,st-anthony-canossian,2016,vacancy,0,0,0,79,136,77,72,210,1
10480,st-anthony-canossian,2017,applied,0,0,0,28,72,18,0,0,2
10481,st-anthony-canossian,2017,ballot,,,,,,,,,4
10482,st-anthony-canossian,2017,odds,,,,1,1,1,,,5
10483,st-anthony-canossian,2017,taken,49,3,12,27,71,18,0,180,3
10484,st-anthony-canossian,2017,vacancy,0,0,0,58,89,18,0,180,1
10485,st-anthony-canossian,2018,applied,0,0,0,18,79,64,0,0,2
10486,st-anthony-canossian,2018,ballot,,,,,,,,,4
10487,st-anthony-canossian,2018,odds,,,,1,1,1,1,,5
10488,st-anthony-canossian,2018,taken,42,6,11,16,79,64,0,218,3
10489,st-anthony-canossian,2018,vacancy,0,0,0,91,165,86,22,240,1
10490,st-anthony-canossian,2019,applied,35,2,5,20,61,23,0,0,2
10491,st-anthony-canossian,2019,ballot,,,,,,,,,4
10492,st-anthony-canossian,2019,odds,,,,,,,,,5
10493,st-anthony-canossian,2019,taken,35,2,5,20,61,23,0,146,3
10494,st-anthony-canossian,2019,vacancy,170,135,133,84,148,87,64,210,1
10495,st-anthony-canossian,2020,applied,51,3,9,12,38,51,0,0,2
10496,st-anthony-canossian,2020,ballot,,,,,,,,,4
10497,st-anthony-canossian,2020,odds,,,,,,,,,5
10498,st-anthony-canossian,2020,taken,51,3,9,12,38,51,0,164,3
10499,st-anthony-canossian,2020,vacancy,200,149,146,89,167,129,78,240,1
10500,st-anthony-canossian,2021,applied,58,1,9,12,37,54,0,0,2
10501,st-anthony-canossian,2021,ballot,,,,,,,,,4
10502,st-anthony-canossian,2021,odds,,,,,,,,,5
10503,st-anthony-canossian,2021,taken,58,1,9,12,37,54,0,171,3
10504,st-anthony-canossian,2021,vacancy,200,142,141,86,161,124,70,240,1
10505,st-anthony-canossian,2022,applied,31,9,0,6,41,51,0,0,2
10506,st-anthony-canossian,2022,ballot,,,,,,,,,4
10507,st-anthony-canossian,2022,odds,,,,,,,,,5
10508,st-anthony-canossian,2022,taken,31,9,0,6,41,51,0,138,3
10509,st-anthony-canossian,2022,vacancy,180,149,0,67,194,153,102,240,1
10510,st-anthony-canossian,2023,applied,26,11,0,8,36,33,0,0,2
10511,st-anthony-canossian,2023,ballot,,,,,,,,,4
10512,st-anthony-canossian,2023,odds,,,,,,,,,5
10513,st-anthony-canossian,2023,taken,26,11,0,8,36,33,0,114,3
10514,st-anthony-canossian,2023,vacancy,150,124,0,58,165,129,96,210,1
10515,st-gabriel,2009,applied,0,0,0,10,87,68,0,0,2
10516,st-gabriel,2009,ballot,,,,,,,,,4
10517,st-gabriel,2009,odds,,,,1,1,0.617647058823529,,,5
10518,st-gabriel,2009,taken,32,0,11,10,87,42,0,182,3
10519,st-gabriel,2009,vacancy,0,0,0,69,129,42,0,180,1
10520,st-gabriel,2010,applied,0,0,0,23,84,0,0,0,2
10521,st-gabriel,2010,ballot,,,,,,,,,4
10522,st-gabriel,2010,odds,,,,1,0.94047619047619,,,,5
10523,st-gabriel,2010,taken,35,2,11,23,79,0,0,150,3
10524,st-gabriel,2010,vacancy,0,0,0,51,79,0,0,150,1
10525,st-gabriel,2011,applied,0,0,0,26,99,0,0,0,2
10526,st-gabriel,2011,ballot,,,,,,,,,4
10527,st-gabriel,2011,odds,,,,1,0.747474747474748,,,,5
10528,st-gabriel,2011,taken,32,1,18,26,74,0,0,151,3
10529,st-gabriel,2011,vacancy,0,0,0,50,74,0,0,150,1
10530,st-gabriel,2012,applied,0,0,0,27,54,22,0,0,2
10531,st-gabriel,2012,ballot,,,,,,,,,4
10532,st-gabriel,2012,odds,,,,1,1,0.818181818181818,,,5
10533,st-gabriel,2012,taken,34,0,19,27,54,18,0,152,3
10534,st-gabriel,2012,vacancy,0,0,0,49,71,18,0,150,1
10535,st-gabriel,2013,applied,0,0,0,24,90,0,0,0,2
10536,st-gabriel,2013,ballot,,,,,,,,,4
10537,st-gabriel,2013,odds,,,,1,0.822222222222222,,,,5
10538,st-gabriel,2013,taken,34,1,17,24,74,0,0,150,3
10539,st-gabriel,2013,vacancy,0,0,0,49,74,0,0,150,1
10540,st-gabriel,2014,applied,0,0,0,40,61,0,0,0,2
10541,st-gabriel,2014,ballot,,,,,,,,,4
10542,st-gabriel,2014,odds,,,,1,1,,,,5
10543,st-gabriel,2014,taken,34,2,15,38,61,0,0,150,3
10544,st-gabriel,2014,vacancy,0,0,0,50,61,0,0,150,1
10545,st-gabriel,2015,applied,0,0,0,27,56,40,0,0,2
10546,st-gabriel,2015,ballot,,,,,,,,,4
10547,st-gabriel,2015,odds,,,,1,1,0.625,,,5
10548,st-gabriel,2015,taken,25,5,15,24,56,25,0,150,3
10549,st-gabriel,2015,vacancy,0,0,0,53,81,25,0,150,1
10550,st-gabriel,2016,applied,0,0,0,24,34,28,0,0,2
10551,st-gabriel,2016,ballot,,,,,,,,,4
10552,st-gabriel,2016,odds,,,,1,1,1,1,,5
10553,st-gabriel,2016,taken,27,3,14,23,34,28,0,129,3
10554,st-gabriel,2016,vacancy,0,0,0,53,83,49,21,150,1
10555,st-gabriel,2017,applied,0,0,0,25,57,37,0,0,2
10556,st-gabriel,2017,ballot,,,,,,,,,4
10557,st-gabriel,2017,odds,,,,1,1,0.594594594594595,,,5
10558,st-gabriel,2017,taken,30,4,14,23,57,22,0,150,3
10559,st-gabriel,2017,vacancy,0,0,0,51,79,22,0,150,1
10560,st-gabriel,2018,applied,0,0,0,17,96,0,0,0,2
10561,st-gabriel,2018,ballot,,,,,,,,,4
10562,st-gabriel,2018,odds,,,,1,0.864583333333333,,,,5
10563,st-gabriel,2018,taken,32,8,10,17,83,0,0,150,3
10564,st-gabriel,2018,vacancy,0,0,0,50,83,0,0,150,1
10565,st-gabriel,2019,applied,37,9,14,21,63,21,0,0,2
10566,st-gabriel,2019,ballot,,,,,,SC>2,,,4
10567,st-gabriel,2019,odds,,,,,,0.428571428571429,,,5
10568,st-gabriel,2019,taken,37,9,14,21,63,9,0,153,3
10569,st-gabriel,2019,vacancy,110,73,64,46,71,9,0,150,1
10570,st-gabriel,2020,applied,22,6,12,32,80,0,0,0,2
10571,st-gabriel,2020,ballot,,,,,PR>2,,,,4
10572,st-gabriel,2020,odds,,,,,0.975,,,,5
10573,st-gabriel,2020,taken,22,6,12,32,78,0,0,150,3
10574,st-gabriel,2020,vacancy,110,88,82,55,78,0,0,150,1
10575,st-gabriel,2021,applied,28,5,19,17,75,22,0,0,2
10576,st-gabriel,2021,ballot,,,,,,SC>2,,,4
10577,st-gabriel,2021,odds,,,,,,0.363636363636364,,,5
10578,st-gabriel,2021,taken,28,5,19,17,75,8,0,152,3
10579,st-gabriel,2021,vacancy,110,82,77,50,83,8,0,150,1
10580,st-gabriel,2022,applied,29,20,0,24,77,0,0,0,2
10581,st-gabriel,2022,ballot,,,,,,,,,4
10582,st-gabriel,2022,odds,,,,,,,,,5
10583,st-gabriel,2022,taken,29,20,0,24,77,0,0,150,3
10584,st-gabriel,2022,vacancy,90,61,0,34,77,0,0,150,1
10585,st-gabriel,2023,applied,26,13,0,34,52,43,0,0,2
10586,st-gabriel,2023,ballot,,,,,,SC>2,,,4
10587,st-gabriel,2023,odds,,,,,,0.627906976744186,,,5
10588,st-gabriel,2023,taken,26,13,0,34,52,27,0,152,3
10589,st-gabriel,2023,vacancy,90,64,0,37,77,27,0,150,1
10590,st-hilda,2009,applied,0,0,0,65,152,0,0,0,2
10591,st-hilda,2009,ballot,,,,,,,,,4
10592,st-hilda,2009,odds,,,,0.707692307692308,0.302631578947368,,,,5
10593,st-hilda,2009,taken,154,3,52,46,46,0,0,301,3
10594,st-hilda,2009,vacancy,0,0,0,46,46,0,0,300,1
10595,st-hilda,2010,applied,0,0,0,68,127,0,0,0,2
10596,st-hilda,2010,ballot,,,,,,,,,4
10597,st-hilda,2010,odds,,,,0.632352941176471,0.338582677165354,,,,5
10598,st-hilda,2010,taken,141,6,37,43,43,0,0,270,3
10599,st-hilda,2010,vacancy,0,0,0,43,43,0,0,270,1
10600,st-hilda,2011,applied,0,0,0,49,115,0,0,0,2
10601,st-hilda,2011,ballot,,,,,,,,,4
10602,st-hilda,2011,odds,,,,0.775510204081633,0.330434782608696,,,,5
10603,st-hilda,2011,taken,146,8,40,38,38,0,0,270,3
10604,st-hilda,2011,vacancy,0,0,0,38,38,0,0,270,1
10605,st-hilda,2012,applied,0,0,0,52,85,0,0,0,2
10606,st-hilda,2012,ballot,,,,,,,,,4
10607,st-hilda,2012,odds,,,,0.826923076923077,0.494117647058824,,,,5
10608,st-hilda,2012,taken,131,11,43,43,42,0,0,270,3
10609,st-hilda,2012,vacancy,0,0,0,43,42,0,0,270,1
10610,st-hilda,2013,applied,0,0,0,52,70,0,0,0,2
10611,st-hilda,2013,ballot,,,,,,,,,4
10612,st-hilda,2013,odds,,,,0.653846153846154,0.485714285714286,,,,5
10613,st-hilda,2013,taken,144,18,40,34,34,0,0,270,3
10614,st-hilda,2013,vacancy,0,0,0,34,34,0,0,270,1
10615,st-hilda,2014,applied,0,0,0,62,106,0,0,0,2
10616,st-hilda,2014,ballot,,,,,,,,,4
10617,st-hilda,2014,odds,,,,0.870967741935484,0.509433962264151,,,,5
10618,st-hilda,2014,taken,106,16,40,54,54,0,0,270,3
10619,st-hilda,2014,vacancy,0,0,0,54,54,0,0,270,1
10620,st-hilda,2015,applied,0,0,0,50,107,0,0,0,2
10621,st-hilda,2015,ballot,,,,,,,,,4
10622,st-hilda,2015,odds,,,,0.88,0.411214953271028,,,,5
10623,st-hilda,2015,taken,119,21,43,43,44,0,0,270,3
10624,st-hilda,2015,vacancy,0,0,0,44,44,0,0,270,1
10625,st-hilda,2016,applied,0,0,0,53,111,0,0,0,2
10626,st-hilda,2016,ballot,,,,,,,,,4
10627,st-hilda,2016,odds,,,,0.962264150943396,0.468468468468468,,,,5
10628,st-hilda,2016,taken,119,22,28,49,52,0,0,270,3
10629,st-hilda,2016,vacancy,0,0,0,51,52,0,0,270,1
10630,st-hilda,2017,applied,0,0,0,58,84,0,0,0,2
10631,st-hilda,2017,ballot,,,,,,,,,4
10632,st-hilda,2017,odds,,,,0.603448275862069,0.404761904761905,,,,5
10633,st-hilda,2017,taken,131,34,36,35,34,0,0,270,3
10634,st-hilda,2017,vacancy,0,0,0,35,34,0,0,270,1
10635,st-hilda,2018,applied,0,0,0,40,102,0,0,0,2
10636,st-hilda,2018,ballot,,,,,,,,,4
10637,st-hilda,2018,odds,,,,0.5,0.205882352941176,,,,5
10638,st-hilda,2018,taken,153,39,38,19,21,0,0,270,3
10639,st-hilda,2018,vacancy,0,0,0,20,21,0,0,270,1
10640,st-hilda,2019,applied,94,42,23,45,110,0,0,0,2
10641,st-hilda,2019,ballot,,,,,SC<1,,,,4
10642,st-hilda,2019,odds,,,,,0.618181818181818,,,,5
10643,st-hilda,2019,taken,94,42,23,45,68,0,0,272,3
10644,st-hilda,2019,vacancy,230,136,95,56,68,0,0,270,1
10645,st-hilda,2020,applied,141,70,36,37,79,0,0,0,2
10646,st-hilda,2020,ballot,,,SC>2,SC<1,SC<1,,,,4
10647,st-hilda,2020,odds,,,0.527777777777778,0.540540540540541,0.278481012658228,,,,5
10648,st-hilda,2020,taken,141,70,19,20,22,0,0,272,3
10649,st-hilda,2020,vacancy,230,89,19,20,22,0,0,270,1
10650,st-hilda,2021,applied,133,67,33,51,118,0,0,0,2
10651,st-hilda,2021,ballot,,,SC>2,SC<1,SC<1,,,,4
10652,st-hilda,2021,odds,,,0.909090909090909,0.411764705882353,0.169491525423729,,,,5
10653,st-hilda,2021,taken,133,67,30,21,20,0,0,271,3
10654,st-hilda,2021,vacancy,230,97,30,21,20,0,0,270,1
10655,st-hilda,2022,applied,141,94,0,40,144,0,0,0,2
10656,st-hilda,2022,ballot,,SC>2,,SC<1,SC<1,,,,4
10657,st-hilda,2022,odds,,0.734042553191489,,0.5,0.284722222222222,,,,5
10658,st-hilda,2022,taken,141,69,0,20,41,0,0,271,3
10659,st-hilda,2022,vacancy,210,69,0,20,41,0,0,270,1
10660,st-hilda,2023,applied,107,113,0,36,136,0,0,0,2
10661,st-hilda,2023,ballot,,SC>2,,SC<1,SC<1,,,,4
10662,st-hilda,2023,odds,,0.911504424778761,,0.555555555555556,0.294117647058824,,,,5
10663,st-hilda,2023,taken,107,103,0,20,40,0,0,270,3
10664,st-hilda,2023,vacancy,210,103,0,20,40,0,0,270,1
10665,st-joseph-institution-junior,2009,applied,0,0,0,71,75,0,0,0,2
10666,st-joseph-institution-junior,2009,ballot,,,,,,,,,4
10667,st-joseph-institution-junior,2009,odds,,,,0.816901408450704,0.786666666666667,,,,5
10668,st-joseph-institution-junior,2009,taken,63,0,62,58,59,0,0,242,3
10669,st-joseph-institution-junior,2009,vacancy,0,0,0,58,59,0,0,240,1
10670,st-joseph-institution-junior,2010,applied,0,0,0,80,82,0,0,0,2
10671,st-joseph-institution-junior,2010,ballot,,,,,,,,,4
10672,st-joseph-institution-junior,2010,odds,,,,0.7625,0.75609756097561,,,,5
10673,st-joseph-institution-junior,2010,taken,55,0,61,62,62,0,0,240,3
10674,st-joseph-institution-junior,2010,vacancy,0,0,0,61,62,0,0,240,1
10675,st-joseph-institution-junior,2011,applied,0,0,0,77,80,0,0,0,2
10676,st-joseph-institution-junior,2011,ballot,,,,,,,,,4
10677,st-joseph-institution-junior,2011,odds,,,,0.649350649350649,0.6375,,,,5
10678,st-joseph-institution-junior,2011,taken,76,0,65,48,51,0,0,240,3
10679,st-joseph-institution-junior,2011,vacancy,0,0,0,50,51,0,0,240,1
10680,st-joseph-institution-junior,2012,applied,0,0,0,81,89,0,0,0,2
10681,st-joseph-institution-junior,2012,ballot,,,,,,,,,4
10682,st-joseph-institution-junior,2012,odds,,,,0.740740740740741,0.662921348314607,,,,5
10683,st-joseph-institution-junior,2012,taken,61,0,60,60,59,0,0,240,3
10684,st-joseph-institution-junior,2012,vacancy,0,0,0,60,59,0,0,240,1
10685,st-joseph-institution-junior,2013,applied,0,0,0,80,77,0,0,0,2
10686,st-joseph-institution-junior,2013,ballot,,,,,,,,,4
10687,st-joseph-institution-junior,2013,odds,,,,0.7,0.714285714285714,,,,5
10688,st-joseph-institution-junior,2013,taken,43,0,86,56,55,0,0,240,3
10689,st-joseph-institution-junior,2013,vacancy,0,0,0,56,55,0,0,240,1
10690,st-joseph-institution-junior,2014,applied,0,0,0,79,79,0,0,0,2
10691,st-joseph-institution-junior,2014,ballot,,,,,,,,,4
10692,st-joseph-institution-junior,2014,odds,,,,0.734177215189873,0.721518987341772,,,,5
10693,st-joseph-institution-junior,2014,taken,66,12,47,58,57,0,0,240,3
10694,st-joseph-institution-junior,2014,vacancy,0,0,0,58,57,0,0,240,1
10695,st-joseph-institution-junior,2015,applied,0,0,0,72,83,0,0,0,2
10696,st-joseph-institution-junior,2015,ballot,,,,,,,,,4
10697,st-joseph-institution-junior,2015,odds,,,,0.791666666666667,0.734939759036145,,,,5
10698,st-joseph-institution-junior,2015,taken,64,38,25,52,61,0,0,240,3
10699,st-joseph-institution-junior,2015,vacancy,0,0,0,57,61,0,0,240,1
10700,st-joseph-institution-junior,2016,applied,0,0,0,74,88,0,0,0,2
10701,st-joseph-institution-junior,2016,ballot,,,,,,,,,4
10702,st-joseph-institution-junior,2016,odds,,,,0.783783783783784,0.681818181818182,,,,5
10703,st-joseph-institution-junior,2016,taken,57,41,26,56,60,0,0,240,3
10704,st-joseph-institution-junior,2016,vacancy,0,0,0,58,60,0,0,240,1
10705,st-joseph-institution-junior,2017,applied,0,0,0,82,74,0,0,0,2
10706,st-joseph-institution-junior,2017,ballot,,,,,,,,,4
10707,st-joseph-institution-junior,2017,odds,,,,0.719512195121951,0.783783783783784,,,,5
10708,st-joseph-institution-junior,2017,taken,75,29,19,59,58,0,0,240,3
10709,st-joseph-institution-junior,2017,vacancy,0,0,0,59,58,0,0,240,1
10710,st-joseph-institution-junior,2018,applied,0,0,0,81,84,0,0,0,2
10711,st-joseph-institution-junior,2018,ballot,,,,,,,,,4
10712,st-joseph-institution-junior,2018,odds,,,,0.641975308641975,0.607142857142857,,,,5
10713,st-joseph-institution-junior,2018,taken,65,42,30,52,51,0,0,240,3
10714,st-joseph-institution-junior,2018,vacancy,0,0,0,52,51,0,0,240,1
10715,st-joseph-institution-junior,2019,applied,58,46,16,83,89,0,0,0,2
10716,st-joseph-institution-junior,2019,ballot,,,,SC>2,SC1-2,,,,4
10717,st-joseph-institution-junior,2019,odds,,,,0.72289156626506,0.696629213483146,,,,5
10718,st-joseph-institution-junior,2019,taken,58,46,16,60,62,0,0,242,3
10719,st-joseph-institution-junior,2019,vacancy,200,142,96,60,62,0,0,240,1
10720,st-joseph-institution-junior,2020,applied,60,47,18,82,75,0,0,0,2
10721,st-joseph-institution-junior,2020,ballot,,,,SC>2,SC<1,,,,4
10722,st-joseph-institution-junior,2020,odds,,,,0.707317073170732,0.76,,,,5
10723,st-joseph-institution-junior,2020,taken,60,47,18,58,57,0,0,240,3
10724,st-joseph-institution-junior,2020,vacancy,200,140,93,58,57,0,0,240,1
10725,st-joseph-institution-junior,2021,applied,62,43,18,98,85,0,0,0,2
10726,st-joseph-institution-junior,2021,ballot,,,,SC>2,SC1-2,,,,4
10727,st-joseph-institution-junior,2021,odds,,,,0.602040816326531,0.694117647058824,,,,5
10728,st-joseph-institution-junior,2021,taken,62,43,18,59,59,0,0,241,3
10729,st-joseph-institution-junior,2021,vacancy,200,138,95,59,59,0,0,240,1
10730,st-joseph-institution-junior,2022,applied,73,56,0,84,106,0,0,0,2
10731,st-joseph-institution-junior,2022,ballot,,,,SC1-2,SC1-2,,,,4
10732,st-joseph-institution-junior,2022,odds,,,,0.452380952380952,0.735849056603774,,,,5
10733,st-joseph-institution-junior,2022,taken,73,56,0,38,78,0,0,245,3
10734,st-joseph-institution-junior,2022,vacancy,180,107,0,38,78,0,0,240,1
10735,st-joseph-institution-junior,2023,applied,53,56,0,85,98,0,0,0,2
10736,st-joseph-institution-junior,2023,ballot,,,,SC1-2,SC>2,,,,4
10737,st-joseph-institution-junior,2023,odds,,,,0.517647058823529,0.897959183673469,,,,5
10738,st-joseph-institution-junior,2023,taken,53,56,0,44,88,0,0,241,3
10739,st-joseph-institution-junior,2023,vacancy,180,127,0,44,88,0,0,240,1
10740,st-margaret,2009,applied,0,0,0,31,132,0,0,0,2
10741,st-margaret,2009,ballot,,,,,,,,,4
10742,st-margaret,2009,odds,,,,1,0.962121212121212,,,,5
10743,st-margaret,2009,taken,36,1,15,31,127,0,0,210,3
10744,st-margaret,2009,vacancy,0,0,0,79,127,0,0,210,1
10745,st-margaret,2010,applied,0,0,0,32,130,0,0,0,2
10746,st-margaret,2010,ballot,,,,,,,,,4
10747,st-margaret,2010,odds,,,,1,0.823076923076923,,,,5
10748,st-margaret,2010,taken,52,5,14,32,107,0,0,210,3
10749,st-margaret,2010,vacancy,0,0,0,70,107,0,0,210,1
10750,st-margaret,2011,applied,0,0,0,26,137,0,0,0,2
10751,st-margaret,2011,ballot,,,,,,,,,4
10752,st-margaret,2011,odds,,,,1,0.875912408759124,,,,5
10753,st-margaret,2011,taken,43,3,19,26,120,0,0,211,3
10754,st-margaret,2011,vacancy,0,0,0,73,120,0,0,210,1
10755,st-margaret,2012,applied,0,0,0,35,127,0,0,0,2
10756,st-margaret,2012,ballot,,,,,,,,,4
10757,st-margaret,2012,odds,,,,1,0.78740157480315,,,,5
10758,st-margaret,2012,taken,48,5,22,35,100,0,0,210,3
10759,st-margaret,2012,vacancy,0,0,0,68,100,0,0,210,1
10760,st-margaret,2013,applied,0,0,0,58,94,0,0,0,2
10761,st-margaret,2013,ballot,,,,,,,,,4
10762,st-margaret,2013,odds,,,,1,0.797872340425532,,,,5
10763,st-margaret,2013,taken,45,3,29,58,75,0,0,210,3
10764,st-margaret,2013,vacancy,0,0,0,67,75,0,0,210,1
10765,st-margaret,2014,applied,0,0,0,51,95,0,0,0,2
10766,st-margaret,2014,ballot,,,,,,,,,4
10767,st-margaret,2014,odds,,,,1,0.863157894736842,,,,5
10768,st-margaret,2014,taken,55,1,21,51,82,0,0,210,3
10769,st-margaret,2014,vacancy,0,0,0,67,82,0,0,210,1
10770,st-margaret,2015,applied,0,0,0,38,110,0,0,0,2
10771,st-margaret,2015,ballot,,,,,,,,,4
10772,st-margaret,2015,odds,,,,1,0.918181818181818,,,,5
10773,st-margaret,2015,taken,41,6,25,37,101,0,0,210,3
10774,st-margaret,2015,vacancy,0,0,0,69,101,0,0,210,1
10775,st-margaret,2016,applied,0,0,0,34,81,19,0,0,2
10776,st-margaret,2016,ballot,,,,,,,,,4
10777,st-margaret,2016,odds,,,,1,1,1,1,,5
10778,st-margaret,2016,taken,47,8,21,29,81,19,0,205,3
10779,st-margaret,2016,vacancy,0,0,0,67,105,24,5,210,1
10780,st-margaret,2017,applied,0,0,0,32,111,0,0,0,2
10781,st-margaret,2017,ballot,,,,,,,,,4
10782,st-margaret,2017,odds,,,,1,0.891891891891892,,,,5
10783,st-margaret,2017,taken,59,6,18,28,99,0,0,210,3
10784,st-margaret,2017,vacancy,0,0,0,64,99,0,0,210,1
10785,st-margaret,2018,applied,0,0,0,34,99,0,0,0,2
10786,st-margaret,2018,ballot,,,,,,,,,4
10787,st-margaret,2018,odds,,,,1,0.909090909090909,,,,5
10788,st-margaret,2018,taken,51,10,17,32,90,0,0,200,3
10789,st-margaret,2018,vacancy,0,0,0,61,90,0,0,200,1
10790,st-margaret,2019,applied,37,9,17,22,82,35,0,0,2
10791,st-margaret,2019,ballot,,,,,,SC>2,,,4
10792,st-margaret,2019,odds,,,,,,0.742857142857143,,,5
10793,st-margaret,2019,taken,37,9,17,22,82,26,0,193,3
10794,st-margaret,2019,vacancy,152,115,106,65,108,26,0,192,1
10795,st-margaret,2020,applied,44,7,17,28,98,0,0,0,2
10796,st-margaret,2020,ballot,,,,,PR>2,,,,4
10797,st-margaret,2020,odds,,,,,0.989795918367347,,,,5
10798,st-margaret,2020,taken,44,7,17,28,97,0,0,193,3
10799,st-margaret,2020,vacancy,152,108,101,63,97,0,0,192,1
10800,st-margaret,2021,applied,53,19,15,16,110,0,0,0,2
10801,st-margaret,2021,ballot,,,,,SC>2,,,,4
10802,st-margaret,2021,odds,,,,,0.827272727272727,,,,5
10803,st-margaret,2021,taken,53,19,15,16,91,0,0,194,3
10804,st-margaret,2021,vacancy,152,100,81,54,91,0,0,192,1
10805,st-margaret,2022,applied,46,26,0,19,122,0,0,0,2
10806,st-margaret,2022,ballot,,,,,SC>2,,,,4
10807,st-margaret,2022,odds,,,,,0.827868852459016,,,,5
10808,st-margaret,2022,taken,46,26,0,19,101,0,0,192,3
10809,st-margaret,2022,vacancy,132,86,0,40,101,0,0,192,1
10810,st-margaret,2023,applied,26,28,0,17,78,46,0,0,2
10811,st-margaret,2023,ballot,,,,,,PR>2,,,4
10812,st-margaret,2023,odds,,,,,,0.956521739130435,,,5
10813,st-margaret,2023,taken,26,28,0,17,78,44,0,193,3
10814,st-margaret,2023,vacancy,132,106,0,46,122,44,0,192,1
10815,st-stephen,2009,applied,0,0,0,59,101,0,0,0,2
10816,st-stephen,2009,ballot,,,,,,,,,4
10817,st-stephen,2009,odds,,,,1,0.762376237623762,,,,5
10818,st-stephen,2009,taken,42,0,32,59,77,0,0,210,3
10819,st-stephen,2009,vacancy,0,0,0,68,77,0,0,210,1
10820,st-stephen,2010,applied,0,0,0,56,100,0,0,0,2
10821,st-stephen,2010,ballot,,,,,,,,,4
10822,st-stephen,2010,odds,,,,1,0.91,,,,5
10823,st-stephen,2010,taken,39,0,24,56,91,0,0,210,3
10824,st-stephen,2010,vacancy,0,0,0,72,91,0,0,210,1
10825,st-stephen,2011,applied,0,0,0,60,76,0,0,0,2
10826,st-stephen,2011,ballot,,,,,,,,,4
10827,st-stephen,2011,odds,,,,1,0.934210526315789,,,,5
10828,st-stephen,2011,taken,53,0,27,59,71,0,0,210,3
10829,st-stephen,2011,vacancy,0,0,0,65,71,0,0,210,1
10830,st-stephen,2012,applied,0,0,0,52,85,0,0,0,2
10831,st-stephen,2012,ballot,,,,,,,,,4
10832,st-stephen,2012,odds,,,,1,0.823529411764706,,,,5
10833,st-stephen,2012,taken,50,0,38,52,70,0,0,210,3
10834,st-stephen,2012,vacancy,0,0,0,61,70,0,0,210,1
10835,st-stephen,2013,applied,0,0,0,60,86,0,0,0,2
10836,st-stephen,2013,ballot,,,,,,,,,4
10837,st-stephen,2013,odds,,,,1,0.813953488372093,,,,5
10838,st-stephen,2013,taken,38,0,42,60,70,0,0,210,3
10839,st-stephen,2013,vacancy,0,0,0,65,70,0,0,210,1
10840,st-stephen,2014,applied,0,0,0,47,80,0,0,0,2
10841,st-stephen,2014,ballot,,,,,,,,,4
10842,st-stephen,2014,odds,,,,1,0.925,,,,5
10843,st-stephen,2014,taken,56,0,34,46,74,0,0,210,3
10844,st-stephen,2014,vacancy,0,0,0,60,74,0,0,210,1
10845,st-stephen,2015,applied,0,0,0,35,82,0,0,0,2
10846,st-stephen,2015,ballot,,,,,,,,,4
10847,st-stephen,2015,odds,,,,1,0.951219512195122,,,,5
10848,st-stephen,2015,taken,47,0,51,34,78,0,0,210,3
10849,st-stephen,2015,vacancy,0,0,0,56,78,0,0,210,1
10850,st-stephen,2016,applied,0,0,0,33,64,17,0,0,2
10851,st-stephen,2016,ballot,,,,,,,,,4
10852,st-stephen,2016,odds,,,,1,1,1,1,,5
10853,st-stephen,2016,taken,44,0,22,32,64,17,0,179,3
10854,st-stephen,2016,vacancy,0,0,0,72,112,48,31,210,1
10855,st-stephen,2017,applied,0,0,0,31,52,26,0,0,2
10856,st-stephen,2017,ballot,,,,,,,,,4
10857,st-stephen,2017,odds,,,,1,1,1,1,,5
10858,st-stephen,2017,taken,37,0,26,27,52,26,0,168,3
10859,st-stephen,2017,vacancy,0,0,0,74,120,68,42,210,1
10860,st-stephen,2018,applied,0,0,0,35,77,25,0,0,2
10861,st-stephen,2018,ballot,,,,,,,,,4
10862,st-stephen,2018,odds,,,,1,1,0.76,,,5
10863,st-stephen,2018,taken,40,0,41,33,77,19,0,210,3
10864,st-stephen,2018,vacancy,0,0,0,65,96,19,0,210,1
10865,st-stephen,2019,applied,41,0,22,22,68,37,0,0,2
10866,st-stephen,2019,ballot,,,,,,,,,4
10867,st-stephen,2019,odds,,,,,,,,,5
10868,st-stephen,2019,taken,41,0,22,22,68,37,0,190,3
10869,st-stephen,2019,vacancy,170,129,129,74,126,58,21,210,1
10870,st-stephen,2020,applied,42,1,29,18,74,90,0,0,2
10871,st-stephen,2020,ballot,,,,,,SC>2,,,4
10872,st-stephen,2020,odds,,,,,,0.9,,,5
10873,st-stephen,2020,taken,42,1,29,18,74,81,0,245,3
10874,st-stephen,2020,vacancy,200,158,157,85,154,81,0,240,1
10875,st-stephen,2021,applied,48,3,18,26,77,56,0,0,2
10876,st-stephen,2021,ballot,,,,,,,,,4
10877,st-stephen,2021,odds,,,,,,,,,5
10878,st-stephen,2021,taken,48,3,18,26,77,56,0,228,3
10879,st-stephen,2021,vacancy,200,152,149,86,145,68,12,240,1
10880,st-stephen,2022,applied,35,19,0,23,66,86,0,0,2
10881,st-stephen,2022,ballot,,,,,,,,,4
10882,st-stephen,2022,odds,,,,,,,,,5
10883,st-stephen,2022,taken,35,19,0,23,66,86,0,229,3
10884,st-stephen,2022,vacancy,180,145,0,62,163,97,11,240,1
10885,st-stephen,2023,applied,30,23,0,28,58,66,0,0,2
10886,st-stephen,2023,ballot,,,,,,,,,4
10887,st-stephen,2023,odds,,,,,,,,,5
10888,st-stephen,2023,taken,30,23,0,28,58,66,0,205,3
10889,st-stephen,2023,vacancy,180,150,0,62,160,102,36,240,1
10890,stamford,2009,applied,0,0,0,0,56,17,0,0,2
10891,stamford,2009,ballot,,,,,,,,,4
10892,stamford,2009,odds,,,,1,1,1,1,,5
10893,stamford,2009,taken,41,0,3,0,55,17,0,116,3
10894,stamford,2009,vacancy,0,0,0,68,138,83,61,180,1
10895,stamford,2010,applied,0,0,0,0,54,22,0,0,2
10896,stamford,2010,ballot,,,,,,,,,4
10897,stamford,2010,odds,,,,1,1,1,1,,5
10898,stamford,2010,taken,43,0,7,0,54,22,0,126,3
10899,stamford,2010,vacancy,0,0,0,65,130,77,51,180,1
10900,stamford,2011,applied,0,0,0,0,54,26,0,0,2
10901,stamford,2011,ballot,,,,,,,,,4
10902,stamford,2011,odds,,,,1,1,1,1,,5
10903,stamford,2011,taken,39,0,7,0,54,58,0,158,3
10904,stamford,2011,vacancy,0,0,0,82,165,111,53,210,1
10905,stamford,2012,applied,0,0,0,0,54,17,0,0,2
10906,stamford,2012,ballot,,,,,,,,,4
10907,stamford,2012,odds,,,,1,1,1,1,,5
10908,stamford,2012,taken,45,2,7,0,54,34,0,142,3
10909,stamford,2012,vacancy,0,0,0,63,126,72,38,180,1
10910,stamford,2013,applied,0,0,0,1,54,19,0,0,2
10911,stamford,2013,ballot,,,,,,,,,4
10912,stamford,2013,odds,,,,1,1,1,1,,5
10913,stamford,2013,taken,51,0,11,1,53,34,0,150,3
10914,stamford,2013,vacancy,0,0,0,59,117,66,32,180,1
10915,stamford,2014,applied,0,0,0,1,21,12,0,0,2
10916,stamford,2014,ballot,,,,,,,,,4
10917,stamford,2014,odds,,,,1,1,1,1,,5
10918,stamford,2014,taken,39,0,7,1,21,12,0,80,3
10919,stamford,2014,vacancy,0,0,0,67,133,112,100,180,1
10920,stamford,2015,applied,0,0,0,0,35,4,0,0,2
10921,stamford,2015,ballot,,,,,,,,,4
10922,stamford,2015,odds,,,,1,1,1,1,,5
10923,stamford,2015,taken,46,0,2,0,35,4,0,87,3
10924,stamford,2015,vacancy,0,0,0,51,103,68,64,150,1
10925,stamford,2016,applied,0,0,0,0,30,6,0,0,2
10926,stamford,2016,ballot,,,,,,,,,4
10927,stamford,2016,odds,,,,1,1,1,1,,5
10928,stamford,2016,taken,30,0,7,0,29,6,0,72,3
10929,stamford,2016,vacancy,0,0,0,57,113,84,78,150,1
10930,stamford,2017,applied,0,0,0,0,29,3,0,0,2
10931,stamford,2017,ballot,,,,,,,,,4
10932,stamford,2017,odds,,,,1,1,1,1,,5
10933,stamford,2017,taken,35,0,3,0,28,3,0,69,3
10934,stamford,2017,vacancy,0,0,0,56,112,84,81,150,1
10935,stamford,2018,applied,0,0,0,0,23,12,0,0,2
10936,stamford,2018,ballot,,,,,,,,,4
10937,stamford,2018,odds,,,,1,1,1,1,,5
10938,stamford,2018,taken,26,0,2,0,23,12,0,63,3
10939,stamford,2018,vacancy,0,0,0,76,152,129,117,180,1
10940,stamford,2019,applied,23,0,4,0,29,6,0,0,2
10941,stamford,2019,ballot,,,,,,,,,4
10942,stamford,2019,odds,,,,,,,,,5
10943,stamford,2019,taken,23,0,4,0,29,6,0,62,3
10944,stamford,2019,vacancy,110,87,87,62,124,95,89,150,1
10945,stamford,2020,applied,29,0,6,0,24,9,0,0,2
10946,stamford,2020,ballot,,,,,,,,,4
10947,stamford,2020,odds,,,,,,,,,5
10948,stamford,2020,taken,29,0,6,0,24,9,0,68,3
10949,stamford,2020,vacancy,110,81,81,58,115,92,83,150,1
10950,tampines,2009,applied,0,0,0,0,68,60,0,0,2
10951,tampines,2009,ballot,,,,,,,,,4
10952,tampines,2009,odds,,,,1,1,1,1,,5
10953,tampines,2009,taken,63,0,12,0,67,60,0,202,3
10954,tampines,2009,vacancy,0,0,0,68,135,68,5,210,1
10955,tampines,2010,applied,0,0,0,0,89,46,0,0,2
10956,tampines,2010,ballot,,,,,,,,,4
10957,tampines,2010,odds,,,,1,1,0.847826086956522,,,5
10958,tampines,2010,taken,71,1,11,0,89,39,0,211,3
10959,tampines,2010,vacancy,0,0,0,64,127,39,0,210,1
10960,tampines,2011,applied,0,0,0,2,123,0,0,0,2
10961,tampines,2011,ballot,,,,,,,,,4
10962,tampines,2011,odds,,,,1,0.959349593495935,,,,5
10963,tampines,2011,taken,73,3,14,2,118,0,0,210,3
10964,tampines,2011,vacancy,0,0,0,60,118,0,0,210,1
10965,tampines,2012,applied,0,0,0,7,127,6,0,0,2
10966,tampines,2012,ballot,,,,,,,,,4
10967,tampines,2012,odds,,,,1,1,0.5,,,5
10968,tampines,2012,taken,61,0,13,7,127,3,0,211,3
10969,tampines,2012,vacancy,0,0,0,68,129,3,0,210,1
10970,tampines,2013,applied,0,0,0,7,119,0,0,0,2
10971,tampines,2013,ballot,,,,,,,,,4
10972,tampines,2013,odds,,,,1,0.915966386554622,,,,5
10973,tampines,2013,taken,74,0,20,7,109,0,0,210,3
10974,tampines,2013,vacancy,0,0,0,58,109,0,0,210,1
10975,tampines,2014,applied,0,0,0,5,116,0,0,0,2
10976,tampines,2014,ballot,,,,,,,,,4
10977,tampines,2014,odds,,,,1,0.948275862068966,,,,5
10978,tampines,2014,taken,80,0,15,5,110,0,0,210,3
10979,tampines,2014,vacancy,0,0,0,58,110,0,0,210,1
10980,tampines,2015,applied,0,0,0,4,120,0,0,0,2
10981,tampines,2015,ballot,,,,,,,,,4
10982,tampines,2015,odds,,,,1,0.85,,,,5
10983,tampines,2015,taken,80,0,30,0,102,0,0,212,3
10984,tampines,2015,vacancy,0,0,0,50,102,0,0,210,1
10985,tampines,2016,applied,0,0,0,3,72,0,0,0,2
10986,tampines,2016,ballot,,,,,,,,,4
10987,tampines,2016,odds,,,,1,0.986111111111111,,,,5
10988,tampines,2016,taken,85,0,25,0,71,0,0,181,3
10989,tampines,2016,vacancy,0,0,0,35,71,0,0,180,1
10990,tampines,2017,applied,0,0,0,3,92,0,0,0,2
10991,tampines,2017,ballot,,,,,,,,,4
10992,tampines,2017,odds,,,,1,0.880434782608696,,,,5
10993,tampines,2017,taken,67,1,29,2,81,0,0,180,3
10994,tampines,2017,vacancy,0,0,0,42,81,0,0,180,1
10995,tampines,2018,applied,0,0,0,3,115,0,0,0,2
10996,tampines,2018,ballot,,,,,,,,,4
10997,tampines,2018,odds,,,,1,0.930434782608696,,,,5
10998,tampines,2018,taken,77,0,24,2,107,0,0,210,3
10999,tampines,2018,vacancy,0,0,0,55,107,0,0,210,1
11000,tampines,2019,applied,72,0,18,2,94,0,0,0,2
11001,tampines,2019,ballot,,,,,PR1-2,,,,4
11002,tampines,2019,odds,,,,,0.957446808510638,,,,5
11003,tampines,2019,taken,72,0,18,2,90,0,0,182,3
11004,tampines,2019,vacancy,140,68,69,46,90,0,0,180,1
11005,tampines,2020,applied,95,0,33,1,98,0,0,0,2
11006,tampines,2020,ballot,,,,,SC1-2,,,,4
11007,tampines,2020,odds,,,,,0.846938775510204,,,,5
11008,tampines,2020,taken,95,0,33,1,83,0,0,212,3
11009,tampines,2020,vacancy,170,75,75,41,83,0,0,210,1
11010,tampines,2021,applied,96,1,43,0,105,0,0,0,2
11011,tampines,2021,ballot,,,,,PR1-2,,,,4
11012,tampines,2021,odds,,,,,0.971428571428571,,,,5
11013,tampines,2021,taken,96,1,43,0,102,0,0,242,3
11014,tampines,2021,vacancy,200,104,103,51,102,0,0,240,1
11015,tampines,2022,applied,92,66,0,2,81,19,0,0,2
11016,tampines,2022,ballot,,,,,,SC<1,,,4
11017,tampines,2022,odds,,,,,,0.263157894736842,,,5
11018,tampines,2022,taken,92,66,0,2,81,5,0,246,3
11019,tampines,2022,vacancy,180,89,0,28,86,5,0,240,1
11020,tampines,2023,applied,77,62,0,0,92,53,0,0,2
11021,tampines,2023,ballot,,,,,,SC<1,,,4
11022,tampines,2023,odds,,,,,,0.188679245283019,,,5
11023,tampines,2023,taken,77,62,0,0,92,10,0,241,3
11024,tampines,2023,vacancy,180,103,0,34,102,10,0,240,1
11025,tampines-north,2009,applied,0,0,0,3,82,28,0,0,2
11026,tampines-north,2009,ballot,,,,,,,,,4
11027,tampines-north,2009,odds,,,,1,1,1,1,,5
11028,tampines-north,2009,taken,98,0,10,3,82,28,0,221,3
11029,tampines-north,2009,vacancy,0,0,0,66,129,47,17,240,1
11030,tampines-north,2010,applied,0,0,0,2,58,42,0,0,2
11031,tampines-north,2010,ballot,,,,,,,,,4
11032,tampines-north,2010,odds,,,,1,1,1,1,,5
11033,tampines-north,2010,taken,91,1,8,2,58,42,0,202,3
11034,tampines-north,2010,vacancy,0,0,0,55,108,51,6,210,1
11035,tampines-north,2011,applied,0,0,0,0,56,41,0,0,2
11036,tampines-north,2011,ballot,,,,,,,,,4
11037,tampines-north,2011,odds,,,,1,1,1,1,,5
11038,tampines-north,2011,taken,80,0,9,0,56,41,0,186,3
11039,tampines-north,2011,vacancy,0,0,0,61,121,65,24,210,1
11040,tampines-north,2012,applied,0,0,0,1,76,14,0,0,2
11041,tampines-north,2012,ballot,,,,,,,,,4
11042,tampines-north,2012,odds,,,,1,1,1,1,,5
11043,tampines-north,2012,taken,72,0,11,1,76,16,0,176,3
11044,tampines-north,2012,vacancy,0,0,0,64,127,55,39,210,1
11045,tampines-north,2013,applied,0,0,0,2,63,17,0,0,2
11046,tampines-north,2013,ballot,,,,,,,,,4
11047,tampines-north,2013,odds,,,,1,1,1,1,,5
11048,tampines-north,2013,taken,61,0,16,2,63,22,0,164,3
11049,tampines-north,2013,vacancy,0,0,0,67,131,69,47,210,1
11050,tampines-north,2014,applied,0,0,0,0,64,21,0,0,2
11051,tampines-north,2014,ballot,,,,,,,,,4
11052,tampines-north,2014,odds,,,,1,1,1,1,,5
11053,tampines-north,2014,taken,75,0,9,0,63,21,0,168,3
11054,tampines-north,2014,vacancy,0,0,0,63,126,63,42,210,1
11055,tampines-north,2015,applied,0,0,0,0,85,25,0,0,2
11056,tampines-north,2015,ballot,,,,,,,,,4
11057,tampines-north,2015,odds,,,,1,1,1,1,,5
11058,tampines-north,2015,taken,65,0,6,0,85,25,0,181,3
11059,tampines-north,2015,vacancy,0,0,0,70,139,54,29,210,1
11060,tampines-north,2016,applied,0,0,0,0,51,15,0,0,2
11061,tampines-north,2016,ballot,,,,,,,,,4
11062,tampines-north,2016,odds,,,,1,1,1,1,,5
11063,tampines-north,2016,taken,58,0,7,0,50,15,0,130,3
11064,tampines-north,2016,vacancy,0,0,0,58,115,65,50,180,1
11065,tampines-north,2017,applied,0,0,0,0,79,44,0,0,2
11066,tampines-north,2017,ballot,,,,,,,,,4
11067,tampines-north,2017,odds,,,,1,1,0.909090909090909,,,5
11068,tampines-north,2017,taken,57,0,6,0,78,40,0,181,3
11069,tampines-north,2017,vacancy,0,0,0,59,118,40,0,180,1
11070,tampines-north,2018,applied,0,0,0,0,63,112,0,0,2
11071,tampines-north,2018,ballot,,,,,,,,,4
11072,tampines-north,2018,odds,,,,1,1,0.758928571428571,,,5
11073,tampines-north,2018,taken,50,0,13,0,62,85,0,210,3
11074,tampines-north,2018,vacancy,0,0,0,74,147,85,0,210,1
11075,tampines-north,2019,applied,60,0,9,0,76,33,0,0,2
11076,tampines-north,2019,ballot,,,,,,,,,4
11077,tampines-north,2019,odds,,,,,,,,,5
11078,tampines-north,2019,taken,60,0,9,0,76,33,0,178,3
11079,tampines-north,2019,vacancy,170,110,110,71,141,65,32,210,1
11080,tampines-north,2020,applied,78,1,14,0,82,95,0,0,2
11081,tampines-north,2020,ballot,,,,,,SC1-2,,,4
11082,tampines-north,2020,odds,,,,,,0.694736842105263,,,5
11083,tampines-north,2020,taken,78,1,14,0,82,66,0,241,3
11084,tampines-north,2020,vacancy,200,122,121,74,147,66,0,240,1
11085,tampines-north,2021,applied,74,0,11,0,62,57,0,0,2
11086,tampines-north,2021,ballot,,,,,,,,,4
11087,tampines-north,2021,odds,,,,,,,,,5
11088,tampines-north,2021,taken,74,0,11,0,62,57,0,204,3
11089,tampines-north,2021,vacancy,200,126,126,78,155,93,36,240,1
11090,tampines-north,2022,applied,81,13,0,0,46,48,0,0,2
11091,tampines-north,2022,ballot,,,,,,,,,4
11092,tampines-north,2022,odds,,,,,,,,,5
11093,tampines-north,2022,taken,81,13,0,0,46,48,0,188,3
11094,tampines-north,2022,vacancy,180,99,0,49,146,100,52,240,1
11095,tampines-north,2023,applied,84,18,0,0,47,127,0,0,2
11096,tampines-north,2023,ballot,,,,,,SC1-2,,,4
11097,tampines-north,2023,odds,,,,,,0.716535433070866,,,5
11098,tampines-north,2023,taken,84,18,0,0,47,91,0,240,3
11099,tampines-north,2023,vacancy,180,96,0,46,138,91,0,240,1
11100,tanjong-katong,2009,applied,0,0,0,14,105,41,0,0,2
11101,tanjong-katong,2009,ballot,,,,,,,,,4
11102,tanjong-katong,2009,odds,,,,1,1,1,1,,5
11103,tanjong-katong,2009,taken,104,0,29,14,105,41,0,293,3
11104,tanjong-katong,2009,vacancy,0,0,0,84,159,54,12,300,1
11105,tanjong-katong,2010,applied,0,0,0,12,111,31,0,0,2
11106,tanjong-katong,2010,ballot,,,,,,,,,4
11107,tanjong-katong,2010,odds,,,,1,1,0.516129032258065,,,5
11108,tanjong-katong,2010,taken,109,0,25,11,112,16,0,273,3
11109,tanjong-katong,2010,vacancy,0,0,0,68,125,16,0,270,1
11110,tanjong-katong,2011,applied,0,0,0,7,101,12,0,0,2
11111,tanjong-katong,2011,ballot,,,,,,,,,4
11112,tanjong-katong,2011,odds,,,,1,1,0.583333333333333,,,5
11113,tanjong-katong,2011,taken,98,0,32,7,101,7,0,245,3
11114,tanjong-katong,2011,vacancy,0,0,0,55,107,7,0,240,1
11115,tanjong-katong,2012,applied,0,0,0,3,138,0,0,0,2
11116,tanjong-katong,2012,ballot,,,,,,,,,4
11117,tanjong-katong,2012,odds,,,,1,0.855072463768116,,,,5
11118,tanjong-katong,2012,taken,91,0,29,3,118,0,0,241,3
11119,tanjong-katong,2012,vacancy,0,0,0,60,118,0,0,240,1
11120,tanjong-katong,2013,applied,0,0,0,9,135,25,0,0,2
11121,tanjong-katong,2013,ballot,,,,,,,,,4
11122,tanjong-katong,2013,odds,,,,1,1,0.68,,,5
11123,tanjong-katong,2013,taken,91,0,27,9,134,17,0,278,3
11124,tanjong-katong,2013,vacancy,0,0,0,76,143,17,0,270,1
11125,tanjong-katong,2014,applied,0,0,0,0,124,9,0,0,2
11126,tanjong-katong,2014,ballot,,,,,,,,,4
11127,tanjong-katong,2014,odds,,,,1,0.991935483870968,0.666666666666667,,,5
11128,tanjong-katong,2014,taken,85,0,32,0,117,6,0,240,3
11129,tanjong-katong,2014,vacancy,0,0,0,62,123,6,0,240,1
11130,tanjong-katong,2015,applied,0,0,0,0,93,29,0,0,2
11131,tanjong-katong,2015,ballot,,,,,,,,,4
11132,tanjong-katong,2015,odds,,,,1,1,1,,,5
11133,tanjong-katong,2015,taken,93,0,31,0,92,29,0,245,3
11134,tanjong-katong,2015,vacancy,0,0,0,58,121,29,0,240,1
11135,tanjong-katong,2016,applied,0,0,0,0,99,19,0,0,2
11136,tanjong-katong,2016,ballot,,,,,,,,,4
11137,tanjong-katong,2016,odds,,,,1,1,1,1,,5
11138,tanjong-katong,2016,taken,92,0,28,0,97,19,0,236,3
11139,tanjong-katong,2016,vacancy,0,0,0,60,125,28,9,240,1
11140,tanjong-katong,2017,applied,0,0,0,0,97,23,0,0,2
11141,tanjong-katong,2017,ballot,,,,,,,,,4
11142,tanjong-katong,2017,odds,,,,1,1,1,1,,5
11143,tanjong-katong,2017,taken,77,1,19,0,95,23,0,215,3
11144,tanjong-katong,2017,vacancy,0,0,0,72,147,52,29,240,1
11145,tanjong-katong,2018,applied,0,0,0,4,91,65,0,0,2
11146,tanjong-katong,2018,ballot,,,,,,,,,4
11147,tanjong-katong,2018,odds,,,,1,1,0.876923076923077,,,5
11148,tanjong-katong,2018,taken,70,0,22,0,91,57,0,240,3
11149,tanjong-katong,2018,vacancy,0,0,0,74,148,57,0,240,1
11150,tanjong-katong,2019,applied,72,0,30,4,107,0,0,0,2
11151,tanjong-katong,2019,ballot,,,,,PR<1#,,,,4
11152,tanjong-katong,2019,odds,,,,,0.88785046728972,,,,5
11153,tanjong-katong,2019,taken,72,0,30,4,95,0,0,201,3
11154,tanjong-katong,2019,vacancy,160,88,88,49,95,0,0,200,1
11155,tanjong-katong,2020,applied,80,1,29,3,114,0,0,0,2
11156,tanjong-katong,2020,ballot,,,,,SC>2,,,,4
11157,tanjong-katong,2020,odds,,,,,0.780701754385965,,,,5
11158,tanjong-katong,2020,taken,80,1,29,3,89,0,0,202,3
11159,tanjong-katong,2020,vacancy,160,80,80,46,89,0,0,200,1
11160,tanjong-katong,2021,applied,78,0,35,12,94,0,0,0,2
11161,tanjong-katong,2021,ballot,,,,,SC>2,,,,4
11162,tanjong-katong,2021,odds,,,,,0.829787234042553,,,,5
11163,tanjong-katong,2021,taken,78,0,35,12,78,0,0,203,3
11164,tanjong-katong,2021,vacancy,160,82,82,44,78,0,0,200,1
11165,tanjong-katong,2022,applied,85,27,0,14,98,0,0,0,2
11166,tanjong-katong,2022,ballot,,,,,SC>2,,,,4
11167,tanjong-katong,2022,odds,,,,,0.76530612244898,,,,5
11168,tanjong-katong,2022,taken,85,27,0,14,75,0,0,201,3
11169,tanjong-katong,2022,vacancy,140,55,0,30,75,0,0,200,1
11170,tanjong-katong,2023,applied,71,33,0,13,108,0,0,0,2
11171,tanjong-katong,2023,ballot,,,,,SC1-2,,,,4
11172,tanjong-katong,2023,odds,,,,,0.805555555555556,,,,5
11173,tanjong-katong,2023,taken,71,33,0,13,87,0,0,204,3
11174,tanjong-katong,2023,vacancy,140,69,0,32,87,0,0,200,1
11175,tao-nan,2009,applied,0,0,0,107,103,0,0,0,2
11176,tao-nan,2009,ballot,,,,,,,,,4
11177,tao-nan,2009,odds,,,,0.766355140186916,0.796116504854369,,,,5
11178,tao-nan,2009,taken,147,13,36,82,82,0,0,360,3
11179,tao-nan,2009,vacancy,0,0,0,82,82,0,0,360,1
11180,tao-nan,2010,applied,0,0,0,114,99,0,0,0,2
11181,tao-nan,2010,ballot,,,,,,,,,4
11182,tao-nan,2010,odds,,,,0.543859649122807,0.626262626262626,,,,5
11183,tao-nan,2010,taken,158,17,60,63,62,0,0,360,3
11184,tao-nan,2010,vacancy,0,0,0,62,62,0,0,360,1
11185,tao-nan,2011,applied,0,0,0,84,88,0,0,0,2
11186,tao-nan,2011,ballot,,,,,,,,,4
11187,tao-nan,2011,odds,,,,0.55952380952381,0.556818181818182,,,,5
11188,tao-nan,2011,taken,185,23,58,47,49,0,0,362,3
11189,tao-nan,2011,vacancy,0,0,0,47,49,0,0,360,1
11190,tao-nan,2012,applied,0,0,0,80,79,0,0,0,2
11191,tao-nan,2012,ballot,,,,,,,,,4
11192,tao-nan,2012,odds,,,,0.6625,0.670886075949367,,,,5
11193,tao-nan,2012,taken,167,31,56,53,53,0,0,360,3
11194,tao-nan,2012,vacancy,0,0,0,53,53,0,0,360,1
11195,tao-nan,2013,applied,0,0,0,66,49,0,0,0,2
11196,tao-nan,2013,ballot,,,,,,,,,4
11197,tao-nan,2013,odds,,,,0.621212121212121,0.816326530612245,,,,5
11198,tao-nan,2013,taken,187,35,57,41,40,0,0,360,3
11199,tao-nan,2013,vacancy,0,0,0,41,40,0,0,360,1
11200,tao-nan,2014,applied,0,0,0,64,65,0,0,0,2
11201,tao-nan,2014,ballot,,,,,,,,,4
11202,tao-nan,2014,odds,,,,0.65625,0.646153846153846,,,,5
11203,tao-nan,2014,taken,177,36,64,41,42,0,0,360,3
11204,tao-nan,2014,vacancy,0,0,0,42,42,0,0,360,1
11205,tao-nan,2015,applied,0,0,0,58,63,0,0,0,2
11206,tao-nan,2015,ballot,,,,,,,,,4
11207,tao-nan,2015,odds,,,,0.482758620689655,0.492063492063492,,,,5
11208,tao-nan,2015,taken,185,70,50,24,31,0,0,360,3
11209,tao-nan,2015,vacancy,0,0,0,28,31,0,0,360,1
11210,tao-nan,2016,applied,0,0,0,48,73,0,0,0,2
11211,tao-nan,2016,ballot,,,,,,,,,4
11212,tao-nan,2016,odds,,,,0.9375,0.657534246575342,,,,5
11213,tao-nan,2016,taken,146,75,49,42,48,0,0,360,3
11214,tao-nan,2016,vacancy,0,0,0,45,48,0,0,360,1
11215,tao-nan,2017,applied,0,0,0,47,59,0,0,0,2
11216,tao-nan,2017,ballot,,,,,,,,,4
11217,tao-nan,2017,odds,,,,0.936170212765957,0.745762711864407,,,,5
11218,tao-nan,2017,taken,153,79,41,43,44,0,0,360,3
11219,tao-nan,2017,vacancy,0,0,0,44,44,0,0,360,1
11220,tao-nan,2018,applied,0,0,0,55,55,0,0,0,2
11221,tao-nan,2018,ballot,,,,,,,,,4
11222,tao-nan,2018,odds,,,,0.763636363636364,0.8,,,,5
11223,tao-nan,2018,taken,162,87,27,40,44,0,0,360,3
11224,tao-nan,2018,vacancy,0,0,0,42,44,0,0,360,1
11225,tao-nan,2019,applied,159,110,24,36,62,0,0,0,2
11226,tao-nan,2019,ballot,,,,SC<1#,SC<1,,,,4
11227,tao-nan,2019,odds,,,,0.972222222222222,0.580645161290323,,,,5
11228,tao-nan,2019,taken,159,110,24,35,36,0,0,364,3
11229,tao-nan,2019,vacancy,320,161,51,35,36,0,0,360,1
11230,tao-nan,2020,applied,171,109,41,53,75,0,0,0,2
11231,tao-nan,2020,ballot,,,,SC<1,SC<1,,,,4
11232,tao-nan,2020,odds,,,,0.377358490566038,0.28,,,,5
11233,tao-nan,2020,taken,171,109,41,20,21,0,0,362,3
11234,tao-nan,2020,vacancy,320,150,41,20,21,0,0,360,1
11235,tao-nan,2021,applied,174,119,31,57,48,0,0,0,2
11236,tao-nan,2021,ballot,,,SC>2,SC<1,SC<1,,,,4
11237,tao-nan,2021,odds,,,0.870967741935484,0.350877192982456,0.479166666666667,,,,5
11238,tao-nan,2021,taken,174,119,27,20,23,0,0,363,3
11239,tao-nan,2021,vacancy,320,146,27,20,23,0,0,360,1
11240,tao-nan,2022,applied,164,127,0,61,99,0,0,0,2
11241,tao-nan,2022,ballot,,,,SC<1,SC<1,,,,4
11242,tao-nan,2022,odds,,,,0.377049180327869,0.474747474747475,,,,5
11243,tao-nan,2022,taken,164,127,0,23,47,0,0,361,3
11244,tao-nan,2022,vacancy,300,136,0,23,47,0,0,360,1
11245,tao-nan,2023,applied,183,138,0,68,95,0,0,0,2
11246,tao-nan,2023,ballot,,SC>2,,SC<1,SC<1,,,,4
11247,tao-nan,2023,odds,,0.847826086956522,,0.294117647058824,0.431578947368421,,,,5
11248,tao-nan,2023,taken,183,117,0,20,41,0,0,361,3
11249,tao-nan,2023,vacancy,300,117,0,20,41,0,0,360,1
11250,teck-ghee,2009,applied,0,0,0,3,86,12,0,0,2
11251,teck-ghee,2009,ballot,,,,,,,,,4
11252,teck-ghee,2009,odds,,,,1,1,1,,,5
11253,teck-ghee,2009,taken,72,0,8,3,86,12,0,181,3
11254,teck-ghee,2009,vacancy,0,0,0,50,98,12,0,180,1
11255,teck-ghee,2010,applied,0,0,0,0,107,27,0,0,2
11256,teck-ghee,2010,ballot,,,,,,,,,4
11257,teck-ghee,2010,odds,,,,1,1,1,,,5
11258,teck-ghee,2010,taken,57,1,12,0,107,27,0,204,3
11259,teck-ghee,2010,vacancy,0,0,0,70,140,34,0,210,1
11260,teck-ghee,2011,applied,0,0,0,2,137,20,0,0,2
11261,teck-ghee,2011,ballot,,,,,,,,,4
11262,teck-ghee,2011,odds,,,,1,1,0.65,,,5
11263,teck-ghee,2011,taken,62,0,26,2,137,13,0,240,3
11264,teck-ghee,2011,vacancy,0,0,0,76,150,13,0,240,1
11265,teck-ghee,2012,applied,0,0,0,2,149,0,0,0,2
11266,teck-ghee,2012,ballot,,,,,,,,,4
11267,teck-ghee,2012,odds,,,,1,0.979865771812081,,,,5
11268,teck-ghee,2012,taken,74,0,18,2,146,0,0,240,3
11269,teck-ghee,2012,vacancy,0,0,0,74,146,0,0,240,1
11270,teck-ghee,2013,applied,0,0,0,8,152,0,0,0,2
11271,teck-ghee,2013,ballot,,,,,,,,,4
11272,teck-ghee,2013,odds,,,,1,0.855263157894737,,,,5
11273,teck-ghee,2013,taken,84,0,18,8,130,0,0,240,3
11274,teck-ghee,2013,vacancy,0,0,0,69,130,0,0,240,1
11275,teck-ghee,2014,applied,0,0,0,6,131,0,0,0,2
11276,teck-ghee,2014,ballot,,,,,,,,,4
11277,teck-ghee,2014,odds,,,,1,0.938931297709924,,,,5
11278,teck-ghee,2014,taken,88,0,23,6,123,0,0,240,3
11279,teck-ghee,2014,vacancy,0,0,0,65,123,0,0,240,1
11280,teck-ghee,2015,applied,0,0,0,6,136,5,0,0,2
11281,teck-ghee,2015,ballot,,,,,,,,,4
11282,teck-ghee,2015,odds,,,,1,1,1,,,5
11283,teck-ghee,2015,taken,78,0,17,5,135,5,0,240,3
11284,teck-ghee,2015,vacancy,0,0,0,73,140,5,0,240,1
11285,teck-ghee,2016,applied,0,0,0,5,110,0,0,0,2
11286,teck-ghee,2016,ballot,,,,,,,,,4
11287,teck-ghee,2016,odds,,,,1,0.881818181818182,,,,5
11288,teck-ghee,2016,taken,89,0,20,4,97,0,0,210,3
11289,teck-ghee,2016,vacancy,0,0,0,51,97,0,0,210,1
11290,teck-ghee,2017,applied,0,0,0,5,122,0,0,0,2
11291,teck-ghee,2017,ballot,,,,,,,,,4
11292,teck-ghee,2017,odds,,,,1,0.721311475409836,,,,5
11293,teck-ghee,2017,taken,95,0,23,4,88,0,0,210,3
11294,teck-ghee,2017,vacancy,0,0,0,46,88,0,0,210,1
11295,teck-ghee,2018,applied,0,0,0,16,114,0,0,0,2
11296,teck-ghee,2018,ballot,,,,,,,,,4
11297,teck-ghee,2018,odds,,,,1,0.745614035087719,,,,5
11298,teck-ghee,2018,taken,85,0,25,15,85,0,0,210,3
11299,teck-ghee,2018,vacancy,0,0,0,50,85,0,0,210,1
11300,teck-ghee,2019,applied,65,0,23,11,86,0,0,0,2
11301,teck-ghee,2019,ballot,,,,,PR<1#,,,,4
11302,teck-ghee,2019,odds,,,,,0.965116279069767,,,,5
11303,teck-ghee,2019,taken,65,0,23,11,83,0,0,182,3
11304,teck-ghee,2019,vacancy,140,75,76,47,83,0,0,180,1
11305,teck-ghee,2020,applied,74,0,26,14,119,0,0,0,2
11306,teck-ghee,2020,ballot,,,,,SC1-2,,,,4
11307,teck-ghee,2020,odds,,,,,0.80672268907563,,,,5
11308,teck-ghee,2020,taken,74,0,26,14,96,0,0,210,3
11309,teck-ghee,2020,vacancy,170,96,96,55,96,0,0,210,1
11310,teck-ghee,2021,applied,77,0,16,9,93,29,0,0,2
11311,teck-ghee,2021,ballot,,,,,,SC1-2,,,4
11312,teck-ghee,2021,odds,,,,,,0.620689655172414,,,5
11313,teck-ghee,2021,taken,77,0,16,9,93,18,0,213,3
11314,teck-ghee,2021,vacancy,170,93,93,59,110,18,0,210,1
11315,teck-ghee,2022,applied,73,13,0,6,92,26,0,0,2
11316,teck-ghee,2022,ballot,,,,,,,,,4
11317,teck-ghee,2022,odds,,,,,,,,,5
11318,teck-ghee,2022,taken,73,13,0,6,92,26,0,210,3
11319,teck-ghee,2022,vacancy,150,77,0,41,118,26,0,210,1
11320,teck-ghee,2023,applied,76,16,0,5,64,22,0,0,2
11321,teck-ghee,2023,ballot,,,,,,SC#,,,4
11322,teck-ghee,2023,odds,,,,,,0.909090909090909,,,5
11323,teck-ghee,2023,taken,76,16,0,5,64,20,0,181,3
11324,teck-ghee,2023,vacancy,120,44,0,29,84,20,0,180,1
11325,teck-whye,2009,applied,0,0,0,0,34,43,0,0,2
11326,teck-whye,2009,ballot,,,,,,,,,4
11327,teck-whye,2009,odds,,,,1,1,1,1,,5
11328,teck-whye,2009,taken,65,0,11,0,34,43,0,153,3
11329,teck-whye,2009,vacancy,0,0,0,82,165,131,77,240,1
11330,teck-whye,2010,applied,0,0,0,1,36,25,0,0,2
11331,teck-whye,2010,ballot,,,,,,,,,4
11332,teck-whye,2010,odds,,,,1,1,1,1,,5
11333,teck-whye,2010,taken,48,1,8,1,36,25,0,119,3
11334,teck-whye,2010,vacancy,0,0,0,92,182,146,55,240,1
11335,teck-whye,2011,applied,0,0,0,1,23,42,0,0,2
11336,teck-whye,2011,ballot,,,,,,,,,4
11337,teck-whye,2011,odds,,,,1,1,1,1,,5
11338,teck-whye,2011,taken,45,0,7,1,23,123,0,199,3
11339,teck-whye,2011,vacancy,0,0,0,94,188,165,42,240,1
11340,teck-whye,2012,applied,0,0,0,1,38,43,0,0,2
11341,teck-whye,2012,ballot,,,,,,,,,4
11342,teck-whye,2012,odds,,,,1,1,1,1,,5
11343,teck-whye,2012,taken,51,0,9,1,37,79,0,177,3
11344,teck-whye,2012,vacancy,0,0,0,90,179,142,63,240,1
11345,teck-whye,2013,applied,0,0,0,0,30,10,0,0,2
11346,teck-whye,2013,ballot,,,,,,,,,4
11347,teck-whye,2013,odds,,,,1,1,1,1,,5
11348,teck-whye,2013,taken,54,0,8,0,30,80,0,172,3
11349,teck-whye,2013,vacancy,0,0,0,74,148,122,42,210,1
11350,teck-whye,2014,applied,0,0,0,0,33,24,0,0,2
11351,teck-whye,2014,ballot,,,,,,,,,4
11352,teck-whye,2014,odds,,,,1,1,1,1,,5
11353,teck-whye,2014,taken,45,1,3,0,31,24,0,104,3
11354,teck-whye,2014,vacancy,0,0,0,81,161,130,106,210,1
11355,teck-whye,2015,applied,0,0,0,0,39,15,0,0,2
11356,teck-whye,2015,ballot,,,,,,,,,4
11357,teck-whye,2015,odds,,,,1,1,1,1,,5
11358,teck-whye,2015,taken,54,0,6,0,39,15,0,114,3
11359,teck-whye,2015,vacancy,0,0,0,60,121,82,67,180,1
11360,teck-whye,2016,applied,0,0,0,0,31,21,0,0,2
11361,teck-whye,2016,ballot,,,,,,,,,4
11362,teck-whye,2016,odds,,,,1,1,1,1,,5
11363,teck-whye,2016,taken,36,0,8,0,30,21,0,95,3
11364,teck-whye,2016,vacancy,0,0,0,68,136,106,85,180,1
11365,teck-whye,2017,applied,0,0,0,0,27,53,0,0,2
11366,teck-whye,2017,ballot,,,,,,,,,4
11367,teck-whye,2017,odds,,,,1,1,1,1,,5
11368,teck-whye,2017,taken,42,0,6,0,27,53,0,128,3
11369,teck-whye,2017,vacancy,0,0,0,66,133,106,53,180,1
11370,teck-whye,2018,applied,0,0,0,0,33,58,0,0,2
11371,teck-whye,2018,ballot,,,,,,,,,4
11372,teck-whye,2018,odds,,,,1,1,1,1,,5
11373,teck-whye,2018,taken,47,0,4,0,32,58,0,141,3
11374,teck-whye,2018,vacancy,0,0,0,65,129,97,39,180,1
11375,teck-whye,2019,applied,56,0,8,0,14,28,0,0,2
11376,teck-whye,2019,ballot,,,,,,,,,4
11377,teck-whye,2019,odds,,,,,,,,,5
11378,teck-whye,2019,taken,56,0,8,0,14,28,0,106,3
11379,teck-whye,2019,vacancy,170,114,114,73,146,132,104,210,1
11380,teck-whye,2020,applied,47,0,10,0,23,73,0,0,2
11381,teck-whye,2020,ballot,,,,,,,,,4
11382,teck-whye,2020,odds,,,,,,,,,5
11383,teck-whye,2020,taken,47,0,10,0,23,73,0,153,3
11384,teck-whye,2020,vacancy,200,152,152,91,183,161,88,240,1
11385,teck-whye,2021,applied,56,0,9,0,12,42,0,0,2
11386,teck-whye,2021,ballot,,,,,,,,,4
11387,teck-whye,2021,odds,,,,,,,,,5
11388,teck-whye,2021,taken,56,0,9,0,12,42,0,119,3
11389,teck-whye,2021,vacancy,200,144,144,88,175,163,121,240,1
11390,teck-whye,2022,applied,58,12,0,0,27,43,0,0,2
11391,teck-whye,2022,ballot,,,,,,,,,4
11392,teck-whye,2022,odds,,,,,,,,,5
11393,teck-whye,2022,taken,58,12,0,0,27,43,0,140,3
11394,teck-whye,2022,vacancy,180,123,0,57,172,145,102,240,1
11395,teck-whye,2023,applied,44,21,0,2,19,26,0,0,2
11396,teck-whye,2023,ballot,,,,,,,,,4
11397,teck-whye,2023,odds,,,,,,,,,5
11398,teck-whye,2023,taken,44,21,0,2,19,26,0,112,3
11399,teck-whye,2023,vacancy,150,106,0,48,143,124,98,210,1
11400,telok-kurau,2009,applied,0,0,0,3,106,0,0,0,2
11401,telok-kurau,2009,ballot,,,,,,,,,4
11402,telok-kurau,2009,odds,,,,1,0.971698113207547,,,,5
11403,telok-kurau,2009,taken,120,0,14,3,103,0,0,240,3
11404,telok-kurau,2009,vacancy,0,0,0,53,103,0,0,240,1
11405,telok-kurau,2010,applied,0,0,0,1,105,0,0,0,2
11406,telok-kurau,2010,ballot,,,,,,,,,4
11407,telok-kurau,2010,odds,,,,1,0.904761904761905,,,,5
11408,telok-kurau,2010,taken,95,0,19,1,95,0,0,210,3
11409,telok-kurau,2010,vacancy,0,0,0,48,95,0,0,210,1
11410,telok-kurau,2011,applied,0,0,0,1,106,9,0,0,2
11411,telok-kurau,2011,ballot,,,,,,,,,4
11412,telok-kurau,2011,odds,,,,1,1,0.888888888888889,,,5
11413,telok-kurau,2011,taken,89,0,8,1,105,8,0,211,3
11414,telok-kurau,2011,vacancy,0,0,0,57,113,8,0,210,1
11415,telok-kurau,2012,applied,0,0,0,1,112,0,0,0,2
11416,telok-kurau,2012,ballot,,,,,,,,,4
11417,telok-kurau,2012,odds,,,,1,0.910714285714286,,,,5
11418,telok-kurau,2012,taken,89,0,18,1,102,0,0,210,3
11419,telok-kurau,2012,vacancy,0,0,0,52,102,0,0,210,1
11420,telok-kurau,2013,applied,0,0,0,2,110,0,0,0,2
11421,telok-kurau,2013,ballot,,,,,,,,,4
11422,telok-kurau,2013,odds,,,,1,0.990909090909091,,,,5
11423,telok-kurau,2013,taken,80,0,19,2,109,0,0,210,3
11424,telok-kurau,2013,vacancy,0,0,0,56,109,0,0,210,1
11425,telok-kurau,2014,applied,0,0,0,0,83,15,0,0,2
11426,telok-kurau,2014,ballot,,,,,,,,,4
11427,telok-kurau,2014,odds,,,,1,1,1,1,,5
11428,telok-kurau,2014,taken,86,0,14,0,80,15,0,195,3
11429,telok-kurau,2014,vacancy,0,0,0,55,110,30,15,210,1
11430,telok-kurau,2015,applied,0,0,0,0,81,6,0,0,2
11431,telok-kurau,2015,ballot,,,,,,,,,4
11432,telok-kurau,2015,odds,,,,1,1,1,1,,5
11433,telok-kurau,2015,taken,75,0,17,0,80,6,0,178,3
11434,telok-kurau,2015,vacancy,0,0,0,59,118,38,32,210,1
11435,telok-kurau,2016,applied,0,0,0,1,84,6,0,0,2
11436,telok-kurau,2016,ballot,,,,,,,,,4
11437,telok-kurau,2016,odds,,,,1,1,1,1,,5
11438,telok-kurau,2016,taken,61,0,19,1,84,6,0,171,3
11439,telok-kurau,2016,vacancy,0,0,0,50,99,15,9,180,1
11440,telok-kurau,2017,applied,0,0,0,0,66,7,0,0,2
11441,telok-kurau,2017,ballot,,,,,,,,,4
11442,telok-kurau,2017,odds,,,,1,1,1,1,,5
11443,telok-kurau,2017,taken,76,0,10,0,66,7,0,159,3
11444,telok-kurau,2017,vacancy,0,0,0,47,94,28,21,180,1
11445,telok-kurau,2018,applied,0,0,0,0,78,11,0,0,2
11446,telok-kurau,2018,ballot,,,,,,,,,4
11447,telok-kurau,2018,odds,,,,1,1,1,1,,5
11448,telok-kurau,2018,taken,66,0,9,0,78,11,0,164,3
11449,telok-kurau,2018,vacancy,0,0,0,83,165,87,76,240,1
11450,telok-kurau,2019,applied,66,0,13,0,63,6,0,0,2
11451,telok-kurau,2019,ballot,,,,,,,,,4
11452,telok-kurau,2019,odds,,,,,,,,,5
11453,telok-kurau,2019,taken,66,0,13,0,63,6,0,148,3
11454,telok-kurau,2019,vacancy,170,104,105,67,134,71,65,210,1
11455,telok-kurau,2020,applied,63,0,7,1,50,39,0,0,2
11456,telok-kurau,2020,ballot,,,,,,,,,4
11457,telok-kurau,2020,odds,,,,,,,,,5
11458,telok-kurau,2020,taken,63,0,7,1,50,39,0,160,3
11459,telok-kurau,2020,vacancy,200,137,137,85,170,121,82,240,1
11460,telok-kurau,2021,applied,99,2,23,1,63,28,0,0,2
11461,telok-kurau,2021,ballot,,,,,,,,,4
11462,telok-kurau,2021,odds,,,,,,,,,5
11463,telok-kurau,2021,taken,99,2,23,1,63,28,0,216,3
11464,telok-kurau,2021,vacancy,180,81,79,48,95,32,4,220,1
11465,telok-kurau,2022,applied,79,28,0,2,72,28,0,0,2
11466,telok-kurau,2022,ballot,,,,,,SC<1,,,4
11467,telok-kurau,2022,odds,,,,,,0.428571428571429,,,5
11468,telok-kurau,2022,taken,79,28,0,2,72,12,0,193,3
11469,telok-kurau,2022,vacancy,130,51,0,28,83,12,0,190,1
11470,telok-kurau,2023,applied,71,33,0,0,56,32,0,0,2
11471,telok-kurau,2023,ballot,,,,,,,,,4
11472,telok-kurau,2023,odds,,,,,,,,,5
11473,telok-kurau,2023,taken,71,33,0,0,56,32,0,192,3
11474,telok-kurau,2023,vacancy,180,109,0,46,138,82,50,240,1
11475,temasek,2009,applied,0,0,0,53,78,0,0,0,2
11476,temasek,2009,ballot,,,,,,,,,4
11477,temasek,2009,odds,,,,1,0.67948717948718,,,,5
11478,temasek,2009,taken,116,5,44,53,53,0,0,271,3
11479,temasek,2009,vacancy,0,0,0,53,53,0,0,270,1
11480,temasek,2010,applied,0,0,0,50,74,0,0,0,2
11481,temasek,2010,ballot,,,,,,,,,4
11482,temasek,2010,odds,,,,1,0.918918918918919,,,,5
11483,temasek,2010,taken,106,8,38,50,68,0,0,270,3
11484,temasek,2010,vacancy,0,0,0,58,68,0,0,270,1
11485,temasek,2011,applied,0,0,0,36,92,0,0,0,2
11486,temasek,2011,ballot,,,,,,,,,4
11487,temasek,2011,odds,,,,0.805555555555556,0.315217391304348,,,,5
11488,temasek,2011,taken,121,9,53,29,29,0,0,241,3
11489,temasek,2011,vacancy,0,0,0,29,29,0,0,240,1
11490,temasek,2012,applied,0,0,0,36,52,0,0,0,2
11491,temasek,2012,ballot,,,,,,,,,4
11492,temasek,2012,odds,,,,0.861111111111111,0.576923076923077,,,,5
11493,temasek,2012,taken,119,12,48,31,30,0,0,240,3
11494,temasek,2012,vacancy,0,0,0,31,30,0,0,240,1
11495,temasek,2013,applied,0,0,0,33,58,0,0,0,2
11496,temasek,2013,ballot,,,,,,,,,4
11497,temasek,2013,odds,,,,0.909090909090909,0.517241379310345,,,,5
11498,temasek,2013,taken,106,13,61,30,30,0,0,240,3
11499,temasek,2013,vacancy,0,0,0,30,30,0,0,240,1
11500,temasek,2014,applied,0,0,0,27,66,0,0,0,2
11501,temasek,2014,ballot,,,,,,,,,4
11502,temasek,2014,odds,,,,0.925925925925926,0.378787878787879,,,,5
11503,temasek,2014,taken,118,18,55,24,25,0,0,240,3
11504,temasek,2014,vacancy,0,0,0,25,25,0,0,240,1
11505,temasek,2015,applied,0,0,0,29,54,0,0,0,2
11506,temasek,2015,ballot,,,,,,,,,4
11507,temasek,2015,odds,,,,1,0.666666666666667,,,,5
11508,temasek,2015,taken,109,30,39,26,36,0,0,240,3
11509,temasek,2015,vacancy,0,0,0,31,36,0,0,240,1
11510,temasek,2016,applied,0,0,0,22,84,0,0,0,2
11511,temasek,2016,ballot,,,,,,,,,4
11512,temasek,2016,odds,,,,1,0.869047619047619,,,,5
11513,temasek,2016,taken,89,27,35,16,73,0,0,240,3
11514,temasek,2016,vacancy,0,0,0,45,73,0,0,240,1
11515,temasek,2017,applied,0,0,0,28,71,0,0,0,2
11516,temasek,2017,ballot,,,,,,,,,4
11517,temasek,2017,odds,,,,1,0.704225352112676,,,,5
11518,temasek,2017,taken,100,26,38,26,50,0,0,240,3
11519,temasek,2017,vacancy,0,0,0,38,50,0,0,240,1
11520,temasek,2018,applied,0,0,0,28,81,0,0,0,2
11521,temasek,2018,ballot,,,,,,,,,4
11522,temasek,2018,odds,,,,1,0.432098765432099,,,,5
11523,temasek,2018,taken,102,35,41,27,35,0,0,240,3
11524,temasek,2018,vacancy,0,0,0,31,35,0,0,240,1
11525,temasek,2019,applied,103,25,32,27,55,0,0,0,2
11526,temasek,2019,ballot,,,,SC1-2,SC<1,,,,4
11527,temasek,2019,odds,,,,0.740740740740741,0.381818181818182,,,,5
11528,temasek,2019,taken,103,25,32,20,21,0,0,201,3
11529,temasek,2019,vacancy,160,57,32,20,21,0,0,200,1
11530,temasek,2020,applied,107,40,45,12,106,0,0,0,2
11531,temasek,2020,ballot,,,SC1-2,,SC<1,,,,4
11532,temasek,2020,odds,,,0.288888888888889,,0.264150943396226,,,,5
11533,temasek,2020,taken,107,40,13,12,28,0,0,200,3
11534,temasek,2020,vacancy,160,53,13,20,28,0,0,200,1
11535,temasek,2021,applied,108,41,35,11,95,0,0,0,2
11536,temasek,2021,ballot,,,SC1-2,,SC<1,,,,4
11537,temasek,2021,odds,,,0.314285714285714,,0.315789473684211,,,,5
11538,temasek,2021,taken,108,41,11,11,30,0,0,201,3
11539,temasek,2021,vacancy,160,52,11,21,30,0,0,200,1
11540,temasek,2022,applied,91,62,0,10,154,0,0,0,2
11541,temasek,2022,ballot,,SC>2,,,SC<1,,,,4
11542,temasek,2022,odds,,0.790322580645161,,,0.331168831168831,,,,5
11543,temasek,2022,taken,91,49,0,10,51,0,0,201,3
11544,temasek,2022,vacancy,140,49,0,20,51,0,0,200,1
11545,temasek,2023,applied,84,59,0,12,116,0,0,0,2
11546,temasek,2023,ballot,,SC>2,,,SC<1,,,,4
11547,temasek,2023,odds,,0.949152542372881,,,0.413793103448276,,,,5
11548,temasek,2023,taken,84,56,0,12,48,0,0,200,3
11549,temasek,2023,vacancy,140,56,0,20,48,0,0,200,1
11550,townsville,2009,applied,0,0,0,0,80,49,0,0,2
11551,townsville,2009,ballot,,,,,,,,,4
11552,townsville,2009,odds,,,,1,1,1,1,,5
11553,townsville,2009,taken,70,0,12,0,79,49,0,210,3
11554,townsville,2009,vacancy,0,0,0,79,158,79,27,240,1
11555,townsville,2010,applied,0,0,0,0,98,54,0,0,2
11556,townsville,2010,ballot,,,,,,,,,4
11557,townsville,2010,odds,,,,1,1,1,,,5
11558,townsville,2010,taken,81,0,8,0,98,54,0,241,3
11559,townsville,2010,vacancy,0,0,0,75,151,54,0,240,1
11560,townsville,2011,applied,0,0,0,1,79,45,0,0,2
11561,townsville,2011,ballot,,,,,,,,,4
11562,townsville,2011,odds,,,,1,1,1,1,,5
11563,townsville,2011,taken,77,1,6,1,79,52,0,216,3
11564,townsville,2011,vacancy,0,0,0,78,156,77,25,240,1
11565,townsville,2012,applied,0,0,0,0,60,34,0,0,2
11566,townsville,2012,ballot,,,,,,,,,4
11567,townsville,2012,odds,,,,1,1,1,1,,5
11568,townsville,2012,taken,73,0,11,0,60,36,0,180,3
11569,townsville,2012,vacancy,0,0,0,63,126,68,32,210,1
11570,townsville,2013,applied,0,0,0,0,84,50,0,0,2
11571,townsville,2013,ballot,,,,,,,,,4
11572,townsville,2013,odds,,,,1,1,1,,,5
11573,townsville,2013,taken,67,0,10,0,82,52,0,211,3
11574,townsville,2013,vacancy,0,0,0,67,133,52,0,210,1
11575,townsville,2014,applied,0,0,0,0,59,32,0,0,2
11576,townsville,2014,ballot,,,,,,,,,4
11577,townsville,2014,odds,,,,1,1,1,1,,5
11578,townsville,2014,taken,58,0,20,0,57,32,0,167,3
11579,townsville,2014,vacancy,0,0,0,66,132,75,43,210,1
11580,townsville,2015,applied,0,0,0,1,48,9,0,0,2
11581,townsville,2015,ballot,,,,,,,,,4
11582,townsville,2015,odds,,,,1,1,1,1,,5
11583,townsville,2015,taken,64,0,8,0,48,9,0,129,3
11584,townsville,2015,vacancy,0,0,0,69,138,90,81,210,1
11585,townsville,2016,applied,0,0,0,0,42,15,0,0,2
11586,townsville,2016,ballot,,,,,,,,,4
11587,townsville,2016,odds,,,,1,1,1,1,,5
11588,townsville,2016,taken,35,0,10,0,42,15,0,102,3
11589,townsville,2016,vacancy,0,0,0,68,136,94,79,180,1
11590,townsville,2017,applied,0,0,0,0,53,44,0,0,2
11591,townsville,2017,ballot,,,,,,,,,4
11592,townsville,2017,odds,,,,1,1,1,1,,5
11593,townsville,2017,taken,46,1,6,0,53,44,0,150,3
11594,townsville,2017,vacancy,0,0,0,64,129,76,32,180,1
11595,townsville,2018,applied,0,0,0,0,39,71,0,0,2
11596,townsville,2018,ballot,,,,,,,,,4
11597,townsville,2018,odds,,,,1,1,1,1,,5
11598,townsville,2018,taken,44,0,8,0,39,71,0,162,3
11599,townsville,2018,vacancy,0,0,0,79,158,119,48,210,1
11600,townsville,2019,applied,60,0,8,0,43,31,0,0,2
11601,townsville,2019,ballot,,,,,,,,,4
11602,townsville,2019,odds,,,,,,,,,5
11603,townsville,2019,taken,60,0,8,0,43,31,0,142,3
11604,townsville,2019,vacancy,140,80,81,57,114,71,40,180,1
11605,townsville,2020,applied,33,0,9,0,38,52,0,0,2
11606,townsville,2020,ballot,,,,,,,,,4
11607,townsville,2020,odds,,,,,,,,,5
11608,townsville,2020,taken,33,0,9,0,38,52,0,132,3
11609,townsville,2020,vacancy,170,137,137,85,170,133,81,210,1
11610,townsville,2021,applied,41,1,15,0,36,28,0,0,2
11611,townsville,2021,ballot,,,,,,,,,4
11612,townsville,2021,odds,,,,,,,,,5
11613,townsville,2021,taken,41,1,15,0,36,28,0,121,3
11614,townsville,2021,vacancy,150,109,108,67,135,101,73,190,1
11615,townsville,2022,applied,42,9,0,3,21,21,0,0,2
11616,townsville,2022,ballot,,,,,,,,,4
11617,townsville,2022,odds,,,,,,,,,5
11618,townsville,2022,taken,42,9,0,3,21,21,0,96,3
11619,townsville,2022,vacancy,120,78,0,43,126,105,84,180,1
11620,townsville,2023,applied,30,17,0,1,27,13,0,0,2
11621,townsville,2023,ballot,,,,,,,,,4
11622,townsville,2023,odds,,,,,,,,,5
11623,townsville,2023,taken,30,17,0,1,27,13,0,88,3
11624,townsville,2023,vacancy,90,61,0,35,104,77,64,150,1
11625,unity,2009,applied,0,0,0,2,100,0,0,0,2
11626,unity,2009,ballot,,,,,,,,,4
11627,unity,2009,odds,,,,1,0.67,,,,5
11628,unity,2009,taken,133,0,8,2,67,0,0,210,3
11629,unity,2009,vacancy,0,0,0,35,67,0,0,210,1
11630,unity,2010,applied,0,0,0,0,126,0,0,0,2
11631,unity,2010,ballot,,,,,,,,,4
11632,unity,2010,odds,,,,1,0.920634920634921,,,,5
11633,unity,2010,taken,86,0,8,0,116,0,0,210,3
11634,unity,2010,vacancy,0,0,0,58,116,0,0,210,1
11635,unity,2011,applied,0,0,0,9,125,0,0,0,2
11636,unity,2011,ballot,,,,,,,,,4
11637,unity,2011,odds,,,,1,0.832,,,,5
11638,unity,2011,taken,92,0,6,9,104,0,0,211,3
11639,unity,2011,vacancy,0,0,0,56,104,0,0,210,1
11640,unity,2012,applied,0,0,0,11,100,20,0,0,2
11641,unity,2012,ballot,,,,,,,,,4
11642,unity,2012,odds,,,,1,1,0.8,,,5
11643,unity,2012,taken,104,0,10,11,100,16,0,241,3
11644,unity,2012,vacancy,0,0,0,63,115,16,0,240,1
11645,unity,2013,applied,0,0,0,15,129,9,0,0,2
11646,unity,2013,ballot,,,,,,,,,4
11647,unity,2013,odds,,,,1,1,0.666666666666667,,,5
11648,unity,2013,taken,81,0,9,15,129,6,0,240,3
11649,unity,2013,vacancy,0,0,0,75,135,6,0,240,1
11650,unity,2014,applied,0,0,0,7,125,0,0,0,2
11651,unity,2014,ballot,,,,,,,,,4
11652,unity,2014,odds,,,,1,0.96,,,,5
11653,unity,2014,taken,99,0,14,7,120,0,0,240,3
11654,unity,2014,vacancy,0,0,0,64,120,0,0,240,1
11655,unity,2015,applied,0,0,0,4,109,19,0,0,2
11656,unity,2015,ballot,,,,,,,,,4
11657,unity,2015,odds,,,,1,1,1,1,,5
11658,unity,2015,taken,94,0,8,3,109,19,0,233,3
11659,unity,2015,vacancy,0,0,0,69,135,26,7,240,1
11660,unity,2016,applied,0,0,0,3,89,5,0,0,2
11661,unity,2016,ballot,,,,,,,,,4
11662,unity,2016,odds,,,,1,1,1,1,,5
11663,unity,2016,taken,89,0,5,3,89,5,0,191,3
11664,unity,2016,vacancy,0,0,0,58,113,24,19,210,1
11665,unity,2017,applied,0,0,0,0,95,6,0,0,2
11666,unity,2017,ballot,,,,,,,,,4
11667,unity,2017,odds,,,,1,1,1,1,,5
11668,unity,2017,taken,95,0,9,0,94,6,0,204,3
11669,unity,2017,vacancy,0,0,0,53,106,12,6,210,1
11670,unity,2018,applied,0,0,0,0,84,13,0,0,2
11671,unity,2018,ballot,,,,,,,,,4
11672,unity,2018,odds,,,,1,1,1,1,,5
11673,unity,2018,taken,91,0,12,0,84,13,0,200,3
11674,unity,2018,vacancy,0,0,0,54,107,23,10,210,1
11675,unity,2019,applied,89,0,13,0,61,5,0,0,2
11676,unity,2019,ballot,,,,,,,,,4
11677,unity,2019,odds,,,,,,,,,5
11678,unity,2019,taken,89,0,13,0,61,5,0,168,3
11679,unity,2019,vacancy,170,81,81,54,108,47,42,210,1
11680,unity,2020,applied,74,0,9,0,83,19,0,0,2
11681,unity,2020,ballot,,,,,,,,,4
11682,unity,2020,odds,,,,,,,,,5
11683,unity,2020,taken,74,0,9,0,83,19,0,185,3
11684,unity,2020,vacancy,200,126,126,79,158,76,57,240,1
11685,unity,2021,applied,77,0,10,0,61,4,0,0,2
11686,unity,2021,ballot,,,,,,,,,4
11687,unity,2021,odds,,,,,,,,,5
11688,unity,2021,taken,77,0,10,0,61,4,0,152,3
11689,unity,2021,vacancy,200,123,123,77,155,94,90,240,1
11690,unity,2022,applied,76,10,0,0,52,9,0,0,2
11691,unity,2022,ballot,,,,,,,,,4
11692,unity,2022,odds,,,,,,,,,5
11693,unity,2022,taken,76,10,0,0,52,9,0,147,3
11694,unity,2022,vacancy,150,74,0,41,124,72,63,210,1
11695,unity,2023,applied,52,10,0,0,44,3,0,0,2
11696,unity,2023,ballot,,,,,,,,,4
11697,unity,2023,odds,,,,,,,,,5
11698,unity,2023,taken,52,10,0,0,44,3,0,109,3
11699,unity,2023,vacancy,90,38,0,29,88,44,41,150,1
11700,valour,2019,applied,0,0,0,3,149,69,0,0,2
11701,valour,2019,ballot,,,,,,PR<1,,,4
11702,valour,2019,odds,,,,,,0.985507246376812,,,5
11703,valour,2019,taken,0,0,0,3,149,68,0,220,3
11704,valour,2019,vacancy,180,180,180,110,217,68,0,220,1
11705,valour,2020,applied,17,0,0,0,207,98,0,0,2
11706,valour,2020,ballot,,,,,,SC<1,,,4
11707,valour,2020,odds,,,,,,0.612244897959184,,,5
11708,valour,2020,taken,17,0,0,0,207,60,0,284,3
11709,valour,2020,vacancy,240,223,223,132,263,60,0,280,1
11710,valour,2021,applied,65,0,71,0,159,0,0,0,2
11711,valour,2021,ballot,,,,,SC<1#,,,,4
11712,valour,2021,odds,,,,,0.905660377358491,,,,5
11713,valour,2021,taken,65,0,71,0,144,0,0,280,3
11714,valour,2021,vacancy,240,175,175,72,144,0,0,280,1
11715,valour,2022,applied,105,77,0,2,120,0,0,0,2
11716,valour,2022,ballot,,,,,SC<1,,,,4
11717,valour,2022,odds,,,,,0.8,,,,5
11718,valour,2022,taken,105,77,0,2,96,0,0,280,3
11719,valour,2022,vacancy,220,115,0,33,96,0,0,280,1
11720,valour,2023,applied,113,82,0,1,102,0,0,0,2
11721,valour,2023,ballot,,,,,SC<1,,,,4
11722,valour,2023,odds,,,,,0.823529411764706,,,,5
11723,valour,2023,taken,113,82,0,1,84,0,0,280,3
11724,valour,2023,vacancy,220,107,0,28,84,0,0,280,1
11725,waterway,2015,applied,0,0,0,0,43,55,0,0,2
11726,waterway,2015,ballot,,,,,,,,,4
11727,waterway,2015,odds,,,,1,1,1,1,,5
11728,waterway,2015,taken,0,0,0,0,43,55,0,98,3
11729,waterway,2015,vacancy,0,0,0,105,210,167,112,210,1
11730,waterway,2016,applied,0,0,0,0,100,36,0,0,2
11731,waterway,2016,ballot,,,,,,,,,4
11732,waterway,2016,odds,,,,1,1,1,1,,5
11733,waterway,2016,taken,9,0,1,0,100,36,0,146,3
11734,waterway,2016,vacancy,0,0,0,115,230,130,94,240,1
11735,waterway,2017,applied,0,0,0,0,187,53,0,0,2
11736,waterway,2017,ballot,,,,,,,,,4
11737,waterway,2017,odds,,,,1,1,1,1,,5
11738,waterway,2017,taken,25,0,0,0,187,53,0,265,3
11739,waterway,2017,vacancy,0,0,0,138,275,88,35,300,1
11740,waterway,2018,applied,0,0,0,5,196,48,0,0,2
11741,waterway,2018,ballot,,,,,,,,,4
11742,waterway,2018,odds,,,,1,1,0.979166666666667,,,5
11743,waterway,2018,taken,73,0,0,4,196,47,0,320,3
11744,waterway,2018,vacancy,0,0,0,124,243,47,0,320,1
11745,waterway,2019,applied,88,0,28,0,140,25,0,0,2
11746,waterway,2019,ballot,,,,,,,,,4
11747,waterway,2019,odds,,,,,,,,,5
11748,waterway,2019,taken,88,0,28,0,140,25,0,281,3
11749,waterway,2019,vacancy,240,152,152,83,165,25,0,280,1
11750,waterway,2020,applied,125,1,62,0,128,0,0,0,2
11751,waterway,2020,ballot,,,,,SC<1,,,,4
11752,waterway,2020,odds,,,,,0.71875,,,,5
11753,waterway,2020,taken,125,1,62,0,92,0,0,280,3
11754,waterway,2020,vacancy,240,115,114,46,92,0,0,280,1
11755,waterway,2021,applied,149,0,82,1,105,0,0,0,2
11756,waterway,2021,ballot,,,,,SC<1,,,,4
11757,waterway,2021,odds,,,,,0.457142857142857,,,,5
11758,waterway,2021,taken,149,0,82,1,48,0,0,280,3
11759,waterway,2021,vacancy,240,91,91,25,48,0,0,280,1
11760,waterway,2022,applied,120,77,0,1,107,0,0,0,2
11761,waterway,2022,ballot,,,,,SC<1,,,,4
11762,waterway,2022,odds,,,,,0.775700934579439,,,,5
11763,waterway,2022,taken,120,77,0,1,83,0,0,281,3
11764,waterway,2022,vacancy,220,100,0,28,83,0,0,280,1
11765,waterway,2023,applied,100,61,0,1,77,30,0,0,2
11766,waterway,2023,ballot,,,,,,,,,4
11767,waterway,2023,odds,,,,,,,,,5
11768,waterway,2023,taken,100,61,0,1,77,30,0,269,3
11769,waterway,2023,vacancy,220,120,0,40,120,43,13,280,1
11770,wellington,2009,applied,0,0,0,1,82,28,0,0,2
11771,wellington,2009,ballot,,,,,,,,,4
11772,wellington,2009,odds,,,,1,1,1,1,,5
11773,wellington,2009,taken,99,0,3,1,82,28,0,213,3
11774,wellington,2009,vacancy,0,0,0,69,141,60,30,240,1
11775,wellington,2010,applied,0,0,0,2,75,45,0,0,2
11776,wellington,2010,ballot,,,,,,,,,4
11777,wellington,2010,odds,,,,1,1,1,1,,5
11778,wellington,2010,taken,87,0,4,2,75,45,0,213,3
11779,wellington,2010,vacancy,0,0,0,75,147,73,25,240,1
11780,wellington,2011,applied,0,0,0,1,77,108,0,0,2
11781,wellington,2011,ballot,,,,,,,,,4
11782,wellington,2011,odds,,,,1,1,0.962962962962963,,,5
11783,wellington,2011,taken,83,0,6,1,77,104,0,271,3
11784,wellington,2011,vacancy,0,0,0,91,181,104,0,270,1
11785,wellington,2012,applied,0,0,0,1,85,52,0,0,2
11786,wellington,2012,ballot,,,,,,,,,4
11787,wellington,2012,odds,,,,1,1,1,1,,5
11788,wellington,2012,taken,73,0,4,1,85,64,0,227,3
11789,wellington,2012,vacancy,0,0,0,97,192,107,43,270,1
11790,wellington,2013,applied,0,0,0,1,116,17,0,0,2
11791,wellington,2013,ballot,,,,,,,,,4
11792,wellington,2013,odds,,,,1,1,0.941176470588235,,,5
11793,wellington,2013,taken,102,0,6,1,115,16,0,240,3
11794,wellington,2013,vacancy,0,0,0,66,131,16,0,240,1
11795,wellington,2014,applied,0,0,0,0,109,12,0,0,2
11796,wellington,2014,ballot,,,,,,,,,4
11797,wellington,2014,odds,,,,1,1,1,1,,5
11798,wellington,2014,taken,76,0,8,0,109,12,0,205,3
11799,wellington,2014,vacancy,0,0,0,78,156,47,35,240,1
11800,wellington,2015,applied,0,0,0,2,82,10,0,0,2
11801,wellington,2015,ballot,,,,,,,,,4
11802,wellington,2015,odds,,,,1,1,1,1,,5
11803,wellington,2015,taken,79,0,10,1,82,10,0,182,3
11804,wellington,2015,vacancy,0,0,0,61,120,38,28,210,1
11805,wellington,2016,applied,0,0,0,0,76,9,0,0,2
11806,wellington,2016,ballot,,,,,,,,,4
11807,wellington,2016,odds,,,,1,1,1,1,,5
11808,wellington,2016,taken,70,0,11,0,76,9,0,166,3
11809,wellington,2016,vacancy,0,0,0,65,129,53,44,210,1
11810,wellington,2017,applied,0,0,0,3,89,13,0,0,2
11811,wellington,2017,ballot,,,,,,,,,4
11812,wellington,2017,odds,,,,1,1,1,1,,5
11813,wellington,2017,taken,92,0,10,3,87,13,0,205,3
11814,wellington,2017,vacancy,0,0,0,54,105,18,5,210,1
11815,wellington,2018,applied,0,0,0,1,99,21,0,0,2
11816,wellington,2018,ballot,,,,,,,,,4
11817,wellington,2018,odds,,,,1,1,1,1,,5
11818,wellington,2018,taken,69,1,7,0,99,21,0,197,3
11819,wellington,2018,vacancy,0,0,0,82,163,64,43,240,1
11820,wellington,2019,applied,65,0,5,0,131,17,0,0,2
11821,wellington,2019,ballot,,,,,,,,,4
11822,wellington,2019,odds,,,,,,,,,5
11823,wellington,2019,taken,65,0,5,0,131,17,0,218,3
11824,wellington,2019,vacancy,200,135,135,85,170,39,22,240,1
11825,wellington,2020,applied,94,0,54,0,116,0,0,0,2
11826,wellington,2020,ballot,,,,,SC1-2,,,,4
11827,wellington,2020,odds,,,,,0.810344827586207,,,,5
11828,wellington,2020,taken,94,0,54,0,94,0,0,242,3
11829,wellington,2020,vacancy,200,106,106,47,94,0,0,240,1
11830,wellington,2021,applied,93,0,48,3,119,0,0,0,2
11831,wellington,2021,ballot,,,,,SC1-2,,,,4
11832,wellington,2021,odds,,,,,0.815126050420168,,,,5
11833,wellington,2021,taken,93,0,48,3,97,0,0,241,3
11834,wellington,2021,vacancy,200,107,107,50,97,0,0,240,1
11835,wellington,2022,applied,101,81,0,4,105,0,0,0,2
11836,wellington,2022,ballot,,PR<1#,,,SC<1,,,,4
11837,wellington,2022,odds,,0.975308641975309,,,0.552380952380952,,,,5
11838,wellington,2022,taken,101,79,0,4,58,0,0,242,3
11839,wellington,2022,vacancy,180,79,0,20,58,0,0,240,1
11840,wellington,2023,applied,108,85,0,6,108,0,0,0,2
11841,wellington,2023,ballot,,SC1-2,,,SC<1,,,,4
11842,wellington,2023,odds,,0.847058823529412,,,0.509259259259259,,,,5
11843,wellington,2023,taken,108,72,0,6,55,0,0,241,3
11844,wellington,2023,vacancy,180,72,0,20,55,0,0,240,1
11845,west-grove,2009,applied,0,0,0,74,256,0,0,0,2
11846,west-grove,2009,ballot,,,,,,,,,4
11847,west-grove,2009,odds,,,,1,0.3671875,,,,5
11848,west-grove,2009,taken,122,0,10,74,94,0,0,300,3
11849,west-grove,2009,vacancy,0,0,0,84,94,0,0,300,1
11850,west-grove,2010,applied,0,0,0,115,266,0,0,0,2
11851,west-grove,2010,ballot,,,,,,,,,4
11852,west-grove,2010,odds,,,,0.643478260869565,0.278195488721804,,,,5
11853,west-grove,2010,taken,143,0,9,74,74,0,0,300,3
11854,west-grove,2010,vacancy,0,0,0,74,74,0,0,300,1
11855,west-grove,2011,applied,0,0,0,35,220,0,0,0,2
11856,west-grove,2011,ballot,,,,,,,,,4
11857,west-grove,2011,odds,,,,1,0.513636363636364,,,,5
11858,west-grove,2011,taken,111,0,13,33,113,0,0,270,3
11859,west-grove,2011,vacancy,0,0,0,73,113,0,0,270,1
11860,west-grove,2012,applied,0,0,0,29,116,0,0,0,2
11861,west-grove,2012,ballot,,,,,,,,,4
11862,west-grove,2012,odds,,,,1,0.801724137931034,,,,5
11863,west-grove,2012,taken,138,0,10,29,93,0,0,270,3
11864,west-grove,2012,vacancy,0,0,0,61,93,0,0,270,1
11865,west-grove,2013,applied,0,0,0,11,137,0,0,0,2
11866,west-grove,2013,ballot,,,,,,,,,4
11867,west-grove,2013,odds,,,,1,0.744525547445255,,,,5
11868,west-grove,2013,taken,146,0,11,11,102,0,0,270,3
11869,west-grove,2013,vacancy,0,0,0,57,102,0,0,270,1
11870,west-grove,2014,applied,0,0,0,12,128,0,0,0,2
11871,west-grove,2014,ballot,,,,,,,,,4
11872,west-grove,2014,odds,,,,1,0.8671875,,,,5
11873,west-grove,2014,taken,107,1,9,12,111,0,0,240,3
11874,west-grove,2014,vacancy,0,0,0,62,111,0,0,240,1
11875,west-grove,2015,applied,0,0,0,15,112,0,0,0,2
11876,west-grove,2015,ballot,,,,,,,,,4
11877,west-grove,2015,odds,,,,1,0.875,,,,5
11878,west-grove,2015,taken,117,0,10,15,98,0,0,240,3
11879,west-grove,2015,vacancy,0,0,0,57,98,0,0,240,1
11880,west-grove,2016,applied,0,0,0,18,132,0,0,0,2
11881,west-grove,2016,ballot,,,,,,,,,4
11882,west-grove,2016,odds,,,,1,0.878787878787879,,,,5
11883,west-grove,2016,taken,87,0,20,17,116,0,0,240,3
11884,west-grove,2016,vacancy,0,0,0,67,116,0,0,240,1
11885,west-grove,2017,applied,0,0,0,15,98,0,0,0,2
11886,west-grove,2017,ballot,,,,,,,,,4
11887,west-grove,2017,odds,,,,1,0.795918367346939,,,,5
11888,west-grove,2017,taken,101,0,16,15,78,0,0,210,3
11889,west-grove,2017,vacancy,0,0,0,47,78,0,0,210,1
11890,west-grove,2018,applied,0,0,0,14,92,0,0,0,2
11891,west-grove,2018,ballot,,,,,,,,,4
11892,west-grove,2018,odds,,,,1,0.858695652173913,,,,5
11893,west-grove,2018,taken,108,0,10,13,79,0,0,210,3
11894,west-grove,2018,vacancy,0,0,0,46,79,0,0,210,1
11895,west-grove,2019,applied,88,0,13,17,74,0,0,0,2
11896,west-grove,2019,ballot,,,,,SC<2#,,,,4
11897,west-grove,2019,odds,,,,,0.851351351351351,,,,5
11898,west-grove,2019,taken,88,0,13,17,63,0,0,181,3
11899,west-grove,2019,vacancy,140,52,53,40,63,0,0,180,1
11900,west-grove,2020,applied,93,0,11,7,119,0,0,0,2
11901,west-grove,2020,ballot,,,,,PR<1,,,,4
11902,west-grove,2020,odds,,,,,0.831932773109244,,,,5
11903,west-grove,2020,taken,93,0,11,7,99,0,0,210,3
11904,west-grove,2020,vacancy,170,77,77,53,99,0,0,210,1
11905,west-grove,2021,applied,74,0,10,5,98,66,0,0,2
11906,west-grove,2021,ballot,,,,,,SC>2,,,4
11907,west-grove,2021,odds,,,,,,0.803030303030303,,,5
11908,west-grove,2021,taken,74,0,10,5,98,53,0,240,3
11909,west-grove,2021,vacancy,200,126,126,78,151,53,0,240,1
11910,west-grove,2022,applied,70,15,0,8,99,58,0,0,2
11911,west-grove,2022,ballot,,,,,,SC#,,,4
11912,west-grove,2022,odds,,,,,,0.827586206896552,,,5
11913,west-grove,2022,taken,70,15,0,8,99,48,0,240,3
11914,west-grove,2022,vacancy,180,110,0,52,147,48,0,240,1
11915,west-grove,2023,applied,77,7,0,1,45,46,0,0,2
11916,west-grove,2023,ballot,,,,,,,,,4
11917,west-grove,2023,odds,,,,,,,,,5
11918,west-grove,2023,taken,77,7,0,1,45,46,0,176,3
11919,west-grove,2023,vacancy,150,73,0,42,126,81,35,210,1
11920,west-spring,2013,applied,0,0,0,1,140,31,0,0,2
11921,west-spring,2013,ballot,,,,,,,,,4
11922,west-spring,2013,odds,,,,1,1,1,1,,5
11923,west-spring,2013,taken,0,0,0,1,140,43,0,184,3
11924,west-spring,2013,vacancy,0,0,0,105,209,69,26,210,1
11925,west-spring,2014,applied,0,0,0,0,191,23,0,0,2
11926,west-spring,2014,ballot,,,,,,,,,4
11927,west-spring,2014,odds,,,,1,1,1,1,,5
11928,west-spring,2014,taken,19,0,0,0,190,23,0,232,3
11929,west-spring,2014,vacancy,0,0,0,111,221,31,8,240,1
11930,west-spring,2015,applied,0,0,0,5,180,11,0,0,2
11931,west-spring,2015,ballot,,,,,,,,,4
11932,west-spring,2015,odds,,,,1,1,1,1,,5
11933,west-spring,2015,taken,42,0,-1,5,180,11,0,237,3
11934,west-spring,2015,vacancy,0,0,0,100,194,14,3,240,1
11935,west-spring,2016,applied,0,0,0,5,180,0,0,0,2
11936,west-spring,2016,ballot,,,,,,,,,4
11937,west-spring,2016,odds,,,,1,0.944444444444444,,,,5
11938,west-spring,2016,taken,66,0,0,4,170,0,0,240,3
11939,west-spring,2016,vacancy,0,0,0,87,170,0,0,240,1
11940,west-spring,2017,applied,0,0,0,3,169,0,0,0,2
11941,west-spring,2017,ballot,,,,,,,,,4
11942,west-spring,2017,odds,,,,1,0.781065088757396,,,,5
11943,west-spring,2017,taken,103,0,2,3,132,0,0,240,3
11944,west-spring,2017,vacancy,0,0,0,68,132,0,0,240,1
11945,west-spring,2018,applied,0,0,0,14,116,0,0,0,2
11946,west-spring,2018,ballot,,,,,,,,,4
11947,west-spring,2018,odds,,,,1,0.767241379310345,,,,5
11948,west-spring,2018,taken,101,0,40,10,89,0,0,240,3
11949,west-spring,2018,vacancy,0,0,0,50,89,0,0,240,1
11950,west-spring,2019,applied,107,0,57,18,105,0,0,0,2
11951,west-spring,2019,ballot,,,,,SC<1,,,,4
11952,west-spring,2019,odds,,,,,0.295238095238095,,,,5
11953,west-spring,2019,taken,107,0,57,18,31,0,0,213,3
11954,west-spring,2019,vacancy,170,63,63,23,31,0,0,210,1
11955,west-spring,2020,applied,115,0,62,19,126,0,0,0,2
11956,west-spring,2020,ballot,,,,,SC<1,,,,4
11957,west-spring,2020,odds,,,,,0.357142857142857,,,,5
11958,west-spring,2020,taken,115,0,62,19,45,0,0,241,3
11959,west-spring,2020,vacancy,200,85,85,32,45,0,0,240,1
11960,west-spring,2021,applied,108,0,83,8,103,0,0,0,2
11961,west-spring,2021,ballot,,,,,SC<1,,,,4
11962,west-spring,2021,odds,,,,,0.398058252427184,,,,5
11963,west-spring,2021,taken,108,0,83,8,41,0,0,240,3
11964,west-spring,2021,vacancy,200,92,92,25,41,0,0,240,1
11965,west-spring,2022,applied,123,72,0,0,106,0,0,0,2
11966,west-spring,2022,ballot,,SC<1,,,SC<1,,,,4
11967,west-spring,2022,odds,,0.791666666666667,,,0.584905660377358,,,,5
11968,west-spring,2022,taken,123,57,0,0,62,0,0,242,3
11969,west-spring,2022,vacancy,180,57,0,20,62,0,0,240,1
11970,west-spring,2023,applied,94,69,0,2,85,0,0,0,2
11971,west-spring,2023,ballot,,,,,SC1-2,,,,4
11972,west-spring,2023,odds,,,,,0.929411764705882,,,,5
11973,west-spring,2023,taken,94,69,0,2,79,0,0,244,3
11974,west-spring,2023,vacancy,180,87,0,26,79,0,0,240,1
11975,west-view,2009,applied,0,0,0,1,54,37,0,0,2
11976,west-view,2009,ballot,,,,,,,,,4
11977,west-view,2009,odds,,,,1,1,1,1,,5
11978,west-view,2009,taken,60,0,2,1,54,37,0,154,3
11979,west-view,2009,vacancy,0,0,0,89,177,125,73,240,1
11980,west-view,2010,applied,0,0,0,0,39,23,0,0,2
11981,west-view,2010,ballot,,,,,,,,,4
11982,west-view,2010,odds,,,,1,1,1,1,,5
11983,west-view,2010,taken,77,0,7,0,39,23,0,146,3
11984,west-view,2010,vacancy,0,0,0,93,186,149,64,270,1
11985,west-view,2011,applied,0,0,0,1,47,43,0,0,2
11986,west-view,2011,ballot,,,,,,,,,4
11987,west-view,2011,odds,,,,1,1,1,1,,5
11988,west-view,2011,taken,65,0,4,1,47,83,0,200,3
11989,west-view,2011,vacancy,0,0,0,86,170,123,40,240,1
11990,west-view,2012,applied,0,0,0,0,59,34,0,0,2
11991,west-view,2012,ballot,,,,,,,,,4
11992,west-view,2012,odds,,,,1,1,1,1,,5
11993,west-view,2012,taken,70,0,8,0,59,62,0,199,3
11994,west-view,2012,vacancy,0,0,0,81,162,105,43,240,1
11995,west-view,2013,applied,0,0,0,1,43,3,0,0,2
11996,west-view,2013,ballot,,,,,,,,,4
11997,west-view,2013,odds,,,,1,1,1,1,,5
11998,west-view,2013,taken,58,0,5,1,42,70,0,176,3
11999,west-view,2013,vacancy,0,0,0,74,146,107,37,210,1
12000,west-view,2014,applied,0,0,0,0,35,5,0,0,2
12001,west-view,2014,ballot,,,,,,,,,4
12002,west-view,2014,odds,,,,1,1,1,1,,5
12003,west-view,2014,taken,54,0,5,0,34,5,0,98,3
12004,west-view,2014,vacancy,0,0,0,61,121,87,82,180,1
12005,west-view,2015,applied,0,0,0,0,53,0,0,0,2
12006,west-view,2015,ballot,,,,,,,,,4
12007,west-view,2015,odds,,,,1,1,1,1,,5
12008,west-view,2015,taken,49,2,3,0,53,0,0,107,3
12009,west-view,2015,vacancy,0,0,0,63,126,73,73,180,1
12010,west-view,2016,applied,0,0,0,0,38,3,0,0,2
12011,west-view,2016,ballot,,,,,,,,,4
12012,west-view,2016,odds,,,,1,1,1,1,,5
12013,west-view,2016,taken,29,0,5,0,37,3,0,74,3
12014,west-view,2016,vacancy,0,0,0,58,116,79,76,150,1
12015,west-view,2017,applied,0,0,0,0,44,15,0,0,2
12016,west-view,2017,ballot,,,,,,,,,4
12017,west-view,2017,odds,,,,1,1,1,1,,5
12018,west-view,2017,taken,50,0,2,0,43,15,0,110,3
12019,west-view,2017,vacancy,0,0,0,49,98,55,40,150,1
12020,west-view,2018,applied,0,0,0,0,42,12,0,0,2
12021,west-view,2018,ballot,,,,,,,,,4
12022,west-view,2018,odds,,,,1,1,1,1,,5
12023,west-view,2018,taken,37,0,2,0,42,12,0,93,3
12024,west-view,2018,vacancy,0,0,0,86,171,129,117,210,1
12025,west-view,2019,applied,47,0,6,0,53,10,0,0,2
12026,west-view,2019,ballot,,,,,,,,,4
12027,west-view,2019,odds,,,,,,,,,5
12028,west-view,2019,taken,47,0,6,0,53,10,0,116,3
12029,west-view,2019,vacancy,140,93,93,64,127,74,64,180,1
12030,west-view,2020,applied,36,0,6,1,38,28,0,0,2
12031,west-view,2020,ballot,,,,,,,,,4
12032,west-view,2020,odds,,,,,,,,,5
12033,west-view,2020,taken,36,0,6,1,38,28,0,109,3
12034,west-view,2020,vacancy,140,104,104,69,137,99,71,180,1
12035,west-view,2021,applied,38,0,6,0,37,24,0,0,2
12036,west-view,2021,ballot,,,,,,,,,4
12037,west-view,2021,odds,,,,,,,,,5
12038,west-view,2021,taken,38,0,6,0,37,24,0,105,3
12039,west-view,2021,vacancy,140,102,102,68,136,99,75,180,1
12040,west-view,2022,applied,47,29,0,0,35,26,0,0,2
12041,west-view,2022,ballot,,,,,,,,,4
12042,west-view,2022,odds,,,,,,,,,5
12043,west-view,2022,taken,47,29,0,0,35,26,0,137,3
12044,west-view,2022,vacancy,100,53,0,28,84,49,23,160,1
12045,west-view,2023,applied,45,23,0,1,41,25,0,0,2
12046,west-view,2023,ballot,,,,,,,,,4
12047,west-view,2023,odds,,,,,,,,,5
12048,west-view,2023,taken,45,23,0,1,41,25,0,135,3
12049,west-view,2023,vacancy,90,45,0,27,82,41,16,150,1
12050,westwood,2012,applied,0,0,0,0,267,0,0,0,2
12051,westwood,2012,ballot,,,,,,,,,4
12052,westwood,2012,odds,,,,1,0.898876404494382,,,,5
12053,westwood,2012,taken,0,0,0,0,240,0,0,240,3
12054,westwood,2012,vacancy,0,0,0,120,240,0,0,240,1
12055,westwood,2013,applied,0,0,0,1,254,0,0,0,2
12056,westwood,2013,ballot,,,,,,,,,4
12057,westwood,2013,odds,,,,1,0.81496062992126,,,,5
12058,westwood,2013,taken,30,1,1,1,207,0,0,240,3
12059,westwood,2013,vacancy,0,0,0,104,207,0,0,240,1
12060,westwood,2014,applied,0,0,0,8,211,0,0,0,2
12061,westwood,2014,ballot,,,,,,,,,4
12062,westwood,2014,odds,,,,1,0.853080568720379,,,,5
12063,westwood,2014,taken,50,0,2,8,180,0,0,240,3
12064,westwood,2014,vacancy,0,0,0,94,180,0,0,240,1
12065,westwood,2015,applied,0,0,0,8,171,0,0,0,2
12066,westwood,2015,ballot,,,,,,,,,4
12067,westwood,2015,odds,,,,1,0.830409356725146,,,,5
12068,westwood,2015,taken,90,0,0,8,142,0,0,240,3
12069,westwood,2015,vacancy,0,0,0,75,142,0,0,240,1
12070,westwood,2016,applied,0,0,0,9,153,0,0,0,2
12071,westwood,2016,ballot,,,,,,,,,4
12072,westwood,2016,odds,,,,1,0.993464052287582,,,,5
12073,westwood,2016,taken,78,0,1,9,152,0,0,240,3
12074,westwood,2016,vacancy,0,0,0,81,152,0,0,240,1
12075,westwood,2017,applied,0,0,0,16,150,0,0,0,2
12076,westwood,2017,ballot,,,,,,,,,4
12077,westwood,2017,odds,,,,1,0.793333333333333,,,,5
12078,westwood,2017,taken,101,0,4,16,119,0,0,240,3
12079,westwood,2017,vacancy,0,0,0,68,119,0,0,240,1
12080,westwood,2018,applied,0,0,0,15,108,0,0,0,2
12081,westwood,2018,ballot,,,,,,,,,4
12082,westwood,2018,odds,,,,1,0.555555555555556,,,,5
12083,westwood,2018,taken,119,0,46,15,60,0,0,240,3
12084,westwood,2018,vacancy,0,0,0,38,60,0,0,240,1
12085,westwood,2019,applied,90,0,62,12,80,0,0,0,2
12086,westwood,2019,ballot,,,,,SC<1,,,,4
12087,westwood,2019,odds,,,,,0.5875,,,,5
12088,westwood,2019,taken,90,0,62,12,47,0,0,211,3
12089,westwood,2019,vacancy,170,80,80,29,47,0,0,210,1
12090,westwood,2020,applied,98,1,77,10,87,0,0,0,2
12091,westwood,2020,ballot,,,PR<1,,SC<1,,,,4
12092,westwood,2020,odds,,,0.922077922077922,,0.35632183908046,,,,5
12093,westwood,2020,taken,98,1,71,10,31,0,0,211,3
12094,westwood,2020,vacancy,170,72,71,20,31,0,0,210,1
12095,westwood,2021,applied,86,0,106,9,99,0,0,0,2
12096,westwood,2021,ballot,,,,,SC<1,,,,4
12097,westwood,2021,odds,,,,,0.404040404040404,,,,5
12098,westwood,2021,taken,86,0,106,9,40,0,0,241,3
12099,westwood,2021,vacancy,200,114,114,24,40,0,0,240,1
12100,westwood,2022,applied,106,103,0,11,80,0,0,0,2
12101,westwood,2022,ballot,,SC<2#,,,SC<1,,,,4
12102,westwood,2022,odds,,0.718446601941748,,,0.6125,,,,5
12103,westwood,2022,taken,106,74,0,11,49,0,0,240,3
12104,westwood,2022,vacancy,180,74,0,20,49,0,0,240,1
12105,westwood,2023,applied,90,82,0,10,82,0,0,0,2
12106,westwood,2023,ballot,,,,,SC<1,,,,4
12107,westwood,2023,odds,,,,,0.719512195121951,,,,5
12108,westwood,2023,taken,90,82,0,10,59,0,0,241,3
12109,westwood,2023,vacancy,180,90,0,23,59,0,0,240,1
12110,white-sands,2009,applied,0,0,0,5,92,0,0,0,2
12111,white-sands,2009,ballot,,,,,,,,,4
12112,white-sands,2009,odds,,,,1,0.815217391304348,,,,5
12113,white-sands,2009,taken,87,0,13,5,75,0,0,180,3
12114,white-sands,2009,vacancy,0,0,0,40,75,0,0,180,1
12115,white-sands,2010,applied,0,0,0,8,98,0,0,0,2
12116,white-sands,2010,ballot,,,,,,,,,4
12117,white-sands,2010,odds,,,,1,0.928571428571429,,,,5
12118,white-sands,2010,taken,69,1,11,8,91,0,0,180,3
12119,white-sands,2010,vacancy,0,0,0,50,91,0,0,180,1
12120,white-sands,2011,applied,0,0,0,15,86,0,0,0,2
12121,white-sands,2011,ballot,,,,,,,,,4
12122,white-sands,2011,odds,,,,1,0.86046511627907,,,,5
12123,white-sands,2011,taken,84,1,8,14,74,0,0,181,3
12124,white-sands,2011,vacancy,0,0,0,44,74,0,0,180,1
12125,white-sands,2012,applied,0,0,0,22,66,0,0,0,2
12126,white-sands,2012,ballot,,,,,,,,,4
12127,white-sands,2012,odds,,,,1,0.909090909090909,,,,5
12128,white-sands,2012,taken,84,0,14,22,60,0,0,180,3
12129,white-sands,2012,vacancy,0,0,0,41,60,0,0,180,1
12130,white-sands,2013,applied,0,0,0,21,88,0,0,0,2
12131,white-sands,2013,ballot,,,,,,,,,4
12132,white-sands,2013,odds,,,,1,0.840909090909091,,,,5
12133,white-sands,2013,taken,73,0,12,21,74,0,0,180,3
12134,white-sands,2013,vacancy,0,0,0,48,74,0,0,180,1
12135,white-sands,2014,applied,0,0,0,17,83,0,0,0,2
12136,white-sands,2014,ballot,,,,,,,,,4
12137,white-sands,2014,odds,,,,1,0.855421686746988,,,,5
12138,white-sands,2014,taken,72,0,20,17,71,0,0,180,3
12139,white-sands,2014,vacancy,0,0,0,44,71,0,0,180,1
12140,white-sands,2015,applied,0,0,0,15,88,0,0,0,2
12141,white-sands,2015,ballot,,,,,,,,,4
12142,white-sands,2015,odds,,,,1,0.886363636363636,,,,5
12143,white-sands,2015,taken,82,0,6,14,78,0,0,180,3
12144,white-sands,2015,vacancy,0,0,0,46,78,0,0,180,1
12145,white-sands,2016,applied,0,0,0,18,88,0,0,0,2
12146,white-sands,2016,ballot,,,,,,,,,4
12147,white-sands,2016,odds,,,,1,0.897727272727273,,,,5
12148,white-sands,2016,taken,75,0,8,18,79,0,0,180,3
12149,white-sands,2016,vacancy,0,0,0,49,79,0,0,180,1
12150,white-sands,2017,applied,0,0,0,19,66,0,0,0,2
12151,white-sands,2017,ballot,,,,,,,,,4
12152,white-sands,2017,odds,,,,1,0.787878787878788,,,,5
12153,white-sands,2017,taken,99,0,10,19,52,0,0,180,3
12154,white-sands,2017,vacancy,0,0,0,36,52,0,0,180,1
12155,white-sands,2018,applied,0,0,0,25,59,0,0,0,2
12156,white-sands,2018,ballot,,,,,,,,,4
12157,white-sands,2018,odds,,,,1,0.796610169491525,,,,5
12158,white-sands,2018,taken,94,0,14,25,47,0,0,180,3
12159,white-sands,2018,vacancy,0,0,0,36,47,0,0,180,1
12160,white-sands,2019,applied,90,0,11,19,84,0,0,0,2
12161,white-sands,2019,ballot,,,,,SC1-2,,,,4
12162,white-sands,2019,odds,,,,,0.726190476190476,,,,5
12163,white-sands,2019,taken,90,0,11,19,61,0,0,181,3
12164,white-sands,2019,vacancy,140,50,50,40,61,0,0,180,1
12165,white-sands,2020,applied,87,0,16,22,69,0,0,0,2
12166,white-sands,2020,ballot,,,,,SC<1,,,,4
12167,white-sands,2020,odds,,,,,0.797101449275362,,,,5
12168,white-sands,2020,taken,87,0,16,22,55,0,0,180,3
12169,white-sands,2020,vacancy,140,53,53,39,55,0,0,180,1
12170,white-sands,2021,applied,83,0,11,9,104,0,0,0,2
12171,white-sands,2021,ballot,,,,,SC1-2,,,,4
12172,white-sands,2021,odds,,,,,0.75,,,,5
12173,white-sands,2021,taken,83,0,11,9,78,0,0,181,3
12174,white-sands,2021,vacancy,140,57,57,43,78,0,0,180,1
12175,white-sands,2022,applied,64,10,0,14,112,0,0,0,2
12176,white-sands,2022,ballot,,,,,SC>2,,,,4
12177,white-sands,2022,odds,,,,,0.821428571428571,,,,5
12178,white-sands,2022,taken,64,10,0,14,92,0,0,180,3
12179,white-sands,2022,vacancy,120,56,0,35,92,0,0,180,1
12180,white-sands,2023,applied,78,23,0,3,86,0,0,0,2
12181,white-sands,2023,ballot,,,,,SC>2,,,,4
12182,white-sands,2023,odds,,,,,0.906976744186046,,,,5
12183,white-sands,2023,taken,78,23,0,3,78,0,0,182,3
12184,white-sands,2023,vacancy,120,42,0,26,78,0,0,180,1
12185,woodgrove,2009,applied,0,0,0,24,120,0,0,0,2
12186,woodgrove,2009,ballot,,,,,,,,,4
12187,woodgrove,2009,odds,,,,1,0.933333333333333,,,,5
12188,woodgrove,2009,taken,131,0,5,24,112,0,0,272,3
12189,woodgrove,2009,vacancy,0,0,0,67,112,0,0,270,1
12190,woodgrove,2010,applied,0,0,0,25,102,4,0,0,2
12191,woodgrove,2010,ballot,,,,,,,,,4
12192,woodgrove,2010,odds,,,,1,1,0.5,,,5
12193,woodgrove,2010,taken,133,0,8,25,102,2,0,270,3
12194,woodgrove,2010,vacancy,0,0,0,65,104,2,0,270,1
12195,woodgrove,2011,applied,0,0,0,29,107,4,0,0,2
12196,woodgrove,2011,ballot,,,,,,,,,4
12197,woodgrove,2011,odds,,,,1,1,0.5,,,5
12198,woodgrove,2011,taken,123,0,9,29,107,2,0,270,3
12199,woodgrove,2011,vacancy,0,0,0,69,109,2,0,270,1
12200,woodgrove,2012,applied,0,0,0,28,99,0,0,0,2
12201,woodgrove,2012,ballot,,,,,,,,,4
12202,woodgrove,2012,odds,,,,1,0.919191919191919,,,,5
12203,woodgrove,2012,taken,112,0,9,28,91,0,0,240,3
12204,woodgrove,2012,vacancy,0,0,0,60,91,0,0,240,1
12205,woodgrove,2013,applied,0,0,0,32,91,0,0,0,2
12206,woodgrove,2013,ballot,,,,,,,,,4
12207,woodgrove,2013,odds,,,,1,0.956043956043956,,,,5
12208,woodgrove,2013,taken,114,0,7,32,87,0,0,240,3
12209,woodgrove,2013,vacancy,0,0,0,60,87,0,0,240,1
12210,woodgrove,2014,applied,0,0,0,26,96,0,0,0,2
12211,woodgrove,2014,ballot,,,,,,,,,4
12212,woodgrove,2014,odds,,,,1,0.947916666666667,,,,5
12213,woodgrove,2014,taken,110,0,13,26,91,0,0,240,3
12214,woodgrove,2014,vacancy,0,0,0,59,91,0,0,240,1
12215,woodgrove,2015,applied,0,0,0,15,108,10,0,0,2
12216,woodgrove,2015,ballot,,,,,,,,,4
12217,woodgrove,2015,odds,,,,1,1,0.8,,,5
12218,woodgrove,2015,taken,99,0,14,12,107,8,0,240,3
12219,woodgrove,2015,vacancy,0,0,0,64,115,8,0,240,1
12220,woodgrove,2016,applied,0,0,0,9,105,6,0,0,2
12221,woodgrove,2016,ballot,,,,,,,,,4
12222,woodgrove,2016,odds,,,,1,1,1,1,,5
12223,woodgrove,2016,taken,82,0,6,7,105,6,0,206,3
12224,woodgrove,2016,vacancy,0,0,0,61,115,10,4,210,1
12225,woodgrove,2017,applied,0,0,0,7,94,8,0,0,2
12226,woodgrove,2017,ballot,,,,,,,,,4
12227,woodgrove,2017,odds,,,,1,1,0.875,,,5
12228,woodgrove,2017,taken,87,0,15,7,94,7,0,210,3
12229,woodgrove,2017,vacancy,0,0,0,54,101,7,0,210,1
12230,woodgrove,2018,applied,0,0,0,17,91,0,0,0,2
12231,woodgrove,2018,ballot,,,,,,,,,4
12232,woodgrove,2018,odds,,,,1,0.879120879120879,,,,5
12233,woodgrove,2018,taken,101,0,12,17,80,0,0,210,3
12234,woodgrove,2018,vacancy,0,0,0,49,80,0,0,210,1
12235,woodgrove,2019,applied,84,0,14,6,94,0,0,0,2
12236,woodgrove,2019,ballot,,,,,SC1-2,,,,4
12237,woodgrove,2019,odds,,,,,0.808510638297872,,,,5
12238,woodgrove,2019,taken,84,0,14,6,76,0,0,180,3
12239,woodgrove,2019,vacancy,140,56,56,41,76,0,0,180,1
12240,woodgrove,2020,applied,62,0,15,16,96,0,0,0,2
12241,woodgrove,2020,ballot,,,,,PR<1,,,,4
12242,woodgrove,2020,odds,,,,,0.90625,,,,5
12243,woodgrove,2020,taken,62,0,15,16,87,0,0,180,3
12244,woodgrove,2020,vacancy,140,78,78,52,87,0,0,180,1
12245,woodgrove,2021,applied,73,2,11,5,92,0,0,0,2
12246,woodgrove,2021,ballot,,,,,PR<1,,,,4
12247,woodgrove,2021,odds,,,,,0.967391304347826,,,,5
12248,woodgrove,2021,taken,73,2,11,5,89,0,0,180,3
12249,woodgrove,2021,vacancy,140,67,65,47,89,0,0,180,1
12250,woodgrove,2022,applied,87,18,0,5,104,0,0,0,2
12251,woodgrove,2022,ballot,,,,,SC<1,,,,4
12252,woodgrove,2022,odds,,,,,0.682692307692308,,,,5
12253,woodgrove,2022,taken,87,18,0,5,71,0,0,181,3
12254,woodgrove,2022,vacancy,120,34,0,25,71,0,0,180,1
12255,woodgrove,2023,applied,59,10,0,8,99,8,0,0,2
12256,woodgrove,2023,ballot,,,,,,SC<1#,,,4
12257,woodgrove,2023,odds,,,,,,0.5,,,5
12258,woodgrove,2023,taken,59,10,0,8,99,4,0,180,3
12259,woodgrove,2023,vacancy,120,61,0,37,103,4,0,180,1
12260,woodlands,2009,applied,0,0,0,2,86,63,0,0,2
12261,woodlands,2009,ballot,,,,,,,,,4
12262,woodlands,2009,odds,,,,1,1,0.73015873015873,,,5
12263,woodlands,2009,taken,152,0,17,2,86,46,0,303,3
12264,woodlands,2009,vacancy,0,0,0,66,132,46,0,300,1
12265,woodlands,2010,applied,0,0,0,0,87,74,0,0,2
12266,woodlands,2010,ballot,,,,,,,,,4
12267,woodlands,2010,odds,,,,1,1,0.702702702702703,,,5
12268,woodlands,2010,taken,115,2,17,0,87,52,0,273,3
12269,woodlands,2010,vacancy,0,0,0,68,136,52,0,270,1
12270,woodlands,2011,applied,0,0,0,1,100,28,0,0,2
12271,woodlands,2011,ballot,,,,,,,,,4
12272,woodlands,2011,odds,,,,1,1,0.821428571428571,,,5
12273,woodlands,2011,taken,126,0,21,1,100,23,0,271,3
12274,woodlands,2011,vacancy,0,0,0,62,123,23,0,270,1
12275,woodlands,2012,applied,0,0,0,3,128,0,0,0,2
12276,woodlands,2012,ballot,,,,,,,,,4
12277,woodlands,2012,odds,,,,1,0.9296875,,,,5
12278,woodlands,2012,taken,96,1,21,3,119,0,0,240,3
12279,woodlands,2012,vacancy,0,0,0,61,119,0,0,240,1
12280,woodlands,2013,applied,0,0,0,6,116,19,0,0,2
12281,woodlands,2013,ballot,,,,,,,,,4
12282,woodlands,2013,odds,,,,1,1,0.947368421052632,,,5
12283,woodlands,2013,taken,80,0,21,6,116,18,0,241,3
12284,woodlands,2013,vacancy,0,0,0,70,133,18,0,240,1
12285,woodlands,2014,applied,0,0,0,7,97,26,0,0,2
12286,woodlands,2014,ballot,,,,,,,,,4
12287,woodlands,2014,odds,,,,1,1,0.923076923076923,,,5
12288,woodlands,2014,taken,102,0,12,7,95,24,0,240,3
12289,woodlands,2014,vacancy,0,0,0,63,119,24,0,240,1
12290,woodlands,2015,applied,0,0,0,4,99,0,0,0,2
12291,woodlands,2015,ballot,,,,,,,,,4
12292,woodlands,2015,odds,,,,1,0.96969696969697,,,,5
12293,woodlands,2015,taken,90,0,22,2,96,0,0,210,3
12294,woodlands,2015,vacancy,0,0,0,49,96,0,0,210,1
12295,woodlands,2016,applied,0,0,0,5,85,4,0,0,2
12296,woodlands,2016,ballot,,,,,,,,,4
12297,woodlands,2016,odds,,,,1,1,1,1,,5
12298,woodlands,2016,taken,89,0,26,4,85,4,0,208,3
12299,woodlands,2016,vacancy,0,0,0,48,91,6,2,210,1
12300,woodlands,2017,applied,0,0,0,2,107,0,0,0,2
12301,woodlands,2017,ballot,,,,,,,,,4
12302,woodlands,2017,odds,,,,1,0.94392523364486,,,,5
12303,woodlands,2017,taken,91,0,19,0,101,0,0,211,3
12304,woodlands,2017,vacancy,0,0,0,50,101,0,0,210,1
12305,woodlands,2018,applied,0,0,0,8,84,0,0,0,2
12306,woodlands,2018,ballot,,,,,,,,,4
12307,woodlands,2018,odds,,,,1,0.797619047619048,,,,5
12308,woodlands,2018,taken,110,0,29,4,67,0,0,210,3
12309,woodlands,2018,vacancy,0,0,0,36,67,0,0,210,1
12310,woodlands,2019,applied,103,0,30,5,80,0,0,0,2
12311,woodlands,2019,ballot,,,,,SC1-2,,,,4
12312,woodlands,2019,odds,,,,,0.925,,,,5
12313,woodlands,2019,taken,103,0,30,5,74,0,0,212,3
12314,woodlands,2019,vacancy,170,67,67,39,74,0,0,210,1
12315,woodlands,2020,applied,97,0,27,3,95,0,0,0,2
12316,woodlands,2020,ballot,,,,,SC>2,,,,4
12317,woodlands,2020,odds,,,,,0.884210526315789,,,,5
12318,woodlands,2020,taken,97,0,27,3,84,0,0,211,3
12319,woodlands,2020,vacancy,170,73,73,43,84,0,0,210,1
12320,woodlands,2021,applied,94,0,35,5,115,0,0,0,2
12321,woodlands,2021,ballot,,,,,SC<1,,,,4
12322,woodlands,2021,odds,,,,,0.669565217391304,,,,5
12323,woodlands,2021,taken,94,0,35,5,77,0,0,211,3
12324,woodlands,2021,vacancy,170,76,76,41,77,0,0,210,1
12325,woodlands,2022,applied,91,26,0,13,112,0,0,0,2
12326,woodlands,2022,ballot,,,,,SC<1,,,,4
12327,woodlands,2022,odds,,,,,0.714285714285714,,,,5
12328,woodlands,2022,taken,91,26,0,13,80,0,0,210,3
12329,woodlands,2022,vacancy,150,59,0,31,80,0,0,210,1
12330,woodlands,2023,applied,69,33,0,8,87,10,0,0,2
12331,woodlands,2023,ballot,,,,,,,,,4
12332,woodlands,2023,odds,,,,,,,,,5
12333,woodlands,2023,taken,69,33,0,8,87,10,0,207,3
12334,woodlands,2023,vacancy,150,81,0,36,102,16,6,210,1
12335,woodlands-ring,2009,applied,0,0,0,5,110,0,0,0,2
12336,woodlands-ring,2009,ballot,,,,,,,,,4
12337,woodlands-ring,2009,odds,,,,1,0.972727272727273,,,,5
12338,woodlands-ring,2009,taken,114,0,15,5,107,0,0,241,3
12339,woodlands-ring,2009,vacancy,0,0,0,56,107,0,0,240,1
12340,woodlands-ring,2010,applied,0,0,0,5,124,0,0,0,2
12341,woodlands-ring,2010,ballot,,,,,,,,,4
12342,woodlands-ring,2010,odds,,,,1,0.967741935483871,,,,5
12343,woodlands-ring,2010,taken,106,0,9,5,120,0,0,240,3
12344,woodlands-ring,2010,vacancy,0,0,0,63,120,0,0,240,1
12345,woodlands-ring,2011,applied,0,0,0,7,116,44,0,0,2
12346,woodlands-ring,2011,ballot,,,,,,,,,4
12347,woodlands-ring,2011,odds,,,,1,1,0.75,,,5
12348,woodlands-ring,2011,taken,106,0,12,7,115,33,0,273,3
12349,woodlands-ring,2011,vacancy,0,0,0,76,147,33,0,270,1
12350,woodlands-ring,2012,applied,0,0,0,3,112,19,0,0,2
12351,woodlands-ring,2012,ballot,,,,,,,,,4
12352,woodlands-ring,2012,odds,,,,1,1,0.894736842105263,,,5
12353,woodlands-ring,2012,taken,92,0,16,3,112,17,0,240,3
12354,woodlands-ring,2012,vacancy,0,0,0,66,129,17,0,240,1
12355,woodlands-ring,2013,applied,0,0,0,3,93,13,0,0,2
12356,woodlands-ring,2013,ballot,,,,,,,,,4
12357,woodlands-ring,2013,odds,,,,1,1,1,1,,5
12358,woodlands-ring,2013,taken,94,0,19,3,93,23,0,232,3
12359,woodlands-ring,2013,vacancy,0,0,0,64,124,31,8,240,1
12360,woodlands-ring,2014,applied,0,0,0,3,121,11,0,0,2
12361,woodlands-ring,2014,ballot,,,,,,,,,4
12362,woodlands-ring,2014,odds,,,,1,1,0.727272727272727,,,5
12363,woodlands-ring,2014,taken,91,0,17,3,121,8,0,240,3
12364,woodlands-ring,2014,vacancy,0,0,0,66,129,8,0,240,1
12365,woodlands-ring,2015,applied,0,0,0,0,90,18,0,0,2
12366,woodlands-ring,2015,ballot,,,,,,,,,4
12367,woodlands-ring,2015,odds,,,,1,1,1,1,,5
12368,woodlands-ring,2015,taken,96,0,13,0,90,18,0,217,3
12369,woodlands-ring,2015,vacancy,0,0,0,66,133,43,25,240,1
12370,woodlands-ring,2016,applied,0,0,0,1,81,2,0,0,2
12371,woodlands-ring,2016,ballot,,,,,,,,,4
12372,woodlands-ring,2016,odds,,,,1,1,1,1,,5
12373,woodlands-ring,2016,taken,86,0,13,1,81,2,0,183,3
12374,woodlands-ring,2016,vacancy,0,0,0,56,110,29,27,210,1
12375,woodlands-ring,2017,applied,0,0,0,2,80,14,0,0,2
12376,woodlands-ring,2017,ballot,,,,,,,,,4
12377,woodlands-ring,2017,odds,,,,1,1,1,1,,5
12378,woodlands-ring,2017,taken,86,0,10,1,80,14,0,191,3
12379,woodlands-ring,2017,vacancy,0,0,0,57,113,33,19,210,1
12380,woodlands-ring,2018,applied,0,0,0,0,64,56,0,0,2
12381,woodlands-ring,2018,ballot,,,,,,,,,4
12382,woodlands-ring,2018,odds,,,,1,1,1,1,,5
12383,woodlands-ring,2018,taken,85,0,12,0,64,56,0,217,3
12384,woodlands-ring,2018,vacancy,0,0,0,72,143,79,23,240,1
12385,woodlands-ring,2019,applied,68,1,20,2,85,40,0,0,2
12386,woodlands-ring,2019,ballot,,,,,,SC<2#,,,4
12387,woodlands-ring,2019,odds,,,,,,0.875,,,5
12388,woodlands-ring,2019,taken,68,1,20,2,85,35,0,211,3
12389,woodlands-ring,2019,vacancy,170,102,101,61,119,35,0,210,1
12390,woodlands-ring,2020,applied,89,0,9,0,67,41,0,0,2
12391,woodlands-ring,2020,ballot,,,,,,,,,4
12392,woodlands-ring,2020,odds,,,,,,,,,5
12393,woodlands-ring,2020,taken,89,0,9,0,67,41,0,206,3
12394,woodlands-ring,2020,vacancy,170,81,82,57,116,50,9,210,1
12395,woodlands-ring,2021,applied,80,0,14,0,62,29,0,0,2
12396,woodlands-ring,2021,ballot,,,,,,,,,4
12397,woodlands-ring,2021,odds,,,,,,,,,5
12398,woodlands-ring,2021,taken,80,0,14,0,62,29,0,185,3
12399,woodlands-ring,2021,vacancy,200,120,120,73,147,85,56,240,1
12400,woodlands-ring,2022,applied,79,20,0,0,66,36,0,0,2
12401,woodlands-ring,2022,ballot,,,,,,,,,4
12402,woodlands-ring,2022,odds,,,,,,,,,5
12403,woodlands-ring,2022,taken,79,20,0,0,66,36,0,201,3
12404,woodlands-ring,2022,vacancy,180,101,0,47,141,75,39,240,1
12405,woodlands-ring,2023,applied,85,20,0,0,53,6,0,0,2
12406,woodlands-ring,2023,ballot,,,,,,,,,4
12407,woodlands-ring,2023,odds,,,,,,,,,5
12408,woodlands-ring,2023,taken,85,20,0,0,53,6,0,164,3
12409,woodlands-ring,2023,vacancy,150,65,0,35,105,53,47,210,1
12410,xinghua,2009,applied,0,0,0,0,52,19,0,0,2
12411,xinghua,2009,ballot,,,,,,,,,4
12412,xinghua,2009,odds,,,,1,1,1,1,,5
12413,xinghua,2009,taken,87,0,11,0,52,19,0,169,3
12414,xinghua,2009,vacancy,0,0,0,56,115,63,37,210,1
12415,xinghua,2010,applied,0,0,0,0,51,16,0,0,2
12416,xinghua,2010,ballot,,,,,,,,,4
12417,xinghua,2010,odds,,,,1,1,1,1,,5
12418,xinghua,2010,taken,50,0,15,0,51,16,0,132,3
12419,xinghua,2010,vacancy,0,0,0,73,145,95,57,210,1
12420,xinghua,2011,applied,0,0,0,0,49,21,0,0,2
12421,xinghua,2011,ballot,,,,,,,,,4
12422,xinghua,2011,odds,,,,1,1,1,1,,5
12423,xinghua,2011,taken,58,0,11,0,47,63,0,179,3
12424,xinghua,2011,vacancy,0,0,0,86,171,124,61,240,1
12425,xinghua,2012,applied,0,0,0,2,68,17,0,0,2
12426,xinghua,2012,ballot,,,,,,,,,4
12427,xinghua,2012,odds,,,,1,1,1,1,,5
12428,xinghua,2012,taken,59,0,10,2,68,17,0,156,3
12429,xinghua,2012,vacancy,0,0,0,71,139,72,55,210,1
12430,xinghua,2013,applied,0,0,0,0,73,35,0,0,2
12431,xinghua,2013,ballot,,,,,,,,,4
12432,xinghua,2013,odds,,,,1,1,1,1,,5
12433,xinghua,2013,taken,49,0,12,0,73,42,0,176,3
12434,xinghua,2013,vacancy,0,0,0,75,149,76,34,210,1
12435,xinghua,2014,applied,0,0,0,0,60,21,0,0,2
12436,xinghua,2014,ballot,,,,,,,,,4
12437,xinghua,2014,odds,,,,1,1,1,1,,5
12438,xinghua,2014,taken,58,0,18,0,60,21,0,157,3
12439,xinghua,2014,vacancy,0,0,0,67,134,74,53,210,1
12440,xinghua,2015,applied,0,0,0,1,46,11,0,0,2
12441,xinghua,2015,ballot,,,,,,,,,4
12442,xinghua,2015,odds,,,,1,1,1,1,,5
12443,xinghua,2015,taken,40,0,15,0,46,11,0,112,3
12444,xinghua,2015,vacancy,0,0,0,78,155,109,98,210,1
12445,xinghua,2016,applied,0,0,0,0,42,2,0,0,2
12446,xinghua,2016,ballot,,,,,,,,,4
12447,xinghua,2016,odds,,,,1,1,1,1,,5
12448,xinghua,2016,taken,37,0,10,0,42,2,0,91,3
12449,xinghua,2016,vacancy,0,0,0,52,105,63,61,150,1
12450,xinghua,2017,applied,0,0,0,0,37,9,0,0,2
12451,xinghua,2017,ballot,,,,,,,,,4
12452,xinghua,2017,odds,,,,1,1,1,1,,5
12453,xinghua,2017,taken,38,0,12,0,37,9,0,96,3
12454,xinghua,2017,vacancy,0,0,0,50,103,66,57,150,1
12455,xinghua,2018,applied,0,0,0,1,45,56,0,0,2
12456,xinghua,2018,ballot,,,,,,,,,4
12457,xinghua,2018,odds,,,,1,1,1,1,,5
12458,xinghua,2018,taken,41,0,15,0,45,56,0,157,3
12459,xinghua,2018,vacancy,0,0,0,92,185,140,84,240,1
12460,xinghua,2019,applied,46,0,8,0,36,28,0,0,2
12461,xinghua,2019,ballot,,,,,,,,,4
12462,xinghua,2019,odds,,,,,,,,,5
12463,xinghua,2019,taken,46,0,8,0,36,28,0,118,3
12464,xinghua,2019,vacancy,140,94,94,63,126,90,62,180,1
12465,xinghua,2020,applied,37,1,10,0,48,31,0,0,2
12466,xinghua,2020,ballot,,,,,,,,,4
12467,xinghua,2020,odds,,,,,,,,,5
12468,xinghua,2020,taken,37,1,10,0,48,31,0,127,3
12469,xinghua,2020,vacancy,230,193,192,111,222,174,143,270,1
12470,xinghua,2021,applied,43,0,11,0,34,47,0,0,2
12471,xinghua,2021,ballot,,,,,,,,,4
12472,xinghua,2021,odds,,,,,,,,,5
12473,xinghua,2021,taken,43,0,11,0,34,47,0,135,3
12474,xinghua,2021,vacancy,200,157,157,93,187,154,107,240,1
12475,xinghua,2022,applied,39,10,0,0,35,39,0,0,2
12476,xinghua,2022,ballot,,,,,,,,,4
12477,xinghua,2022,odds,,,,,,,,,5
12478,xinghua,2022,taken,39,10,0,0,35,39,0,123,3
12479,xinghua,2022,vacancy,220,181,0,77,232,197,158,280,1
12480,xinghua,2023,applied,28,10,0,0,34,42,0,0,2
12481,xinghua,2023,ballot,,,,,,,,,4
12482,xinghua,2023,odds,,,,,,,,,5
12483,xinghua,2023,taken,28,10,0,0,34,42,0,114,3
12484,xinghua,2023,vacancy,180,152,0,67,203,169,127,240,1
12485,xingnan,2009,applied,0,0,0,1,126,56,0,0,2
12486,xingnan,2009,ballot,,,,,,,,,4
12487,xingnan,2009,odds,,,,1,1,0.428571428571429,,,5
12488,xingnan,2009,taken,96,1,22,1,126,24,0,270,3
12489,xingnan,2009,vacancy,0,0,0,76,150,24,0,270,1
12490,xingnan,2010,applied,0,0,0,1,168,20,0,0,2
12491,xingnan,2010,ballot,,,,,,,,,4
12492,xingnan,2010,odds,,,,1,1,0.4,,,5
12493,xingnan,2010,taken,99,2,23,1,168,8,0,301,3
12494,xingnan,2010,vacancy,0,0,0,88,175,8,0,300,1
12495,xingnan,2011,applied,0,0,0,4,110,26,0,0,2
12496,xingnan,2011,ballot,,,,,,,,,4
12497,xingnan,2011,odds,,,,1,1,0.923076923076923,,,5
12498,xingnan,2011,taken,102,0,31,4,110,24,0,271,3
12499,xingnan,2011,vacancy,0,0,0,69,134,24,0,270,1
12500,xingnan,2012,applied,0,0,0,1,102,14,0,0,2
12501,xingnan,2012,ballot,,,,,,,,,4
12502,xingnan,2012,odds,,,,1,1,0.5,,,5
12503,xingnan,2012,taken,113,1,16,1,102,7,0,240,3
12504,xingnan,2012,vacancy,0,0,0,55,109,7,0,240,1
12505,xingnan,2013,applied,0,0,0,6,94,29,0,0,2
12506,xingnan,2013,ballot,,,,,,,,,4
12507,xingnan,2013,odds,,,,1,1,0.862068965517241,,,5
12508,xingnan,2013,taken,99,3,14,6,94,25,0,241,3
12509,xingnan,2013,vacancy,0,0,0,62,118,25,0,240,1
12510,xingnan,2014,applied,0,0,0,5,93,23,0,0,2
12511,xingnan,2014,ballot,,,,,,,,,4
12512,xingnan,2014,odds,,,,1,1,0.869565217391304,,,5
12513,xingnan,2014,taken,94,0,28,5,93,20,0,240,3
12514,xingnan,2014,vacancy,0,0,0,59,113,20,0,240,1
12515,xingnan,2015,applied,0,0,0,5,97,28,0,0,2
12516,xingnan,2015,ballot,,,,,,,,,4
12517,xingnan,2015,odds,,,,1,1,1,1,,5
12518,xingnan,2015,taken,75,2,29,2,97,28,0,233,3
12519,xingnan,2015,vacancy,0,0,0,67,132,35,7,240,1
12520,xingnan,2016,applied,0,0,0,7,70,12,0,0,2
12521,xingnan,2016,ballot,,,,,,,,,4
12522,xingnan,2016,odds,,,,1,1,1,1,,5
12523,xingnan,2016,taken,87,2,23,5,70,12,0,199,3
12524,xingnan,2016,vacancy,0,0,0,49,93,23,11,210,1
12525,xingnan,2017,applied,0,0,0,5,75,0,0,0,2
12526,xingnan,2017,ballot,,,,,,,,,4
12527,xingnan,2017,odds,,,,1,0.866666666666667,,,,5
12528,xingnan,2017,taken,94,0,19,2,65,0,0,180,3
12529,xingnan,2017,vacancy,0,0,0,34,65,0,0,180,1
12530,xingnan,2018,applied,0,0,0,9,78,0,0,0,2
12531,xingnan,2018,ballot,,,,,,,,,4
12532,xingnan,2018,odds,,,,1,0.935897435897436,,,,5
12533,xingnan,2018,taken,71,3,25,8,73,0,0,180,3
12534,xingnan,2018,vacancy,0,0,0,41,73,0,0,180,1
12535,xingnan,2019,applied,53,2,22,4,63,10,0,0,2
12536,xingnan,2019,ballot,,,,,,SC<2#,,,4
12537,xingnan,2019,odds,,,,,,0.9,,,5
12538,xingnan,2019,taken,53,2,22,4,63,9,0,153,3
12539,xingnan,2019,vacancy,110,57,56,37,72,9,0,150,1
12540,xingnan,2020,applied,70,3,24,6,63,50,0,0,2
12541,xingnan,2020,ballot,,,,,,SC>2,,,4
12542,xingnan,2020,odds,,,,,,0.94,,,5
12543,xingnan,2020,taken,70,3,24,6,63,47,0,213,3
12544,xingnan,2020,vacancy,170,100,97,57,110,47,0,210,1
12545,xingnan,2021,applied,72,0,23,1,99,56,0,0,2
12546,xingnan,2021,ballot,,,,,,,,,4
12547,xingnan,2021,odds,,,,,,,,,5
12548,xingnan,2021,taken,72,0,23,1,99,56,0,251,3
12549,xingnan,2021,vacancy,260,188,188,103,204,105,49,300,1
12550,xingnan,2022,applied,87,25,0,1,64,33,0,0,2
12551,xingnan,2022,ballot,,,,,,,,,4
12552,xingnan,2022,odds,,,,,,,,,5
12553,xingnan,2022,taken,87,25,0,1,64,33,0,210,3
12554,xingnan,2022,vacancy,240,153,0,63,187,123,90,300,1
12555,xingnan,2023,applied,49,18,0,0,43,11,0,0,2
12556,xingnan,2023,ballot,,,,,,,,,4
12557,xingnan,2023,odds,,,,,,,,,5
12558,xingnan,2023,taken,49,18,0,0,43,11,0,121,3
12559,xingnan,2023,vacancy,150,101,0,48,143,100,89,210,1
12560,xinmin,2009,applied,0,0,0,6,102,0,0,0,2
12561,xinmin,2009,ballot,,,,,,,,,4
12562,xinmin,2009,odds,,,,1,0.637254901960784,,,,5
12563,xinmin,2009,taken,115,0,24,6,65,0,0,210,3
12564,xinmin,2009,vacancy,0,0,0,36,65,0,0,210,1
12565,xinmin,2010,applied,0,0,0,8,93,0,0,0,2
12566,xinmin,2010,ballot,,,,,,,,,4
12567,xinmin,2010,odds,,,,1,0.752688172043011,,,,5
12568,xinmin,2010,taken,105,0,27,8,70,0,0,210,3
12569,xinmin,2010,vacancy,0,0,0,39,70,0,0,210,1
12570,xinmin,2011,applied,0,0,0,8,118,0,0,0,2
12571,xinmin,2011,ballot,,,,,,,,,4
12572,xinmin,2011,odds,,,,1,0.533898305084746,,,,5
12573,xinmin,2011,taken,104,0,37,8,63,0,0,212,3
12574,xinmin,2011,vacancy,0,0,0,35,63,0,0,210,1
12575,xinmin,2012,applied,0,0,0,14,79,0,0,0,2
12576,xinmin,2012,ballot,,,,,,,,,4
12577,xinmin,2012,odds,,,,1,0.936708860759494,,,,5
12578,xinmin,2012,taken,80,1,41,14,74,0,0,210,3
12579,xinmin,2012,vacancy,0,0,0,44,74,0,0,210,1
12580,xinmin,2013,applied,0,0,0,11,125,0,0,0,2
12581,xinmin,2013,ballot,,,,,,,,,4
12582,xinmin,2013,odds,,,,1,0.8,,,,5
12583,xinmin,2013,taken,74,0,25,11,100,0,0,210,3
12584,xinmin,2013,vacancy,0,0,0,56,100,0,0,210,1
12585,xinmin,2014,applied,0,0,0,12,71,0,0,0,2
12586,xinmin,2014,ballot,,,,,,,,,4
12587,xinmin,2014,odds,,,,1,0.901408450704225,,,,5
12588,xinmin,2014,taken,78,0,56,12,64,0,0,210,3
12589,xinmin,2014,vacancy,0,0,0,38,64,0,0,210,1
12590,xinmin,2015,applied,0,0,0,7,60,0,0,0,2
12591,xinmin,2015,ballot,,,,,,,,,4
12592,xinmin,2015,odds,,,,1,0.866666666666667,,,,5
12593,xinmin,2015,taken,97,0,55,6,52,0,0,210,3
12594,xinmin,2015,vacancy,0,0,0,29,52,0,0,210,1
12595,xinmin,2016,applied,0,0,0,12,97,0,0,0,2
12596,xinmin,2016,ballot,,,,,,,,,4
12597,xinmin,2016,odds,,,,1,0.938144329896907,,,,5
12598,xinmin,2016,taken,77,0,31,11,91,0,0,210,3
12599,xinmin,2016,vacancy,0,0,0,51,91,0,0,210,1
12600,xinmin,2017,applied,0,0,0,12,94,0,0,0,2
12601,xinmin,2017,ballot,,,,,,,,,4
12602,xinmin,2017,odds,,,,1,0.957446808510638,,,,5
12603,xinmin,2017,taken,72,0,39,9,90,0,0,210,3
12604,xinmin,2017,vacancy,0,0,0,50,90,0,0,210,1
12605,xinmin,2018,applied,0,0,0,21,82,0,0,0,2
12606,xinmin,2018,ballot,,,,,,,,,4
12607,xinmin,2018,odds,,,,1,0.695121951219512,,,,5
12608,xinmin,2018,taken,80,0,53,20,57,0,0,210,3
12609,xinmin,2018,vacancy,0,0,0,39,57,0,0,210,1
12610,xinmin,2019,applied,75,0,40,11,98,0,0,0,2
12611,xinmin,2019,ballot,,,,,SC>2,,,,4
12612,xinmin,2019,odds,,,,,0.86734693877551,,,,5
12613,xinmin,2019,taken,75,0,40,11,85,0,0,211,3
12614,xinmin,2019,vacancy,170,95,95,48,85,0,0,210,1
12615,xinmin,2020,applied,90,0,44,15,91,0,0,0,2
12616,xinmin,2020,ballot,,,,,SC<1,,,,4
12617,xinmin,2020,odds,,,,,0.67032967032967,,,,5
12618,xinmin,2020,taken,90,0,44,15,61,0,0,210,3
12619,xinmin,2020,vacancy,170,80,80,38,61,0,0,210,1
12620,xinmin,2021,applied,87,1,46,20,103,0,0,0,2
12621,xinmin,2021,ballot,,,,,SC<1,,,,4
12622,xinmin,2021,odds,,,,,0.563106796116505,,,,5
12623,xinmin,2021,taken,87,1,46,20,58,0,0,212,3
12624,xinmin,2021,vacancy,170,83,82,38,58,0,0,210,1
12625,xinmin,2022,applied,79,60,0,32,78,0,0,0,2
12626,xinmin,2022,ballot,,,,SC<2#,SC<1,,,,4
12627,xinmin,2022,odds,,,,0.75,0.641025641025641,,,,5
12628,xinmin,2022,taken,79,60,0,24,50,0,0,213,3
12629,xinmin,2022,vacancy,150,72,0,24,50,0,0,210,1
12630,xinmin,2023,applied,69,54,0,26,100,0,0,0,2
12631,xinmin,2023,ballot,,,,,SC<1,,,,4
12632,xinmin,2023,odds,,,,,0.62,,,,5
12633,xinmin,2023,taken,69,54,0,26,62,0,0,211,3
12634,xinmin,2023,vacancy,150,81,0,29,62,0,0,210,1
12635,xishan,2009,applied,0,0,0,0,48,6,0,0,2
12636,xishan,2009,ballot,,,,,,,,,4
12637,xishan,2009,odds,,,,1,1,1,1,,5
12638,xishan,2009,taken,61,0,5,0,48,6,0,120,3
12639,xishan,2009,vacancy,0,0,0,57,114,66,60,180,1
12640,xishan,2010,applied,0,0,0,0,47,11,0,0,2
12641,xishan,2010,ballot,,,,,,,,,4
12642,xishan,2010,odds,,,,1,1,1,1,,5
12643,xishan,2010,taken,53,0,9,0,47,11,0,120,3
12644,xishan,2010,vacancy,0,0,0,59,118,71,52,180,1
12645,xishan,2011,applied,0,0,0,0,44,13,0,0,2
12646,xishan,2011,ballot,,,,,,,,,4
12647,xishan,2011,odds,,,,1,1,1,1,,5
12648,xishan,2011,taken,67,0,7,0,44,20,0,138,3
12649,xishan,2011,vacancy,0,0,0,53,107,63,43,180,1
12650,xishan,2012,applied,0,0,0,0,56,4,0,0,2
12651,xishan,2012,ballot,,,,,,,,,4
12652,xishan,2012,odds,,,,1,1,1,1,,5
12653,xishan,2012,taken,61,0,18,0,54,4,0,137,3
12654,xishan,2012,vacancy,0,0,0,51,101,47,43,180,1
12655,xishan,2013,applied,0,0,0,0,57,19,0,0,2
12656,xishan,2013,ballot,,,,,,,,,4
12657,xishan,2013,odds,,,,1,1,1,1,,5
12658,xishan,2013,taken,45,0,9,0,57,36,0,147,3
12659,xishan,2013,vacancy,0,0,0,63,126,70,34,180,1
12660,xishan,2014,applied,0,0,0,0,41,13,0,0,2
12661,xishan,2014,ballot,,,,,,,,,4
12662,xishan,2014,odds,,,,1,1,1,1,,5
12663,xishan,2014,taken,42,0,14,0,41,13,0,110,3
12664,xishan,2014,vacancy,0,0,0,62,124,83,70,180,1
12665,xishan,2015,applied,0,0,0,0,53,14,0,0,2
12666,xishan,2015,ballot,,,,,,,,,4
12667,xishan,2015,odds,,,,1,1,1,1,,5
12668,xishan,2015,taken,49,0,13,0,53,14,0,129,3
12669,xishan,2015,vacancy,0,0,0,59,119,66,52,180,1
12670,xishan,2016,applied,0,0,0,0,41,15,0,0,2
12671,xishan,2016,ballot,,,,,,,,,4
12672,xishan,2016,odds,,,,1,1,1,1,,5
12673,xishan,2016,taken,51,0,12,0,41,15,0,119,3
12674,xishan,2016,vacancy,0,0,0,59,119,78,63,180,1
12675,xishan,2017,applied,0,0,0,0,38,25,0,0,2
12676,xishan,2017,ballot,,,,,,,,,4
12677,xishan,2017,odds,,,,1,1,1,1,,5
12678,xishan,2017,taken,52,0,11,0,38,25,0,126,3
12679,xishan,2017,vacancy,0,0,0,59,117,79,54,180,1
12680,xishan,2018,applied,0,0,0,0,46,96,0,0,2
12681,xishan,2018,ballot,,,,,,,,,4
12682,xishan,2018,odds,,,,1,1,1,1,,5
12683,xishan,2018,taken,58,0,18,0,46,96,0,218,3
12684,xishan,2018,vacancy,0,0,0,82,164,118,22,240,1
12685,xishan,2019,applied,62,0,13,3,59,69,0,0,2
12686,xishan,2019,ballot,,,,,,,,,4
12687,xishan,2019,odds,,,,,,,,,5
12688,xishan,2019,taken,62,0,13,3,59,69,0,206,3
12689,xishan,2019,vacancy,200,138,138,83,162,103,34,240,1
12690,xishan,2020,applied,91,0,12,0,48,64,0,0,2
12691,xishan,2020,ballot,,,,,,SC1-2,,,4
12692,xishan,2020,odds,,,,,,0.78125,,,5
12693,xishan,2020,taken,91,0,12,0,48,50,0,201,3
12694,xishan,2020,vacancy,160,69,69,49,98,50,0,200,1
12695,xishan,2021,applied,90,0,18,0,72,72,0,0,2
12696,xishan,2021,ballot,,,,,,SC<1,,,4
12697,xishan,2021,odds,,,,,,0.555555555555556,,,5
12698,xishan,2021,taken,90,0,18,0,72,40,0,220,3
12699,xishan,2021,vacancy,180,90,90,56,112,40,0,220,1
12700,xishan,2022,applied,69,10,0,1,59,76,0,0,2
12701,xishan,2022,ballot,,,,,,SC1-2,,,4
12702,xishan,2022,odds,,,,,,0.671052631578947,,,5
12703,xishan,2022,taken,69,10,0,1,59,51,0,190,3
12704,xishan,2022,vacancy,130,61,0,37,110,51,0,190,1
12705,xishan,2023,applied,73,29,0,2,43,79,0,0,2
12706,xishan,2023,ballot,,,,,,PR<1,,,4
12707,xishan,2023,odds,,,,,,0.924050632911392,,,5
12708,xishan,2023,taken,73,29,0,2,43,73,0,220,3
12709,xishan,2023,vacancy,160,87,0,39,116,73,0,220,1
12710,yangzheng,2009,applied,0,0,0,3,104,10,0,0,2
12711,yangzheng,2009,ballot,,,,,,,,,4
12712,yangzheng,2009,odds,,,,1,1,0.7,,,5
12713,yangzheng,2009,taken,85,2,13,3,103,7,0,213,3
12714,yangzheng,2009,vacancy,0,0,0,55,110,7,0,210,1
12715,yangzheng,2010,applied,0,0,0,7,106,10,0,0,2
12716,yangzheng,2010,ballot,,,,,,,,,4
12717,yangzheng,2010,odds,,,,1,1,0.6,,,5
12718,yangzheng,2010,taken,81,0,12,7,106,6,0,212,3
12719,yangzheng,2010,vacancy,0,0,0,59,110,6,0,210,1
12720,yangzheng,2011,applied,0,0,0,10,91,0,0,0,2
12721,yangzheng,2011,ballot,,,,,,,,,4
12722,yangzheng,2011,odds,,,,1,0.769230769230769,,,,5
12723,yangzheng,2011,taken,88,0,15,10,70,0,0,183,3
12724,yangzheng,2011,vacancy,0,0,0,39,70,0,0,180,1
12725,yangzheng,2012,applied,0,0,0,16,85,0,0,0,2
12726,yangzheng,2012,ballot,,,,,,,,,4
12727,yangzheng,2012,odds,,,,1,0.835294117647059,,,,5
12728,yangzheng,2012,taken,72,1,20,16,71,0,0,180,3
12729,yangzheng,2012,vacancy,0,0,0,44,71,0,0,180,1
12730,yangzheng,2013,applied,0,0,0,24,81,0,0,0,2
12731,yangzheng,2013,ballot,,,,,,,,,4
12732,yangzheng,2013,odds,,,,1,0.753086419753086,,,,5
12733,yangzheng,2013,taken,79,0,16,24,61,0,0,180,3
12734,yangzheng,2013,vacancy,0,0,0,43,61,0,0,180,1
12735,yangzheng,2014,applied,0,0,0,22,73,0,0,0,2
12736,yangzheng,2014,ballot,,,,,,,,,4
12737,yangzheng,2014,odds,,,,1,0.780821917808219,,,,5
12738,yangzheng,2014,taken,72,1,28,22,57,0,0,180,3
12739,yangzheng,2014,vacancy,0,0,0,40,57,0,0,180,1
12740,yangzheng,2015,applied,0,0,0,20,84,0,0,0,2
12741,yangzheng,2015,ballot,,,,,,,,,4
12742,yangzheng,2015,odds,,,,1,0.964285714285714,,,,5
12743,yangzheng,2015,taken,66,1,13,19,81,0,0,180,3
12744,yangzheng,2015,vacancy,0,0,0,50,81,0,0,180,1
12745,yangzheng,2016,applied,0,0,0,14,91,0,0,0,2
12746,yangzheng,2016,ballot,,,,,,,,,4
12747,yangzheng,2016,odds,,,,1,0.989010989010989,,,,5
12748,yangzheng,2016,taken,52,4,27,7,90,0,0,180,3
12749,yangzheng,2016,vacancy,0,0,0,49,90,0,0,180,1
12750,yangzheng,2017,applied,0,0,0,17,100,0,0,0,2
12751,yangzheng,2017,ballot,,,,,,,,,4
12752,yangzheng,2017,odds,,,,1,0.82,,,,5
12753,yangzheng,2017,taken,61,5,20,12,82,0,0,180,3
12754,yangzheng,2017,vacancy,0,0,0,47,82,0,0,180,1
12755,yangzheng,2018,applied,0,0,0,24,83,0,0,0,2
12756,yangzheng,2018,ballot,,,,,,,,,4
12757,yangzheng,2018,odds,,,,1,0.397590361445783,,,,5
12758,yangzheng,2018,taken,92,6,27,22,33,0,0,180,3
12759,yangzheng,2018,vacancy,0,0,0,28,33,0,0,180,1
12760,yangzheng,2019,applied,70,5,18,11,86,0,0,0,2
12761,yangzheng,2019,ballot,,,,,PR<1,,,,4
12762,yangzheng,2019,odds,,,,,0.906976744186046,,,,5
12763,yangzheng,2019,taken,70,5,18,11,78,0,0,182,3
12764,yangzheng,2019,vacancy,140,70,65,44,78,0,0,180,1
12765,yangzheng,2020,applied,65,8,18,15,102,0,0,0,2
12766,yangzheng,2020,ballot,,,,,SC1-2,,,,4
12767,yangzheng,2020,odds,,,,,0.725490196078431,,,,5
12768,yangzheng,2020,taken,65,8,18,15,74,0,0,180,3
12769,yangzheng,2020,vacancy,140,75,67,45,74,0,0,180,1
12770,yangzheng,2021,applied,68,5,25,15,93,0,0,0,2
12771,yangzheng,2021,ballot,,,,,SC1-2,,,,4
12772,yangzheng,2021,odds,,,,,0.731182795698925,,,,5
12773,yangzheng,2021,taken,68,5,25,15,68,0,0,181,3
12774,yangzheng,2021,vacancy,140,72,67,41,68,0,0,180,1
12775,yangzheng,2022,applied,68,29,0,9,101,0,0,0,2
12776,yangzheng,2022,ballot,,,,,SC<1,,,,4
12777,yangzheng,2022,odds,,,,,0.574257425742574,,,,5
12778,yangzheng,2022,taken,68,29,0,9,58,0,0,164,3
12779,yangzheng,2022,vacancy,100,33,0,22,58,0,0,160,1
12780,yangzheng,2023,applied,66,38,0,14,77,0,0,0,2
12781,yangzheng,2023,ballot,,SC>2,,,SC<1,,,,4
12782,yangzheng,2023,odds,,0.894736842105263,,,0.623376623376623,,,,5
12783,yangzheng,2023,taken,66,34,0,14,48,0,0,162,3
12784,yangzheng,2023,vacancy,100,34,0,20,48,0,0,160,1
12785,yew-tee,2009,applied,0,0,0,7,145,0,0,0,2
12786,yew-tee,2009,ballot,,,,,,,,,4
12787,yew-tee,2009,odds,,,,1,0.813793103448276,,,,5
12788,yew-tee,2009,taken,135,0,11,7,118,0,0,271,3
12789,yew-tee,2009,vacancy,0,0,0,62,118,0,0,270,1
12790,yew-tee,2010,applied,0,0,0,11,157,0,0,0,2
12791,yew-tee,2010,ballot,,,,,,,,,4
12792,yew-tee,2010,odds,,,,1,0.726114649681529,,,,5
12793,yew-tee,2010,taken,107,0,8,11,114,0,0,240,3
12794,yew-tee,2010,vacancy,0,0,0,63,114,0,0,240,1
12795,yew-tee,2011,applied,0,0,0,22,124,0,0,0,2
12796,yew-tee,2011,ballot,,,,,,,,,4
12797,yew-tee,2011,odds,,,,1,0.943548387096774,,,,5
12798,yew-tee,2011,taken,91,0,10,22,117,0,0,240,3
12799,yew-tee,2011,vacancy,0,0,0,70,117,0,0,240,1
12800,yew-tee,2012,applied,0,0,0,27,112,0,0,0,2
12801,yew-tee,2012,ballot,,,,,,,,,4
12802,yew-tee,2012,odds,,,,1,0.785714285714286,,,,5
12803,yew-tee,2012,taken,112,0,13,27,88,0,0,240,3
12804,yew-tee,2012,vacancy,0,0,0,58,88,0,0,240,1
12805,yew-tee,2013,applied,0,0,0,36,104,0,0,0,2
12806,yew-tee,2013,ballot,,,,,,,,,4
12807,yew-tee,2013,odds,,,,1,0.836538461538462,,,,5
12808,yew-tee,2013,taken,104,1,12,36,87,0,0,240,3
12809,yew-tee,2013,vacancy,0,0,0,62,87,0,0,240,1
12810,yew-tee,2014,applied,0,0,0,21,108,11,0,0,2
12811,yew-tee,2014,ballot,,,,,,,,,4
12812,yew-tee,2014,odds,,,,1,1,0.818181818181818,,,5
12813,yew-tee,2014,taken,90,0,13,21,107,9,0,240,3
12814,yew-tee,2014,vacancy,0,0,0,69,116,9,0,240,1
12815,yew-tee,2015,applied,0,0,0,17,90,0,0,0,2
12816,yew-tee,2015,ballot,,,,,,,,,4
12817,yew-tee,2015,odds,,,,1,0.944444444444444,,,,5
12818,yew-tee,2015,taken,94,0,15,16,85,0,0,210,3
12819,yew-tee,2015,vacancy,0,0,0,51,85,0,0,210,1
12820,yew-tee,2016,applied,0,0,0,8,71,10,0,0,2
12821,yew-tee,2016,ballot,,,,,,,,,4
12822,yew-tee,2016,odds,,,,1,1,1,1,,5
12823,yew-tee,2016,taken,87,1,9,4,71,10,0,182,3
12824,yew-tee,2016,vacancy,0,0,0,57,109,38,28,210,1
12825,yew-tee,2017,applied,0,0,0,5,83,24,0,0,2
12826,yew-tee,2017,ballot,,,,,,,,,4
12827,yew-tee,2017,odds,,,,1,1,0.916666666666667,,,5
12828,yew-tee,2017,taken,94,0,7,4,83,22,0,210,3
12829,yew-tee,2017,vacancy,0,0,0,55,105,22,0,210,1
12830,yew-tee,2018,applied,0,0,0,17,62,34,0,0,2
12831,yew-tee,2018,ballot,,,,,,,,,4
12832,yew-tee,2018,odds,,,,1,1,1,1,,5
12833,yew-tee,2018,taken,58,0,6,17,62,34,0,177,3
12834,yew-tee,2018,vacancy,0,0,0,73,129,67,33,210,1
12835,yew-tee,2019,applied,62,0,8,4,58,38,0,0,2
12836,yew-tee,2019,ballot,,,,,,,,,4
12837,yew-tee,2019,odds,,,,,,,,,5
12838,yew-tee,2019,taken,62,0,8,4,58,38,0,170,3
12839,yew-tee,2019,vacancy,140,78,78,55,106,48,10,180,1
12840,yew-tee,2020,applied,75,1,10,7,53,45,0,0,2
12841,yew-tee,2020,ballot,,,,,,,,,4
12842,yew-tee,2020,odds,,,,,,,,,5
12843,yew-tee,2020,taken,75,1,10,7,53,45,0,191,3
12844,yew-tee,2020,vacancy,200,125,124,77,148,95,50,240,1
12845,yew-tee,2021,applied,72,1,9,3,65,44,0,0,2
12846,yew-tee,2021,ballot,,,,,,,,,4
12847,yew-tee,2021,odds,,,,,,,,,5
12848,yew-tee,2021,taken,72,1,9,3,65,44,0,194,3
12849,yew-tee,2021,vacancy,200,128,127,79,155,90,46,240,1
12850,yew-tee,2022,applied,67,4,0,1,60,32,0,0,2
12851,yew-tee,2022,ballot,,,,,,,,,4
12852,yew-tee,2022,odds,,,,,,,,,5
12853,yew-tee,2022,taken,67,4,0,1,60,32,0,164,3
12854,yew-tee,2022,vacancy,150,83,0,46,138,78,46,210,1
12855,yew-tee,2023,applied,53,6,0,3,45,11,0,0,2
12856,yew-tee,2023,ballot,,,,,,,,,4
12857,yew-tee,2023,odds,,,,,,,,,5
12858,yew-tee,2023,taken,53,6,0,3,45,11,0,118,3
12859,yew-tee,2023,vacancy,120,67,0,40,118,74,63,180,1
12860,yio-chu-kang,2009,applied,0,0,0,1,48,75,0,0,2
12861,yio-chu-kang,2009,ballot,,,,,,,,,4
12862,yio-chu-kang,2009,odds,,,,1,1,0.906666666666667,,,5
12863,yio-chu-kang,2009,taken,55,0,9,1,48,68,0,181,3
12864,yio-chu-kang,2009,vacancy,0,0,0,58,116,68,0,180,1
12865,yio-chu-kang,2010,applied,0,0,0,0,30,61,0,0,2
12866,yio-chu-kang,2010,ballot,,,,,,,,,4
12867,yio-chu-kang,2010,odds,,,,1,1,1,1,,5
12868,yio-chu-kang,2010,taken,59,0,9,0,30,61,0,159,3
12869,yio-chu-kang,2010,vacancy,0,0,0,56,112,82,15,180,1
12870,yio-chu-kang,2011,applied,0,0,0,0,32,66,0,0,2
12871,yio-chu-kang,2011,ballot,,,,,,,,,4
12872,yio-chu-kang,2011,odds,,,,1,1,1,1,,5
12873,yio-chu-kang,2011,taken,50,1,5,0,32,84,0,172,3
12874,yio-chu-kang,2011,vacancy,0,0,0,62,125,93,9,180,1
12875,yio-chu-kang,2012,applied,0,0,0,1,58,22,0,0,2
12876,yio-chu-kang,2012,ballot,,,,,,,,,4
12877,yio-chu-kang,2012,odds,,,,1,1,1,1,,5
12878,yio-chu-kang,2012,taken,48,1,2,1,58,22,0,132,3
12879,yio-chu-kang,2012,vacancy,0,0,0,65,128,70,48,180,1
12880,yio-chu-kang,2013,applied,0,0,0,1,52,40,0,0,2
12881,yio-chu-kang,2013,ballot,,,,,,,,,4
12882,yio-chu-kang,2013,odds,,,,1,1,1,1,,5
12883,yio-chu-kang,2013,taken,55,0,11,1,51,51,0,169,3
12884,yio-chu-kang,2013,vacancy,0,0,0,57,113,62,11,180,1
12885,yio-chu-kang,2014,applied,0,0,0,0,67,35,0,0,2
12886,yio-chu-kang,2014,ballot,,,,,,,,,4
12887,yio-chu-kang,2014,odds,,,,1,1,1,1,,5
12888,yio-chu-kang,2014,taken,45,0,2,0,66,35,0,148,3
12889,yio-chu-kang,2014,vacancy,0,0,0,67,133,67,32,180,1
12890,yio-chu-kang,2015,applied,0,0,0,1,58,36,0,0,2
12891,yio-chu-kang,2015,ballot,,,,,,,,,4
12892,yio-chu-kang,2015,odds,,,,1,1,1,1,,5
12893,yio-chu-kang,2015,taken,51,0,3,0,57,36,0,147,3
12894,yio-chu-kang,2015,vacancy,0,0,0,63,126,69,33,180,1
12895,yio-chu-kang,2016,applied,0,0,0,0,29,13,0,0,2
12896,yio-chu-kang,2016,ballot,,,,,,,,,4
12897,yio-chu-kang,2016,odds,,,,1,1,1,1,,5
12898,yio-chu-kang,2016,taken,50,0,4,0,28,13,0,95,3
12899,yio-chu-kang,2016,vacancy,0,0,0,63,126,98,85,180,1
12900,yio-chu-kang,2017,applied,0,0,0,0,38,23,0,0,2
12901,yio-chu-kang,2017,ballot,,,,,,,,,4
12902,yio-chu-kang,2017,odds,,,,1,1,1,1,,5
12903,yio-chu-kang,2017,taken,33,0,6,0,38,23,0,100,3
12904,yio-chu-kang,2017,vacancy,0,0,0,56,111,73,50,150,1
12905,yio-chu-kang,2018,applied,0,0,0,0,53,51,0,0,2
12906,yio-chu-kang,2018,ballot,,,,,,,,,4
12907,yio-chu-kang,2018,odds,,,,1,1,1,1,,5
12908,yio-chu-kang,2018,taken,38,0,4,0,53,51,0,146,3
12909,yio-chu-kang,2018,vacancy,0,0,0,84,168,115,64,210,1
12910,yio-chu-kang,2019,applied,41,0,9,0,27,31,0,0,2
12911,yio-chu-kang,2019,ballot,,,,,,,,,4
12912,yio-chu-kang,2019,odds,,,,,,,,,5
12913,yio-chu-kang,2019,taken,41,0,9,0,27,31,0,108,3
12914,yio-chu-kang,2019,vacancy,140,99,99,65,130,103,72,180,1
12915,yio-chu-kang,2020,applied,46,0,2,0,50,84,0,0,2
12916,yio-chu-kang,2020,ballot,,,,,,,,,4
12917,yio-chu-kang,2020,odds,,,,,,,,,5
12918,yio-chu-kang,2020,taken,46,0,2,0,50,84,0,182,3
12919,yio-chu-kang,2020,vacancy,200,154,154,96,192,144,60,240,1
12920,yio-chu-kang,2021,applied,46,0,0,0,40,83,0,0,2
12921,yio-chu-kang,2021,ballot,,,,,,,,,4
12922,yio-chu-kang,2021,odds,,,,,,,,,5
12923,yio-chu-kang,2021,taken,46,0,0,0,40,83,0,169,3
12924,yio-chu-kang,2021,vacancy,160,114,114,77,154,114,31,200,1
12925,yio-chu-kang,2022,applied,55,5,0,0,36,93,0,0,2
12926,yio-chu-kang,2022,ballot,,,,,,,,,4
12927,yio-chu-kang,2022,odds,,,,,,,,,5
12928,yio-chu-kang,2022,taken,55,5,0,0,36,93,0,189,3
12929,yio-chu-kang,2022,vacancy,140,85,0,47,141,105,12,200,1
12930,yio-chu-kang,2023,applied,46,11,0,0,24,67,0,0,2
12931,yio-chu-kang,2023,ballot,,,,,,,,,4
12932,yio-chu-kang,2023,odds,,,,,,,,,5
12933,yio-chu-kang,2023,taken,46,11,0,0,24,67,0,148,3
12934,yio-chu-kang,2023,vacancy,120,74,0,41,123,99,32,180,1
12935,yishun,2009,applied,0,0,0,0,77,13,0,0,2
12936,yishun,2009,ballot,,,,,,,,,4
12937,yishun,2009,odds,,,,1,1,1,1,,5
12938,yishun,2009,taken,89,1,15,0,77,13,0,195,3
12939,yishun,2009,vacancy,0,0,0,53,106,29,16,210,1
12940,yishun,2010,applied,0,0,0,0,74,27,0,0,2
12941,yishun,2010,ballot,,,,,,,,,4
12942,yishun,2010,odds,,,,1,1,1,1,,5
12943,yishun,2010,taken,68,0,17,0,74,27,0,186,3
12944,yishun,2010,vacancy,0,0,0,62,125,51,24,210,1
12945,yishun,2011,applied,0,0,0,0,62,35,0,0,2
12946,yishun,2011,ballot,,,,,,,,,4
12947,yishun,2011,odds,,,,1,1,1,1,,5
12948,yishun,2011,taken,74,0,14,0,62,35,0,185,3
12949,yishun,2011,vacancy,0,0,0,61,123,62,27,210,1
12950,yishun,2012,applied,0,0,0,2,90,22,0,0,2
12951,yishun,2012,ballot,,,,,,,,,4
12952,yishun,2012,odds,,,,1,1,1,,,5
12953,yishun,2012,taken,73,2,18,2,90,25,0,210,3
12954,yishun,2012,vacancy,0,0,0,59,115,25,0,210,1
12955,yishun,2013,applied,0,0,0,2,108,0,0,0,2
12956,yishun,2013,ballot,,,,,,,,,4
12957,yishun,2013,odds,,,,1,0.953703703703704,,,,5
12958,yishun,2013,taken,81,0,24,2,103,0,0,210,3
12959,yishun,2013,vacancy,0,0,0,53,103,0,0,210,1
12960,yishun,2014,applied,0,0,0,0,91,9,0,0,2
12961,yishun,2014,ballot,,,,,,,,,4
12962,yishun,2014,odds,,,,1,1,0.888888888888889,,,5
12963,yishun,2014,taken,87,0,26,0,89,8,0,210,3
12964,yishun,2014,vacancy,0,0,0,49,97,8,0,210,1
12965,yishun,2015,applied,0,0,0,1,75,33,0,0,2
12966,yishun,2015,ballot,,,,,,,,,4
12967,yishun,2015,odds,,,,1,1,1,1,,5
12968,yishun,2015,taken,57,0,20,1,75,33,0,186,3
12969,yishun,2015,vacancy,0,0,0,67,132,57,24,210,1
12970,yishun,2016,applied,0,0,0,0,76,28,0,0,2
12971,yishun,2016,ballot,,,,,,,,,4
12972,yishun,2016,odds,,,,1,1,1,1,,5
12973,yishun,2016,taken,74,0,24,0,75,28,0,201,3
12974,yishun,2016,vacancy,0,0,0,56,113,38,10,210,1
12975,yishun,2017,applied,0,0,0,1,58,37,0,0,2
12976,yishun,2017,ballot,,,,,,,,,4
12977,yishun,2017,odds,,,,1,1,1,1,,5
12978,yishun,2017,taken,58,0,21,1,58,37,0,175,3
12979,yishun,2017,vacancy,0,0,0,66,130,72,35,210,1
12980,yishun,2018,applied,0,0,0,0,69,68,0,0,2
12981,yishun,2018,ballot,,,,,,,,,4
12982,yishun,2018,odds,,,,1,1,0.823529411764706,,,5
12983,yishun,2018,taken,61,0,24,0,69,56,0,210,3
12984,yishun,2018,vacancy,0,0,0,63,125,56,0,210,1
12985,yishun,2019,applied,74,0,17,0,46,53,0,0,2
12986,yishun,2019,ballot,,,,,,,,,4
12987,yishun,2019,odds,,,,,,,,,5
12988,yishun,2019,taken,74,0,17,0,46,53,0,190,3
12989,yishun,2019,vacancy,160,86,86,55,111,65,12,200,1
12990,yishun,2020,applied,80,0,25,0,43,43,0,0,2
12991,yishun,2020,ballot,,,,,,,,,4
12992,yishun,2020,odds,,,,,,,,,5
12993,yishun,2020,taken,80,0,25,0,43,43,0,191,3
12994,yishun,2020,vacancy,160,80,80,48,97,54,11,200,1
12995,yishun,2021,applied,82,0,23,1,64,41,0,0,2
12996,yishun,2021,ballot,,,,,,SC1-2,,,4
12997,yishun,2021,odds,,,,,,0.780487804878049,,,5
12998,yishun,2021,taken,82,0,23,1,64,32,0,202,3
12999,yishun,2021,vacancy,160,78,78,48,94,32,0,200,1
13000,yishun,2022,applied,65,15,0,0,42,58,0,0,2
13001,yishun,2022,ballot,,,,,,,,,4
13002,yishun,2022,odds,,,,,,,,,5
13003,yishun,2022,taken,65,15,0,0,42,58,0,180,3
13004,yishun,2022,vacancy,120,55,0,33,100,58,0,180,1
13005,yishun,2023,applied,54,24,0,1,54,47,0,0,2
13006,yishun,2023,ballot,,,,,,,,,4
13007,yishun,2023,odds,,,,,,,,,5
13008,yishun,2023,taken,54,24,0,1,54,47,0,180,3
13009,yishun,2023,vacancy,160,106,0,47,141,87,40,220,1
13010,yu-neng,2009,applied,0,0,0,14,129,0,0,0,2
13011,yu-neng,2009,ballot,,,,,,,,,4
13012,yu-neng,2009,odds,,,,1,0.596899224806202,,,,5
13013,yu-neng,2009,taken,103,0,16,14,77,0,0,210,3
13014,yu-neng,2009,vacancy,0,0,0,46,77,0,0,210,1
13015,yu-neng,2010,applied,0,0,0,23,71,0,0,0,2
13016,yu-neng,2010,ballot,,,,,,,,,4
13017,yu-neng,2010,odds,,,,1,0.338028169014085,,,,5
13018,yu-neng,2010,taken,100,1,32,23,24,0,0,180,3
13019,yu-neng,2010,vacancy,0,0,0,24,24,0,0,180,1
13020,yu-neng,2011,applied,0,0,0,24,89,0,0,0,2
13021,yu-neng,2011,ballot,,,,,,,,,4
13022,yu-neng,2011,odds,,,,1,0.460674157303371,,,,5
13023,yu-neng,2011,taken,79,0,37,24,41,0,0,181,3
13024,yu-neng,2011,vacancy,0,0,0,32,41,0,0,180,1
13025,yu-neng,2012,applied,0,0,0,22,78,0,0,0,2
13026,yu-neng,2012,ballot,,,,,,,,,4
13027,yu-neng,2012,odds,,,,1,0.666666666666667,,,,5
13028,yu-neng,2012,taken,69,0,37,22,52,0,0,180,3
13029,yu-neng,2012,vacancy,0,0,0,37,52,0,0,180,1
13030,yu-neng,2013,applied,0,0,0,21,76,0,0,0,2
13031,yu-neng,2013,ballot,,,,,,,,,4
13032,yu-neng,2013,odds,,,,1,0.381578947368421,,,,5
13033,yu-neng,2013,taken,82,5,43,21,29,0,0,180,3
13034,yu-neng,2013,vacancy,0,0,0,25,29,0,0,180,1
13035,yu-neng,2014,applied,0,0,0,25,45,0,0,0,2
13036,yu-neng,2014,ballot,,,,,,,,,4
13037,yu-neng,2014,odds,,,,0.8,0.444444444444444,,,,5
13038,yu-neng,2014,taken,76,5,59,20,20,0,0,180,3
13039,yu-neng,2014,vacancy,0,0,0,20,20,0,0,180,1
13040,yu-neng,2015,applied,0,0,0,10,48,0,0,0,2
13041,yu-neng,2015,ballot,,,,,,,,,4
13042,yu-neng,2015,odds,,,,1,0.8125,,,,5
13043,yu-neng,2015,taken,79,8,47,7,39,0,0,180,3
13044,yu-neng,2015,vacancy,0,0,0,23,39,0,0,180,1
13045,yu-neng,2016,applied,0,0,0,10,59,0,0,0,2
13046,yu-neng,2016,ballot,,,,,,,,,4
13047,yu-neng,2016,odds,,,,1,0.932203389830508,,,,5
13048,yu-neng,2016,taken,62,18,38,7,55,0,0,180,3
13049,yu-neng,2016,vacancy,0,0,0,31,55,0,0,180,1
13050,yu-neng,2017,applied,0,0,0,10,63,0,0,0,2
13051,yu-neng,2017,ballot,,,,,,,,,4
13052,yu-neng,2017,odds,,,,1,0.80952380952381,,,,5
13053,yu-neng,2017,taken,75,14,31,9,51,0,0,180,3
13054,yu-neng,2017,vacancy,0,0,0,30,51,0,0,180,1
13055,yu-neng,2018,applied,0,0,0,11,46,0,0,0,2
13056,yu-neng,2018,ballot,,,,,,,,,4
13057,yu-neng,2018,odds,,,,1,0.695652173913043,,,,5
13058,yu-neng,2018,taken,90,15,35,8,32,0,0,180,3
13059,yu-neng,2018,vacancy,0,0,0,20,32,0,0,180,1
13060,yu-neng,2019,applied,77,17,36,12,59,0,0,0,2
13061,yu-neng,2019,ballot,,,,,SC<1,,,,4
13062,yu-neng,2019,odds,,,,,0.677966101694915,,,,5
13063,yu-neng,2019,taken,77,17,36,12,40,0,0,182,3
13064,yu-neng,2019,vacancy,140,63,46,25,40,0,0,180,1
13065,yu-neng,2020,applied,89,17,38,14,48,0,0,0,2
13066,yu-neng,2020,ballot,,,SC>2,,SC<1,,,,4
13067,yu-neng,2020,odds,,,0.894736842105263,,0.583333333333333,,,,5
13068,yu-neng,2020,taken,89,17,34,14,28,0,0,182,3
13069,yu-neng,2020,vacancy,140,51,34,21,28,0,0,180,1
13070,yu-neng,2021,applied,79,22,38,10,56,0,0,0,2
13071,yu-neng,2021,ballot,,,,,SC<1,,,,4
13072,yu-neng,2021,odds,,,,,0.589285714285714,,,,5
13073,yu-neng,2021,taken,79,22,38,10,33,0,0,182,3
13074,yu-neng,2021,vacancy,140,61,39,21,33,0,0,180,1
13075,yu-neng,2022,applied,78,43,0,10,83,0,0,0,2
13076,yu-neng,2022,ballot,,SC#,,,SC<1,,,,4
13077,yu-neng,2022,odds,,0.976744186046512,,,0.626506024096386,,,,5
13078,yu-neng,2022,taken,78,42,0,10,52,0,0,182,3
13079,yu-neng,2022,vacancy,120,42,0,20,52,0,0,180,1
13080,yu-neng,2023,applied,69,44,0,12,82,0,0,0,2
13081,yu-neng,2023,ballot,,,,,SC<1,,,,4
13082,yu-neng,2023,odds,,,,,0.682926829268293,,,,5
13083,yu-neng,2023,taken,69,44,0,12,56,0,0,181,3
13084,yu-neng,2023,vacancy,120,51,0,22,56,0,0,180,1
13085,yuhua,2009,applied,0,0,0,2,68,36,0,0,2
13086,yuhua,2009,ballot,,,,,,,,,4
13087,yuhua,2009,odds,,,,1,1,1,1,,5
13088,yuhua,2009,taken,82,1,14,2,68,36,0,203,3
13089,yuhua,2009,vacancy,0,0,0,87,172,104,67,270,1
13090,yuhua,2010,applied,0,0,0,2,73,51,0,0,2
13091,yuhua,2010,ballot,,,,,,,,,4
13092,yuhua,2010,odds,,,,1,1,1,1,,5
13093,yuhua,2010,taken,74,0,14,2,73,51,0,214,3
13094,yuhua,2010,vacancy,0,0,0,91,180,107,48,270,1
13095,yuhua,2011,applied,0,0,0,0,62,36,0,0,2
13096,yuhua,2011,ballot,,,,,,,,,4
13097,yuhua,2011,odds,,,,1,1,1,1,,5
13098,yuhua,2011,taken,75,1,11,0,62,74,0,223,3
13099,yuhua,2011,vacancy,0,0,0,92,183,121,47,270,1
13100,yuhua,2012,applied,0,0,0,0,47,16,0,0,2
13101,yuhua,2012,ballot,,,,,,,,,4
13102,yuhua,2012,odds,,,,1,1,1,1,,5
13103,yuhua,2012,taken,80,0,19,0,47,56,0,202,3
13104,yuhua,2012,vacancy,0,0,0,71,141,94,38,240,1
13105,yuhua,2013,applied,0,0,0,0,73,30,0,0,2
13106,yuhua,2013,ballot,,,,,,,,,4
13107,yuhua,2013,odds,,,,1,1,1,1,,5
13108,yuhua,2013,taken,80,0,18,0,72,45,0,215,3
13109,yuhua,2013,vacancy,0,0,0,71,142,70,25,240,1
13110,yuhua,2014,applied,0,0,0,0,46,28,0,0,2
13111,yuhua,2014,ballot,,,,,,,,,4
13112,yuhua,2014,odds,,,,1,1,1,1,,5
13113,yuhua,2014,taken,56,0,16,0,46,28,0,146,3
13114,yuhua,2014,vacancy,0,0,0,84,168,122,94,240,1
13115,yuhua,2015,applied,0,0,0,0,42,10,0,0,2
13116,yuhua,2015,ballot,,,,,,,,,4
13117,yuhua,2015,odds,,,,1,1,1,1,,5
13118,yuhua,2015,taken,58,0,13,0,42,10,0,123,3
13119,yuhua,2015,vacancy,0,0,0,85,170,128,118,240,1
13120,yuhua,2016,applied,0,0,0,1,26,11,0,0,2
13121,yuhua,2016,ballot,,,,,,,,,4
13122,yuhua,2016,odds,,,,1,1,1,1,,5
13123,yuhua,2016,taken,51,0,12,1,26,11,0,101,3
13124,yuhua,2016,vacancy,0,0,0,59,116,90,79,180,1
13125,yuhua,2017,applied,0,0,0,0,40,16,0,0,2
13126,yuhua,2017,ballot,,,,,,,,,4
13127,yuhua,2017,odds,,,,1,1,1,1,,5
13128,yuhua,2017,taken,51,0,11,0,40,16,0,118,3
13129,yuhua,2017,vacancy,0,0,0,44,88,48,32,150,1
13130,yuhua,2018,applied,0,0,0,0,40,21,0,0,2
13131,yuhua,2018,ballot,,,,,,,,,4
13132,yuhua,2018,odds,,,,1,1,1,1,,5
13133,yuhua,2018,taken,41,0,14,0,40,21,0,116,3
13134,yuhua,2018,vacancy,0,0,0,78,155,115,94,210,1
13135,yuhua,2019,applied,40,0,10,0,34,28,0,0,2
13136,yuhua,2019,ballot,,,,,,,,,4
13137,yuhua,2019,odds,,,,,,,,,5
13138,yuhua,2019,taken,40,0,10,0,34,28,0,112,3
13139,yuhua,2019,vacancy,140,100,100,65,130,96,68,180,1
13140,yuhua,2020,applied,52,0,14,0,44,62,0,0,2
13141,yuhua,2020,ballot,,,,,,,,,4
13142,yuhua,2020,odds,,,,,,,,,5
13143,yuhua,2020,taken,52,0,14,0,44,62,0,172,3
13144,yuhua,2020,vacancy,200,148,148,87,175,131,69,240,1
13145,yuhua,2021,applied,50,0,15,0,37,63,0,0,2
13146,yuhua,2021,ballot,,,,,,,,,4
13147,yuhua,2021,odds,,,,,,,,,5
13148,yuhua,2021,taken,50,0,15,0,37,63,0,165,3
13149,yuhua,2021,vacancy,200,150,150,88,175,138,75,240,1
13150,yuhua,2022,applied,49,12,0,0,29,39,0,0,2
13151,yuhua,2022,ballot,,,,,,,,,4
13152,yuhua,2022,odds,,,,,,,,,5
13153,yuhua,2022,taken,49,12,0,0,29,39,0,129,3
13154,yuhua,2022,vacancy,150,101,0,50,150,121,82,210,1
13155,yuhua,2023,applied,57,23,0,1,23,31,0,0,2
13156,yuhua,2023,ballot,,,,,,,,,4
13157,yuhua,2023,odds,,,,,,,,,5
13158,yuhua,2023,taken,57,23,0,1,23,31,0,135,3
13159,yuhua,2023,vacancy,180,123,0,53,160,137,106,240,1
13160,yumin,2009,applied,0,0,0,1,58,40,0,0,2
13161,yumin,2009,ballot,,,,,,,,,4
13162,yumin,2009,odds,,,,1,1,1,1,,5
13163,yumin,2009,taken,63,0,14,1,58,40,0,176,3
13164,yumin,2009,vacancy,0,0,0,52,102,44,3,180,1
13165,yumin,2010,applied,0,0,0,1,57,33,0,0,2
13166,yumin,2010,ballot,,,,,,,,,4
13167,yumin,2010,odds,,,,1,1,1,1,,5
13168,yumin,2010,taken,65,0,12,1,57,33,0,168,3
13169,yumin,2010,vacancy,0,0,0,52,102,46,10,180,1
13170,yumin,2011,applied,0,0,0,0,51,45,0,0,2
13171,yumin,2011,ballot,,,,,,,,,4
13172,yumin,2011,odds,,,,1,1,1,,,5
13173,yumin,2011,taken,67,0,13,0,51,50,0,181,3
13174,yumin,2011,vacancy,0,0,0,50,100,50,0,180,1
13175,yumin,2012,applied,0,0,0,0,50,30,0,0,2
13176,yumin,2012,ballot,,,,,,,,,4
13177,yumin,2012,odds,,,,1,1,1,1,,5
13178,yumin,2012,taken,68,0,16,0,50,30,0,164,3
13179,yumin,2012,vacancy,0,0,0,48,96,47,17,180,1
13180,yumin,2013,applied,0,0,0,0,49,20,0,0,2
13181,yumin,2013,ballot,,,,,,,,,4
13182,yumin,2013,odds,,,,1,1,1,1,,5
13183,yumin,2013,taken,61,0,20,0,49,27,0,157,3
13184,yumin,2013,vacancy,0,0,0,50,99,50,23,180,1
13185,yumin,2014,applied,0,0,0,0,41,18,0,0,2
13186,yumin,2014,ballot,,,,,,,,,4
13187,yumin,2014,odds,,,,1,1,1,1,,5
13188,yumin,2014,taken,50,0,19,0,35,18,0,122,3
13189,yumin,2014,vacancy,0,0,0,56,111,76,58,180,1
13190,yumin,2015,applied,0,0,0,0,44,19,0,0,2
13191,yumin,2015,ballot,,,,,,,,,4
13192,yumin,2015,odds,,,,1,1,1,1,,5
13193,yumin,2015,taken,65,0,19,0,44,19,0,147,3
13194,yumin,2015,vacancy,0,0,0,48,96,52,33,180,1
13195,yumin,2016,applied,0,0,0,0,28,17,0,0,2
13196,yumin,2016,ballot,,,,,,,,,4
13197,yumin,2016,odds,,,,1,1,1,1,,5
13198,yumin,2016,taken,49,0,8,0,28,17,0,102,3
13199,yumin,2016,vacancy,0,0,0,47,94,66,49,150,1
13200,yumin,2017,applied,0,0,0,1,28,47,0,0,2
13201,yumin,2017,ballot,,,,,,,,,4
13202,yumin,2017,odds,,,,1,1,0.978723404255319,,,5
13203,yumin,2017,taken,57,0,20,0,28,46,0,151,3
13204,yumin,2017,vacancy,0,0,0,37,74,46,0,150,1
13205,yumin,2018,applied,0,0,0,1,55,25,0,0,2
13206,yumin,2018,ballot,,,,,,,,,4
13207,yumin,2018,odds,,,,1,1,0.92,,,5
13208,yumin,2018,taken,51,0,21,1,54,23,0,150,3
13209,yumin,2018,vacancy,0,0,0,39,77,23,0,150,1
13210,yumin,2019,applied,42,0,17,0,30,44,0,0,2
13211,yumin,2019,ballot,,,,,,,,,4
13212,yumin,2019,odds,,,,,,,,,5
13213,yumin,2019,taken,42,0,17,0,30,44,0,133,3
13214,yumin,2019,vacancy,110,68,68,46,93,63,19,150,1
13215,yumin,2020,applied,66,0,15,1,48,64,0,0,2
13216,yumin,2020,ballot,,,,,,SC>2,,,4
13217,yumin,2020,odds,,,,,,0.84375,,,5
13218,yumin,2020,taken,66,0,15,1,48,54,0,184,3
13219,yumin,2020,vacancy,140,74,74,50,100,54,0,180,1
13220,yumin,2021,applied,58,0,20,0,28,85,0,0,2
13221,yumin,2021,ballot,,,,,,SC>2,,,4
13222,yumin,2021,odds,,,,,,0.894117647058824,,,5
13223,yumin,2021,taken,58,0,20,0,28,76,0,182,3
13224,yumin,2021,vacancy,140,82,82,51,104,76,0,180,1
13225,yumin,2022,applied,60,11,0,0,20,41,0,0,2
13226,yumin,2022,ballot,,,,,,,,,4
13227,yumin,2022,odds,,,,,,,,,5
13228,yumin,2022,taken,60,11,0,0,20,41,0,132,3
13229,yumin,2022,vacancy,120,60,0,36,109,89,48,180,1
13230,yumin,2023,applied,47,12,0,0,14,41,0,0,2
13231,yumin,2023,ballot,,,,,,,,,4
13232,yumin,2023,odds,,,,,,,,,5
13233,yumin,2023,taken,47,12,0,0,14,41,0,114,3
13234,yumin,2023,vacancy,160,113,0,54,161,148,107,220,1
13235,zhangde,2009,applied,0,0,0,0,156,0,0,0,2
13236,zhangde,2009,ballot,,,,,,,,,4
13237,zhangde,2009,odds,,,,1,0.846153846153846,,,,5
13238,zhangde,2009,taken,99,0,11,0,132,0,0,242,3
13239,zhangde,2009,vacancy,0,0,0,65,132,0,0,240,1
13240,zhangde,2010,applied,0,0,0,4,153,0,0,0,2
13241,zhangde,2010,ballot,,,,,,,,,4
13242,zhangde,2010,odds,,,,1,0.803921568627451,,,,5
13243,zhangde,2010,taken,98,1,14,4,123,0,0,240,3
13244,zhangde,2010,vacancy,0,0,0,64,123,0,0,240,1
13245,zhangde,2011,applied,0,0,0,4,151,0,0,0,2
13246,zhangde,2011,ballot,,,,,,,,,4
13247,zhangde,2011,odds,,,,1,0.854304635761589,,,,5
13248,zhangde,2011,taken,96,1,13,4,129,0,0,243,3
13249,zhangde,2011,vacancy,0,0,0,65,129,0,0,240,1
13250,zhangde,2012,applied,0,0,0,9,158,0,0,0,2
13251,zhangde,2012,ballot,,,,,,,,,4
13252,zhangde,2012,odds,,,,1,0.778481012658228,,,,5
13253,zhangde,2012,taken,97,0,11,9,123,0,0,240,3
13254,zhangde,2012,vacancy,0,0,0,66,123,0,0,240,1
13255,zhangde,2013,applied,0,0,0,11,116,0,0,0,2
13256,zhangde,2013,ballot,,,,,,,,,4
13257,zhangde,2013,odds,,,,1,0.767241379310345,,,,5
13258,zhangde,2013,taken,120,0,20,11,89,0,0,240,3
13259,zhangde,2013,vacancy,0,0,0,50,89,0,0,240,1
13260,zhangde,2014,applied,0,0,0,12,132,0,0,0,2
13261,zhangde,2014,ballot,,,,,,,,,4
13262,zhangde,2014,odds,,,,1,0.931818181818182,,,,5
13263,zhangde,2014,taken,92,0,13,12,123,0,0,240,3
13264,zhangde,2014,vacancy,0,0,0,68,123,0,0,240,1
13265,zhangde,2015,applied,0,0,0,20,120,0,0,0,2
13266,zhangde,2015,ballot,,,,,,,,,4
13267,zhangde,2015,odds,,,,1,0.891666666666667,,,,5
13268,zhangde,2015,taken,96,0,22,15,107,0,0,240,3
13269,zhangde,2015,vacancy,0,0,0,61,107,0,0,240,1
13270,zhangde,2016,applied,0,0,0,1,120,23,0,0,2
13271,zhangde,2016,ballot,,,,,,,,,4
13272,zhangde,2016,odds,,,,1,1,1,1,,5
13273,zhangde,2016,taken,75,0,17,0,119,23,0,234,3
13274,zhangde,2016,vacancy,0,0,0,74,149,30,7,240,1
13275,zhangde,2017,applied,0,0,0,1,109,0,0,0,2
13276,zhangde,2017,ballot,,,,,,,,,4
13277,zhangde,2017,odds,,,,1,0.917431192660551,,,,5
13278,zhangde,2017,taken,87,0,24,0,100,0,0,211,3
13279,zhangde,2017,vacancy,0,0,0,50,100,0,0,210,1
13280,zhangde,2018,applied,0,0,0,2,109,0,0,0,2
13281,zhangde,2018,ballot,,,,,,,,,4
13282,zhangde,2018,odds,,,,1,0.917431192660551,,,,5
13283,zhangde,2018,taken,91,0,19,0,100,0,0,210,3
13284,zhangde,2018,vacancy,0,0,0,50,100,0,0,210,1
13285,zhangde,2019,applied,75,0,12,1,124,0,0,0,2
13286,zhangde,2019,ballot,,,,,,,,,4
13287,zhangde,2019,odds,,,,,,,,,5
13288,zhangde,2019,taken,75,0,12,1,124,0,0,212,3
13289,zhangde,2019,vacancy,170,96,96,62,124,0,0,210,1
13290,zhangde,2020,applied,70,0,15,0,128,0,0,0,2
13291,zhangde,2020,ballot,,,,,PR1-2,,,,4
13292,zhangde,2020,odds,,,,,0.9765625,,,,5
13293,zhangde,2020,taken,70,0,15,0,125,0,0,210,3
13294,zhangde,2020,vacancy,170,100,100,63,125,0,0,210,1
13295,zhangde,2021,applied,82,1,15,0,85,40,0,0,2
13296,zhangde,2021,ballot,,,,,,SC1-2,,,4
13297,zhangde,2021,odds,,,,,,0.7,,,5
13298,zhangde,2021,taken,82,1,15,0,85,28,0,211,3
13299,zhangde,2021,vacancy,170,88,87,57,113,28,0,210,1
13300,zhangde,2022,applied,75,11,0,1,92,8,0,0,2
13301,zhangde,2022,ballot,,,,,,SC<1,,,4
13302,zhangde,2022,odds,,,,,,0.125,,,5
13303,zhangde,2022,taken,75,11,0,1,92,1,0,180,3
13304,zhangde,2022,vacancy,120,45,0,31,93,1,0,180,1
13305,zhangde,2023,applied,63,22,0,0,88,19,0,0,2
13306,zhangde,2023,ballot,,,,,,SC<1,,,4
13307,zhangde,2023,odds,,,,,,0.421052631578947,,,5
13308,zhangde,2023,taken,63,22,0,0,88,8,0,181,3
13309,zhangde,2023,vacancy,120,57,0,32,95,8,0,180,1
13310,zhenghua,2009,applied,0,0,0,2,107,59,0,0,2
13311,zhenghua,2009,ballot,,,,,,,,,4
13312,zhenghua,2009,odds,,,,1,1,0.796610169491525,,,5
13313,zhenghua,2009,taken,111,0,5,2,107,47,0,272,3
13314,zhenghua,2009,vacancy,0,0,0,77,154,47,0,270,1
13315,zhenghua,2010,applied,0,0,0,1,101,55,0,0,2
13316,zhenghua,2010,ballot,,,,,,,,,4
13317,zhenghua,2010,odds,,,,1,1,0.963636363636364,,,5
13318,zhenghua,2010,taken,129,0,16,1,101,53,0,300,3
13319,zhenghua,2010,vacancy,0,0,0,78,154,53,0,300,1
13320,zhenghua,2011,applied,0,0,0,1,108,87,0,0,2
13321,zhenghua,2011,ballot,,,,,,,,,4
13322,zhenghua,2011,odds,,,,1,1,0.528735632183908,,,5
13323,zhenghua,2011,taken,97,0,18,1,108,46,0,270,3
13324,zhenghua,2011,vacancy,0,0,0,78,154,46,0,270,1
13325,zhenghua,2012,applied,0,0,0,1,139,20,0,0,2
13326,zhenghua,2012,ballot,,,,,,,,,4
13327,zhenghua,2012,odds,,,,1,1,0.3,,,5
13328,zhenghua,2012,taken,110,0,16,1,138,6,0,271,3
13329,zhenghua,2012,vacancy,0,0,0,72,143,6,0,270,1
13330,zhenghua,2013,applied,0,0,0,0,99,10,0,0,2
13331,zhenghua,2013,ballot,,,,,,,,,4
13332,zhenghua,2013,odds,,,,1,1,1,1,,5
13333,zhenghua,2013,taken,76,0,21,0,99,10,0,206,3
13334,zhenghua,2013,vacancy,0,0,0,72,143,45,35,240,1
13335,zhenghua,2014,applied,0,0,0,1,95,9,0,0,2
13336,zhenghua,2014,ballot,,,,,,,,,4
13337,zhenghua,2014,odds,,,,1,1,1,1,,5
13338,zhenghua,2014,taken,103,0,19,1,93,9,0,225,3
13339,zhenghua,2014,vacancy,0,0,0,59,117,24,15,240,1
13340,zhenghua,2015,applied,0,0,0,1,88,2,0,0,2
13341,zhenghua,2015,ballot,,,,,,,,,4
13342,zhenghua,2015,odds,,,,1,1,1,1,,5
13343,zhenghua,2015,taken,83,0,22,1,88,2,0,196,3
13344,zhenghua,2015,vacancy,0,0,0,53,104,16,14,210,1
13345,zhenghua,2016,applied,0,0,0,1,85,10,0,0,2
13346,zhenghua,2016,ballot,,,,,,,,,4
13347,zhenghua,2016,odds,,,,1,1,1,1,,5
13348,zhenghua,2016,taken,84,0,15,0,85,10,0,194,3
13349,zhenghua,2016,vacancy,0,0,0,56,112,27,17,210,1
13350,zhenghua,2017,applied,0,0,0,1,88,28,0,0,2
13351,zhenghua,2017,ballot,,,,,,,,,4
13352,zhenghua,2017,odds,,,,1,1,1,,,5
13353,zhenghua,2017,taken,80,0,18,0,85,28,0,211,3
13354,zhenghua,2017,vacancy,0,0,0,56,113,28,0,210,1
13355,zhenghua,2018,applied,0,0,0,2,62,22,0,0,2
13356,zhenghua,2018,ballot,,,,,,,,,4
13357,zhenghua,2018,odds,,,,1,1,1,1,,5
13358,zhenghua,2018,taken,84,0,32,0,61,22,0,199,3
13359,zhenghua,2018,vacancy,0,0,0,62,126,65,43,240,1
13360,zhenghua,2019,applied,85,0,23,2,76,19,0,0,2
13361,zhenghua,2019,ballot,,,,,,,,,4
13362,zhenghua,2019,odds,,,,,,,,,5
13363,zhenghua,2019,taken,85,0,23,2,76,19,0,205,3
13364,zhenghua,2019,vacancy,170,85,85,51,100,24,5,210,1
13365,zhenghua,2020,applied,79,1,29,1,92,23,0,0,2
13366,zhenghua,2020,ballot,,,,,,SC>2,,,4
13367,zhenghua,2020,odds,,,,,,0.91304347826087,,,5
13368,zhenghua,2020,taken,79,1,29,1,92,21,0,223,3
13369,zhenghua,2020,vacancy,180,101,100,56,111,21,0,220,1
13370,zhenghua,2021,applied,78,0,37,1,92,45,0,0,2
13371,zhenghua,2021,ballot,,,,,,SC1-2,,,4
13372,zhenghua,2021,odds,,,,,,0.711111111111111,,,5
13373,zhenghua,2021,taken,78,0,37,1,92,32,0,240,3
13374,zhenghua,2021,vacancy,200,122,122,63,124,32,0,240,1
13375,zhenghua,2022,applied,91,59,0,0,68,25,0,0,2
13376,zhenghua,2022,ballot,,,,,,SC>2,,,4
13377,zhenghua,2022,odds,,,,,,0.92,,,5
13378,zhenghua,2022,taken,91,59,0,0,68,23,0,241,3
13379,zhenghua,2022,vacancy,180,89,0,30,90,23,0,240,1
13380,zhenghua,2023,applied,78,55,0,2,44,44,0,0,2
13381,zhenghua,2023,ballot,,,,,,SC1-2,,,4
13382,zhenghua,2023,odds,,,,,,0.727272727272727,,,5
13383,zhenghua,2023,taken,78,55,0,2,44,32,0,211,3
13384,zhenghua,2023,vacancy,150,72,0,26,76,32,0,210,1
13385,zhonghua,2009,applied,0,0,0,0,52,19,0,0,2
13386,zhonghua,2009,ballot,,,,,,,,,4
13387,zhonghua,2009,odds,,,,1,1,1,1,,5
13388,zhonghua,2009,taken,40,0,7,0,52,19,0,118,3
13389,zhonghua,2009,vacancy,0,0,0,67,134,82,56,180,1
13390,zhonghua,2010,applied,0,0,0,1,37,24,0,0,2
13391,zhonghua,2010,ballot,,,,,,,,,4
13392,zhonghua,2010,odds,,,,1,1,1,1,,5
13393,zhonghua,2010,taken,42,1,7,1,37,24,0,112,3
13394,zhonghua,2010,vacancy,0,0,0,80,159,122,51,210,1
13395,zhonghua,2011,applied,0,0,0,0,40,36,0,0,2
13396,zhonghua,2011,ballot,,,,,,,,,4
13397,zhonghua,2011,odds,,,,1,1,1,1,,5
13398,zhonghua,2011,taken,39,0,10,0,40,68,0,157,3
13399,zhonghua,2011,vacancy,0,0,0,81,162,122,54,210,1
13400,zhonghua,2012,applied,0,0,0,0,61,50,0,0,2
13401,zhonghua,2012,ballot,,,,,,,,,4
13402,zhonghua,2012,odds,,,,1,1,1,1,,5
13403,zhonghua,2012,taken,41,0,13,0,61,58,0,173,3
13404,zhonghua,2012,vacancy,0,0,0,63,126,67,9,180,1
13405,zhonghua,2013,applied,0,0,0,0,73,49,0,0,2
13406,zhonghua,2013,ballot,,,,,,,,,4
13407,zhonghua,2013,odds,,,,1,1,1,1,,5
13408,zhonghua,2013,taken,53,0,10,0,73,57,0,193,3
13409,zhonghua,2013,vacancy,0,0,0,74,147,74,17,210,1
13410,zhonghua,2014,applied,0,0,0,1,55,41,0,0,2
13411,zhonghua,2014,ballot,,,,,,,,,4
13412,zhonghua,2014,odds,,,,1,1,1,1,,5
13413,zhonghua,2014,taken,34,0,7,1,55,41,0,138,3
13414,zhonghua,2014,vacancy,0,0,0,70,138,83,42,180,1
13415,zhonghua,2015,applied,0,0,0,0,33,16,0,0,2
13416,zhonghua,2015,ballot,,,,,,,,,4
13417,zhonghua,2015,odds,,,,1,1,1,1,,5
13418,zhonghua,2015,taken,57,0,14,0,33,16,0,120,3
13419,zhonghua,2015,vacancy,0,0,0,55,109,76,60,180,1
13420,zhonghua,2016,applied,0,0,0,0,17,3,0,0,2
13421,zhonghua,2016,ballot,,,,,,,,,4
13422,zhonghua,2016,odds,,,,1,1,1,1,,5
13423,zhonghua,2016,taken,43,0,8,0,17,3,0,71,3
13424,zhonghua,2016,vacancy,0,0,0,50,101,84,81,150,1
13425,zhonghua,2017,applied,0,0,0,0,17,21,0,0,2
13426,zhonghua,2017,ballot,,,,,,,,,4
13427,zhonghua,2017,odds,,,,1,1,1,1,,5
13428,zhonghua,2017,taken,41,0,10,0,17,21,0,89,3
13429,zhonghua,2017,vacancy,0,0,0,50,100,83,62,150,1
13430,zhonghua,2018,applied,0,0,0,1,27,52,0,0,2
13431,zhonghua,2018,ballot,,,,,,,,,4
13432,zhonghua,2018,odds,,,,1,1,1,1,,5
13433,zhonghua,2018,taken,30,0,6,1,27,52,0,116,3
13434,zhonghua,2018,vacancy,0,0,0,72,143,116,64,180,1
13435,zhonghua,2019,applied,26,0,1,1,13,19,0,0,2
13436,zhonghua,2019,ballot,,,,,,,,,4
13437,zhonghua,2019,odds,,,,,,,,,5
13438,zhonghua,2019,taken,26,0,1,1,13,19,0,60,3
13439,zhonghua,2019,vacancy,80,54,54,47,93,80,61,120,1
13440,zhonghua,2020,applied,25,0,8,0,14,38,0,0,2
13441,zhonghua,2020,ballot,,,,,,,,,4
13442,zhonghua,2020,odds,,,,,,,,,5
13443,zhonghua,2020,taken,25,0,8,0,14,38,0,85,3
13444,zhonghua,2020,vacancy,140,115,115,74,147,133,95,180,1
13445,zhonghua,2021,applied,30,0,6,0,17,30,0,0,2
13446,zhonghua,2021,ballot,,,,,,,,,4
13447,zhonghua,2021,odds,,,,,,,,,5
13448,zhonghua,2021,taken,30,0,6,0,17,30,0,83,3
13449,zhonghua,2021,vacancy,140,110,110,72,144,129,99,180,1
13450,zhonghua,2022,applied,28,6,0,1,7,30,0,0,2
13451,zhonghua,2022,ballot,,,,,,,,,4
13452,zhonghua,2022,odds,,,,,,,,,5
13453,zhonghua,2022,taken,28,6,0,1,7,30,0,72,3
13454,zhonghua,2022,vacancy,90,62,0,39,115,108,78,150,1
13455,zhonghua,2023,applied,21,4,0,0,11,20,0,0,2
13456,zhonghua,2023,ballot,,,,,,,,,4
13457,zhonghua,2023,odds,,,,,,,,,5
13458,zhonghua,2023,taken,21,4,0,0,11,20,0,56,3
13459,zhonghua,2023,vacancy,60,39,0,32,95,84,64,120,1