index,school_id,year,phase,applied,vacancy,ballot,odds
0,admiralty,2009,1,0,0,,
1,admiralty,2009,2A(1),0,0,,
2,admiralty,2009,2A(2),0,0,,
3,admiralty,2009,2B,51,63,,1
4,admiralty,2009,2C,139,75,,0.539568345323741
5,admiralty,2009,2C(S),0,0,,
6,admiralty,2009,3,0,0,,
7,admiralty,2009,Total,0,300,,1
8,admiralty,2010,1,0,0,,
9,admiralty,2010,2A(1),0,0,,
10,admiralty,2010,2A(2),0,0,,
11,admiralty,2010,2B,40,62,,1
12,admiralty,2010,2C,163,84,,0.515337423312883
13,admiralty,2010,2C(S),0,0,,
14,admiralty,2010,3,0,0,,
15,admiralty,2010,Total,0,270,,1
16,admiralty,2011,1,0,0,,
17,admiralty,2011,2A(1),0,0,,
18,admiralty,2011,2A(2),0,0,,
19,admiralty,2011,2B,31,45,,1
20,admiralty,2011,2C,143,61,,0.426573426573427
21,admiralty,2011,2C(S),0,0,,
22,admiralty,2011,3,0,0,,
23,admiralty,2011,Total,0,240,,1
24,admiralty,2012,1,0,0,,
25,admiralty,2012,2A(1),0,0,,
26,admiralty,2012,2A(2),0,0,,
27,admiralty,2012,2B,48,55,,1
28,admiralty,2012,2C,81,62,,0.765432098765432
29,admiralty,2012,2C(S),0,0,,
30,admiralty,2012,3,0,0,,
31,admiralty,2012,Total,0,240,,1
32,admiralty,2013,1,0,0,,
33,admiralty,2013,2A(1),0,0,,
34,admiralty,2013,2A(2),0,0,,
35,admiralty,2013,2B,40,63,,1
36,admiralty,2013,2C,96,86,,0.895833333333333
37,admiralty,2013,2C(S),0,0,,
38,admiralty,2013,3,0,0,,
39,admiralty,2013,Total,0,240,,1
40,admiralty,2014,1,0,0,,
41,admiralty,2014,2A(1),0,0,,
42,admiralty,2014,2A(2),0,0,,
43,admiralty,2014,2B,41,58,,1
44,admiralty,2014,2C,85,75,,0.882352941176471
45,admiralty,2014,2C(S),0,0,,
46,admiralty,2014,3,0,0,,
47,admiralty,2014,Total,0,240,,1
48,admiralty,2015,1,0,0,,
49,admiralty,2015,2A(1),0,0,,
50,admiralty,2015,2A(2),0,0,,
51,admiralty,2015,2B,22,49,,1
52,admiralty,2015,2C,87,79,,0.908045977011494
53,admiralty,2015,2C(S),0,0,,
54,admiralty,2015,3,0,0,,
55,admiralty,2015,Total,0,240,,1
56,admiralty,2016,1,0,0,,
57,admiralty,2016,2A(1),0,0,,
58,admiralty,2016,2A(2),0,0,,
59,admiralty,2016,2B,30,60,,1
60,admiralty,2016,2C,95,92,,0.968421052631579
61,admiralty,2016,2C(S),0,0,,
62,admiralty,2016,3,0,0,,
63,admiralty,2016,Total,0,210,,1
64,admiralty,2017,1,0,0,,
65,admiralty,2017,2A(1),0,0,,
66,admiralty,2017,2A(2),0,0,,
67,admiralty,2017,2B,35,57,,1
68,admiralty,2017,2C,91,78,,0.857142857142857
69,admiralty,2017,2C(S),0,0,,
70,admiralty,2017,3,0,0,,
71,admiralty,2017,Total,0,210,,1
72,admiralty,2018,1,0,0,,
73,admiralty,2018,2A(1),0,0,,
74,admiralty,2018,2A(2),0,0,,
75,admiralty,2018,2B,35,41,,1
76,admiralty,2018,2C,87,46,,0.528735632183908
77,admiralty,2018,2C(S),0,0,,
78,admiralty,2018,3,0,0,,
79,admiralty,2018,Total,0,210,,1
80,admiralty,2019,1,83,170,,1
81,admiralty,2019,2A(1),0,87,,1
82,admiralty,2019,2A(2),22,87,,1
83,admiralty,2019,2B,44,53,,1
84,admiralty,2019,2C,86,61,SC<1,0.709302325581395
85,admiralty,2019,2C(S),0,0,,
86,admiralty,2019,3,0,0,,
87,admiralty,2019,Total,0,210,,1
88,admiralty,2020,1,89,170,,1
89,admiralty,2020,2A(1),1,81,,1
90,admiralty,2020,2A(2),23,80,,1
91,admiralty,2020,2B,48,49,,1
92,admiralty,2020,2C,79,50,SC<1,0.632911392405063
93,admiralty,2020,2C(S),0,0,,
94,admiralty,2020,3,0,0,,
95,admiralty,2020,Total,0,210,,1
96,admiralty,2021,1,83,170,,1
97,admiralty,2021,2A(1),0,87,,1
98,admiralty,2021,2A(2),28,87,,1
99,admiralty,2021,2B,60,50,SC1-2,0.833333333333333
100,admiralty,2021,2C,93,50,SC<1,0.537634408602151
101,admiralty,2021,2C(S),0,0,,
102,admiralty,2021,3,0,0,,
103,admiralty,2021,Total,0,210,,1
104,admiralty,2022,1,107,150,,1
105,admiralty,2022,2A(1),37,44,,1
106,admiralty,2022,2A(2),0,0,,
107,admiralty,2022,2B,49,22,SC<1,0.448979591836735
108,admiralty,2022,2C,104,45,SC<1,0.432692307692308
109,admiralty,2022,2C(S),0,0,,
110,admiralty,2022,3,0,0,,
111,admiralty,2022,Total,0,210,,1
112,admiralty,2023,1,75,150,,1
113,admiralty,2023,2A(1),32,75,,1
114,admiralty,2023,2A(2),0,0,,
115,admiralty,2023,2B,37,34,PR<1,0.918918918918919
116,admiralty,2023,2C,109,70,SC<1,0.642201834862385
117,admiralty,2023,2C(S),0,0,,
118,admiralty,2023,3,0,0,,
119,admiralty,2023,Total,0,210,,1
120,ahmad-ibrahim,2009,1,0,0,,
121,ahmad-ibrahim,2009,2A(1),0,0,,
122,ahmad-ibrahim,2009,2A(2),0,0,,
123,ahmad-ibrahim,2009,2B,3,59,,1
124,ahmad-ibrahim,2009,2C,71,116,,1
125,ahmad-ibrahim,2009,2C(S),11,46,,1
126,ahmad-ibrahim,2009,3,0,35,,1
127,ahmad-ibrahim,2009,Total,0,180,,1
128,ahmad-ibrahim,2010,1,0,0,,
129,ahmad-ibrahim,2010,2A(1),0,0,,
130,ahmad-ibrahim,2010,2A(2),0,0,,
131,ahmad-ibrahim,2010,2B,0,61,,1
132,ahmad-ibrahim,2010,2C,58,123,,1
133,ahmad-ibrahim,2010,2C(S),11,66,,1
134,ahmad-ibrahim,2010,3,0,54,,1
135,ahmad-ibrahim,2010,Total,0,180,,1
136,ahmad-ibrahim,2011,1,0,0,,
137,ahmad-ibrahim,2011,2A(1),0,0,,
138,ahmad-ibrahim,2011,2A(2),0,0,,
139,ahmad-ibrahim,2011,2B,1,61,,1
140,ahmad-ibrahim,2011,2C,72,124,,1
141,ahmad-ibrahim,2011,2C(S),32,53,,1
142,ahmad-ibrahim,2011,3,0,21,,1
143,ahmad-ibrahim,2011,Total,0,180,,1
144,ahmad-ibrahim,2012,1,0,0,,
145,ahmad-ibrahim,2012,2A(1),0,0,,
146,ahmad-ibrahim,2012,2A(2),0,0,,
147,ahmad-ibrahim,2012,2B,1,63,,1
148,ahmad-ibrahim,2012,2C,90,124,,1
149,ahmad-ibrahim,2012,2C(S),11,34,,1
150,ahmad-ibrahim,2012,3,0,23,,1
151,ahmad-ibrahim,2012,Total,0,180,,1
152,ahmad-ibrahim,2013,1,0,0,,
153,ahmad-ibrahim,2013,2A(1),0,0,,
154,ahmad-ibrahim,2013,2A(2),0,0,,
155,ahmad-ibrahim,2013,2B,2,60,,1
156,ahmad-ibrahim,2013,2C,73,118,,1
157,ahmad-ibrahim,2013,2C(S),41,46,,1
158,ahmad-ibrahim,2013,3,0,0,,
159,ahmad-ibrahim,2013,Total,0,180,,1
160,ahmad-ibrahim,2014,1,0,0,,
161,ahmad-ibrahim,2014,2A(1),0,0,,
162,ahmad-ibrahim,2014,2A(2),0,0,,
163,ahmad-ibrahim,2014,2B,0,56,,1
164,ahmad-ibrahim,2014,2C,53,112,,1
165,ahmad-ibrahim,2014,2C(S),20,59,,1
166,ahmad-ibrahim,2014,3,0,39,,1
167,ahmad-ibrahim,2014,Total,0,180,,1
168,ahmad-ibrahim,2015,1,0,0,,
169,ahmad-ibrahim,2015,2A(1),0,0,,
170,ahmad-ibrahim,2015,2A(2),0,0,,
171,ahmad-ibrahim,2015,2B,0,59,,1
172,ahmad-ibrahim,2015,2C,52,119,,1
173,ahmad-ibrahim,2015,2C(S),11,67,,1
174,ahmad-ibrahim,2015,3,0,56,,1
175,ahmad-ibrahim,2015,Total,0,180,,1
176,ahmad-ibrahim,2016,1,0,0,,
177,ahmad-ibrahim,2016,2A(1),0,0,,
178,ahmad-ibrahim,2016,2A(2),0,0,,
179,ahmad-ibrahim,2016,2B,1,61,,1
180,ahmad-ibrahim,2016,2C,47,121,,1
181,ahmad-ibrahim,2016,2C(S),12,74,,1
182,ahmad-ibrahim,2016,3,0,62,,1
183,ahmad-ibrahim,2016,Total,0,180,,1
184,ahmad-ibrahim,2017,1,0,0,,
185,ahmad-ibrahim,2017,2A(1),0,0,,
186,ahmad-ibrahim,2017,2A(2),0,0,,
187,ahmad-ibrahim,2017,2B,0,65,,1
188,ahmad-ibrahim,2017,2C,49,129,,1
189,ahmad-ibrahim,2017,2C(S),23,80,,1
190,ahmad-ibrahim,2017,3,0,57,,1
191,ahmad-ibrahim,2017,Total,0,180,,1
192,ahmad-ibrahim,2018,1,0,0,,
193,ahmad-ibrahim,2018,2A(1),0,0,,
194,ahmad-ibrahim,2018,2A(2),0,0,,
195,ahmad-ibrahim,2018,2B,0,74,,1
196,ahmad-ibrahim,2018,2C,50,147,,1
197,ahmad-ibrahim,2018,2C(S),37,97,,1
198,ahmad-ibrahim,2018,3,0,60,,1
199,ahmad-ibrahim,2018,Total,0,210,,1
200,ahmad-ibrahim,2019,1,49,200,,1
201,ahmad-ibrahim,2019,2A(1),1,151,,1
202,ahmad-ibrahim,2019,2A(2),7,150,,1
203,ahmad-ibrahim,2019,2B,0,92,,1
204,ahmad-ibrahim,2019,2C,32,183,,1
205,ahmad-ibrahim,2019,2C(S),9,151,,1
206,ahmad-ibrahim,2019,3,0,142,,1
207,ahmad-ibrahim,2019,Total,0,240,,1
208,ahmad-ibrahim,2020,1,38,200,,1
209,ahmad-ibrahim,2020,2A(1),1,162,,1
210,ahmad-ibrahim,2020,2A(2),7,161,,1
211,ahmad-ibrahim,2020,2B,0,97,,1
212,ahmad-ibrahim,2020,2C,31,194,,1
213,ahmad-ibrahim,2020,2C(S),14,163,,1
214,ahmad-ibrahim,2020,3,0,149,,1
215,ahmad-ibrahim,2020,Total,0,240,,1
216,ahmad-ibrahim,2021,1,40,170,,1
217,ahmad-ibrahim,2021,2A(1),0,130,,1
218,ahmad-ibrahim,2021,2A(2),6,130,,1
219,ahmad-ibrahim,2021,2B,0,82,,1
220,ahmad-ibrahim,2021,2C,26,164,,1
221,ahmad-ibrahim,2021,2C(S),12,138,,1
222,ahmad-ibrahim,2021,3,0,126,,1
223,ahmad-ibrahim,2021,Total,0,210,,1
224,ahmad-ibrahim,2022,1,56,130,,1
225,ahmad-ibrahim,2022,2A(1),5,74,,1
226,ahmad-ibrahim,2022,2A(2),0,0,,
227,ahmad-ibrahim,2022,2B,0,43,,1
228,ahmad-ibrahim,2022,2C,31,129,,1
229,ahmad-ibrahim,2022,2C(S),20,98,,1
230,ahmad-ibrahim,2022,3,0,78,,1
231,ahmad-ibrahim,2022,Total,0,190,,1
232,ahmad-ibrahim,2023,1,54,160,,1
233,ahmad-ibrahim,2023,2A(1),10,106,,1
234,ahmad-ibrahim,2023,2A(2),0,0,,
235,ahmad-ibrahim,2023,2B,0,52,,1
236,ahmad-ibrahim,2023,2C,27,157,,1
237,ahmad-ibrahim,2023,2C(S),15,130,,1
238,ahmad-ibrahim,2023,3,0,115,,1
239,ahmad-ibrahim,2023,Total,0,220,,1
240,ai-tong,2009,1,0,0,,
241,ai-tong,2009,2A(1),0,0,,
242,ai-tong,2009,2A(2),0,0,,
243,ai-tong,2009,2B,65,45,,0.692307692307692
244,ai-tong,2009,2C,64,48,,0.75
245,ai-tong,2009,2C(S),0,0,,
246,ai-tong,2009,3,0,0,,
247,ai-tong,2009,Total,0,330,,1
248,ai-tong,2010,1,0,0,,
249,ai-tong,2010,2A(1),0,0,,
250,ai-tong,2010,2A(2),0,0,,
251,ai-tong,2010,2B,56,37,,0.660714285714286
252,ai-tong,2010,2C,68,37,,0.544117647058823
253,ai-tong,2010,2C(S),0,0,,
254,ai-tong,2010,3,0,0,,
255,ai-tong,2010,Total,0,330,,1
256,ai-tong,2011,1,0,0,,
257,ai-tong,2011,2A(1),0,0,,
258,ai-tong,2011,2A(2),0,0,,
259,ai-tong,2011,2B,61,20,,0.327868852459016
260,ai-tong,2011,2C,68,20,,0.294117647058823
261,ai-tong,2011,2C(S),0,0,,
262,ai-tong,2011,3,0,0,,
263,ai-tong,2011,Total,0,330,,1
264,ai-tong,2012,1,0,0,,
265,ai-tong,2012,2A(1),0,0,,
266,ai-tong,2012,2A(2),0,0,,
267,ai-tong,2012,2B,49,20,,0.408163265306122
268,ai-tong,2012,2C,58,20,,0.344827586206897
269,ai-tong,2012,2C(S),0,0,,
270,ai-tong,2012,3,0,0,,
271,ai-tong,2012,Total,0,330,,1
272,ai-tong,2013,1,0,0,,
273,ai-tong,2013,2A(1),0,0,,
274,ai-tong,2013,2A(2),0,0,,
275,ai-tong,2013,2B,25,8,,0.32
276,ai-tong,2013,2C,38,7,,0.184210526315789
277,ai-tong,2013,2C(S),0,0,,
278,ai-tong,2013,3,0,0,,
279,ai-tong,2013,Total,0,330,,1
280,ai-tong,2014,1,0,0,,
281,ai-tong,2014,2A(1),0,0,,
282,ai-tong,2014,2A(2),0,0,,
283,ai-tong,2014,2B,37,31,,0.837837837837838
284,ai-tong,2014,2C,49,30,,0.612244897959184
285,ai-tong,2014,2C(S),0,0,,
286,ai-tong,2014,3,0,0,,
287,ai-tong,2014,Total,0,330,,1
288,ai-tong,2015,1,0,0,,
289,ai-tong,2015,2A(1),0,0,,
290,ai-tong,2015,2A(2),0,0,,
291,ai-tong,2015,2B,28,20,,0.714285714285714
292,ai-tong,2015,2C,44,22,,0.5
293,ai-tong,2015,2C(S),0,0,,
294,ai-tong,2015,3,0,0,,
295,ai-tong,2015,Total,0,330,,1
296,ai-tong,2016,1,0,0,,
297,ai-tong,2016,2A(1),0,0,,
298,ai-tong,2016,2A(2),0,0,,
299,ai-tong,2016,2B,36,35,,0.972222222222222
300,ai-tong,2016,2C,56,37,,0.660714285714286
301,ai-tong,2016,2C(S),0,0,,
302,ai-tong,2016,3,0,0,,
303,ai-tong,2016,Total,0,330,,1
304,ai-tong,2017,1,0,0,,
305,ai-tong,2017,2A(1),0,0,,
306,ai-tong,2017,2A(2),0,0,,
307,ai-tong,2017,2B,35,29,,0.828571428571429
308,ai-tong,2017,2C,45,33,,0.733333333333333
309,ai-tong,2017,2C(S),0,0,,
310,ai-tong,2017,3,0,0,,
311,ai-tong,2017,Total,0,330,,1
312,ai-tong,2018,1,0,0,,
313,ai-tong,2018,2A(1),0,0,,
314,ai-tong,2018,2A(2),0,0,,
315,ai-tong,2018,2B,28,21,,0.75
316,ai-tong,2018,2C,60,22,,0.366666666666667
317,ai-tong,2018,2C(S),0,0,,
318,ai-tong,2018,3,0,0,,
319,ai-tong,2018,Total,0,330,,1
320,ai-tong,2019,1,121,260,,1
321,ai-tong,2019,2A(1),84,139,,1
322,ai-tong,2019,2A(2),36,55,,1
323,ai-tong,2019,2B,32,31,SC>2,0.96875
324,ai-tong,2019,2C,55,30,SC<1,0.545454545454545
325,ai-tong,2019,2C(S),0,0,,
326,ai-tong,2019,3,0,0,,
327,ai-tong,2019,Total,0,300,,1
328,ai-tong,2020,1,143,260,,1
329,ai-tong,2020,2A(1),110,117,,1
330,ai-tong,2020,2A(2),29,9,SC1-2,0.310344827586207
331,ai-tong,2020,2B,27,20,SC<1,0.740740740740741
332,ai-tong,2020,2C,64,20,SC<1,0.3125
333,ai-tong,2020,2C(S),0,0,,
334,ai-tong,2020,3,0,0,,
335,ai-tong,2020,Total,0,300,,1
336,ai-tong,2021,1,147,260,,1
337,ai-tong,2021,2A(1),113,113,,1
338,ai-tong,2021,2A(2),0,0,,
339,ai-tong,2021,2B,38,20,SC<1,0.526315789473684
340,ai-tong,2021,2C,66,20,SC<1,0.303030303030303
341,ai-tong,2021,2C(S),0,0,,
342,ai-tong,2021,3,0,0,,
343,ai-tong,2021,Total,0,300,,1
344,ai-tong,2022,1,130,240,,1
345,ai-tong,2022,2A(1),146,110,SC>2,0.753424657534247
346,ai-tong,2022,2A(2),0,0,,
347,ai-tong,2022,2B,48,20,SC<1,0.416666666666667
348,ai-tong,2022,2C,86,42,SC<1,0.488372093023256
349,ai-tong,2022,2C(S),0,0,,
350,ai-tong,2022,3,0,0,,
351,ai-tong,2022,Total,0,300,,1
352,ai-tong,2023,1,114,240,,1
353,ai-tong,2023,2A(1),120,126,,1
354,ai-tong,2023,2A(2),0,0,,
355,ai-tong,2023,2B,56,22,SC<1,0.392857142857143
356,ai-tong,2023,2C,78,45,SC<1,0.576923076923077
357,ai-tong,2023,2C(S),0,0,,
358,ai-tong,2023,3,0,0,,
359,ai-tong,2023,Total,0,300,,1
360,alexandra,2013,1,0,0,,
361,alexandra,2013,2A(1),0,0,,
362,alexandra,2013,2A(2),0,0,,
363,alexandra,2013,2B,0,105,,1
364,alexandra,2013,2C,232,210,,0.905172413793103
365,alexandra,2013,2C(S),0,0,,
366,alexandra,2013,3,0,0,,
367,alexandra,2013,Total,0,210,,1
368,alexandra,2014,1,0,0,,
369,alexandra,2014,2A(1),0,0,,
370,alexandra,2014,2A(2),0,0,,
371,alexandra,2014,2B,4,96,,1
372,alexandra,2014,2C,254,187,,0.736220472440945
373,alexandra,2014,2C(S),0,0,,
374,alexandra,2014,3,0,0,,
375,alexandra,2014,Total,0,210,,1
376,alexandra,2015,1,0,0,,
377,alexandra,2015,2A(1),0,0,,
378,alexandra,2015,2A(2),0,0,,
379,alexandra,2015,2B,6,79,,1
380,alexandra,2015,2C,206,151,,0.733009708737864
381,alexandra,2015,2C(S),0,0,,
382,alexandra,2015,3,0,0,,
383,alexandra,2015,Total,0,210,,1
384,alexandra,2016,1,0,0,,
385,alexandra,2016,2A(1),0,0,,
386,alexandra,2016,2A(2),0,0,,
387,alexandra,2016,2B,3,68,,1
388,alexandra,2016,2C,147,132,,0.897959183673469
389,alexandra,2016,2C(S),0,0,,
390,alexandra,2016,3,0,0,,
391,alexandra,2016,Total,0,210,,1
392,alexandra,2017,1,0,0,,
393,alexandra,2017,2A(1),0,0,,
394,alexandra,2017,2A(2),0,0,,
395,alexandra,2017,2B,2,65,,1
396,alexandra,2017,2C,161,127,,0.788819875776398
397,alexandra,2017,2C(S),0,0,,
398,alexandra,2017,3,0,0,,
399,alexandra,2017,Total,0,210,,1
400,alexandra,2018,1,0,0,,
401,alexandra,2018,2A(1),0,0,,
402,alexandra,2018,2A(2),0,0,,
403,alexandra,2018,2B,4,59,,1
404,alexandra,2018,2C,128,113,,0.8828125
405,alexandra,2018,2C(S),0,0,,
406,alexandra,2018,3,0,0,,
407,alexandra,2018,Total,0,210,,1
408,alexandra,2019,1,99,170,,1
409,alexandra,2019,2A(1),1,71,,1
410,alexandra,2019,2A(2),3,70,,1
411,alexandra,2019,2B,6,54,,1
412,alexandra,2019,2C,127,103,SC<1,0.811023622047244
413,alexandra,2019,2C(S),0,0,,
414,alexandra,2019,3,0,0,,
415,alexandra,2019,Total,0,210,,1
416,alexandra,2020,1,103,160,,1
417,alexandra,2020,2A(1),0,57,,1
418,alexandra,2020,2A(2),5,57,,1
419,alexandra,2020,2B,14,47,,1
420,alexandra,2020,2C,132,83,SC<1,0.628787878787879
421,alexandra,2020,2C(S),0,0,,
422,alexandra,2020,3,0,0,,
423,alexandra,2020,Total,0,200,,1
424,alexandra,2021,1,95,160,,1
425,alexandra,2021,2A(1),0,65,,1
426,alexandra,2021,2A(2),10,66,,1
427,alexandra,2021,2B,6,48,,1
428,alexandra,2021,2C,112,91,SC<1,0.8125
429,alexandra,2021,2C(S),0,0,,
430,alexandra,2021,3,0,0,,
431,alexandra,2021,Total,0,200,,1
432,alexandra,2022,1,75,140,,1
433,alexandra,2022,2A(1),9,65,,1
434,alexandra,2022,2A(2),0,0,,
435,alexandra,2022,2B,4,39,,1
436,alexandra,2022,2C,146,113,SC<1#,0.773972602739726
437,alexandra,2022,2C(S),0,0,,
438,alexandra,2022,3,0,0,,
439,alexandra,2022,Total,0,200,,1
440,alexandra,2023,1,57,140,,1
441,alexandra,2023,2A(1),13,83,,1
442,alexandra,2023,2A(2),0,0,,
443,alexandra,2023,2B,4,43,,1
444,alexandra,2023,2C,141,127,SC>2,0.900709219858156
445,alexandra,2023,2C(S),0,0,,
446,alexandra,2023,3,0,0,,
447,alexandra,2023,Total,0,200,,1
448,anchor-green,2009,1,0,0,,
449,anchor-green,2009,2A(1),0,0,,
450,anchor-green,2009,2A(2),0,0,,
451,anchor-green,2009,2B,0,95,,1
452,anchor-green,2009,2C,110,189,,1
453,anchor-green,2009,2C(S),85,79,,0.929411764705882
454,anchor-green,2009,3,0,0,,
455,anchor-green,2009,Total,0,240,,1
456,anchor-green,2010,1,0,0,,
457,anchor-green,2010,2A(1),0,0,,
458,anchor-green,2010,2A(2),0,0,,
459,anchor-green,2010,2B,0,94,,1
460,anchor-green,2010,2C,117,188,,1
461,anchor-green,2010,2C(S),75,71,,0.946666666666667
462,anchor-green,2010,3,0,0,,
463,anchor-green,2010,Total,0,270,,1
464,anchor-green,2011,1,0,0,,
465,anchor-green,2011,2A(1),0,0,,
466,anchor-green,2011,2A(2),0,0,,
467,anchor-green,2011,2B,1,91,,1
468,anchor-green,2011,2C,141,181,,1
469,anchor-green,2011,2C(S),68,40,,0.588235294117647
470,anchor-green,2011,3,0,0,,
471,anchor-green,2011,Total,0,270,,1
472,anchor-green,2012,1,0,0,,
473,anchor-green,2012,2A(1),0,0,,
474,anchor-green,2012,2A(2),0,0,,
475,anchor-green,2012,2B,9,46,,1
476,anchor-green,2012,2C,93,82,,0.881720430107527
477,anchor-green,2012,2C(S),0,0,,
478,anchor-green,2012,3,0,0,,
479,anchor-green,2012,Total,0,210,,1
480,anchor-green,2013,1,0,0,,
481,anchor-green,2013,2A(1),0,0,,
482,anchor-green,2013,2A(2),0,0,,
483,anchor-green,2013,2B,3,41,,1
484,anchor-green,2013,2C,90,78,,0.866666666666667
485,anchor-green,2013,2C(S),0,0,,
486,anchor-green,2013,3,0,0,,
487,anchor-green,2013,Total,0,210,,1
488,anchor-green,2014,1,0,0,,
489,anchor-green,2014,2A(1),0,0,,
490,anchor-green,2014,2A(2),0,0,,
491,anchor-green,2014,2B,5,61,,1
492,anchor-green,2014,2C,121,118,,0.975206611570248
493,anchor-green,2014,2C(S),0,0,,
494,anchor-green,2014,3,0,0,,
495,anchor-green,2014,Total,0,240,,1
496,anchor-green,2015,1,0,0,,
497,anchor-green,2015,2A(1),0,0,,
498,anchor-green,2015,2A(2),0,0,,
499,anchor-green,2015,2B,12,82,,1
500,anchor-green,2015,2C,94,151,,1
501,anchor-green,2015,2C(S),45,57,,1
502,anchor-green,2015,3,0,12,,1
503,anchor-green,2015,Total,0,240,,1
504,anchor-green,2016,1,0,0,,
505,anchor-green,2016,2A(1),0,0,,
506,anchor-green,2016,2A(2),0,0,,
507,anchor-green,2016,2B,0,84,,1
508,anchor-green,2016,2C,93,168,,1
509,anchor-green,2016,2C(S),48,76,,1
510,anchor-green,2016,3,0,28,,1
511,anchor-green,2016,Total,0,240,,1
512,anchor-green,2017,1,0,0,,
513,anchor-green,2017,2A(1),0,0,,
514,anchor-green,2017,2A(2),0,0,,
515,anchor-green,2017,2B,1,71,,1
516,anchor-green,2017,2C,69,143,,1
517,anchor-green,2017,2C(S),53,74,,1
518,anchor-green,2017,3,0,21,,1
519,anchor-green,2017,Total,0,240,,1
520,anchor-green,2018,1,0,0,,
521,anchor-green,2018,2A(1),0,0,,
522,anchor-green,2018,2A(2),0,0,,
523,anchor-green,2018,2B,1,84,,1
524,anchor-green,2018,2C,69,169,,1
525,anchor-green,2018,2C(S),99,101,,1
526,anchor-green,2018,3,0,2,,1
527,anchor-green,2018,Total,0,270,,1
528,anchor-green,2019,1,84,200,,1
529,anchor-green,2019,2A(1),0,116,,1
530,anchor-green,2019,2A(2),6,116,,1
531,anchor-green,2019,2B,1,75,,1
532,anchor-green,2019,2C,66,151,,1
533,anchor-green,2019,2C(S),97,85,SC1-2,0.876288659793814
534,anchor-green,2019,3,0,0,,
535,anchor-green,2019,Total,0,240,,1
536,anchor-green,2020,1,108,200,,1
537,anchor-green,2020,2A(1),0,92,,1
538,anchor-green,2020,2A(2),31,92,,1
539,anchor-green,2020,2B,1,51,,1
540,anchor-green,2020,2C,62,101,,1
541,anchor-green,2020,2C(S),83,39,SC<1,0.469879518072289
542,anchor-green,2020,3,0,0,,
543,anchor-green,2020,Total,0,240,,1
544,anchor-green,2021,1,87,200,,1
545,anchor-green,2021,2A(1),0,113,,1
546,anchor-green,2021,2A(2),59,113,,1
547,anchor-green,2021,2B,0,48,,1
548,anchor-green,2021,2C,48,95,,1
549,anchor-green,2021,2C(S),77,47,SC<1,0.61038961038961
550,anchor-green,2021,3,0,0,,
551,anchor-green,2021,Total,0,240,,1
552,anchor-green,2022,1,75,180,,1
553,anchor-green,2022,2A(1),46,105,,1
554,anchor-green,2022,2A(2),0,0,,
555,anchor-green,2022,2B,0,40,,1
556,anchor-green,2022,2C,24,120,,1
557,anchor-green,2022,2C(S),108,96,SC1-2,0.888888888888889
558,anchor-green,2022,3,0,0,,
559,anchor-green,2022,Total,0,240,,1
560,anchor-green,2023,1,85,180,,1
561,anchor-green,2023,2A(1),30,95,,1
562,anchor-green,2023,2A(2),0,0,,
563,anchor-green,2023,2B,0,42,,1
564,anchor-green,2023,2C,36,128,,1
565,anchor-green,2023,2C(S),66,93,,1
566,anchor-green,2023,3,0,27,,1
567,anchor-green,2023,Total,0,240,,1
568,anderson,2009,1,0,0,,
569,anderson,2009,2A(1),0,0,,
570,anderson,2009,2A(2),0,0,,
571,anderson,2009,2B,25,57,,1
572,anderson,2009,2C,116,88,,0.758620689655172
573,anderson,2009,2C(S),0,0,,
574,anderson,2009,3,0,0,,
575,anderson,2009,Total,0,240,,1
576,anderson,2010,1,0,0,,
577,anderson,2010,2A(1),0,0,,
578,anderson,2010,2A(2),0,0,,
579,anderson,2010,2B,29,44,,1
580,anderson,2010,2C,95,60,,0.631578947368421
581,anderson,2010,2C(S),0,0,,
582,anderson,2010,3,0,0,,
583,anderson,2010,Total,0,210,,1
584,anderson,2011,1,0,0,,
585,anderson,2011,2A(1),0,0,,
586,anderson,2011,2A(2),0,0,,
587,anderson,2011,2B,31,32,,1
588,anderson,2011,2C,96,36,,0.375
589,anderson,2011,2C(S),0,0,,
590,anderson,2011,3,0,0,,
591,anderson,2011,Total,0,210,,1
592,anderson,2012,1,0,0,,
593,anderson,2012,2A(1),0,0,,
594,anderson,2012,2A(2),0,0,,
595,anderson,2012,2B,26,30,,1
596,anderson,2012,2C,67,34,,0.507462686567164
597,anderson,2012,2C(S),0,0,,
598,anderson,2012,3,0,0,,
599,anderson,2012,Total,0,210,,1
600,anderson,2013,1,0,0,,
601,anderson,2013,2A(1),0,0,,
602,anderson,2013,2A(2),0,0,,
603,anderson,2013,2B,24,33,,1
604,anderson,2013,2C,50,41,,0.82
605,anderson,2013,2C(S),0,0,,
606,anderson,2013,3,0,0,,
607,anderson,2013,Total,0,210,,1
608,anderson,2014,1,0,0,,
609,anderson,2014,2A(1),0,0,,
610,anderson,2014,2A(2),0,0,,
611,anderson,2014,2B,20,30,,1
612,anderson,2014,2C,56,42,,0.75
613,anderson,2014,2C(S),0,0,,
614,anderson,2014,3,0,0,,
615,anderson,2014,Total,0,210,,1
616,anderson,2015,1,0,0,,
617,anderson,2015,2A(1),0,0,,
618,anderson,2015,2A(2),0,0,,
619,anderson,2015,2B,19,32,,1
620,anderson,2015,2C,58,45,,0.775862068965517
621,anderson,2015,2C(S),0,0,,
622,anderson,2015,3,0,0,,
623,anderson,2015,Total,0,210,,1
624,anderson,2016,1,0,0,,
625,anderson,2016,2A(1),0,0,,
626,anderson,2016,2A(2),0,0,,
627,anderson,2016,2B,19,45,,1
628,anderson,2016,2C,80,73,,0.9125
629,anderson,2016,2C(S),0,0,,
630,anderson,2016,3,0,0,,
631,anderson,2016,Total,0,210,,1
632,anderson,2017,1,0,0,,
633,anderson,2017,2A(1),0,0,,
634,anderson,2017,2A(2),0,0,,
635,anderson,2017,2B,20,32,,1
636,anderson,2017,2C,58,48,,0.827586206896552
637,anderson,2017,2C(S),0,0,,
638,anderson,2017,3,0,0,,
639,anderson,2017,Total,0,210,,1
640,anderson,2018,1,0,0,,
641,anderson,2018,2A(1),0,0,,
642,anderson,2018,2A(2),0,0,,
643,anderson,2018,2B,23,24,,1
644,anderson,2018,2C,35,32,,0.914285714285714
645,anderson,2018,2C(S),0,0,,
646,anderson,2018,3,0,0,,
647,anderson,2018,Total,0,210,,1
648,anderson,2019,1,86,170,,1
649,anderson,2019,2A(1),0,84,,1
650,anderson,2019,2A(2),31,84,,1
651,anderson,2019,2B,26,47,,1
652,anderson,2019,2C,88,69,SC<2#,0.784090909090909
653,anderson,2019,2C(S),0,0,,
654,anderson,2019,3,0,0,,
655,anderson,2019,Total,0,210,,1
656,anderson,2020,1,90,170,,1
657,anderson,2020,2A(1),0,80,,1
658,anderson,2020,2A(2),61,80,,1
659,anderson,2020,2B,21,30,,1
660,anderson,2020,2C,65,38,SC1-2,0.584615384615385
661,anderson,2020,2C(S),0,0,,
662,anderson,2020,3,0,0,,
663,anderson,2020,Total,0,210,,1
664,anderson,2021,1,86,170,,1
665,anderson,2021,2A(1),1,84,,1
666,anderson,2021,2A(2),50,83,,1
667,anderson,2021,2B,22,37,,1
668,anderson,2021,2C,75,52,SC1-2,0.693333333333333
669,anderson,2021,2C(S),0,0,,
670,anderson,2021,3,0,0,,
671,anderson,2021,Total,0,210,,1
672,anderson,2022,1,91,150,,1
673,anderson,2022,2A(1),36,59,,1
674,anderson,2022,2A(2),0,0,,
675,anderson,2022,2B,21,28,,1
676,anderson,2022,2C,88,64,SC1-2,0.727272727272727
677,anderson,2022,2C(S),0,0,,
678,anderson,2022,3,0,0,,
679,anderson,2022,Total,0,210,,1
680,anderson,2023,1,71,150,,1
681,anderson,2023,2A(1),46,79,,1
682,anderson,2023,2A(2),0,0,,
683,anderson,2023,2B,19,31,,1
684,anderson,2023,2C,92,74,SC1-2,0.804347826086957
685,anderson,2023,2C(S),0,0,,
686,anderson,2023,3,0,0,,
687,anderson,2023,Total,0,210,,1
688,ang-mo-kio,2009,1,0,0,,
689,ang-mo-kio,2009,2A(1),0,0,,
690,ang-mo-kio,2009,2A(2),0,0,,
691,ang-mo-kio,2009,2B,2,65,,1
692,ang-mo-kio,2009,2C,107,128,,1
693,ang-mo-kio,2009,2C(S),17,21,,1
694,ang-mo-kio,2009,3,0,3,,1
695,ang-mo-kio,2009,Total,0,210,,1
696,ang-mo-kio,2010,1,0,0,,
697,ang-mo-kio,2010,2A(1),0,0,,
698,ang-mo-kio,2010,2A(2),0,0,,
699,ang-mo-kio,2010,2B,1,54,,1
700,ang-mo-kio,2010,2C,77,107,,1
701,ang-mo-kio,2010,2C(S),24,30,,1
702,ang-mo-kio,2010,3,0,0,,
703,ang-mo-kio,2010,Total,0,210,,1
704,ang-mo-kio,2011,1,0,0,,
705,ang-mo-kio,2011,2A(1),0,0,,
706,ang-mo-kio,2011,2A(2),0,0,,
707,ang-mo-kio,2011,2B,1,65,,1
708,ang-mo-kio,2011,2C,96,129,,1
709,ang-mo-kio,2011,2C(S),24,34,,1
710,ang-mo-kio,2011,3,0,0,,
711,ang-mo-kio,2011,Total,0,210,,1
712,ang-mo-kio,2012,1,0,0,,
713,ang-mo-kio,2012,2A(1),0,0,,
714,ang-mo-kio,2012,2A(2),0,0,,
715,ang-mo-kio,2012,2B,1,61,,1
716,ang-mo-kio,2012,2C,68,121,,1
717,ang-mo-kio,2012,2C(S),26,54,,1
718,ang-mo-kio,2012,3,0,24,,1
719,ang-mo-kio,2012,Total,0,210,,1
720,ang-mo-kio,2013,1,0,0,,
721,ang-mo-kio,2013,2A(1),0,0,,
722,ang-mo-kio,2013,2A(2),0,0,,
723,ang-mo-kio,2013,2B,0,66,,1
724,ang-mo-kio,2013,2C,68,132,,1
725,ang-mo-kio,2013,2C(S),18,64,,1
726,ang-mo-kio,2013,3,0,44,,1
727,ang-mo-kio,2013,Total,0,210,,1
728,ang-mo-kio,2014,1,0,0,,
729,ang-mo-kio,2014,2A(1),0,0,,
730,ang-mo-kio,2014,2A(2),0,0,,
731,ang-mo-kio,2014,2B,0,71,,1
732,ang-mo-kio,2014,2C,85,142,,1
733,ang-mo-kio,2014,2C(S),11,58,,1
734,ang-mo-kio,2014,3,0,47,,1
735,ang-mo-kio,2014,Total,0,210,,1
736,ang-mo-kio,2015,1,0,0,,
737,ang-mo-kio,2015,2A(1),0,0,,
738,ang-mo-kio,2015,2A(2),0,0,,
739,ang-mo-kio,2015,2B,0,70,,1
740,ang-mo-kio,2015,2C,82,140,,1
741,ang-mo-kio,2015,2C(S),13,58,,1
742,ang-mo-kio,2015,3,0,45,,1
743,ang-mo-kio,2015,Total,0,210,,1
744,ang-mo-kio,2016,1,0,0,,
745,ang-mo-kio,2016,2A(1),0,0,,
746,ang-mo-kio,2016,2A(2),0,0,,
747,ang-mo-kio,2016,2B,0,60,,1
748,ang-mo-kio,2016,2C,57,121,,1
749,ang-mo-kio,2016,2C(S),6,64,,1
750,ang-mo-kio,2016,3,0,58,,1
751,ang-mo-kio,2016,Total,0,180,,1
752,ang-mo-kio,2017,1,0,0,,
753,ang-mo-kio,2017,2A(1),0,0,,
754,ang-mo-kio,2017,2A(2),0,0,,
755,ang-mo-kio,2017,2B,0,77,,1
756,ang-mo-kio,2017,2C,47,156,,1
757,ang-mo-kio,2017,2C(S),21,109,,1
758,ang-mo-kio,2017,3,0,88,,1
759,ang-mo-kio,2017,Total,0,210,,1
760,ang-mo-kio,2018,1,0,0,,
761,ang-mo-kio,2018,2A(1),0,0,,
762,ang-mo-kio,2018,2A(2),0,0,,
763,ang-mo-kio,2018,2B,0,64,,1
764,ang-mo-kio,2018,2C,58,128,,1
765,ang-mo-kio,2018,2C(S),32,70,,1
766,ang-mo-kio,2018,3,0,38,,1
767,ang-mo-kio,2018,Total,0,180,,1
768,ang-mo-kio,2019,1,46,110,,1
769,ang-mo-kio,2019,2A(1),0,64,,1
770,ang-mo-kio,2019,2A(2),15,64,,1
771,ang-mo-kio,2019,2B,0,45,,1
772,ang-mo-kio,2019,2C,45,89,,1
773,ang-mo-kio,2019,2C(S),30,44,,1
774,ang-mo-kio,2019,3,0,14,,1
775,ang-mo-kio,2019,Total,0,150,,1
776,ang-mo-kio,2020,1,60,170,,1
777,ang-mo-kio,2020,2A(1),0,110,,1
778,ang-mo-kio,2020,2A(2),10,110,,1
779,ang-mo-kio,2020,2B,0,70,,1
780,ang-mo-kio,2020,2C,39,143,,1
781,ang-mo-kio,2020,2C(S),31,104,,1
782,ang-mo-kio,2020,3,0,73,,1
783,ang-mo-kio,2020,Total,0,210,,1
784,ang-mo-kio,2021,1,48,200,,1
785,ang-mo-kio,2021,2A(1),0,152,,1
786,ang-mo-kio,2021,2A(2),11,152,,1
787,ang-mo-kio,2021,2B,0,91,,1
788,ang-mo-kio,2021,2C,50,181,,1
789,ang-mo-kio,2021,2C(S),30,131,,1
790,ang-mo-kio,2021,3,0,101,,1
791,ang-mo-kio,2021,Total,0,240,,1
792,ang-mo-kio,2022,1,48,150,,1
793,ang-mo-kio,2022,2A(1),13,102,,1
794,ang-mo-kio,2022,2A(2),0,0,,
795,ang-mo-kio,2022,2B,0,50,,1
796,ang-mo-kio,2022,2C,49,149,,1
797,ang-mo-kio,2022,2C(S),13,100,,1
798,ang-mo-kio,2022,3,0,87,,1
799,ang-mo-kio,2022,Total,0,210,,1
800,ang-mo-kio,2023,1,32,90,,1
801,ang-mo-kio,2023,2A(1),33,58,,1
802,ang-mo-kio,2023,2A(2),0,0,,
803,ang-mo-kio,2023,2B,0,28,,1
804,ang-mo-kio,2023,2C,29,85,,1
805,ang-mo-kio,2023,2C(S),15,56,,1
806,ang-mo-kio,2023,3,0,41,,1
807,ang-mo-kio,2023,Total,0,150,,1
808,anglo-chinese-junior,2009,1,0,0,,
809,anglo-chinese-junior,2009,2A(1),0,0,,
810,anglo-chinese-junior,2009,2A(2),0,0,,
811,anglo-chinese-junior,2009,2B,73,53,,0.726027397260274
812,anglo-chinese-junior,2009,2C,63,54,,0.857142857142857
813,anglo-chinese-junior,2009,2C(S),0,0,,
814,anglo-chinese-junior,2009,3,0,0,,
815,anglo-chinese-junior,2009,Total,0,270,,1
816,anglo-chinese-junior,2010,1,0,0,,
817,anglo-chinese-junior,2010,2A(1),0,0,,
818,anglo-chinese-junior,2010,2A(2),0,0,,
819,anglo-chinese-junior,2010,2B,83,63,,0.759036144578313
820,anglo-chinese-junior,2010,2C,76,63,,0.828947368421053
821,anglo-chinese-junior,2010,2C(S),0,0,,
822,anglo-chinese-junior,2010,3,0,0,,
823,anglo-chinese-junior,2010,Total,0,270,,1
824,anglo-chinese-junior,2011,1,0,0,,
825,anglo-chinese-junior,2011,2A(1),0,0,,
826,anglo-chinese-junior,2011,2A(2),0,0,,
827,anglo-chinese-junior,2011,2B,80,64,,0.8
828,anglo-chinese-junior,2011,2C,79,63,,0.79746835443038
829,anglo-chinese-junior,2011,2C(S),0,0,,
830,anglo-chinese-junior,2011,3,0,0,,
831,anglo-chinese-junior,2011,Total,0,270,,1
832,anglo-chinese-junior,2012,1,0,0,,
833,anglo-chinese-junior,2012,2A(1),0,0,,
834,anglo-chinese-junior,2012,2A(2),0,0,,
835,anglo-chinese-junior,2012,2B,76,54,,0.710526315789474
836,anglo-chinese-junior,2012,2C,64,54,,0.84375
837,anglo-chinese-junior,2012,2C(S),0,0,,
838,anglo-chinese-junior,2012,3,0,0,,
839,anglo-chinese-junior,2012,Total,0,270,,1
840,anglo-chinese-junior,2013,1,0,0,,
841,anglo-chinese-junior,2013,2A(1),0,0,,
842,anglo-chinese-junior,2013,2A(2),0,0,,
843,anglo-chinese-junior,2013,2B,73,47,,0.643835616438356
844,anglo-chinese-junior,2013,2C,49,45,,0.918367346938776
845,anglo-chinese-junior,2013,2C(S),0,0,,
846,anglo-chinese-junior,2013,3,0,0,,
847,anglo-chinese-junior,2013,Total,0,270,,1
848,anglo-chinese-junior,2014,1,0,0,,
849,anglo-chinese-junior,2014,2A(1),0,0,,
850,anglo-chinese-junior,2014,2A(2),0,0,,
851,anglo-chinese-junior,2014,2B,75,73,,0.973333333333333
852,anglo-chinese-junior,2014,2C,101,73,,0.722772277227723
853,anglo-chinese-junior,2014,2C(S),0,0,,
854,anglo-chinese-junior,2014,3,0,0,,
855,anglo-chinese-junior,2014,Total,0,270,,1
856,anglo-chinese-junior,2015,1,0,0,,
857,anglo-chinese-junior,2015,2A(1),0,0,,
858,anglo-chinese-junior,2015,2A(2),0,0,,
859,anglo-chinese-junior,2015,2B,90,58,,0.644444444444444
860,anglo-chinese-junior,2015,2C,75,58,,0.773333333333333
861,anglo-chinese-junior,2015,2C(S),0,0,,
862,anglo-chinese-junior,2015,3,0,0,,
863,anglo-chinese-junior,2015,Total,0,270,,1
864,anglo-chinese-junior,2016,1,0,0,,
865,anglo-chinese-junior,2016,2A(1),0,0,,
866,anglo-chinese-junior,2016,2A(2),0,0,,
867,anglo-chinese-junior,2016,2B,79,50,,0.632911392405063
868,anglo-chinese-junior,2016,2C,65,49,,0.753846153846154
869,anglo-chinese-junior,2016,2C(S),0,0,,
870,anglo-chinese-junior,2016,3,0,0,,
871,anglo-chinese-junior,2016,Total,0,270,,1
872,anglo-chinese-junior,2017,1,0,0,,
873,anglo-chinese-junior,2017,2A(1),0,0,,
874,anglo-chinese-junior,2017,2A(2),0,0,,
875,anglo-chinese-junior,2017,2B,56,51,,0.910714285714286
876,anglo-chinese-junior,2017,2C,67,50,,0.746268656716418
877,anglo-chinese-junior,2017,2C(S),0,0,,
878,anglo-chinese-junior,2017,3,0,0,,
879,anglo-chinese-junior,2017,Total,0,270,,1
880,anglo-chinese-junior,2018,1,0,0,,
881,anglo-chinese-junior,2018,2A(1),0,0,,
882,anglo-chinese-junior,2018,2A(2),0,0,,
883,anglo-chinese-junior,2018,2B,55,41,,0.745454545454545
884,anglo-chinese-junior,2018,2C,52,41,,0.788461538461538
885,anglo-chinese-junior,2018,2C(S),0,0,,
886,anglo-chinese-junior,2018,3,0,0,,
887,anglo-chinese-junior,2018,Total,0,270,,1
888,anglo-chinese-junior,2019,1,75,230,,1
889,anglo-chinese-junior,2019,2A(1),88,155,,1
890,anglo-chinese-junior,2019,2A(2),15,67,,1
891,anglo-chinese-junior,2019,2B,65,46,SC<1,0.707692307692308
892,anglo-chinese-junior,2019,2C,60,46,SC<1,0.766666666666667
893,anglo-chinese-junior,2019,2C(S),0,0,,
894,anglo-chinese-junior,2019,3,0,0,,
895,anglo-chinese-junior,2019,Total,0,270,,1
896,anglo-chinese-junior,2020,1,93,230,,1
897,anglo-chinese-junior,2020,2A(1),107,137,,1
898,anglo-chinese-junior,2020,2A(2),20,30,,1
899,anglo-chinese-junior,2020,2B,59,26,SC<1,0.440677966101695
900,anglo-chinese-junior,2020,2C,41,25,SC<1,0.609756097560976
901,anglo-chinese-junior,2020,2C(S),0,0,,
902,anglo-chinese-junior,2020,3,0,0,,
903,anglo-chinese-junior,2020,Total,0,270,,1
904,anglo-chinese-junior,2021,1,88,230,,1
905,anglo-chinese-junior,2021,2A(1),97,142,,1
906,anglo-chinese-junior,2021,2A(2),19,45,,1
907,anglo-chinese-junior,2021,2B,54,33,SC<1,0.611111111111111
908,anglo-chinese-junior,2021,2C,51,33,SC<1,0.647058823529412
909,anglo-chinese-junior,2021,2C(S),0,0,,
910,anglo-chinese-junior,2021,3,0,0,,
911,anglo-chinese-junior,2021,Total,0,270,,1
912,anglo-chinese-junior,2022,1,78,210,,1
913,anglo-chinese-junior,2022,2A(1),112,132,,1
914,anglo-chinese-junior,2022,2A(2),0,0,,
915,anglo-chinese-junior,2022,2B,57,27,SC<1,0.473684210526316
916,anglo-chinese-junior,2022,2C,69,53,SC<1,0.768115942028985
917,anglo-chinese-junior,2022,2C(S),0,0,,
918,anglo-chinese-junior,2022,3,0,0,,
919,anglo-chinese-junior,2022,Total,0,270,,1
920,anglo-chinese-junior,2023,1,76,210,,1
921,anglo-chinese-junior,2023,2A(1),101,134,,1
922,anglo-chinese-junior,2023,2A(2),0,0,,
923,anglo-chinese-junior,2023,2B,52,31,SC<1,0.596153846153846
924,anglo-chinese-junior,2023,2C,79,62,SC>2,0.784810126582278
925,anglo-chinese-junior,2023,2C(S),0,0,,
926,anglo-chinese-junior,2023,3,0,0,,
927,anglo-chinese-junior,2023,Total,0,270,,1
928,anglo-chinese-primary,2009,1,0,0,,
929,anglo-chinese-primary,2009,2A(1),0,0,,
930,anglo-chinese-primary,2009,2A(2),0,0,,
931,anglo-chinese-primary,2009,2B,36,26,,0.722222222222222
932,anglo-chinese-primary,2009,2C,48,27,,0.5625
933,anglo-chinese-primary,2009,2C(S),0,0,,
934,anglo-chinese-primary,2009,3,0,0,,
935,anglo-chinese-primary,2009,Total,0,240,,1
936,anglo-chinese-primary,2010,1,0,0,,
937,anglo-chinese-primary,2010,2A(1),0,0,,
938,anglo-chinese-primary,2010,2A(2),0,0,,
939,anglo-chinese-primary,2010,2B,25,20,,0.8
940,anglo-chinese-primary,2010,2C,30,19,,0.633333333333333
941,anglo-chinese-primary,2010,2C(S),0,0,,
942,anglo-chinese-primary,2010,3,0,0,,
943,anglo-chinese-primary,2010,Total,0,240,,1
944,anglo-chinese-primary,2011,1,0,0,,
945,anglo-chinese-primary,2011,2A(1),0,0,,
946,anglo-chinese-primary,2011,2A(2),0,0,,
947,anglo-chinese-primary,2011,2B,35,25,,0.714285714285714
948,anglo-chinese-primary,2011,2C,30,24,,0.8
949,anglo-chinese-primary,2011,2C(S),0,0,,
950,anglo-chinese-primary,2011,3,0,0,,
951,anglo-chinese-primary,2011,Total,0,240,,1
952,anglo-chinese-primary,2012,1,0,0,,
953,anglo-chinese-primary,2012,2A(1),0,0,,
954,anglo-chinese-primary,2012,2A(2),0,0,,
955,anglo-chinese-primary,2012,2B,22,18,,0.818181818181818
956,anglo-chinese-primary,2012,2C,21,17,,0.80952380952381
957,anglo-chinese-primary,2012,2C(S),0,0,,
958,anglo-chinese-primary,2012,3,0,0,,
959,anglo-chinese-primary,2012,Total,0,240,,1
960,anglo-chinese-primary,2013,1,0,0,,
961,anglo-chinese-primary,2013,2A(1),0,0,,
962,anglo-chinese-primary,2013,2A(2),0,0,,
963,anglo-chinese-primary,2013,2B,31,24,,0.774193548387097
964,anglo-chinese-primary,2013,2C,31,22,,0.709677419354839
965,anglo-chinese-primary,2013,2C(S),0,0,,
966,anglo-chinese-primary,2013,3,0,0,,
967,anglo-chinese-primary,2013,Total,0,240,,1
968,anglo-chinese-primary,2014,1,0,0,,
969,anglo-chinese-primary,2014,2A(1),0,0,,
970,anglo-chinese-primary,2014,2A(2),0,0,,
971,anglo-chinese-primary,2014,2B,35,32,,0.914285714285714
972,anglo-chinese-primary,2014,2C,54,30,,0.555555555555556
973,anglo-chinese-primary,2014,2C(S),0,0,,
974,anglo-chinese-primary,2014,3,0,0,,
975,anglo-chinese-primary,2014,Total,0,240,,1
976,anglo-chinese-primary,2015,1,0,0,,
977,anglo-chinese-primary,2015,2A(1),0,0,,
978,anglo-chinese-primary,2015,2A(2),0,0,,
979,anglo-chinese-primary,2015,2B,33,29,,0.878787878787879
980,anglo-chinese-primary,2015,2C,33,29,,0.878787878787879
981,anglo-chinese-primary,2015,2C(S),0,0,,
982,anglo-chinese-primary,2015,3,0,0,,
983,anglo-chinese-primary,2015,Total,0,240,,1
984,anglo-chinese-primary,2016,1,0,0,,
985,anglo-chinese-primary,2016,2A(1),0,0,,
986,anglo-chinese-primary,2016,2A(2),0,0,,
987,anglo-chinese-primary,2016,2B,27,21,,0.777777777777778
988,anglo-chinese-primary,2016,2C,27,20,,0.740740740740741
989,anglo-chinese-primary,2016,2C(S),0,0,,
990,anglo-chinese-primary,2016,3,0,0,,
991,anglo-chinese-primary,2016,Total,0,240,,1
992,anglo-chinese-primary,2017,1,0,0,,
993,anglo-chinese-primary,2017,2A(1),0,0,,
994,anglo-chinese-primary,2017,2A(2),0,0,,
995,anglo-chinese-primary,2017,2B,46,40,,0.869565217391304
996,anglo-chinese-primary,2017,2C,46,39,,0.847826086956522
997,anglo-chinese-primary,2017,2C(S),0,0,,
998,anglo-chinese-primary,2017,3,0,0,,
999,anglo-chinese-primary,2017,Total,0,240,,1
1000,anglo-chinese-primary,2018,1,0,0,,
1001,anglo-chinese-primary,2018,2A(1),0,0,,
1002,anglo-chinese-primary,2018,2A(2),0,0,,
1003,anglo-chinese-primary,2018,2B,47,32,,0.680851063829787
1004,anglo-chinese-primary,2018,2C,45,32,,0.711111111111111
1005,anglo-chinese-primary,2018,2C(S),0,0,,
1006,anglo-chinese-primary,2018,3,0,0,,
1007,anglo-chinese-primary,2018,Total,0,240,,1
1008,anglo-chinese-primary,2019,1,57,200,,1
1009,anglo-chinese-primary,2019,2A(1),106,143,,1
1010,anglo-chinese-primary,2019,2A(2),22,37,,1
1011,anglo-chinese-primary,2019,2B,37,28,SC<1,0.756756756756757
1012,anglo-chinese-primary,2019,2C,42,27,SC<1,0.642857142857143
1013,anglo-chinese-primary,2019,2C(S),0,0,,
1014,anglo-chinese-primary,2019,3,0,0,,
1015,anglo-chinese-primary,2019,Total,0,240,,1
1016,anglo-chinese-primary,2020,1,68,200,,1
1017,anglo-chinese-primary,2020,2A(1),95,132,,1
1018,anglo-chinese-primary,2020,2A(2),28,37,,1
1019,anglo-chinese-primary,2020,2B,50,25,SC<1,0.5
1020,anglo-chinese-primary,2020,2C,46,26,SC<1,0.565217391304348
1021,anglo-chinese-primary,2020,2C(S),0,0,,
1022,anglo-chinese-primary,2020,3,0,0,,
1023,anglo-chinese-primary,2020,Total,0,240,,1
1024,anglo-chinese-primary,2021,1,59,200,,1
1025,anglo-chinese-primary,2021,2A(1),103,141,,1
1026,anglo-chinese-primary,2021,2A(2),27,38,,1
1027,anglo-chinese-primary,2021,2B,44,26,SC<1,0.590909090909091
1028,anglo-chinese-primary,2021,2C,40,25,SC<1,0.625
1029,anglo-chinese-primary,2021,2C(S),0,0,,
1030,anglo-chinese-primary,2021,3,0,0,,
1031,anglo-chinese-primary,2021,Total,0,240,,1
1032,anglo-chinese-primary,2022,1,62,180,,1
1033,anglo-chinese-primary,2022,2A(1),95,118,,1
1034,anglo-chinese-primary,2022,2A(2),0,0,,
1035,anglo-chinese-primary,2022,2B,55,28,SC<1,0.509090909090909
1036,anglo-chinese-primary,2022,2C,69,55,SC<1,0.797101449275362
1037,anglo-chinese-primary,2022,2C(S),0,0,,
1038,anglo-chinese-primary,2022,3,0,0,,
1039,anglo-chinese-primary,2022,Total,0,240,,1
1040,anglo-chinese-primary,2023,1,56,180,,1
1041,anglo-chinese-primary,2023,2A(1),106,124,,1
1042,anglo-chinese-primary,2023,2A(2),0,0,,
1043,anglo-chinese-primary,2023,2B,51,26,SC<1,0.509803921568627
1044,anglo-chinese-primary,2023,2C,68,53,SC<1,0.779411764705882
1045,anglo-chinese-primary,2023,2C(S),0,0,,
1046,anglo-chinese-primary,2023,3,0,0,,
1047,anglo-chinese-primary,2023,Total,0,240,,1
1048,angsana,2009,1,0,0,,
1049,angsana,2009,2A(1),0,0,,
1050,angsana,2009,2A(2),0,0,,
1051,angsana,2009,2B,0,75,,1
1052,angsana,2009,2C,22,150,,1
1053,angsana,2009,2C(S),8,128,,1
1054,angsana,2009,3,0,117,,1
1055,angsana,2009,Total,0,180,,1
1056,angsana,2010,1,0,0,,
1057,angsana,2010,2A(1),0,0,,
1058,angsana,2010,2A(2),0,0,,
1059,angsana,2010,2B,0,65,,1
1060,angsana,2010,2C,19,130,,1
1061,angsana,2010,2C(S),13,111,,1
1062,angsana,2010,3,0,35,,1
1063,angsana,2010,Total,0,180,,1
1064,angsana,2011,1,0,0,,
1065,angsana,2011,2A(1),0,0,,
1066,angsana,2011,2A(2),0,0,,
1067,angsana,2011,2B,0,68,,1
1068,angsana,2011,2C,20,135,,1
1069,angsana,2011,2C(S),9,115,,1
1070,angsana,2011,3,0,31,,1
1071,angsana,2011,Total,0,180,,1
1072,angsana,2012,1,0,0,,
1073,angsana,2012,2A(1),0,0,,
1074,angsana,2012,2A(2),0,0,,
1075,angsana,2012,2B,0,68,,1
1076,angsana,2012,2C,28,136,,1
1077,angsana,2012,2C(S),2,111,,1
1078,angsana,2012,3,0,30,,1
1079,angsana,2012,Total,0,180,,1
1080,angsana,2013,1,0,0,,
1081,angsana,2013,2A(1),0,0,,
1082,angsana,2013,2A(2),0,0,,
1083,angsana,2013,2B,0,59,,1
1084,angsana,2013,2C,32,117,,1
1085,angsana,2013,2C(S),22,85,,1
1086,angsana,2013,3,0,12,,1
1087,angsana,2013,Total,0,150,,1
1088,angsana,2014,1,0,0,,
1089,angsana,2014,2A(1),0,0,,
1090,angsana,2014,2A(2),0,0,,
1091,angsana,2014,2B,2,64,,1
1092,angsana,2014,2C,22,125,,1
1093,angsana,2014,2C(S),7,103,,1
1094,angsana,2014,3,0,96,,1
1095,angsana,2014,Total,0,180,,1
1096,angsana,2015,1,0,0,,
1097,angsana,2015,2A(1),0,0,,
1098,angsana,2015,2A(2),0,0,,
1099,angsana,2015,2B,0,59,,1
1100,angsana,2015,2C,16,118,,1
1101,angsana,2015,2C(S),5,102,,1
1102,angsana,2015,3,0,97,,1
1103,angsana,2015,Total,0,150,,1
1104,angsana,2016,1,0,0,,
1105,angsana,2016,2A(1),0,0,,
1106,angsana,2016,2A(2),0,0,,
1107,angsana,2016,2B,0,45,,1
1108,angsana,2016,2C,13,90,,1
1109,angsana,2016,2C(S),2,77,,1
1110,angsana,2016,3,0,75,,1
1111,angsana,2016,Total,0,120,,1
1112,angsana,2017,1,0,0,,
1113,angsana,2017,2A(1),0,0,,
1114,angsana,2017,2A(2),0,0,,
1115,angsana,2017,2B,0,61,,1
1116,angsana,2017,2C,9,121,,1
1117,angsana,2017,2C(S),17,112,,1
1118,angsana,2017,3,0,95,,1
1119,angsana,2017,Total,0,150,,1
1120,angsana,2018,1,0,0,,
1121,angsana,2018,2A(1),0,0,,
1122,angsana,2018,2A(2),0,0,,
1123,angsana,2018,2B,0,88,,1
1124,angsana,2018,2C,14,175,,1
1125,angsana,2018,2C(S),43,161,,1
1126,angsana,2018,3,0,118,,1
1127,angsana,2018,Total,0,210,,1
1128,angsana,2019,1,24,80,,1
1129,angsana,2019,2A(1),0,56,,1
1130,angsana,2019,2A(2),11,56,,1
1131,angsana,2019,2B,0,43,,1
1132,angsana,2019,2C,9,85,,1
1133,angsana,2019,2C(S),3,77,,1
1134,angsana,2019,3,0,74,,1
1135,angsana,2019,Total,0,120,,1
1136,angsana,2020,1,31,200,,1
1137,angsana,2020,2A(1),1,169,,1
1138,angsana,2020,2A(2),3,168,,1
1139,angsana,2020,2B,0,103,,1
1140,angsana,2020,2C,21,205,,1
1141,angsana,2020,2C(S),46,184,,1
1142,angsana,2020,3,0,138,,1
1143,angsana,2020,Total,0,240,,1
1144,angsana,2021,1,38,200,,1
1145,angsana,2021,2A(1),0,162,,1
1146,angsana,2021,2A(2),9,162,,1
1147,angsana,2021,2B,0,97,,1
1148,angsana,2021,2C,79,195,,1
1149,angsana,2021,2C(S),68,116,,1
1150,angsana,2021,3,0,48,,1
1151,angsana,2021,Total,0,240,,1
1152,angsana,2022,1,58,220,,1
1153,angsana,2022,2A(1),20,162,,1
1154,angsana,2022,2A(2),0,0,,
1155,angsana,2022,2B,0,67,,1
1156,angsana,2022,2C,171,202,,1
1157,angsana,2022,2C(S),66,31,SC<1,0.46969696969697
1158,angsana,2022,3,0,0,,
1159,angsana,2022,Total,0,280,,1
1160,angsana,2023,1,88,220,,1
1161,angsana,2023,2A(1),95,132,,1
1162,angsana,2023,2A(2),0,0,,
1163,angsana,2023,2B,2,32,,1
1164,angsana,2023,2C,167,95,SC<1,0.568862275449102
1165,angsana,2023,2C(S),0,0,,
1166,angsana,2023,3,0,0,,
1167,angsana,2023,Total,0,280,,1
1168,beacon,2009,1,0,0,,
1169,beacon,2009,2A(1),0,0,,
1170,beacon,2009,2A(2),0,0,,
1171,beacon,2009,2B,13,88,,1
1172,beacon,2009,2C,192,163,,0.848958333333333
1173,beacon,2009,2C(S),0,0,,
1174,beacon,2009,3,0,0,,
1175,beacon,2009,Total,0,240,,1
1176,beacon,2010,1,0,0,,
1177,beacon,2010,2A(1),0,0,,
1178,beacon,2010,2A(2),0,0,,
1179,beacon,2010,2B,9,90,,1
1180,beacon,2010,2C,183,170,,0.92896174863388
1181,beacon,2010,2C(S),0,0,,
1182,beacon,2010,3,0,0,,
1183,beacon,2010,Total,0,240,,1
1184,beacon,2011,1,0,0,,
1185,beacon,2011,2A(1),0,0,,
1186,beacon,2011,2A(2),0,0,,
1187,beacon,2011,2B,7,61,,1
1188,beacon,2011,2C,145,116,,0.8
1189,beacon,2011,2C(S),0,0,,
1190,beacon,2011,3,0,0,,
1191,beacon,2011,Total,0,240,,1
1192,beacon,2012,1,0,0,,
1193,beacon,2012,2A(1),0,0,,
1194,beacon,2012,2A(2),0,0,,
1195,beacon,2012,2B,9,63,,1
1196,beacon,2012,2C,131,118,,0.900763358778626
1197,beacon,2012,2C(S),0,0,,
1198,beacon,2012,3,0,0,,
1199,beacon,2012,Total,0,240,,1
1200,beacon,2013,1,0,0,,
1201,beacon,2013,2A(1),0,0,,
1202,beacon,2013,2A(2),0,0,,
1203,beacon,2013,2B,11,62,,1
1204,beacon,2013,2C,118,112,,0.949152542372881
1205,beacon,2013,2C(S),0,0,,
1206,beacon,2013,3,0,0,,
1207,beacon,2013,Total,0,240,,1
1208,beacon,2014,1,0,0,,
1209,beacon,2014,2A(1),0,0,,
1210,beacon,2014,2A(2),0,0,,
1211,beacon,2014,2B,0,64,,1
1212,beacon,2014,2C,92,127,,1
1213,beacon,2014,2C(S),10,35,,1
1214,beacon,2014,3,0,25,,1
1215,beacon,2014,Total,0,240,,1
1216,beacon,2015,1,0,0,,
1217,beacon,2015,2A(1),0,0,,
1218,beacon,2015,2A(2),0,0,,
1219,beacon,2015,2B,0,73,,1
1220,beacon,2015,2C,102,146,,1
1221,beacon,2015,2C(S),4,44,,1
1222,beacon,2015,3,0,40,,1
1223,beacon,2015,Total,0,240,,1
1224,beacon,2016,1,0,0,,
1225,beacon,2016,2A(1),0,0,,
1226,beacon,2016,2A(2),0,0,,
1227,beacon,2016,2B,0,60,,1
1228,beacon,2016,2C,69,121,,1
1229,beacon,2016,2C(S),3,52,,1
1230,beacon,2016,3,0,49,,1
1231,beacon,2016,Total,0,210,,1
1232,beacon,2017,1,0,0,,
1233,beacon,2017,2A(1),0,0,,
1234,beacon,2017,2A(2),0,0,,
1235,beacon,2017,2B,1,63,,1
1236,beacon,2017,2C,74,127,,1
1237,beacon,2017,2C(S),16,54,,1
1238,beacon,2017,3,0,38,,1
1239,beacon,2017,Total,0,210,,1
1240,beacon,2018,1,0,0,,
1241,beacon,2018,2A(1),0,0,,
1242,beacon,2018,2A(2),0,0,,
1243,beacon,2018,2B,1,78,,1
1244,beacon,2018,2C,70,155,,1
1245,beacon,2018,2C(S),20,87,,1
1246,beacon,2018,3,0,67,,1
1247,beacon,2018,Total,0,240,,1
1248,beacon,2019,1,63,170,,1
1249,beacon,2019,2A(1),0,107,,1
1250,beacon,2019,2A(2),4,107,,1
1251,beacon,2019,2B,0,72,,1
1252,beacon,2019,2C,58,143,,1
1253,beacon,2019,2C(S),19,86,,1
1254,beacon,2019,3,0,67,,1
1255,beacon,2019,Total,0,210,,1
1256,beacon,2020,1,68,230,,1
1257,beacon,2020,2A(1),0,162,,1
1258,beacon,2020,2A(2),5,162,,1
1259,beacon,2020,2B,0,99,,1
1260,beacon,2020,2C,65,197,,1
1261,beacon,2020,2C(S),40,135,,1
1262,beacon,2020,3,0,95,,1
1263,beacon,2020,Total,0,270,,1
1264,beacon,2021,1,72,200,,1
1265,beacon,2021,2A(1),0,128,,1
1266,beacon,2021,2A(2),10,129,,1
1267,beacon,2021,2B,0,80,,1
1268,beacon,2021,2C,51,160,,1
1269,beacon,2021,2C(S),21,109,,1
1270,beacon,2021,3,0,88,,1
1271,beacon,2021,Total,0,240,,1
1272,beacon,2022,1,68,150,,1
1273,beacon,2022,2A(1),7,82,,1
1274,beacon,2022,2A(2),0,0,,
1275,beacon,2022,2B,0,45,,1
1276,beacon,2022,2C,33,135,,1
1277,beacon,2022,2C(S),27,102,,1
1278,beacon,2022,3,0,75,,1
1279,beacon,2022,Total,0,210,,1
1280,beacon,2023,1,60,90,,1
1281,beacon,2023,2A(1),6,30,,1
1282,beacon,2023,2A(2),0,0,,
1283,beacon,2023,2B,0,28,,1
1284,beacon,2023,2C,31,84,,1
1285,beacon,2023,2C(S),9,53,,1
1286,beacon,2023,3,0,44,,1
1287,beacon,2023,Total,0,150,,1
1288,bedok-green,2009,1,0,0,,
1289,bedok-green,2009,2A(1),0,0,,
1290,bedok-green,2009,2A(2),0,0,,
1291,bedok-green,2009,2B,0,63,,1
1292,bedok-green,2009,2C,82,125,,1
1293,bedok-green,2009,2C(S),31,44,,1
1294,bedok-green,2009,3,0,4,,1
1295,bedok-green,2009,Total,0,210,,1
1296,bedok-green,2010,1,0,0,,
1297,bedok-green,2010,2A(1),0,0,,
1298,bedok-green,2010,2A(2),0,0,,
1299,bedok-green,2010,2B,2,64,,1
1300,bedok-green,2010,2C,78,126,,1
1301,bedok-green,2010,2C(S),49,48,,0.979591836734694
1302,bedok-green,2010,3,0,0,,
1303,bedok-green,2010,Total,0,210,,1
1304,bedok-green,2011,1,0,0,,
1305,bedok-green,2011,2A(1),0,0,,
1306,bedok-green,2011,2A(2),0,0,,
1307,bedok-green,2011,2B,2,66,,1
1308,bedok-green,2011,2C,103,131,,1
1309,bedok-green,2011,2C(S),43,28,,0.651162790697674
1310,bedok-green,2011,3,0,0,,
1311,bedok-green,2011,Total,0,210,,1
1312,bedok-green,2012,1,0,0,,
1313,bedok-green,2012,2A(1),0,0,,
1314,bedok-green,2012,2A(2),0,0,,
1315,bedok-green,2012,2B,3,77,,1
1316,bedok-green,2012,2C,114,151,,1
1317,bedok-green,2012,2C(S),49,39,,0.795918367346939
1318,bedok-green,2012,3,0,0,,
1319,bedok-green,2012,Total,0,240,,1
1320,bedok-green,2013,1,0,0,,
1321,bedok-green,2013,2A(1),0,0,,
1322,bedok-green,2013,2A(2),0,0,,
1323,bedok-green,2013,2B,1,73,,1
1324,bedok-green,2013,2C,111,145,,1
1325,bedok-green,2013,2C(S),42,35,,0.833333333333333
1326,bedok-green,2013,3,0,0,,
1327,bedok-green,2013,Total,0,240,,1
1328,bedok-green,2014,1,0,0,,
1329,bedok-green,2014,2A(1),0,0,,
1330,bedok-green,2014,2A(2),0,0,,
1331,bedok-green,2014,2B,0,72,,1
1332,bedok-green,2014,2C,88,145,,1
1333,bedok-green,2014,2C(S),64,58,,0.90625
1334,bedok-green,2014,3,0,0,,
1335,bedok-green,2014,Total,0,240,,1
1336,bedok-green,2015,1,0,0,,
1337,bedok-green,2015,2A(1),0,0,,
1338,bedok-green,2015,2A(2),0,0,,
1339,bedok-green,2015,2B,1,74,,1
1340,bedok-green,2015,2C,82,149,,1
1341,bedok-green,2015,2C(S),26,69,,1
1342,bedok-green,2015,3,0,43,,1
1343,bedok-green,2015,Total,0,240,,1
1344,bedok-green,2016,1,0,0,,
1345,bedok-green,2016,2A(1),0,0,,
1346,bedok-green,2016,2A(2),0,0,,
1347,bedok-green,2016,2B,1,69,,1
1348,bedok-green,2016,2C,44,137,,1
1349,bedok-green,2016,2C(S),9,93,,1
1350,bedok-green,2016,3,0,84,,1
1351,bedok-green,2016,Total,0,210,,1
1352,bedok-green,2017,1,0,0,,
1353,bedok-green,2017,2A(1),0,0,,
1354,bedok-green,2017,2A(2),0,0,,
1355,bedok-green,2017,2B,0,41,,1
1356,bedok-green,2017,2C,56,84,,1
1357,bedok-green,2017,2C(S),15,28,,1
1358,bedok-green,2017,3,0,13,,1
1359,bedok-green,2017,Total,0,180,,1
1360,bedok-green,2018,1,0,0,,
1361,bedok-green,2018,2A(1),0,0,,
1362,bedok-green,2018,2A(2),0,0,,
1363,bedok-green,2018,2B,0,81,,1
1364,bedok-green,2018,2C,64,164,,1
1365,bedok-green,2018,2C(S),67,100,,1
1366,bedok-green,2018,3,0,33,,1
1367,bedok-green,2018,Total,0,240,,1
1368,bedok-green,2019,1,52,170,,1
1369,bedok-green,2019,2A(1),0,118,,1
1370,bedok-green,2019,2A(2),11,118,,1
1371,bedok-green,2019,2B,0,74,,1
1372,bedok-green,2019,2C,52,149,,1
1373,bedok-green,2019,2C(S),55,98,,1
1374,bedok-green,2019,3,0,43,,1
1375,bedok-green,2019,Total,0,210,,1
1376,bedok-green,2020,1,66,200,,1
1377,bedok-green,2020,2A(1),0,134,,1
1378,bedok-green,2020,2A(2),20,134,,1
1379,bedok-green,2020,2B,0,77,,1
1380,bedok-green,2020,2C,23,154,,1
1381,bedok-green,2020,2C(S),85,131,,1
1382,bedok-green,2020,3,0,46,,1
1383,bedok-green,2020,Total,0,240,,1
1384,bedok-green,2021,1,53,230,,1
1385,bedok-green,2021,2A(1),0,177,,1
1386,bedok-green,2021,2A(2),14,177,,1
1387,bedok-green,2021,2B,0,102,,1
1388,bedok-green,2021,2C,35,204,,1
1389,bedok-green,2021,2C(S),64,170,,1
1390,bedok-green,2021,3,0,106,,1
1391,bedok-green,2021,Total,0,270,,1
1392,bedok-green,2022,1,71,180,,1
1393,bedok-green,2022,2A(1),17,109,,1
1394,bedok-green,2022,2A(2),0,0,,
1395,bedok-green,2022,2B,0,51,,1
1396,bedok-green,2022,2C,32,152,,1
1397,bedok-green,2022,2C(S),74,120,,1
1398,bedok-green,2022,3,0,46,,1
1399,bedok-green,2022,Total,0,240,,1
1400,bedok-green,2023,1,57,150,,1
1401,bedok-green,2023,2A(1),11,94,,1
1402,bedok-green,2023,2A(2),0,0,,
1403,bedok-green,2023,2B,0,48,,1
1404,bedok-green,2023,2C,27,143,,1
1405,bedok-green,2023,2C(S),36,116,,1
1406,bedok-green,2023,3,0,80,,1
1407,bedok-green,2023,Total,0,210,,1
1408,bendemeer,2009,1,0,0,,
1409,bendemeer,2009,2A(1),0,0,,
1410,bendemeer,2009,2A(2),0,0,,
1411,bendemeer,2009,2B,0,48,,1
1412,bendemeer,2009,2C,45,97,,1
1413,bendemeer,2009,2C(S),18,52,,1
1414,bendemeer,2009,3,0,33,,1
1415,bendemeer,2009,Total,0,150,,1
1416,bendemeer,2010,1,0,0,,
1417,bendemeer,2010,2A(1),0,0,,
1418,bendemeer,2010,2A(2),0,0,,
1419,bendemeer,2010,2B,0,49,,1
1420,bendemeer,2010,2C,50,97,,1
1421,bendemeer,2010,2C(S),21,47,,1
1422,bendemeer,2010,3,0,25,,1
1423,bendemeer,2010,Total,0,150,,1
1424,bendemeer,2011,1,0,0,,
1425,bendemeer,2011,2A(1),0,0,,
1426,bendemeer,2011,2A(2),0,0,,
1427,bendemeer,2011,2B,0,54,,1
1428,bendemeer,2011,2C,58,109,,1
1429,bendemeer,2011,2C(S),37,51,,1
1430,bendemeer,2011,3,0,10,,1
1431,bendemeer,2011,Total,0,150,,1
1432,bendemeer,2012,1,0,0,,
1433,bendemeer,2012,2A(1),0,0,,
1434,bendemeer,2012,2A(2),0,0,,
1435,bendemeer,2012,2B,0,49,,1
1436,bendemeer,2012,2C,71,98,,1
1437,bendemeer,2012,2C(S),24,28,,1
1438,bendemeer,2012,3,0,0,,
1439,bendemeer,2012,Total,0,150,,1
1440,bendemeer,2013,1,0,0,,
1441,bendemeer,2013,2A(1),0,0,,
1442,bendemeer,2013,2A(2),0,0,,
1443,bendemeer,2013,2B,2,53,,1
1444,bendemeer,2013,2C,62,104,,1
1445,bendemeer,2013,2C(S),39,43,,1
1446,bendemeer,2013,3,0,0,,
1447,bendemeer,2013,Total,0,180,,1
1448,bendemeer,2014,1,0,0,,
1449,bendemeer,2014,2A(1),0,0,,
1450,bendemeer,2014,2A(2),0,0,,
1451,bendemeer,2014,2B,0,68,,1
1452,bendemeer,2014,2C,93,136,,1
1453,bendemeer,2014,2C(S),17,45,,1
1454,bendemeer,2014,3,0,28,,1
1455,bendemeer,2014,Total,0,210,,1
1456,bendemeer,2015,1,0,0,,
1457,bendemeer,2015,2A(1),0,0,,
1458,bendemeer,2015,2A(2),0,0,,
1459,bendemeer,2015,2B,0,78,,1
1460,bendemeer,2015,2C,62,156,,1
1461,bendemeer,2015,2C(S),33,94,,1
1462,bendemeer,2015,3,0,61,,1
1463,bendemeer,2015,Total,0,210,,1
1464,bendemeer,2016,1,0,0,,
1465,bendemeer,2016,2A(1),0,0,,
1466,bendemeer,2016,2A(2),0,0,,
1467,bendemeer,2016,2B,0,60,,1
1468,bendemeer,2016,2C,58,119,,1
1469,bendemeer,2016,2C(S),10,61,,1
1470,bendemeer,2016,3,0,51,,1
1471,bendemeer,2016,Total,0,180,,1
1472,bendemeer,2017,1,0,0,,
1473,bendemeer,2017,2A(1),0,0,,
1474,bendemeer,2017,2A(2),0,0,,
1475,bendemeer,2017,2B,0,65,,1
1476,bendemeer,2017,2C,42,131,,1
1477,bendemeer,2017,2C(S),39,89,,1
1478,bendemeer,2017,3,0,50,,1
1479,bendemeer,2017,Total,0,210,,1
1480,bendemeer,2018,1,0,0,,
1481,bendemeer,2018,2A(1),0,0,,
1482,bendemeer,2018,2A(2),0,0,,
1483,bendemeer,2018,2B,1,65,,1
1484,bendemeer,2018,2C,63,131,,1
1485,bendemeer,2018,2C(S),79,68,,0.860759493670886
1486,bendemeer,2018,3,0,0,,
1487,bendemeer,2018,Total,0,210,,1
1488,bendemeer,2019,1,51,140,,1
1489,bendemeer,2019,2A(1),0,89,,1
1490,bendemeer,2019,2A(2),17,89,,1
1491,bendemeer,2019,2B,0,56,,1
1492,bendemeer,2019,2C,63,113,,1
1493,bendemeer,2019,2C(S),49,50,,1
1494,bendemeer,2019,3,0,1,,1
1495,bendemeer,2019,Total,0,180,,1
1496,bendemeer,2020,1,57,140,,1
1497,bendemeer,2020,2A(1),0,83,,1
1498,bendemeer,2020,2A(2),13,83,,1
1499,bendemeer,2020,2B,1,55,,1
1500,bendemeer,2020,2C,45,109,,1
1501,bendemeer,2020,2C(S),52,64,,1
1502,bendemeer,2020,3,0,12,,1
1503,bendemeer,2020,Total,0,180,,1
1504,bendemeer,2021,1,59,200,,1
1505,bendemeer,2021,2A(1),0,141,,1
1506,bendemeer,2021,2A(2),8,141,,1
1507,bendemeer,2021,2B,0,87,,1
1508,bendemeer,2021,2C,53,173,,1
1509,bendemeer,2021,2C(S),64,123,,1
1510,bendemeer,2021,3,0,59,,1
1511,bendemeer,2021,Total,0,240,,1
1512,bendemeer,2022,1,52,130,,1
1513,bendemeer,2022,2A(1),5,78,,1
1514,bendemeer,2022,2A(2),0,0,,
1515,bendemeer,2022,2B,0,44,,1
1516,bendemeer,2022,2C,59,133,,1
1517,bendemeer,2022,2C(S),47,74,,1
1518,bendemeer,2022,3,0,27,,1
1519,bendemeer,2022,Total,0,190,,1
1520,bendemeer,2023,1,36,130,,1
1521,bendemeer,2023,2A(1),12,94,,1
1522,bendemeer,2023,2A(2),0,0,,
1523,bendemeer,2023,2B,1,47,,1
1524,bendemeer,2023,2C,30,143,,1
1525,bendemeer,2023,2C(S),50,113,,1
1526,bendemeer,2023,3,0,63,,1
1527,bendemeer,2023,Total,0,190,,1
1528,blangah-rise,2009,1,0,0,,
1529,blangah-rise,2009,2A(1),0,0,,
1530,blangah-rise,2009,2A(2),0,0,,
1531,blangah-rise,2009,2B,0,86,,1
1532,blangah-rise,2009,2C,14,172,,1
1533,blangah-rise,2009,2C(S),20,159,,1
1534,blangah-rise,2009,3,0,129,,1
1535,blangah-rise,2009,Total,0,210,,1
1536,blangah-rise,2010,1,0,0,,
1537,blangah-rise,2010,2A(1),0,0,,
1538,blangah-rise,2010,2A(2),0,0,,
1539,blangah-rise,2010,2B,0,81,,1
1540,blangah-rise,2010,2C,16,161,,1
1541,blangah-rise,2010,2C(S),7,146,,1
1542,blangah-rise,2010,3,0,30,,1
1543,blangah-rise,2010,Total,0,210,,1
1544,blangah-rise,2011,1,0,0,,
1545,blangah-rise,2011,2A(1),0,0,,
1546,blangah-rise,2011,2A(2),0,0,,
1547,blangah-rise,2011,2B,1,73,,1
1548,blangah-rise,2011,2C,17,148,,1
1549,blangah-rise,2011,2C(S),9,131,,1
1550,blangah-rise,2011,3,0,20,,1
1551,blangah-rise,2011,Total,0,180,,1
1552,blangah-rise,2012,1,0,0,,
1553,blangah-rise,2012,2A(1),0,0,,
1554,blangah-rise,2012,2A(2),0,0,,
1555,blangah-rise,2012,2B,0,106,,1
1556,blangah-rise,2012,2C,31,211,,1
1557,blangah-rise,2012,2C(S),39,180,,1
1558,blangah-rise,2012,3,0,46,,1
1559,blangah-rise,2012,Total,0,240,,1
1560,blangah-rise,2013,1,0,0,,
1561,blangah-rise,2013,2A(1),0,0,,
1562,blangah-rise,2013,2A(2),0,0,,
1563,blangah-rise,2013,2B,0,70,,1
1564,blangah-rise,2013,2C,21,140,,1
1565,blangah-rise,2013,2C(S),4,120,,1
1566,blangah-rise,2013,3,0,27,,1
1567,blangah-rise,2013,Total,0,180,,1
1568,blangah-rise,2014,1,0,0,,
1569,blangah-rise,2014,2A(1),0,0,,
1570,blangah-rise,2014,2A(2),0,0,,
1571,blangah-rise,2014,2B,0,75,,1
1572,blangah-rise,2014,2C,20,149,,1
1573,blangah-rise,2014,2C(S),7,129,,1
1574,blangah-rise,2014,3,0,122,,1
1575,blangah-rise,2014,Total,0,180,,1
1576,blangah-rise,2015,1,0,0,,
1577,blangah-rise,2015,2A(1),0,0,,
1578,blangah-rise,2015,2A(2),0,0,,
1579,blangah-rise,2015,2B,0,57,,1
1580,blangah-rise,2015,2C,23,114,,1
1581,blangah-rise,2015,2C(S),6,91,,1
1582,blangah-rise,2015,3,0,85,,1
1583,blangah-rise,2015,Total,0,150,,1
1584,blangah-rise,2016,1,0,0,,
1585,blangah-rise,2016,2A(1),0,0,,
1586,blangah-rise,2016,2A(2),0,0,,
1587,blangah-rise,2016,2B,0,48,,1
1588,blangah-rise,2016,2C,16,95,,1
1589,blangah-rise,2016,2C(S),1,80,,1
1590,blangah-rise,2016,3,0,79,,1
1591,blangah-rise,2016,Total,0,120,,1
1592,blangah-rise,2017,1,0,0,,
1593,blangah-rise,2017,2A(1),0,0,,
1594,blangah-rise,2017,2A(2),0,0,,
1595,blangah-rise,2017,2B,0,53,,1
1596,blangah-rise,2017,2C,16,107,,1
1597,blangah-rise,2017,2C(S),8,93,,1
1598,blangah-rise,2017,3,0,85,,1
1599,blangah-rise,2017,Total,0,120,,1
1600,blangah-rise,2018,1,0,0,,
1601,blangah-rise,2018,2A(1),0,0,,
1602,blangah-rise,2018,2A(2),0,0,,
1603,blangah-rise,2018,2B,0,46,,1
1604,blangah-rise,2018,2C,17,92,,1
1605,blangah-rise,2018,2C(S),15,75,,1
1606,blangah-rise,2018,3,0,60,,1
1607,blangah-rise,2018,Total,0,120,,1
1608,blangah-rise,2019,1,15,50,,1
1609,blangah-rise,2019,2A(1),0,35,,1
1610,blangah-rise,2019,2A(2),4,35,,1
1611,blangah-rise,2019,2B,0,36,,1
1612,blangah-rise,2019,2C,19,71,,1
1613,blangah-rise,2019,2C(S),8,52,,1
1614,blangah-rise,2019,3,0,44,,1
1615,blangah-rise,2019,Total,0,90,,1
1616,blangah-rise,2020,1,17,140,,1
1617,blangah-rise,2020,2A(1),0,123,,1
1618,blangah-rise,2020,2A(2),14,123,,1
1619,blangah-rise,2020,2B,0,75,,1
1620,blangah-rise,2020,2C,17,149,,1
1621,blangah-rise,2020,2C(S),16,132,,1
1622,blangah-rise,2020,3,0,116,,1
1623,blangah-rise,2020,Total,0,180,,1
1624,blangah-rise,2021,1,18,110,,1
1625,blangah-rise,2021,2A(1),1,92,,1
1626,blangah-rise,2021,2A(2),9,91,,1
1627,blangah-rise,2021,2B,0,61,,1
1628,blangah-rise,2021,2C,11,122,,1
1629,blangah-rise,2021,2C(S),9,111,,1
1630,blangah-rise,2021,3,0,102,,1
1631,blangah-rise,2021,Total,0,150,,1
1632,blangah-rise,2022,1,19,60,,1
1633,blangah-rise,2022,2A(1),6,41,,1
1634,blangah-rise,2022,2A(2),0,0,,
1635,blangah-rise,2022,2B,0,32,,1
1636,blangah-rise,2022,2C,24,96,,1
1637,blangah-rise,2022,2C(S),19,72,,1
1638,blangah-rise,2022,3,0,53,,1
1639,blangah-rise,2022,Total,0,120,,1
1640,blangah-rise,2023,1,23,60,,1
1641,blangah-rise,2023,2A(1),20,37,,1
1642,blangah-rise,2023,2A(2),0,0,,
1643,blangah-rise,2023,2B,0,26,,1
1644,blangah-rise,2023,2C,18,77,,1
1645,blangah-rise,2023,2C(S),12,60,,1
1646,blangah-rise,2023,3,0,48,,1
1647,blangah-rise,2023,Total,0,120,,1
1648,boon-lay-garden,2009,1,0,0,,
1649,boon-lay-garden,2009,2A(1),0,0,,
1650,boon-lay-garden,2009,2A(2),0,0,,
1651,boon-lay-garden,2009,2B,2,91,,1
1652,boon-lay-garden,2009,2C,57,179,,1
1653,boon-lay-garden,2009,2C(S),45,122,,1
1654,boon-lay-garden,2009,3,0,58,,1
1655,boon-lay-garden,2009,Total,0,270,,1
1656,boon-lay-garden,2010,1,0,0,,
1657,boon-lay-garden,2010,2A(1),0,0,,
1658,boon-lay-garden,2010,2A(2),0,0,,
1659,boon-lay-garden,2010,2B,0,98,,1
1660,boon-lay-garden,2010,2C,67,195,,1
1661,boon-lay-garden,2010,2C(S),80,128,,1
1662,boon-lay-garden,2010,3,0,20,,1
1663,boon-lay-garden,2010,Total,0,300,,1
1664,boon-lay-garden,2011,1,0,0,,
1665,boon-lay-garden,2011,2A(1),0,0,,
1666,boon-lay-garden,2011,2A(2),0,0,,
1667,boon-lay-garden,2011,2B,1,93,,1
1668,boon-lay-garden,2011,2C,71,186,,1
1669,boon-lay-garden,2011,2C(S),68,116,,1
1670,boon-lay-garden,2011,3,0,38,,1
1671,boon-lay-garden,2011,Total,0,270,,1
1672,boon-lay-garden,2012,1,0,0,,
1673,boon-lay-garden,2012,2A(1),0,0,,
1674,boon-lay-garden,2012,2A(2),0,0,,
1675,boon-lay-garden,2012,2B,0,74,,1
1676,boon-lay-garden,2012,2C,75,147,,1
1677,boon-lay-garden,2012,2C(S),62,73,,1
1678,boon-lay-garden,2012,3,0,0,,
1679,boon-lay-garden,2012,Total,0,240,,1
1680,boon-lay-garden,2013,1,0,0,,
1681,boon-lay-garden,2013,2A(1),0,0,,
1682,boon-lay-garden,2013,2A(2),0,0,,
1683,boon-lay-garden,2013,2B,2,74,,1
1684,boon-lay-garden,2013,2C,97,146,,1
1685,boon-lay-garden,2013,2C(S),39,50,,1
1686,boon-lay-garden,2013,3,0,0,,
1687,boon-lay-garden,2013,Total,0,240,,1
1688,boon-lay-garden,2014,1,0,0,,
1689,boon-lay-garden,2014,2A(1),0,0,,
1690,boon-lay-garden,2014,2A(2),0,0,,
1691,boon-lay-garden,2014,2B,1,79,,1
1692,boon-lay-garden,2014,2C,75,156,,1
1693,boon-lay-garden,2014,2C(S),47,83,,1
1694,boon-lay-garden,2014,3,0,36,,1
1695,boon-lay-garden,2014,Total,0,240,,1
1696,boon-lay-garden,2015,1,0,0,,
1697,boon-lay-garden,2015,2A(1),0,0,,
1698,boon-lay-garden,2015,2A(2),0,0,,
1699,boon-lay-garden,2015,2B,0,78,,1
1700,boon-lay-garden,2015,2C,53,158,,1
1701,boon-lay-garden,2015,2C(S),18,105,,1
1702,boon-lay-garden,2015,3,0,87,,1
1703,boon-lay-garden,2015,Total,0,240,,1
1704,boon-lay-garden,2016,1,0,0,,
1705,boon-lay-garden,2016,2A(1),0,0,,
1706,boon-lay-garden,2016,2A(2),0,0,,
1707,boon-lay-garden,2016,2B,0,71,,1
1708,boon-lay-garden,2016,2C,40,142,,1
1709,boon-lay-garden,2016,2C(S),16,102,,1
1710,boon-lay-garden,2016,3,0,86,,1
1711,boon-lay-garden,2016,Total,0,210,,1
1712,boon-lay-garden,2017,1,0,0,,
1713,boon-lay-garden,2017,2A(1),0,0,,
1714,boon-lay-garden,2017,2A(2),0,0,,
1715,boon-lay-garden,2017,2B,0,48,,1
1716,boon-lay-garden,2017,2C,48,97,,1
1717,boon-lay-garden,2017,2C(S),22,49,,1
1718,boon-lay-garden,2017,3,0,27,,1
1719,boon-lay-garden,2017,Total,0,180,,1
1720,boon-lay-garden,2018,1,0,0,,
1721,boon-lay-garden,2018,2A(1),0,0,,
1722,boon-lay-garden,2018,2A(2),0,0,,
1723,boon-lay-garden,2018,2B,0,86,,1
1724,boon-lay-garden,2018,2C,62,173,,1
1725,boon-lay-garden,2018,2C(S),51,111,,1
1726,boon-lay-garden,2018,3,0,60,,1
1727,boon-lay-garden,2018,Total,0,240,,1
1728,boon-lay-garden,2019,1,51,200,,1
1729,boon-lay-garden,2019,2A(1),0,149,,1
1730,boon-lay-garden,2019,2A(2),10,150,,1
1731,boon-lay-garden,2019,2B,0,90,,1
1732,boon-lay-garden,2019,2C,33,181,,1
1733,boon-lay-garden,2019,2C(S),33,148,,1
1734,boon-lay-garden,2019,3,0,115,,1
1735,boon-lay-garden,2019,Total,0,240,,1
1736,boon-lay-garden,2020,1,60,200,,1
1737,boon-lay-garden,2020,2A(1),0,140,,1
1738,boon-lay-garden,2020,2A(2),7,140,,1
1739,boon-lay-garden,2020,2B,0,87,,1
1740,boon-lay-garden,2020,2C,36,173,,1
1741,boon-lay-garden,2020,2C(S),45,137,,1
1742,boon-lay-garden,2020,3,0,92,,1
1743,boon-lay-garden,2020,Total,0,240,,1
1744,boon-lay-garden,2021,1,61,200,,1
1745,boon-lay-garden,2021,2A(1),0,139,,1
1746,boon-lay-garden,2021,2A(2),6,139,,1
1747,boon-lay-garden,2021,2B,0,87,,1
1748,boon-lay-garden,2021,2C,41,175,,1
1749,boon-lay-garden,2021,2C(S),54,134,,1
1750,boon-lay-garden,2021,3,0,80,,1
1751,boon-lay-garden,2021,Total,0,240,,1
1752,boon-lay-garden,2022,1,65,240,,1
1753,boon-lay-garden,2022,2A(1),11,175,,1
1754,boon-lay-garden,2022,2A(2),0,0,,
1755,boon-lay-garden,2022,2B,0,75,,1
1756,boon-lay-garden,2022,2C,38,225,,1
1757,boon-lay-garden,2022,2C(S),34,187,,1
1758,boon-lay-garden,2022,3,0,153,,1
1759,boon-lay-garden,2022,Total,0,300,,1
1760,boon-lay-garden,2023,1,46,120,,1
1761,boon-lay-garden,2023,2A(1),15,74,,1
1762,boon-lay-garden,2023,2A(2),0,0,,
1763,boon-lay-garden,2023,2B,0,40,,1
1764,boon-lay-garden,2023,2C,27,121,,1
1765,boon-lay-garden,2023,2C(S),25,94,,1
1766,boon-lay-garden,2023,3,0,69,,1
1767,boon-lay-garden,2023,Total,0,180,,1
1768,bukit-panjang,2009,1,0,0,,
1769,bukit-panjang,2009,2A(1),0,0,,
1770,bukit-panjang,2009,2A(2),0,0,,
1771,bukit-panjang,2009,2B,15,35,,1
1772,bukit-panjang,2009,2C,106,56,,0.528301886792453
1773,bukit-panjang,2009,2C(S),0,0,,
1774,bukit-panjang,2009,3,0,0,,
1775,bukit-panjang,2009,Total,0,240,,1
1776,bukit-panjang,2010,1,0,0,,
1777,bukit-panjang,2010,2A(1),0,0,,
1778,bukit-panjang,2010,2A(2),0,0,,
1779,bukit-panjang,2010,2B,45,55,,1
1780,bukit-panjang,2010,2C,102,65,,0.637254901960784
1781,bukit-panjang,2010,2C(S),0,0,,
1782,bukit-panjang,2010,3,0,0,,
1783,bukit-panjang,2010,Total,0,270,,1
1784,bukit-panjang,2011,1,0,0,,
1785,bukit-panjang,2011,2A(1),0,0,,
1786,bukit-panjang,2011,2A(2),0,0,,
1787,bukit-panjang,2011,2B,51,41,,0.803921568627451
1788,bukit-panjang,2011,2C,101,44,,0.435643564356436
1789,bukit-panjang,2011,2C(S),0,0,,
1790,bukit-panjang,2011,3,0,0,,
1791,bukit-panjang,2011,Total,0,270,,1
1792,bukit-panjang,2012,1,0,0,,
1793,bukit-panjang,2012,2A(1),0,0,,
1794,bukit-panjang,2012,2A(2),0,0,,
1795,bukit-panjang,2012,2B,43,44,,1
1796,bukit-panjang,2012,2C,74,44,,0.594594594594595
1797,bukit-panjang,2012,2C(S),0,0,,
1798,bukit-panjang,2012,3,0,0,,
1799,bukit-panjang,2012,Total,0,270,,1
1800,bukit-panjang,2013,1,0,0,,
1801,bukit-panjang,2013,2A(1),0,0,,
1802,bukit-panjang,2013,2A(2),0,0,,
1803,bukit-panjang,2013,2B,17,54,,1
1804,bukit-panjang,2013,2C,97,90,,0.927835051546392
1805,bukit-panjang,2013,2C(S),0,0,,
1806,bukit-panjang,2013,3,0,0,,
1807,bukit-panjang,2013,Total,0,240,,1
1808,bukit-panjang,2014,1,0,0,,
1809,bukit-panjang,2014,2A(1),0,0,,
1810,bukit-panjang,2014,2A(2),0,0,,
1811,bukit-panjang,2014,2B,7,38,,1
1812,bukit-panjang,2014,2C,83,68,,0.819277108433735
1813,bukit-panjang,2014,2C(S),0,0,,
1814,bukit-panjang,2014,3,0,0,,
1815,bukit-panjang,2014,Total,0,240,,1
1816,bukit-panjang,2015,1,0,0,,
1817,bukit-panjang,2015,2A(1),0,0,,
1818,bukit-panjang,2015,2A(2),0,0,,
1819,bukit-panjang,2015,2B,5,46,,1
1820,bukit-panjang,2015,2C,98,87,,0.887755102040816
1821,bukit-panjang,2015,2C(S),0,0,,
1822,bukit-panjang,2015,3,0,0,,
1823,bukit-panjang,2015,Total,0,240,,1
1824,bukit-panjang,2016,1,0,0,,
1825,bukit-panjang,2016,2A(1),0,0,,
1826,bukit-panjang,2016,2A(2),0,0,,
1827,bukit-panjang,2016,2B,1,46,,1
1828,bukit-panjang,2016,2C,103,92,,0.893203883495146
1829,bukit-panjang,2016,2C(S),0,0,,
1830,bukit-panjang,2016,3,0,0,,
1831,bukit-panjang,2016,Total,0,240,,1
1832,bukit-panjang,2017,1,0,0,,
1833,bukit-panjang,2017,2A(1),0,0,,
1834,bukit-panjang,2017,2A(2),0,0,,
1835,bukit-panjang,2017,2B,14,44,,1
1836,bukit-panjang,2017,2C,96,75,,0.78125
1837,bukit-panjang,2017,2C(S),0,0,,
1838,bukit-panjang,2017,3,0,0,,
1839,bukit-panjang,2017,Total,0,240,,1
1840,bukit-panjang,2018,1,0,0,,
1841,bukit-panjang,2018,2A(1),0,0,,
1842,bukit-panjang,2018,2A(2),0,0,,
1843,bukit-panjang,2018,2B,23,47,,1
1844,bukit-panjang,2018,2C,86,71,,0.825581395348837
1845,bukit-panjang,2018,2C(S),0,0,,
1846,bukit-panjang,2018,3,0,0,,
1847,bukit-panjang,2018,Total,0,240,,1
1848,bukit-panjang,2019,1,98,200,,1
1849,bukit-panjang,2019,2A(1),12,102,,1
1850,bukit-panjang,2019,2A(2),42,90,,1
1851,bukit-panjang,2019,2B,20,44,,1
1852,bukit-panjang,2019,2C,87,70,SC1-2,0.804597701149425
1853,bukit-panjang,2019,2C(S),0,0,,
1854,bukit-panjang,2019,3,0,0,,
1855,bukit-panjang,2019,Total,0,240,,1
1856,bukit-panjang,2020,1,104,200,,1
1857,bukit-panjang,2020,2A(1),7,96,,1
1858,bukit-panjang,2020,2A(2),39,89,,1
1859,bukit-panjang,2020,2B,24,46,,1
1860,bukit-panjang,2020,2C,85,67,SC<1,0.788235294117647
1861,bukit-panjang,2020,2C(S),0,0,,
1862,bukit-panjang,2020,3,0,0,,
1863,bukit-panjang,2020,Total,0,240,,1
1864,bukit-panjang,2021,1,97,200,,1
1865,bukit-panjang,2021,2A(1),17,103,,1
1866,bukit-panjang,2021,2A(2),60,86,,1
1867,bukit-panjang,2021,2B,21,33,,1
1868,bukit-panjang,2021,2C,71,47,SC<1,0.661971830985915
1869,bukit-panjang,2021,2C(S),0,0,,
1870,bukit-panjang,2021,3,0,0,,
1871,bukit-panjang,2021,Total,0,240,,1
1872,bukit-panjang,2022,1,100,180,,1
1873,bukit-panjang,2022,2A(1),55,80,,1
1874,bukit-panjang,2022,2A(2),0,0,,
1875,bukit-panjang,2022,2B,21,29,,1
1876,bukit-panjang,2022,2C,80,65,SC<1,0.8125
1877,bukit-panjang,2022,2C(S),0,0,,
1878,bukit-panjang,2022,3,0,0,,
1879,bukit-panjang,2022,Total,0,240,,1
1880,bukit-panjang,2023,1,100,180,,1
1881,bukit-panjang,2023,2A(1),78,80,,1
1882,bukit-panjang,2023,2A(2),0,0,,
1883,bukit-panjang,2023,2B,24,21,SC1-2,0.875
1884,bukit-panjang,2023,2C,89,42,SC<1,0.47191011235955
1885,bukit-panjang,2023,2C(S),0,0,,
1886,bukit-panjang,2023,3,0,0,,
1887,bukit-panjang,2023,Total,0,240,,1
1888,bukit-timah,2009,1,0,0,,
1889,bukit-timah,2009,2A(1),0,0,,
1890,bukit-timah,2009,2A(2),0,0,,
1891,bukit-timah,2009,2B,2,65,,1
1892,bukit-timah,2009,2C,43,129,,1
1893,bukit-timah,2009,2C(S),54,86,,1
1894,bukit-timah,2009,3,0,26,,1
1895,bukit-timah,2009,Total,0,180,,1
1896,bukit-timah,2010,1,0,0,,
1897,bukit-timah,2010,2A(1),0,0,,
1898,bukit-timah,2010,2A(2),0,0,,
1899,bukit-timah,2010,2B,1,61,,1
1900,bukit-timah,2010,2C,50,121,,1
1901,bukit-timah,2010,2C(S),70,75,,1
1902,bukit-timah,2010,3,0,0,,
1903,bukit-timah,2010,Total,0,180,,1
1904,bukit-timah,2011,1,0,0,,
1905,bukit-timah,2011,2A(1),0,0,,
1906,bukit-timah,2011,2A(2),0,0,,
1907,bukit-timah,2011,2B,0,65,,1
1908,bukit-timah,2011,2C,46,131,,1
1909,bukit-timah,2011,2C(S),81,85,,1
1910,bukit-timah,2011,3,0,0,,
1911,bukit-timah,2011,Total,0,180,,1
1912,bukit-timah,2012,1,0,0,,
1913,bukit-timah,2012,2A(1),0,0,,
1914,bukit-timah,2012,2A(2),0,0,,
1915,bukit-timah,2012,2B,1,68,,1
1916,bukit-timah,2012,2C,61,134,,1
1917,bukit-timah,2012,2C(S),42,75,,1
1918,bukit-timah,2012,3,0,12,,1
1919,bukit-timah,2012,Total,0,180,,1
1920,bukit-timah,2013,1,0,0,,
1921,bukit-timah,2013,2A(1),0,0,,
1922,bukit-timah,2013,2A(2),0,0,,
1923,bukit-timah,2013,2B,1,61,,1
1924,bukit-timah,2013,2C,63,121,,1
1925,bukit-timah,2013,2C(S),58,59,,1
1926,bukit-timah,2013,3,0,0,,
1927,bukit-timah,2013,Total,0,180,,1
1928,bukit-timah,2014,1,0,0,,
1929,bukit-timah,2014,2A(1),0,0,,
1930,bukit-timah,2014,2A(2),0,0,,
1931,bukit-timah,2014,2B,1,59,,1
1932,bukit-timah,2014,2C,65,117,,1
1933,bukit-timah,2014,2C(S),51,55,,1
1934,bukit-timah,2014,3,0,4,,1
1935,bukit-timah,2014,Total,0,180,,1
1936,bukit-timah,2015,1,0,0,,
1937,bukit-timah,2015,2A(1),0,0,,
1938,bukit-timah,2015,2A(2),0,0,,
1939,bukit-timah,2015,2B,0,61,,1
1940,bukit-timah,2015,2C,67,124,,1
1941,bukit-timah,2015,2C(S),41,57,,1
1942,bukit-timah,2015,3,0,16,,1
1943,bukit-timah,2015,Total,0,180,,1
1944,bukit-timah,2016,1,0,0,,
1945,bukit-timah,2016,2A(1),0,0,,
1946,bukit-timah,2016,2A(2),0,0,,
1947,bukit-timah,2016,2B,0,66,,1
1948,bukit-timah,2016,2C,52,131,,1
1949,bukit-timah,2016,2C(S),47,79,,1
1950,bukit-timah,2016,3,0,32,,1
1951,bukit-timah,2016,Total,0,180,,1
1952,bukit-timah,2017,1,0,0,,
1953,bukit-timah,2017,2A(1),0,0,,
1954,bukit-timah,2017,2A(2),0,0,,
1955,bukit-timah,2017,2B,0,61,,1
1956,bukit-timah,2017,2C,59,124,,1
1957,bukit-timah,2017,2C(S),48,65,,1
1958,bukit-timah,2017,3,0,17,,1
1959,bukit-timah,2017,Total,0,180,,1
1960,bukit-timah,2018,1,0,0,,
1961,bukit-timah,2018,2A(1),0,0,,
1962,bukit-timah,2018,2A(2),0,0,,
1963,bukit-timah,2018,2B,0,82,,1
1964,bukit-timah,2018,2C,86,165,,1
1965,bukit-timah,2018,2C(S),86,79,,0.918604651162791
1966,bukit-timah,2018,3,0,0,,
1967,bukit-timah,2018,Total,0,210,,1
1968,bukit-timah,2019,1,45,140,,1
1969,bukit-timah,2019,2A(1),0,95,,1
1970,bukit-timah,2019,2A(2),5,95,,1
1971,bukit-timah,2019,2B,0,66,,1
1972,bukit-timah,2019,2C,85,132,,1
1973,bukit-timah,2019,2C(S),62,47,SC>2,0.758064516129032
1974,bukit-timah,2019,3,0,0,,
1975,bukit-timah,2019,Total,0,180,,1
1976,bukit-timah,2020,1,60,170,,1
1977,bukit-timah,2020,2A(1),1,110,,1
1978,bukit-timah,2020,2A(2),3,109,,1
1979,bukit-timah,2020,2B,1,73,,1
1980,bukit-timah,2020,2C,91,145,PR>2,1
1981,bukit-timah,2020,2C(S),104,59,SC>2,0.567307692307692
1982,bukit-timah,2020,3,0,0,,
1983,bukit-timah,2020,Total,0,210,,1
1984,bukit-timah,2021,1,63,170,,1
1985,bukit-timah,2021,2A(1),1,107,,1
1986,bukit-timah,2021,2A(2),5,106,,1
1987,bukit-timah,2021,2B,0,71,,1
1988,bukit-timah,2021,2C,81,142,,1
1989,bukit-timah,2021,2C(S),88,61,SC>2,0.693181818181818
1990,bukit-timah,2021,3,0,0,,
1991,bukit-timah,2021,Total,0,210,,1
1992,bukit-timah,2022,1,59,130,,1
1993,bukit-timah,2022,2A(1),6,71,,1
1994,bukit-timah,2022,2A(2),0,0,,
1995,bukit-timah,2022,2B,1,42,,1
1996,bukit-timah,2022,2C,81,124,PR>2,1
1997,bukit-timah,2022,2C(S),63,45,SC1-2,0.714285714285714
1998,bukit-timah,2022,3,0,0,,
1999,bukit-timah,2022,Total,0,190,,1
2000,bukit-timah,2023,1,64,120,,1
2001,bukit-timah,2023,2A(1),7,56,,1
2002,bukit-timah,2023,2A(2),0,0,,
2003,bukit-timah,2023,2B,1,36,,1
2004,bukit-timah,2023,2C,71,111,,1
2005,bukit-timah,2023,2C(S),66,40,SC1-2,0.606060606060606
2006,bukit-timah,2023,3,0,0,,
2007,bukit-timah,2023,Total,0,180,,1
2008,bukit-view,2009,1,0,0,,
2009,bukit-view,2009,2A(1),0,0,,
2010,bukit-view,2009,2A(2),0,0,,
2011,bukit-view,2009,2B,0,58,,1
2012,bukit-view,2009,2C,96,115,,1
2013,bukit-view,2009,2C(S),26,19,,0.730769230769231
2014,bukit-view,2009,3,0,0,,
2015,bukit-view,2009,Total,0,180,,1
2016,bukit-view,2010,1,0,0,,
2017,bukit-view,2010,2A(1),0,0,,
2018,bukit-view,2010,2A(2),0,0,,
2019,bukit-view,2010,2B,0,74,,1
2020,bukit-view,2010,2C,107,148,,1
2021,bukit-view,2010,2C(S),58,41,,0.706896551724138
2022,bukit-view,2010,3,0,0,,
2023,bukit-view,2010,Total,0,210,,1
2024,bukit-view,2011,1,0,0,,
2025,bukit-view,2011,2A(1),0,0,,
2026,bukit-view,2011,2A(2),0,0,,
2027,bukit-view,2011,2B,0,67,,1
2028,bukit-view,2011,2C,87,134,,1
2029,bukit-view,2011,2C(S),62,47,,0.758064516129032
2030,bukit-view,2011,3,0,0,,
2031,bukit-view,2011,Total,0,210,,1
2032,bukit-view,2012,1,0,0,,
2033,bukit-view,2012,2A(1),0,0,,
2034,bukit-view,2012,2A(2),0,0,,
2035,bukit-view,2012,2B,2,65,,1
2036,bukit-view,2012,2C,89,128,,1
2037,bukit-view,2012,2C(S),41,40,,0.975609756097561
2038,bukit-view,2012,3,0,0,,
2039,bukit-view,2012,Total,0,210,,1
2040,bukit-view,2013,1,0,0,,
2041,bukit-view,2013,2A(1),0,0,,
2042,bukit-view,2013,2A(2),0,0,,
2043,bukit-view,2013,2B,1,62,,1
2044,bukit-view,2013,2C,95,123,,1
2045,bukit-view,2013,2C(S),26,29,,1
2046,bukit-view,2013,3,0,0,,
2047,bukit-view,2013,Total,0,210,,1
2048,bukit-view,2014,1,0,0,,
2049,bukit-view,2014,2A(1),0,0,,
2050,bukit-view,2014,2A(2),0,0,,
2051,bukit-view,2014,2B,1,86,,1
2052,bukit-view,2014,2C,83,170,,1
2053,bukit-view,2014,2C(S),19,87,,1
2054,bukit-view,2014,3,0,68,,1
2055,bukit-view,2014,Total,0,240,,1
2056,bukit-view,2015,1,0,0,,
2057,bukit-view,2015,2A(1),0,0,,
2058,bukit-view,2015,2A(2),0,0,,
2059,bukit-view,2015,2B,0,62,,1
2060,bukit-view,2015,2C,77,123,,1
2061,bukit-view,2015,2C(S),24,46,,1
2062,bukit-view,2015,3,0,22,,1
2063,bukit-view,2015,Total,0,210,,1
2064,bukit-view,2016,1,0,0,,
2065,bukit-view,2016,2A(1),0,0,,
2066,bukit-view,2016,2A(2),0,0,,
2067,bukit-view,2016,2B,0,57,,1
2068,bukit-view,2016,2C,46,115,,1
2069,bukit-view,2016,2C(S),21,69,,1
2070,bukit-view,2016,3,0,48,,1
2071,bukit-view,2016,Total,0,180,,1
2072,bukit-view,2017,1,0,0,,
2073,bukit-view,2017,2A(1),0,0,,
2074,bukit-view,2017,2A(2),0,0,,
2075,bukit-view,2017,2B,1,54,,1
2076,bukit-view,2017,2C,65,110,,1
2077,bukit-view,2017,2C(S),47,45,,0.957446808510638
2078,bukit-view,2017,3,0,0,,
2079,bukit-view,2017,Total,0,180,,1
2080,bukit-view,2018,1,0,0,,
2081,bukit-view,2018,2A(1),0,0,,
2082,bukit-view,2018,2A(2),0,0,,
2083,bukit-view,2018,2B,0,75,,1
2084,bukit-view,2018,2C,56,150,,1
2085,bukit-view,2018,2C(S),56,94,,1
2086,bukit-view,2018,3,0,38,,1
2087,bukit-view,2018,Total,0,210,,1
2088,bukit-view,2019,1,51,140,,1
2089,bukit-view,2019,2A(1),0,89,,1
2090,bukit-view,2019,2A(2),7,89,,1
2091,bukit-view,2019,2B,0,61,,1
2092,bukit-view,2019,2C,24,122,,1
2093,bukit-view,2019,2C(S),65,99,,1
2094,bukit-view,2019,3,0,34,,1
2095,bukit-view,2019,Total,0,180,,1
2096,bukit-view,2020,1,57,200,,1
2097,bukit-view,2020,2A(1),0,143,,1
2098,bukit-view,2020,2A(2),7,143,,1
2099,bukit-view,2020,2B,0,88,,1
2100,bukit-view,2020,2C,26,176,,1
2101,bukit-view,2020,2C(S),82,151,,1
2102,bukit-view,2020,3,0,69,,1
2103,bukit-view,2020,Total,0,240,,1
2104,bukit-view,2021,1,63,200,,1
2105,bukit-view,2021,2A(1),0,137,,1
2106,bukit-view,2021,2A(2),11,137,,1
2107,bukit-view,2021,2B,0,83,,1
2108,bukit-view,2021,2C,37,166,,1
2109,bukit-view,2021,2C(S),92,129,,1
2110,bukit-view,2021,3,0,37,,1
2111,bukit-view,2021,Total,0,240,,1
2112,bukit-view,2022,1,58,240,,1
2113,bukit-view,2022,2A(1),12,182,,1
2114,bukit-view,2022,2A(2),0,0,,
2115,bukit-view,2022,2B,0,77,,1
2116,bukit-view,2022,2C,31,230,,1
2117,bukit-view,2022,2C(S),133,199,,1
2118,bukit-view,2022,3,0,66,,1
2119,bukit-view,2022,Total,0,300,,1
2120,bukit-view,2023,1,62,260,,1
2121,bukit-view,2023,2A(1),17,198,,1
2122,bukit-view,2023,2A(2),0,0,,
2123,bukit-view,2023,2B,0,80,,1
2124,bukit-view,2023,2C,27,242,,1
2125,bukit-view,2023,2C(S),127,215,,1
2126,bukit-view,2023,3,0,88,,1
2127,bukit-view,2023,Total,0,320,,1
2128,canberra,2009,1,0,0,,
2129,canberra,2009,2A(1),0,0,,
2130,canberra,2009,2A(2),0,0,,
2131,canberra,2009,2B,29,56,,1
2132,canberra,2009,2C,120,86,,0.716666666666667
2133,canberra,2009,2C(S),0,0,,
2134,canberra,2009,3,0,0,,
2135,canberra,2009,Total,0,270,,1
2136,canberra,2010,1,0,0,,
2137,canberra,2010,2A(1),0,0,,
2138,canberra,2010,2A(2),0,0,,
2139,canberra,2010,2B,23,68,,1
2140,canberra,2010,2C,140,113,,0.807142857142857
2141,canberra,2010,2C(S),0,0,,
2142,canberra,2010,3,0,0,,
2143,canberra,2010,Total,0,270,,1
2144,canberra,2011,1,0,0,,
2145,canberra,2011,2A(1),0,0,,
2146,canberra,2011,2A(2),0,0,,
2147,canberra,2011,2B,31,51,,1
2148,canberra,2011,2C,158,71,,0.449367088607595
2149,canberra,2011,2C(S),0,0,,
2150,canberra,2011,3,0,0,,
2151,canberra,2011,Total,0,270,,1
2152,canberra,2012,1,0,0,,
2153,canberra,2012,2A(1),0,0,,
2154,canberra,2012,2A(2),0,0,,
2155,canberra,2012,2B,54,66,,1
2156,canberra,2012,2C,114,79,,0.692982456140351
2157,canberra,2012,2C(S),0,0,,
2158,canberra,2012,3,0,0,,
2159,canberra,2012,Total,0,270,,1
2160,canberra,2013,1,0,0,,
2161,canberra,2013,2A(1),0,0,,
2162,canberra,2013,2A(2),0,0,,
2163,canberra,2013,2B,72,63,,0.875
2164,canberra,2013,2C,95,62,,0.652631578947368
2165,canberra,2013,2C(S),0,0,,
2166,canberra,2013,3,0,0,,
2167,canberra,2013,Total,0,240,,1
2168,canberra,2014,1,0,0,,
2169,canberra,2014,2A(1),0,0,,
2170,canberra,2014,2A(2),0,0,,
2171,canberra,2014,2B,57,43,,0.754385964912281
2172,canberra,2014,2C,78,42,,0.538461538461538
2173,canberra,2014,2C(S),0,0,,
2174,canberra,2014,3,0,0,,
2175,canberra,2014,Total,0,240,,1
2176,canberra,2015,1,0,0,,
2177,canberra,2015,2A(1),0,0,,
2178,canberra,2015,2A(2),0,0,,
2179,canberra,2015,2B,72,58,,0.805555555555556
2180,canberra,2015,2C,83,60,,0.72289156626506
2181,canberra,2015,2C(S),0,0,,
2182,canberra,2015,3,0,0,,
2183,canberra,2015,Total,0,240,,1
2184,canberra,2016,1,0,0,,
2185,canberra,2016,2A(1),0,0,,
2186,canberra,2016,2A(2),0,0,,
2187,canberra,2016,2B,44,52,,1
2188,canberra,2016,2C,101,60,,0.594059405940594
2189,canberra,2016,2C(S),0,0,,
2190,canberra,2016,3,0,0,,
2191,canberra,2016,Total,0,210,,1
2192,canberra,2017,1,0,0,,
2193,canberra,2017,2A(1),0,0,,
2194,canberra,2017,2A(2),0,0,,
2195,canberra,2017,2B,61,47,,0.770491803278688
2196,canberra,2017,2C,90,47,,0.522222222222222
2197,canberra,2017,2C(S),0,0,,
2198,canberra,2017,3,0,0,,
2199,canberra,2017,Total,0,210,,1
2200,canberra,2018,1,0,0,,
2201,canberra,2018,2A(1),0,0,,
2202,canberra,2018,2A(2),0,0,,
2203,canberra,2018,2B,78,44,,0.564102564102564
2204,canberra,2018,2C,126,44,,0.349206349206349
2205,canberra,2018,2C(S),0,0,,
2206,canberra,2018,3,0,0,,
2207,canberra,2018,Total,0,210,,1
2208,canberra,2019,1,91,170,,1
2209,canberra,2019,2A(1),0,79,,1
2210,canberra,2019,2A(2),16,79,,1
2211,canberra,2019,2B,62,52,SC1-2,0.838709677419355
2212,canberra,2019,2C,89,54,SC<1,0.606741573033708
2213,canberra,2019,2C(S),0,0,,
2214,canberra,2019,3,0,0,,
2215,canberra,2019,Total,0,210,,1
2216,canberra,2020,1,110,200,,1
2217,canberra,2020,2A(1),0,90,,1
2218,canberra,2020,2A(2),16,90,,1
2219,canberra,2020,2B,64,57,SC1-2,0.890625
2220,canberra,2020,2C,116,57,SC<1,0.491379310344828
2221,canberra,2020,2C(S),0,0,,
2222,canberra,2020,3,0,0,,
2223,canberra,2020,Total,0,240,,1
2224,canberra,2021,1,85,200,,1
2225,canberra,2021,2A(1),1,115,,1
2226,canberra,2021,2A(2),17,114,,1
2227,canberra,2021,2B,9,69,,1
2228,canberra,2021,2C,159,129,SC<1,0.811320754716981
2229,canberra,2021,2C(S),0,0,,
2230,canberra,2021,3,0,0,,
2231,canberra,2021,Total,0,240,,1
2232,canberra,2022,1,86,180,,1
2233,canberra,2022,2A(1),25,94,,1
2234,canberra,2022,2A(2),0,0,,
2235,canberra,2022,2B,19,43,,1
2236,canberra,2022,2C,146,112,SC<1,0.767123287671233
2237,canberra,2022,2C(S),0,0,,
2238,canberra,2022,3,0,0,,
2239,canberra,2022,Total,0,240,,1
2240,canberra,2023,1,80,180,,1
2241,canberra,2023,2A(1),16,100,,1
2242,canberra,2023,2A(2),0,0,,
2243,canberra,2023,2B,22,48,,1
2244,canberra,2023,2C,131,122,SC1-2,0.931297709923664
2245,canberra,2023,2C(S),0,0,,
2246,canberra,2023,3,0,0,,
2247,canberra,2023,Total,0,240,,1
2248,canossa-catholic,2009,1,0,0,,
2249,canossa-catholic,2009,2A(1),0,0,,
2250,canossa-catholic,2009,2A(2),0,0,,
2251,canossa-catholic,2009,2B,3,49,,1
2252,canossa-catholic,2009,2C,46,94,,1
2253,canossa-catholic,2009,2C(S),15,48,,1
2254,canossa-catholic,2009,3,0,32,,1
2255,canossa-catholic,2009,Total,0,120,,1
2256,canossa-catholic,2010,1,0,0,,
2257,canossa-catholic,2010,2A(1),0,0,,
2258,canossa-catholic,2010,2A(2),0,0,,
2259,canossa-catholic,2010,2B,4,50,,1
2260,canossa-catholic,2010,2C,40,96,,1
2261,canossa-catholic,2010,2C(S),36,57,,1
2262,canossa-catholic,2010,3,0,2,,1
2263,canossa-catholic,2010,Total,0,120,,1
2264,canossa-catholic,2011,1,0,0,,
2265,canossa-catholic,2011,2A(1),0,0,,
2266,canossa-catholic,2011,2A(2),0,0,,
2267,canossa-catholic,2011,2B,4,45,,1
2268,canossa-catholic,2011,2C,30,85,,1
2269,canossa-catholic,2011,2C(S),27,55,,1
2270,canossa-catholic,2011,3,0,20,,1
2271,canossa-catholic,2011,Total,0,120,,1
2272,canossa-catholic,2012,1,0,0,,
2273,canossa-catholic,2012,2A(1),0,0,,
2274,canossa-catholic,2012,2A(2),0,0,,
2275,canossa-catholic,2012,2B,6,50,,1
2276,canossa-catholic,2012,2C,57,94,,1
2277,canossa-catholic,2012,2C(S),45,39,,0.866666666666667
2278,canossa-catholic,2012,3,0,0,,
2279,canossa-catholic,2012,Total,0,120,,1
2280,canossa-catholic,2013,1,0,0,,
2281,canossa-catholic,2013,2A(1),0,0,,
2282,canossa-catholic,2013,2A(2),0,0,,
2283,canossa-catholic,2013,2B,5,47,,1
2284,canossa-catholic,2013,2C,54,89,,1
2285,canossa-catholic,2013,2C(S),41,36,,0.878048780487805
2286,canossa-catholic,2013,3,0,0,,
2287,canossa-catholic,2013,Total,0,120,,1
2288,canossa-catholic,2014,1,0,0,,
2289,canossa-catholic,2014,2A(1),0,0,,
2290,canossa-catholic,2014,2A(2),0,0,,
2291,canossa-catholic,2014,2B,5,45,,1
2292,canossa-catholic,2014,2C,34,85,,1
2293,canossa-catholic,2014,2C(S),10,52,,1
2294,canossa-catholic,2014,3,0,42,,1
2295,canossa-catholic,2014,Total,0,120,,1
2296,canossa-catholic,2015,1,0,0,,
2297,canossa-catholic,2015,2A(1),0,0,,
2298,canossa-catholic,2015,2A(2),0,0,,
2299,canossa-catholic,2015,2B,2,50,,1
2300,canossa-catholic,2015,2C,23,99,,1
2301,canossa-catholic,2015,2C(S),4,76,,1
2302,canossa-catholic,2015,3,0,72,,1
2303,canossa-catholic,2015,Total,0,120,,1
2304,canossa-catholic,2016,1,0,0,,
2305,canossa-catholic,2016,2A(1),0,0,,
2306,canossa-catholic,2016,2A(2),0,0,,
2307,canossa-catholic,2016,2B,5,52,,1
2308,canossa-catholic,2016,2C,16,99,,1
2309,canossa-catholic,2016,2C(S),6,83,,1
2310,canossa-catholic,2016,3,0,77,,1
2311,canossa-catholic,2016,Total,0,120,,1
2312,canossa-catholic,2017,1,0,0,,
2313,canossa-catholic,2017,2A(1),0,0,,
2314,canossa-catholic,2017,2A(2),0,0,,
2315,canossa-catholic,2017,2B,2,54,,1
2316,canossa-catholic,2017,2C,24,107,,1
2317,canossa-catholic,2017,2C(S),7,83,,1
2318,canossa-catholic,2017,3,0,76,,1
2319,canossa-catholic,2017,Total,0,120,,1
2320,canossa-catholic,2018,1,0,0,,
2321,canossa-catholic,2018,2A(1),0,0,,
2322,canossa-catholic,2018,2A(2),0,0,,
2323,canossa-catholic,2018,2B,10,46,,1
2324,canossa-catholic,2018,2C,53,81,,1
2325,canossa-catholic,2018,2C(S),32,28,,0.875
2326,canossa-catholic,2018,3,0,0,,
2327,canossa-catholic,2018,Total,0,120,,1
2328,canossa-catholic,2019,1,19,80,,1
2329,canossa-catholic,2019,2A(1),1,61,,1
2330,canossa-catholic,2019,2A(2),7,60,,1
2331,canossa-catholic,2019,2B,15,47,,1
2332,canossa-catholic,2019,2C,39,79,,1
2333,canossa-catholic,2019,2C(S),9,40,,1
2334,canossa-catholic,2019,3,0,31,,1
2335,canossa-catholic,2019,Total,0,120,,1
2336,canossa-catholic,2020,1,33,80,,1
2337,canossa-catholic,2020,2A(1),2,47,,1
2338,canossa-catholic,2020,2A(2),7,45,,1
2339,canossa-catholic,2020,2B,13,39,,1
2340,canossa-catholic,2020,2C,59,67,,1
2341,canossa-catholic,2020,2C(S),20,8,SC1-2,0.4
2342,canossa-catholic,2020,3,0,0,,
2343,canossa-catholic,2020,Total,0,120,,1
2344,canossa-catholic,2021,1,33,110,,1
2345,canossa-catholic,2021,2A(1),5,77,,1
2346,canossa-catholic,2021,2A(2),8,72,,1
2347,canossa-catholic,2021,2B,14,53,,1
2348,canossa-catholic,2021,2C,59,92,,1
2349,canossa-catholic,2021,2C(S),53,33,SC1-2,0.622641509433962
2350,canossa-catholic,2021,3,0,0,,
2351,canossa-catholic,2021,Total,0,150,,1
2352,canossa-catholic,2022,1,34,60,,1
2353,canossa-catholic,2022,2A(1),6,26,,1
2354,canossa-catholic,2022,2A(2),0,0,,
2355,canossa-catholic,2022,2B,16,27,,1
2356,canossa-catholic,2022,2C,60,64,,1
2357,canossa-catholic,2022,2C(S),23,4,SC<1,0.173913043478261
2358,canossa-catholic,2022,3,0,0,,
2359,canossa-catholic,2022,Total,0,120,,1
2360,canossa-catholic,2023,1,48,60,,1
2361,canossa-catholic,2023,2A(1),3,12,,1
2362,canossa-catholic,2023,2A(2),0,0,,
2363,canossa-catholic,2023,2B,19,23,,1
2364,canossa-catholic,2023,2C,56,50,SC<2#,0.892857142857143
2365,canossa-catholic,2023,2C(S),0,0,,
2366,canossa-catholic,2023,3,0,0,,
2367,canossa-catholic,2023,Total,0,120,,1
2368,cantonment,2010,1,0,0,,
2369,cantonment,2010,2A(1),0,0,,
2370,cantonment,2010,2A(2),0,0,,
2371,cantonment,2010,2B,0,104,,1
2372,cantonment,2010,2C,74,208,,1
2373,cantonment,2010,2C(S),16,134,,1
2374,cantonment,2010,3,0,40,,1
2375,cantonment,2010,Total,0,210,,1
2376,cantonment,2011,1,0,0,,
2377,cantonment,2011,2A(1),0,0,,
2378,cantonment,2011,2A(2),0,0,,
2379,cantonment,2011,2B,0,95,,1
2380,cantonment,2011,2C,96,189,,1
2381,cantonment,2011,2C(S),36,93,,1
2382,cantonment,2011,3,0,46,,1
2383,cantonment,2011,Total,0,210,,1
2384,cantonment,2012,1,0,0,,
2385,cantonment,2012,2A(1),0,0,,
2386,cantonment,2012,2A(2),0,0,,
2387,cantonment,2012,2B,3,97,,1
2388,cantonment,2012,2C,160,190,,1
2389,cantonment,2012,2C(S),38,31,,0.815789473684211
2390,cantonment,2012,3,0,0,,
2391,cantonment,2012,Total,0,240,,1
2392,cantonment,2013,1,0,0,,
2393,cantonment,2013,2A(1),0,0,,
2394,cantonment,2013,2A(2),0,0,,
2395,cantonment,2013,2B,0,91,,1
2396,cantonment,2013,2C,97,181,,1
2397,cantonment,2013,2C(S),37,86,,1
2398,cantonment,2013,3,0,37,,1
2399,cantonment,2013,Total,0,240,,1
2400,cantonment,2014,1,0,0,,
2401,cantonment,2014,2A(1),0,0,,
2402,cantonment,2014,2A(2),0,0,,
2403,cantonment,2014,2B,2,88,,1
2404,cantonment,2014,2C,95,174,,1
2405,cantonment,2014,2C(S),43,80,,1
2406,cantonment,2014,3,0,37,,1
2407,cantonment,2014,Total,0,240,,1
2408,cantonment,2015,1,0,0,,
2409,cantonment,2015,2A(1),0,0,,
2410,cantonment,2015,2A(2),0,0,,
2411,cantonment,2015,2B,1,68,,1
2412,cantonment,2015,2C,112,136,,1
2413,cantonment,2015,2C(S),23,25,,1
2414,cantonment,2015,3,0,2,,1
2415,cantonment,2015,Total,0,210,,1
2416,cantonment,2016,1,0,0,,
2417,cantonment,2016,2A(1),0,0,,
2418,cantonment,2016,2A(2),0,0,,
2419,cantonment,2016,2B,1,68,,1
2420,cantonment,2016,2C,68,135,,1
2421,cantonment,2016,2C(S),18,67,,1
2422,cantonment,2016,3,0,49,,1
2423,cantonment,2016,Total,0,210,,1
2424,cantonment,2017,1,0,0,,
2425,cantonment,2017,2A(1),0,0,,
2426,cantonment,2017,2A(2),0,0,,
2427,cantonment,2017,2B,1,70,,1
2428,cantonment,2017,2C,64,141,,1
2429,cantonment,2017,2C(S),19,77,,1
2430,cantonment,2017,3,0,58,,1
2431,cantonment,2017,Total,0,210,,1
2432,cantonment,2018,1,0,0,,
2433,cantonment,2018,2A(1),0,0,,
2434,cantonment,2018,2A(2),0,0,,
2435,cantonment,2018,2B,1,71,,1
2436,cantonment,2018,2C,85,144,,1
2437,cantonment,2018,2C(S),50,59,,1
2438,cantonment,2018,3,0,9,,1
2439,cantonment,2018,Total,0,210,,1
2440,cantonment,2019,1,61,140,,1
2441,cantonment,2019,2A(1),0,79,,1
2442,cantonment,2019,2A(2),3,79,,1
2443,cantonment,2019,2B,1,58,,1
2444,cantonment,2019,2C,80,115,,1
2445,cantonment,2019,2C(S),35,35,,1
2446,cantonment,2019,3,0,0,,
2447,cantonment,2019,Total,0,180,,1
2448,cantonment,2020,1,77,200,,1
2449,cantonment,2020,2A(1),0,123,,1
2450,cantonment,2020,2A(2),6,123,,1
2451,cantonment,2020,2B,0,79,,1
2452,cantonment,2020,2C,44,160,,1
2453,cantonment,2020,2C(S),76,116,,1
2454,cantonment,2020,3,0,40,,1
2455,cantonment,2020,Total,0,240,,1
2456,cantonment,2021,1,60,200,,1
2457,cantonment,2021,2A(1),0,140,,1
2458,cantonment,2021,2A(2),2,140,,1
2459,cantonment,2021,2B,1,89,,1
2460,cantonment,2021,2C,66,177,,1
2461,cantonment,2021,2C(S),30,113,,1
2462,cantonment,2021,3,0,83,,1
2463,cantonment,2021,Total,0,240,,1
2464,cantonment,2022,1,44,120,,1
2465,cantonment,2022,2A(1),2,76,,1
2466,cantonment,2022,2A(2),0,0,,
2467,cantonment,2022,2B,0,45,,1
2468,cantonment,2022,2C,43,136,,1
2469,cantonment,2022,2C(S),47,93,,1
2470,cantonment,2022,3,0,46,,1
2471,cantonment,2022,Total,0,180,,1
2472,cantonment,2023,1,45,90,,1
2473,cantonment,2023,2A(1),4,45,,1
2474,cantonment,2023,2A(2),0,0,,
2475,cantonment,2023,2B,2,34,,1
2476,cantonment,2023,2C,40,100,,1
2477,cantonment,2023,2C(S),19,60,,1
2478,cantonment,2023,3,0,41,,1
2479,cantonment,2023,Total,0,150,,1
2480,casuarina,2009,1,0,0,,
2481,casuarina,2009,2A(1),0,0,,
2482,casuarina,2009,2A(2),0,0,,
2483,casuarina,2009,2B,3,52,,1
2484,casuarina,2009,2C,63,103,,1
2485,casuarina,2009,2C(S),41,40,,0.975609756097561
2486,casuarina,2009,3,0,0,,
2487,casuarina,2009,Total,0,180,,1
2488,casuarina,2010,1,0,0,,
2489,casuarina,2010,2A(1),0,0,,
2490,casuarina,2010,2A(2),0,0,,
2491,casuarina,2010,2B,0,61,,1
2492,casuarina,2010,2C,57,122,,1
2493,casuarina,2010,2C(S),17,66,,1
2494,casuarina,2010,3,0,47,,1
2495,casuarina,2010,Total,0,180,,1
2496,casuarina,2011,1,0,0,,
2497,casuarina,2011,2A(1),0,0,,
2498,casuarina,2011,2A(2),0,0,,
2499,casuarina,2011,2B,0,48,,1
2500,casuarina,2011,2C,55,96,,1
2501,casuarina,2011,2C(S),39,41,,1
2502,casuarina,2011,3,0,0,,
2503,casuarina,2011,Total,0,180,,1
2504,casuarina,2012,1,0,0,,
2505,casuarina,2012,2A(1),0,0,,
2506,casuarina,2012,2A(2),0,0,,
2507,casuarina,2012,2B,0,48,,1
2508,casuarina,2012,2C,83,96,,1
2509,casuarina,2012,2C(S),4,14,,1
2510,casuarina,2012,3,0,10,,1
2511,casuarina,2012,Total,0,180,,1
2512,casuarina,2013,1,0,0,,
2513,casuarina,2013,2A(1),0,0,,
2514,casuarina,2013,2A(2),0,0,,
2515,casuarina,2013,2B,2,60,,1
2516,casuarina,2013,2C,78,117,,1
2517,casuarina,2013,2C(S),38,41,,1
2518,casuarina,2013,3,0,0,,
2519,casuarina,2013,Total,0,180,,1
2520,casuarina,2014,1,0,0,,
2521,casuarina,2014,2A(1),0,0,,
2522,casuarina,2014,2A(2),0,0,,
2523,casuarina,2014,2B,1,54,,1
2524,casuarina,2014,2C,70,107,,1
2525,casuarina,2014,2C(S),36,37,,1
2526,casuarina,2014,3,0,1,,1
2527,casuarina,2014,Total,0,180,,1
2528,casuarina,2015,1,0,0,,
2529,casuarina,2015,2A(1),0,0,,
2530,casuarina,2015,2A(2),0,0,,
2531,casuarina,2015,2B,0,57,,1
2532,casuarina,2015,2C,50,114,,1
2533,casuarina,2015,2C(S),18,64,,1
2534,casuarina,2015,3,0,46,,1
2535,casuarina,2015,Total,0,180,,1
2536,casuarina,2016,1,0,0,,
2537,casuarina,2016,2A(1),0,0,,
2538,casuarina,2016,2A(2),0,0,,
2539,casuarina,2016,2B,0,43,,1
2540,casuarina,2016,2C,34,85,,1
2541,casuarina,2016,2C(S),19,51,,1
2542,casuarina,2016,3,0,32,,1
2543,casuarina,2016,Total,0,150,,1
2544,casuarina,2017,1,0,0,,
2545,casuarina,2017,2A(1),0,0,,
2546,casuarina,2017,2A(2),0,0,,
2547,casuarina,2017,2B,0,38,,1
2548,casuarina,2017,2C,85,77,,0.905882352941176
2549,casuarina,2017,2C(S),0,0,,
2550,casuarina,2017,3,0,0,,
2551,casuarina,2017,Total,0,180,,1
2552,casuarina,2018,1,0,0,,
2553,casuarina,2018,2A(1),0,0,,
2554,casuarina,2018,2A(2),0,0,,
2555,casuarina,2018,2B,2,41,,1
2556,casuarina,2018,2C,88,80,,0.909090909090909
2557,casuarina,2018,2C(S),0,0,,
2558,casuarina,2018,3,0,0,,
2559,casuarina,2018,Total,0,180,,1
2560,casuarina,2019,1,77,140,,1
2561,casuarina,2019,2A(1),1,63,,1
2562,casuarina,2019,2A(2),6,62,,1
2563,casuarina,2019,2B,1,49,,1
2564,casuarina,2019,2C,51,96,,1
2565,casuarina,2019,2C(S),31,46,,1
2566,casuarina,2019,3,0,15,,1
2567,casuarina,2019,Total,0,180,,1
2568,casuarina,2020,1,69,140,,1
2569,casuarina,2020,2A(1),0,71,,1
2570,casuarina,2020,2A(2),12,71,,1
2571,casuarina,2020,2B,0,50,,1
2572,casuarina,2020,2C,90,99,,1
2573,casuarina,2020,2C(S),40,10,SC<1,0.25
2574,casuarina,2020,3,0,0,,
2575,casuarina,2020,Total,0,180,,1
2576,casuarina,2021,1,63,120,,1
2577,casuarina,2021,2A(1),1,57,,1
2578,casuarina,2021,2A(2),20,56,,1
2579,casuarina,2021,2B,0,38,,1
2580,casuarina,2021,2C,44,77,,1
2581,casuarina,2021,2C(S),37,33,PR<1,0.891891891891892
2582,casuarina,2021,3,0,0,,
2583,casuarina,2021,Total,0,160,,1
2584,casuarina,2022,1,60,100,,1
2585,casuarina,2022,2A(1),16,40,,1
2586,casuarina,2022,2A(2),0,0,,
2587,casuarina,2022,2B,0,28,,1
2588,casuarina,2022,2C,55,84,,1
2589,casuarina,2022,2C(S),37,29,PR<1,0.783783783783784
2590,casuarina,2022,3,0,0,,
2591,casuarina,2022,Total,0,160,,1
2592,casuarina,2023,1,76,100,,1
2593,casuarina,2023,2A(1),18,24,,1
2594,casuarina,2023,2A(2),0,0,,
2595,casuarina,2023,2B,0,22,,1
2596,casuarina,2023,2C,44,66,,1
2597,casuarina,2023,2C(S),28,23,SC1-2,0.821428571428571
2598,casuarina,2023,3,0,0,,
2599,casuarina,2023,Total,0,160,,1
2600,catholic-high,2009,1,0,0,,
2601,catholic-high,2009,2A(1),0,0,,
2602,catholic-high,2009,2A(2),0,0,,
2603,catholic-high,2009,2B,39,28,,0.717948717948718
2604,catholic-high,2009,2C,72,28,,0.388888888888889
2605,catholic-high,2009,2C(S),0,0,,
2606,catholic-high,2009,3,0,0,,
2607,catholic-high,2009,Total,0,210,,1
2608,catholic-high,2010,1,0,0,,
2609,catholic-high,2010,2A(1),0,0,,
2610,catholic-high,2010,2A(2),0,0,,
2611,catholic-high,2010,2B,48,9,,0.1875
2612,catholic-high,2010,2C,58,9,,0.155172413793103
2613,catholic-high,2010,2C(S),0,0,,
2614,catholic-high,2010,3,0,0,,
2615,catholic-high,2010,Total,0,210,,1
2616,catholic-high,2011,1,0,0,,
2617,catholic-high,2011,2A(1),0,0,,
2618,catholic-high,2011,2A(2),0,0,,
2619,catholic-high,2011,2B,44,26,,0.590909090909091
2620,catholic-high,2011,2C,61,25,,0.409836065573771
2621,catholic-high,2011,2C(S),0,0,,
2622,catholic-high,2011,3,0,0,,
2623,catholic-high,2011,Total,0,240,,1
2624,catholic-high,2012,1,0,0,,
2625,catholic-high,2012,2A(1),0,0,,
2626,catholic-high,2012,2A(2),0,0,,
2627,catholic-high,2012,2B,28,20,,0.714285714285714
2628,catholic-high,2012,2C,55,20,,0.363636363636364
2629,catholic-high,2012,2C(S),0,0,,
2630,catholic-high,2012,3,0,0,,
2631,catholic-high,2012,Total,0,240,,1
2632,catholic-high,2013,1,0,0,,
2633,catholic-high,2013,2A(1),0,0,,
2634,catholic-high,2013,2A(2),0,0,,
2635,catholic-high,2013,2B,43,26,,0.604651162790698
2636,catholic-high,2013,2C,49,26,,0.530612244897959
2637,catholic-high,2013,2C(S),0,0,,
2638,catholic-high,2013,3,0,0,,
2639,catholic-high,2013,Total,0,240,,1
2640,catholic-high,2014,1,0,0,,
2641,catholic-high,2014,2A(1),0,0,,
2642,catholic-high,2014,2A(2),0,0,,
2643,catholic-high,2014,2B,29,22,,0.758620689655172
2644,catholic-high,2014,2C,42,23,,0.547619047619048
2645,catholic-high,2014,2C(S),0,0,,
2646,catholic-high,2014,3,0,0,,
2647,catholic-high,2014,Total,0,240,,1
2648,catholic-high,2015,1,0,0,,
2649,catholic-high,2015,2A(1),0,0,,
2650,catholic-high,2015,2A(2),0,0,,
2651,catholic-high,2015,2B,22,20,,0.909090909090909
2652,catholic-high,2015,2C,40,22,,0.55
2653,catholic-high,2015,2C(S),0,0,,
2654,catholic-high,2015,3,0,0,,
2655,catholic-high,2015,Total,0,240,,1
2656,catholic-high,2016,1,0,0,,
2657,catholic-high,2016,2A(1),0,0,,
2658,catholic-high,2016,2A(2),0,0,,
2659,catholic-high,2016,2B,28,22,,0.785714285714286
2660,catholic-high,2016,2C,30,22,,0.733333333333333
2661,catholic-high,2016,2C(S),0,0,,
2662,catholic-high,2016,3,0,0,,
2663,catholic-high,2016,Total,0,240,,1
2664,catholic-high,2017,1,0,0,,
2665,catholic-high,2017,2A(1),0,0,,
2666,catholic-high,2017,2A(2),0,0,,
2667,catholic-high,2017,2B,27,24,,0.888888888888889
2668,catholic-high,2017,2C,38,25,,0.657894736842105
2669,catholic-high,2017,2C(S),0,0,,
2670,catholic-high,2017,3,0,0,,
2671,catholic-high,2017,Total,0,240,,1
2672,catholic-high,2018,1,0,0,,
2673,catholic-high,2018,2A(1),0,0,,
2674,catholic-high,2018,2A(2),0,0,,
2675,catholic-high,2018,2B,36,21,,0.583333333333333
2676,catholic-high,2018,2C,51,23,,0.450980392156863
2677,catholic-high,2018,2C(S),0,0,,
2678,catholic-high,2018,3,0,0,,
2679,catholic-high,2018,Total,0,240,,1
2680,catholic-high,2019,1,89,200,,1
2681,catholic-high,2019,2A(1),104,111,,1
2682,catholic-high,2019,2A(2),14,7,,0.5
2683,catholic-high,2019,2B,37,20,SC<1,0.540540540540541
2684,catholic-high,2019,2C,46,21,SC<1,0.456521739130435
2685,catholic-high,2019,2C(S),0,0,,
2686,catholic-high,2019,3,0,0,,
2687,catholic-high,2019,Total,0,240,,1
2688,catholic-high,2020,1,70,200,,1
2689,catholic-high,2020,2A(1),125,130,,1
2690,catholic-high,2020,2A(2),11,5,SC>2,0.454545454545454
2691,catholic-high,2020,2B,41,21,SC<1,0.51219512195122
2692,catholic-high,2020,2C,47,21,SC<1,0.446808510638298
2693,catholic-high,2020,2C(S),0,0,,
2694,catholic-high,2020,3,0,0,,
2695,catholic-high,2020,Total,0,240,,1
2696,catholic-high,2021,1,81,200,,1
2697,catholic-high,2021,2A(1),123,119,SC>2,0.967479674796748
2698,catholic-high,2021,2A(2),0,0,,
2699,catholic-high,2021,2B,35,20,SC<1,0.571428571428571
2700,catholic-high,2021,2C,48,21,SC<1,0.4375
2701,catholic-high,2021,2C(S),0,0,,
2702,catholic-high,2021,3,0,0,,
2703,catholic-high,2021,Total,0,240,,1
2704,catholic-high,2022,1,70,180,,1
2705,catholic-high,2022,2A(1),149,110,SC>2,0.738255033557047
2706,catholic-high,2022,2A(2),0,0,,
2707,catholic-high,2022,2B,43,20,SC<1,0.465116279069767
2708,catholic-high,2022,2C,68,40,SC<1,0.588235294117647
2709,catholic-high,2022,2C(S),0,0,,
2710,catholic-high,2022,3,0,0,,
2711,catholic-high,2022,Total,0,240,,1
2712,catholic-high,2023,1,64,180,,1
2713,catholic-high,2023,2A(1),135,116,SC>2,0.859259259259259
2714,catholic-high,2023,2A(2),0,0,,
2715,catholic-high,2023,2B,29,20,SC<1,0.689655172413793
2716,catholic-high,2023,2C,52,40,SC<1,0.769230769230769
2717,catholic-high,2023,2C(S),0,0,,
2718,catholic-high,2023,3,0,0,,
2719,catholic-high,2023,Total,0,240,,1
2720,cedar,2009,1,0,0,,
2721,cedar,2009,2A(1),0,0,,
2722,cedar,2009,2A(2),0,0,,
2723,cedar,2009,2B,1,51,,1
2724,cedar,2009,2C,46,101,,1
2725,cedar,2009,2C(S),17,56,,1
2726,cedar,2009,3,0,27,,1
2727,cedar,2009,Total,0,150,,1
2728,cedar,2010,1,0,0,,
2729,cedar,2010,2A(1),0,0,,
2730,cedar,2010,2A(2),0,0,,
2731,cedar,2010,2B,0,37,,1
2732,cedar,2010,2C,52,75,,1
2733,cedar,2010,2C(S),27,22,,0.814814814814815
2734,cedar,2010,3,0,0,,
2735,cedar,2010,Total,0,120,,1
2736,cedar,2011,1,0,0,,
2737,cedar,2011,2A(1),0,0,,
2738,cedar,2011,2A(2),0,0,,
2739,cedar,2011,2B,3,33,,1
2740,cedar,2011,2C,58,65,,1
2741,cedar,2011,2C(S),12,7,,0.583333333333333
2742,cedar,2011,3,0,0,,
2743,cedar,2011,Total,0,120,,1
2744,cedar,2012,1,0,0,,
2745,cedar,2012,2A(1),0,0,,
2746,cedar,2012,2A(2),0,0,,
2747,cedar,2012,2B,1,38,,1
2748,cedar,2012,2C,71,74,,1
2749,cedar,2012,2C(S),5,4,,0.8
2750,cedar,2012,3,0,0,,
2751,cedar,2012,Total,0,120,,1
2752,cedar,2013,1,0,0,,
2753,cedar,2013,2A(1),0,0,,
2754,cedar,2013,2A(2),0,0,,
2755,cedar,2013,2B,1,32,,1
2756,cedar,2013,2C,63,62,,0.984126984126984
2757,cedar,2013,2C(S),0,0,,
2758,cedar,2013,3,0,0,,
2759,cedar,2013,Total,0,120,,1
2760,cedar,2014,1,0,0,,
2761,cedar,2014,2A(1),0,0,,
2762,cedar,2014,2A(2),0,0,,
2763,cedar,2014,2B,0,36,,1
2764,cedar,2014,2C,58,72,,1
2765,cedar,2014,2C(S),13,18,,1
2766,cedar,2014,3,0,5,,1
2767,cedar,2014,Total,0,120,,1
2768,cedar,2015,1,0,0,,
2769,cedar,2015,2A(1),0,0,,
2770,cedar,2015,2A(2),0,0,,
2771,cedar,2015,2B,0,36,,1
2772,cedar,2015,2C,52,72,,1
2773,cedar,2015,2C(S),15,20,,1
2774,cedar,2015,3,0,5,,1
2775,cedar,2015,Total,0,120,,1
2776,cedar,2016,1,0,0,,
2777,cedar,2016,2A(1),0,0,,
2778,cedar,2016,2A(2),0,0,,
2779,cedar,2016,2B,0,38,,1
2780,cedar,2016,2C,31,76,,1
2781,cedar,2016,2C(S),7,46,,1
2782,cedar,2016,3,0,39,,1
2783,cedar,2016,Total,0,120,,1
2784,cedar,2017,1,0,0,,
2785,cedar,2017,2A(1),0,0,,
2786,cedar,2017,2A(2),0,0,,
2787,cedar,2017,2B,3,39,,1
2788,cedar,2017,2C,37,75,,1
2789,cedar,2017,2C(S),7,38,,1
2790,cedar,2017,3,0,31,,1
2791,cedar,2017,Total,0,120,,1
2792,cedar,2018,1,0,0,,
2793,cedar,2018,2A(1),0,0,,
2794,cedar,2018,2A(2),0,0,,
2795,cedar,2018,2B,1,61,,1
2796,cedar,2018,2C,39,122,,1
2797,cedar,2018,2C(S),37,84,,1
2798,cedar,2018,3,0,47,,1
2799,cedar,2018,Total,0,180,,1
2800,cedar,2019,1,36,170,,1
2801,cedar,2019,2A(1),0,134,,1
2802,cedar,2019,2A(2),9,135,,1
2803,cedar,2019,2B,0,83,,1
2804,cedar,2019,2C,31,166,,1
2805,cedar,2019,2C(S),7,135,,1
2806,cedar,2019,3,0,128,,1
2807,cedar,2019,Total,0,210,,1
2808,cedar,2020,1,55,200,,1
2809,cedar,2020,2A(1),0,145,,1
2810,cedar,2020,2A(2),9,145,,1
2811,cedar,2020,2B,1,88,,1
2812,cedar,2020,2C,41,175,,1
2813,cedar,2020,2C(S),31,134,,1
2814,cedar,2020,3,0,103,,1
2815,cedar,2020,Total,0,240,,1
2816,cedar,2021,1,36,200,,1
2817,cedar,2021,2A(1),0,164,,1
2818,cedar,2021,2A(2),10,164,,1
2819,cedar,2021,2B,1,97,,1
2820,cedar,2021,2C,72,193,,1
2821,cedar,2021,2C(S),48,121,,1
2822,cedar,2021,3,0,73,,1
2823,cedar,2021,Total,0,240,,1
2824,cedar,2022,1,33,180,,1
2825,cedar,2022,2A(1),20,147,,1
2826,cedar,2022,2A(2),0,0,,
2827,cedar,2022,2B,0,62,,1
2828,cedar,2022,2C,42,187,,1
2829,cedar,2022,2C(S),74,145,,1
2830,cedar,2022,3,0,71,,1
2831,cedar,2022,Total,0,240,,1
2832,cedar,2023,1,52,180,,1
2833,cedar,2023,2A(1),36,128,,1
2834,cedar,2023,2A(2),0,0,,
2835,cedar,2023,2B,1,51,,1
2836,cedar,2023,2C,38,151,,1
2837,cedar,2023,2C(S),38,113,,1
2838,cedar,2023,3,0,75,,1
2839,cedar,2023,Total,0,240,,1
2840,changkat,2009,1,0,0,,
2841,changkat,2009,2A(1),0,0,,
2842,changkat,2009,2A(2),0,0,,
2843,changkat,2009,2B,2,48,,1
2844,changkat,2009,2C,68,94,,1
2845,changkat,2009,2C(S),9,26,,1
2846,changkat,2009,3,0,17,,1
2847,changkat,2009,Total,0,180,,1
2848,changkat,2010,1,0,0,,
2849,changkat,2010,2A(1),0,0,,
2850,changkat,2010,2A(2),0,0,,
2851,changkat,2010,2B,1,47,,1
2852,changkat,2010,2C,93,93,,1
2853,changkat,2010,2C(S),0,0,,
2854,changkat,2010,3,0,0,,
2855,changkat,2010,Total,0,180,,1
2856,changkat,2011,1,0,0,,
2857,changkat,2011,2A(1),0,0,,
2858,changkat,2011,2A(2),0,0,,
2859,changkat,2011,2B,3,58,,1
2860,changkat,2011,2C,82,113,,1
2861,changkat,2011,2C(S),15,31,,1
2862,changkat,2011,3,0,14,,1
2863,changkat,2011,Total,0,180,,1
2864,changkat,2012,1,0,0,,
2865,changkat,2012,2A(1),0,0,,
2866,changkat,2012,2A(2),0,0,,
2867,changkat,2012,2B,1,55,,1
2868,changkat,2012,2C,108,108,,1
2869,changkat,2012,2C(S),0,0,,
2870,changkat,2012,3,0,0,,
2871,changkat,2012,Total,0,180,,1
2872,changkat,2013,1,0,0,,
2873,changkat,2013,2A(1),0,0,,
2874,changkat,2013,2A(2),0,0,,
2875,changkat,2013,2B,1,52,,1
2876,changkat,2013,2C,114,103,,0.903508771929825
2877,changkat,2013,2C(S),0,0,,
2878,changkat,2013,3,0,0,,
2879,changkat,2013,Total,0,180,,1
2880,changkat,2014,1,0,0,,
2881,changkat,2014,2A(1),0,0,,
2882,changkat,2014,2A(2),0,0,,
2883,changkat,2014,2B,3,47,,1
2884,changkat,2014,2C,90,91,,1
2885,changkat,2014,2C(S),1,1,,1
2886,changkat,2014,3,0,0,,
2887,changkat,2014,Total,0,180,,1
2888,changkat,2015,1,0,0,,
2889,changkat,2015,2A(1),0,0,,
2890,changkat,2015,2A(2),0,0,,
2891,changkat,2015,2B,2,55,,1
2892,changkat,2015,2C,69,109,,1
2893,changkat,2015,2C(S),11,41,,1
2894,changkat,2015,3,0,30,,1
2895,changkat,2015,Total,0,180,,1
2896,changkat,2016,1,0,0,,
2897,changkat,2016,2A(1),0,0,,
2898,changkat,2016,2A(2),0,0,,
2899,changkat,2016,2B,0,45,,1
2900,changkat,2016,2C,80,89,,1
2901,changkat,2016,2C(S),1,9,,1
2902,changkat,2016,3,0,8,,1
2903,changkat,2016,Total,0,150,,1
2904,changkat,2017,1,0,0,,
2905,changkat,2017,2A(1),0,0,,
2906,changkat,2017,2A(2),0,0,,
2907,changkat,2017,2B,0,61,,1
2908,changkat,2017,2C,59,121,,1
2909,changkat,2017,2C(S),7,62,,1
2910,changkat,2017,3,0,55,,1
2911,changkat,2017,Total,0,180,,1
2912,changkat,2018,1,0,0,,
2913,changkat,2018,2A(1),0,0,,
2914,changkat,2018,2A(2),0,0,,
2915,changkat,2018,2B,0,58,,1
2916,changkat,2018,2C,68,115,,1
2917,changkat,2018,2C(S),15,48,,1
2918,changkat,2018,3,0,33,,1
2919,changkat,2018,Total,0,180,,1
2920,changkat,2019,1,49,110,,1
2921,changkat,2019,2A(1),0,61,,1
2922,changkat,2019,2A(2),14,61,,1
2923,changkat,2019,2B,0,44,,1
2924,changkat,2019,2C,50,91,,1
2925,changkat,2019,2C(S),13,41,,1
2926,changkat,2019,3,0,28,,1
2927,changkat,2019,Total,0,150,,1
2928,changkat,2020,1,46,170,,1
2929,changkat,2020,2A(1),1,124,,1
2930,changkat,2020,2A(2),15,123,,1
2931,changkat,2020,2B,1,74,,1
2932,changkat,2020,2C,70,147,,1
2933,changkat,2020,2C(S),20,78,,1
2934,changkat,2020,3,0,58,,1
2935,changkat,2020,Total,0,210,,1
2936,changkat,2021,1,46,170,,1
2937,changkat,2021,2A(1),0,124,,1
2938,changkat,2021,2A(2),14,124,,1
2939,changkat,2021,2B,0,75,,1
2940,changkat,2021,2C,56,150,,1
2941,changkat,2021,2C(S),15,94,,1
2942,changkat,2021,3,0,79,,1
2943,changkat,2021,Total,0,210,,1
2944,changkat,2022,1,53,150,,1
2945,changkat,2022,2A(1),12,97,,1
2946,changkat,2022,2A(2),0,0,,
2947,changkat,2022,2B,0,48,,1
2948,changkat,2022,2C,49,146,,1
2949,changkat,2022,2C(S),18,97,,1
2950,changkat,2022,3,0,79,,1
2951,changkat,2022,Total,0,210,,1
2952,changkat,2023,1,45,120,,1
2953,changkat,2023,2A(1),15,75,,1
2954,changkat,2023,2A(2),0,0,,
2955,changkat,2023,2B,1,40,,1
2956,changkat,2023,2C,56,119,,1
2957,changkat,2023,2C(S),13,63,,1
2958,changkat,2023,3,0,50,,1
2959,changkat,2023,Total,0,180,,1
2960,chij-katong,2009,1,0,0,,
2961,chij-katong,2009,2A(1),0,0,,
2962,chij-katong,2009,2A(2),0,0,,
2963,chij-katong,2009,2B,65,76,,1
2964,chij-katong,2009,2C,85,90,,1
2965,chij-katong,2009,2C(S),6,5,,0.833333333333333
2966,chij-katong,2009,3,0,0,,
2967,chij-katong,2009,Total,0,240,,1
2968,chij-katong,2010,1,0,0,,
2969,chij-katong,2010,2A(1),0,0,,
2970,chij-katong,2010,2A(2),0,0,,
2971,chij-katong,2010,2B,62,76,,1
2972,chij-katong,2010,2C,100,89,,0.89
2973,chij-katong,2010,2C(S),0,0,,
2974,chij-katong,2010,3,0,0,,
2975,chij-katong,2010,Total,0,240,,1
2976,chij-katong,2011,1,0,0,,
2977,chij-katong,2011,2A(1),0,0,,
2978,chij-katong,2011,2A(2),0,0,,
2979,chij-katong,2011,2B,55,77,,1
2980,chij-katong,2011,2C,103,98,,0.951456310679612
2981,chij-katong,2011,2C(S),0,0,,
2982,chij-katong,2011,3,0,0,,
2983,chij-katong,2011,Total,0,240,,1
2984,chij-katong,2012,1,0,0,,
2985,chij-katong,2012,2A(1),0,0,,
2986,chij-katong,2012,2A(2),0,0,,
2987,chij-katong,2012,2B,39,72,,1
2988,chij-katong,2012,2C,106,104,,0.981132075471698
2989,chij-katong,2012,2C(S),0,0,,
2990,chij-katong,2012,3,0,0,,
2991,chij-katong,2012,Total,0,240,,1
2992,chij-katong,2013,1,0,0,,
2993,chij-katong,2013,2A(1),0,0,,
2994,chij-katong,2013,2A(2),0,0,,
2995,chij-katong,2013,2B,41,66,,1
2996,chij-katong,2013,2C,95,91,,0.957894736842105
2997,chij-katong,2013,2C(S),0,0,,
2998,chij-katong,2013,3,0,0,,
2999,chij-katong,2013,Total,0,240,,1
3000,chij-katong,2014,1,0,0,,
3001,chij-katong,2014,2A(1),0,0,,
3002,chij-katong,2014,2A(2),0,0,,
3003,chij-katong,2014,2B,39,80,,1
3004,chij-katong,2014,2C,87,120,,1
3005,chij-katong,2014,2C(S),34,35,,1
3006,chij-katong,2014,3,0,1,,1
3007,chij-katong,2014,Total,0,240,,1
3008,chij-katong,2015,1,0,0,,
3009,chij-katong,2015,2A(1),0,0,,
3010,chij-katong,2015,2A(2),0,0,,
3011,chij-katong,2015,2B,35,72,,1
3012,chij-katong,2015,2C,73,110,,1
3013,chij-katong,2015,2C(S),23,37,,1
3014,chij-katong,2015,3,0,14,,1
3015,chij-katong,2015,Total,0,240,,1
3016,chij-katong,2016,1,0,0,,
3017,chij-katong,2016,2A(1),0,0,,
3018,chij-katong,2016,2A(2),0,0,,
3019,chij-katong,2016,2B,24,57,,1
3020,chij-katong,2016,2C,67,93,,1
3021,chij-katong,2016,2C(S),20,26,,1
3022,chij-katong,2016,3,0,6,,1
3023,chij-katong,2016,Total,0,210,,1
3024,chij-katong,2017,1,0,0,,
3025,chij-katong,2017,2A(1),0,0,,
3026,chij-katong,2017,2A(2),0,0,,
3027,chij-katong,2017,2B,22,62,,1
3028,chij-katong,2017,2C,56,102,,1
3029,chij-katong,2017,2C(S),30,47,,1
3030,chij-katong,2017,3,0,17,,1
3031,chij-katong,2017,Total,0,210,,1
3032,chij-katong,2018,1,0,0,,
3033,chij-katong,2018,2A(1),0,0,,
3034,chij-katong,2018,2A(2),0,0,,
3035,chij-katong,2018,2B,28,58,,1
3036,chij-katong,2018,2C,80,89,,1
3037,chij-katong,2018,2C(S),12,9,,0.75
3038,chij-katong,2018,3,0,0,,
3039,chij-katong,2018,Total,0,210,,1
3040,chij-katong,2019,1,40,160,,1
3041,chij-katong,2019,2A(1),12,120,,1
3042,chij-katong,2019,2A(2),14,108,,1
3043,chij-katong,2019,2B,25,67,,1
3044,chij-katong,2019,2C,40,112,,1
3045,chij-katong,2019,2C(S),21,72,,1
3046,chij-katong,2019,3,0,51,,1
3047,chij-katong,2019,Total,0,200,,1
3048,chij-katong,2020,1,44,160,,1
3049,chij-katong,2020,2A(1),6,116,,1
3050,chij-katong,2020,2A(2),29,110,,1
3051,chij-katong,2020,2B,15,61,,1
3052,chij-katong,2020,2C,68,107,,1
3053,chij-katong,2020,2C(S),69,39,SC>2,0.565217391304348
3054,chij-katong,2020,3,0,0,,
3055,chij-katong,2020,Total,0,200,,1
3056,chij-katong,2021,1,46,160,,1
3057,chij-katong,2021,2A(1),16,114,,1
3058,chij-katong,2021,2A(2),22,98,,1
3059,chij-katong,2021,2B,32,58,,1
3060,chij-katong,2021,2C,72,85,,1
3061,chij-katong,2021,2C(S),21,13,SC>2,0.619047619047619
3062,chij-katong,2021,3,0,0,,
3063,chij-katong,2021,Total,0,200,,1
3064,chij-katong,2022,1,39,140,,1
3065,chij-katong,2022,2A(1),33,101,,1
3066,chij-katong,2022,2A(2),0,0,,
3067,chij-katong,2022,2B,16,43,,1
3068,chij-katong,2022,2C,53,112,,1
3069,chij-katong,2022,2C(S),57,59,,1
3070,chij-katong,2022,3,0,2,,1
3071,chij-katong,2022,Total,0,200,,1
3072,chij-katong,2023,1,44,140,,1
3073,chij-katong,2023,2A(1),30,96,,1
3074,chij-katong,2023,2A(2),0,0,,
3075,chij-katong,2023,2B,21,42,,1
3076,chij-katong,2023,2C,63,105,,1
3077,chij-katong,2023,2C(S),55,42,SC>2,0.763636363636364
3078,chij-katong,2023,3,0,0,,
3079,chij-katong,2023,Total,0,200,,1
3080,chij-kellock,2009,1,0,0,,
3081,chij-kellock,2009,2A(1),0,0,,
3082,chij-kellock,2009,2A(2),0,0,,
3083,chij-kellock,2009,2B,18,68,,1
3084,chij-kellock,2009,2C,125,117,,0.936
3085,chij-kellock,2009,2C(S),0,0,,
3086,chij-kellock,2009,3,0,0,,
3087,chij-kellock,2009,Total,0,200,,1
3088,chij-kellock,2010,1,0,0,,
3089,chij-kellock,2010,2A(1),0,0,,
3090,chij-kellock,2010,2A(2),0,0,,
3091,chij-kellock,2010,2B,24,75,,1
3092,chij-kellock,2010,2C,123,125,,1
3093,chij-kellock,2010,2C(S),6,3,,0.5
3094,chij-kellock,2010,3,0,0,,
3095,chij-kellock,2010,Total,0,200,,1
3096,chij-kellock,2011,1,0,0,,
3097,chij-kellock,2011,2A(1),0,0,,
3098,chij-kellock,2011,2A(2),0,0,,
3099,chij-kellock,2011,2B,27,71,,1
3100,chij-kellock,2011,2C,135,115,,0.851851851851852
3101,chij-kellock,2011,2C(S),0,0,,
3102,chij-kellock,2011,3,0,0,,
3103,chij-kellock,2011,Total,0,200,,1
3104,chij-kellock,2012,1,0,0,,
3105,chij-kellock,2012,2A(1),0,0,,
3106,chij-kellock,2012,2A(2),0,0,,
3107,chij-kellock,2012,2B,36,68,,1
3108,chij-kellock,2012,2C,121,99,,0.818181818181818
3109,chij-kellock,2012,2C(S),0,0,,
3110,chij-kellock,2012,3,0,0,,
3111,chij-kellock,2012,Total,0,200,,1
3112,chij-kellock,2013,1,0,0,,
3113,chij-kellock,2013,2A(1),0,0,,
3114,chij-kellock,2013,2A(2),0,0,,
3115,chij-kellock,2013,2B,30,60,,1
3116,chij-kellock,2013,2C,86,90,,1
3117,chij-kellock,2013,2C(S),7,6,,0.857142857142857
3118,chij-kellock,2013,3,0,0,,
3119,chij-kellock,2013,Total,0,200,,1
3120,chij-kellock,2014,1,0,0,,
3121,chij-kellock,2014,2A(1),0,0,,
3122,chij-kellock,2014,2A(2),0,0,,
3123,chij-kellock,2014,2B,37,64,,1
3124,chij-kellock,2014,2C,98,90,,0.918367346938776
3125,chij-kellock,2014,2C(S),0,0,,
3126,chij-kellock,2014,3,0,0,,
3127,chij-kellock,2014,Total,0,200,,1
3128,chij-kellock,2015,1,0,0,,
3129,chij-kellock,2015,2A(1),0,0,,
3130,chij-kellock,2015,2A(2),0,0,,
3131,chij-kellock,2015,2B,32,60,,1
3132,chij-kellock,2015,2C,76,90,,1
3133,chij-kellock,2015,2C(S),16,14,,0.875
3134,chij-kellock,2015,3,0,0,,
3135,chij-kellock,2015,Total,0,200,,1
3136,chij-kellock,2016,1,0,0,,
3137,chij-kellock,2016,2A(1),0,0,,
3138,chij-kellock,2016,2A(2),0,0,,
3139,chij-kellock,2016,2B,17,68,,1
3140,chij-kellock,2016,2C,87,120,,1
3141,chij-kellock,2016,2C(S),16,33,,1
3142,chij-kellock,2016,3,0,17,,1
3143,chij-kellock,2016,Total,0,200,,1
3144,chij-kellock,2017,1,0,0,,
3145,chij-kellock,2017,2A(1),0,0,,
3146,chij-kellock,2017,2A(2),0,0,,
3147,chij-kellock,2017,2B,23,65,,1
3148,chij-kellock,2017,2C,77,108,,1
3149,chij-kellock,2017,2C(S),24,31,,1
3150,chij-kellock,2017,3,0,7,,1
3151,chij-kellock,2017,Total,0,200,,1
3152,chij-kellock,2018,1,0,0,,
3153,chij-kellock,2018,2A(1),0,0,,
3154,chij-kellock,2018,2A(2),0,0,,
3155,chij-kellock,2018,2B,35,64,,1
3156,chij-kellock,2018,2C,101,95,,0.94059405940594
3157,chij-kellock,2018,2C(S),0,0,,
3158,chij-kellock,2018,3,0,0,,
3159,chij-kellock,2018,Total,0,200,,1
3160,chij-kellock,2019,1,46,160,,1
3161,chij-kellock,2019,2A(1),0,114,,1
3162,chij-kellock,2019,2A(2),15,114,,1
3163,chij-kellock,2019,2B,35,70,,1
3164,chij-kellock,2019,2C,103,104,,1
3165,chij-kellock,2019,2C(S),3,1,SC<1#,0.333333333333333
3166,chij-kellock,2019,3,0,0,,
3167,chij-kellock,2019,Total,0,200,,1
3168,chij-kellock,2020,1,46,160,,1
3169,chij-kellock,2020,2A(1),0,114,,1
3170,chij-kellock,2020,2A(2),22,114,,1
3171,chij-kellock,2020,2B,26,67,,1
3172,chij-kellock,2020,2C,104,109,,1
3173,chij-kellock,2020,2C(S),14,5,SC1-2,0.357142857142857
3174,chij-kellock,2020,3,0,0,,
3175,chij-kellock,2020,Total,0,200,,1
3176,chij-kellock,2021,1,43,160,,1
3177,chij-kellock,2021,2A(1),0,117,,1
3178,chij-kellock,2021,2A(2),16,117,,1
3179,chij-kellock,2021,2B,23,71,,1
3180,chij-kellock,2021,2C,81,119,,1
3181,chij-kellock,2021,2C(S),28,38,,1
3182,chij-kellock,2021,3,0,10,,1
3183,chij-kellock,2021,Total,0,200,,1
3184,chij-kellock,2022,1,49,140,,1
3185,chij-kellock,2022,2A(1),13,91,,1
3186,chij-kellock,2022,2A(2),0,0,,
3187,chij-kellock,2022,2B,16,46,,1
3188,chij-kellock,2022,2C,77,123,,1
3189,chij-kellock,2022,2C(S),41,46,,1
3190,chij-kellock,2022,3,0,5,,1
3191,chij-kellock,2022,Total,0,200,,1
3192,chij-kellock,2023,1,47,140,,1
3193,chij-kellock,2023,2A(1),12,93,,1
3194,chij-kellock,2023,2A(2),0,0,,
3195,chij-kellock,2023,2B,14,47,,1
3196,chij-kellock,2023,2C,49,128,,1
3197,chij-kellock,2023,2C(S),22,79,,1
3198,chij-kellock,2023,3,0,57,,1
3199,chij-kellock,2023,Total,0,200,,1
3200,chij-our-lady-of-good-counsel,2009,1,0,0,,
3201,chij-our-lady-of-good-counsel,2009,2A(1),0,0,,
3202,chij-our-lady-of-good-counsel,2009,2A(2),0,0,,
3203,chij-our-lady-of-good-counsel,2009,2B,26,50,,1
3204,chij-our-lady-of-good-counsel,2009,2C,76,76,,1
3205,chij-our-lady-of-good-counsel,2009,2C(S),0,0,,
3206,chij-our-lady-of-good-counsel,2009,3,0,0,,
3207,chij-our-lady-of-good-counsel,2009,Total,0,150,,1
3208,chij-our-lady-of-good-counsel,2010,1,0,0,,
3209,chij-our-lady-of-good-counsel,2010,2A(1),0,0,,
3210,chij-our-lady-of-good-counsel,2010,2A(2),0,0,,
3211,chij-our-lady-of-good-counsel,2010,2B,42,51,,1
3212,chij-our-lady-of-good-counsel,2010,2C,65,61,,0.938461538461538
3213,chij-our-lady-of-good-counsel,2010,2C(S),0,0,,
3214,chij-our-lady-of-good-counsel,2010,3,0,0,,
3215,chij-our-lady-of-good-counsel,2010,Total,0,150,,1
3216,chij-our-lady-of-good-counsel,2011,1,0,0,,
3217,chij-our-lady-of-good-counsel,2011,2A(1),0,0,,
3218,chij-our-lady-of-good-counsel,2011,2A(2),0,0,,
3219,chij-our-lady-of-good-counsel,2011,2B,35,45,,1
3220,chij-our-lady-of-good-counsel,2011,2C,60,57,,0.95
3221,chij-our-lady-of-good-counsel,2011,2C(S),0,0,,
3222,chij-our-lady-of-good-counsel,2011,3,0,0,,
3223,chij-our-lady-of-good-counsel,2011,Total,0,150,,1
3224,chij-our-lady-of-good-counsel,2012,1,0,0,,
3225,chij-our-lady-of-good-counsel,2012,2A(1),0,0,,
3226,chij-our-lady-of-good-counsel,2012,2A(2),0,0,,
3227,chij-our-lady-of-good-counsel,2012,2B,48,46,,0.958333333333333
3228,chij-our-lady-of-good-counsel,2012,2C,54,46,,0.851851851851852
3229,chij-our-lady-of-good-counsel,2012,2C(S),0,0,,
3230,chij-our-lady-of-good-counsel,2012,3,0,0,,
3231,chij-our-lady-of-good-counsel,2012,Total,0,150,,1
3232,chij-our-lady-of-good-counsel,2013,1,0,0,,
3233,chij-our-lady-of-good-counsel,2013,2A(1),0,0,,
3234,chij-our-lady-of-good-counsel,2013,2A(2),0,0,,
3235,chij-our-lady-of-good-counsel,2013,2B,39,45,,1
3236,chij-our-lady-of-good-counsel,2013,2C,56,50,,0.892857142857143
3237,chij-our-lady-of-good-counsel,2013,2C(S),0,0,,
3238,chij-our-lady-of-good-counsel,2013,3,0,0,,
3239,chij-our-lady-of-good-counsel,2013,Total,0,150,,1
3240,chij-our-lady-of-good-counsel,2014,1,0,0,,
3241,chij-our-lady-of-good-counsel,2014,2A(1),0,0,,
3242,chij-our-lady-of-good-counsel,2014,2A(2),0,0,,
3243,chij-our-lady-of-good-counsel,2014,2B,28,47,,1
3244,chij-our-lady-of-good-counsel,2014,2C,58,65,,1
3245,chij-our-lady-of-good-counsel,2014,2C(S),12,9,,0.75
3246,chij-our-lady-of-good-counsel,2014,3,0,0,,
3247,chij-our-lady-of-good-counsel,2014,Total,0,150,,1
3248,chij-our-lady-of-good-counsel,2015,1,0,0,,
3249,chij-our-lady-of-good-counsel,2015,2A(1),0,0,,
3250,chij-our-lady-of-good-counsel,2015,2A(2),0,0,,
3251,chij-our-lady-of-good-counsel,2015,2B,26,45,,1
3252,chij-our-lady-of-good-counsel,2015,2C,47,65,,1
3253,chij-our-lady-of-good-counsel,2015,2C(S),12,18,,1
3254,chij-our-lady-of-good-counsel,2015,3,0,6,,1
3255,chij-our-lady-of-good-counsel,2015,Total,0,150,,1
3256,chij-our-lady-of-good-counsel,2016,1,0,0,,
3257,chij-our-lady-of-good-counsel,2016,2A(1),0,0,,
3258,chij-our-lady-of-good-counsel,2016,2A(2),0,0,,
3259,chij-our-lady-of-good-counsel,2016,2B,21,50,,1
3260,chij-our-lady-of-good-counsel,2016,2C,41,81,,1
3261,chij-our-lady-of-good-counsel,2016,2C(S),14,40,,1
3262,chij-our-lady-of-good-counsel,2016,3,0,26,,1
3263,chij-our-lady-of-good-counsel,2016,Total,0,150,,1
3264,chij-our-lady-of-good-counsel,2017,1,0,0,,
3265,chij-our-lady-of-good-counsel,2017,2A(1),0,0,,
3266,chij-our-lady-of-good-counsel,2017,2A(2),0,0,,
3267,chij-our-lady-of-good-counsel,2017,2B,14,54,,1
3268,chij-our-lady-of-good-counsel,2017,2C,58,94,,1
3269,chij-our-lady-of-good-counsel,2017,2C(S),39,36,,0.923076923076923
3270,chij-our-lady-of-good-counsel,2017,3,0,0,,
3271,chij-our-lady-of-good-counsel,2017,Total,0,150,,1
3272,chij-our-lady-of-good-counsel,2018,1,0,0,,
3273,chij-our-lady-of-good-counsel,2018,2A(1),0,0,,
3274,chij-our-lady-of-good-counsel,2018,2A(2),0,0,,
3275,chij-our-lady-of-good-counsel,2018,2B,28,55,,1
3276,chij-our-lady-of-good-counsel,2018,2C,68,84,,1
3277,chij-our-lady-of-good-counsel,2018,2C(S),24,16,,0.666666666666667
3278,chij-our-lady-of-good-counsel,2018,3,0,0,,
3279,chij-our-lady-of-good-counsel,2018,Total,0,150,,1
3280,chij-our-lady-of-good-counsel,2019,1,37,110,,1
3281,chij-our-lady-of-good-counsel,2019,2A(1),0,73,,1
3282,chij-our-lady-of-good-counsel,2019,2A(2),13,73,,1
3283,chij-our-lady-of-good-counsel,2019,2B,17,50,,1
3284,chij-our-lady-of-good-counsel,2019,2C,76,83,,1
3285,chij-our-lady-of-good-counsel,2019,2C(S),13,7,SC<1#,0.538461538461538
3286,chij-our-lady-of-good-counsel,2019,3,0,0,,
3287,chij-our-lady-of-good-counsel,2019,Total,0,150,,1
3288,chij-our-lady-of-good-counsel,2020,1,29,110,,1
3289,chij-our-lady-of-good-counsel,2020,2A(1),0,81,,1
3290,chij-our-lady-of-good-counsel,2020,2A(2),14,81,,1
3291,chij-our-lady-of-good-counsel,2020,2B,20,54,,1
3292,chij-our-lady-of-good-counsel,2020,2C,97,87,SC>2,0.896907216494845
3293,chij-our-lady-of-good-counsel,2020,2C(S),0,0,,
3294,chij-our-lady-of-good-counsel,2020,3,0,0,,
3295,chij-our-lady-of-good-counsel,2020,Total,0,150,,1
3296,chij-our-lady-of-good-counsel,2021,1,43,110,,1
3297,chij-our-lady-of-good-counsel,2021,2A(1),0,67,,1
3298,chij-our-lady-of-good-counsel,2021,2A(2),25,67,,1
3299,chij-our-lady-of-good-counsel,2021,2B,18,42,,1
3300,chij-our-lady-of-good-counsel,2021,2C,54,65,,1
3301,chij-our-lady-of-good-counsel,2021,2C(S),19,11,SC1-2,0.578947368421053
3302,chij-our-lady-of-good-counsel,2021,3,0,0,,
3303,chij-our-lady-of-good-counsel,2021,Total,0,150,,1
3304,chij-our-lady-of-good-counsel,2022,1,33,90,,1
3305,chij-our-lady-of-good-counsel,2022,2A(1),20,57,,1
3306,chij-our-lady-of-good-counsel,2022,2A(2),0,0,,
3307,chij-our-lady-of-good-counsel,2022,2B,20,32,,1
3308,chij-our-lady-of-good-counsel,2022,2C,61,80,,1
3309,chij-our-lady-of-good-counsel,2022,2C(S),29,19,SC>2,0.655172413793103
3310,chij-our-lady-of-good-counsel,2022,3,0,0,,
3311,chij-our-lady-of-good-counsel,2022,Total,0,150,,1
3312,chij-our-lady-of-good-counsel,2023,1,29,90,,1
3313,chij-our-lady-of-good-counsel,2023,2A(1),11,61,,1
3314,chij-our-lady-of-good-counsel,2023,2A(2),0,0,,
3315,chij-our-lady-of-good-counsel,2023,2B,11,37,,1
3316,chij-our-lady-of-good-counsel,2023,2C,40,101,,1
3317,chij-our-lady-of-good-counsel,2023,2C(S),43,61,,1
3318,chij-our-lady-of-good-counsel,2023,3,0,18,,1
3319,chij-our-lady-of-good-counsel,2023,Total,0,150,,1
3320,chij-our-lady-of-the-nativity,2009,1,0,0,,
3321,chij-our-lady-of-the-nativity,2009,2A(1),0,0,,
3322,chij-our-lady-of-the-nativity,2009,2A(2),0,0,,
3323,chij-our-lady-of-the-nativity,2009,2B,65,81,,1
3324,chij-our-lady-of-the-nativity,2009,2C,109,97,,0.889908256880734
3325,chij-our-lady-of-the-nativity,2009,2C(S),0,0,,
3326,chij-our-lady-of-the-nativity,2009,3,0,0,,
3327,chij-our-lady-of-the-nativity,2009,Total,0,240,,1
3328,chij-our-lady-of-the-nativity,2010,1,0,0,,
3329,chij-our-lady-of-the-nativity,2010,2A(1),0,0,,
3330,chij-our-lady-of-the-nativity,2010,2A(2),0,0,,
3331,chij-our-lady-of-the-nativity,2010,2B,56,87,,1
3332,chij-our-lady-of-the-nativity,2010,2C,129,118,,0.914728682170543
3333,chij-our-lady-of-the-nativity,2010,2C(S),0,0,,
3334,chij-our-lady-of-the-nativity,2010,3,0,0,,
3335,chij-our-lady-of-the-nativity,2010,Total,0,240,,1
3336,chij-our-lady-of-the-nativity,2011,1,0,0,,
3337,chij-our-lady-of-the-nativity,2011,2A(1),0,0,,
3338,chij-our-lady-of-the-nativity,2011,2A(2),0,0,,
3339,chij-our-lady-of-the-nativity,2011,2B,51,79,,1
3340,chij-our-lady-of-the-nativity,2011,2C,127,109,,0.858267716535433
3341,chij-our-lady-of-the-nativity,2011,2C(S),0,0,,
3342,chij-our-lady-of-the-nativity,2011,3,0,0,,
3343,chij-our-lady-of-the-nativity,2011,Total,0,240,,1
3344,chij-our-lady-of-the-nativity,2012,1,0,0,,
3345,chij-our-lady-of-the-nativity,2012,2A(1),0,0,,
3346,chij-our-lady-of-the-nativity,2012,2A(2),0,0,,
3347,chij-our-lady-of-the-nativity,2012,2B,53,77,,1
3348,chij-our-lady-of-the-nativity,2012,2C,117,101,,0.863247863247863
3349,chij-our-lady-of-the-nativity,2012,2C(S),0,0,,
3350,chij-our-lady-of-the-nativity,2012,3,0,0,,
3351,chij-our-lady-of-the-nativity,2012,Total,0,240,,1
3352,chij-our-lady-of-the-nativity,2013,1,0,0,,
3353,chij-our-lady-of-the-nativity,2013,2A(1),0,0,,
3354,chij-our-lady-of-the-nativity,2013,2A(2),0,0,,
3355,chij-our-lady-of-the-nativity,2013,2B,59,71,,1
3356,chij-our-lady-of-the-nativity,2013,2C,93,82,,0.881720430107527
3357,chij-our-lady-of-the-nativity,2013,2C(S),0,0,,
3358,chij-our-lady-of-the-nativity,2013,3,0,0,,
3359,chij-our-lady-of-the-nativity,2013,Total,0,240,,1
3360,chij-our-lady-of-the-nativity,2014,1,0,0,,
3361,chij-our-lady-of-the-nativity,2014,2A(1),0,0,,
3362,chij-our-lady-of-the-nativity,2014,2A(2),0,0,,
3363,chij-our-lady-of-the-nativity,2014,2B,47,74,,1
3364,chij-our-lady-of-the-nativity,2014,2C,116,101,,0.870689655172414
3365,chij-our-lady-of-the-nativity,2014,2C(S),0,0,,
3366,chij-our-lady-of-the-nativity,2014,3,0,0,,
3367,chij-our-lady-of-the-nativity,2014,Total,0,240,,1
3368,chij-our-lady-of-the-nativity,2015,1,0,0,,
3369,chij-our-lady-of-the-nativity,2015,2A(1),0,0,,
3370,chij-our-lady-of-the-nativity,2015,2A(2),0,0,,
3371,chij-our-lady-of-the-nativity,2015,2B,49,78,,1
3372,chij-our-lady-of-the-nativity,2015,2C,99,108,,1
3373,chij-our-lady-of-the-nativity,2015,2C(S),9,9,,1
3374,chij-our-lady-of-the-nativity,2015,3,0,0,,
3375,chij-our-lady-of-the-nativity,2015,Total,0,240,,1
3376,chij-our-lady-of-the-nativity,2016,1,0,0,,
3377,chij-our-lady-of-the-nativity,2016,2A(1),0,0,,
3378,chij-our-lady-of-the-nativity,2016,2A(2),0,0,,
3379,chij-our-lady-of-the-nativity,2016,2B,50,74,,1
3380,chij-our-lady-of-the-nativity,2016,2C,104,101,,0.971153846153846
3381,chij-our-lady-of-the-nativity,2016,2C(S),0,0,,
3382,chij-our-lady-of-the-nativity,2016,3,0,0,,
3383,chij-our-lady-of-the-nativity,2016,Total,0,240,,1
3384,chij-our-lady-of-the-nativity,2017,1,0,0,,
3385,chij-our-lady-of-the-nativity,2017,2A(1),0,0,,
3386,chij-our-lady-of-the-nativity,2017,2A(2),0,0,,
3387,chij-our-lady-of-the-nativity,2017,2B,54,73,,1
3388,chij-our-lady-of-the-nativity,2017,2C,100,93,,0.93
3389,chij-our-lady-of-the-nativity,2017,2C(S),0,0,,
3390,chij-our-lady-of-the-nativity,2017,3,0,0,,
3391,chij-our-lady-of-the-nativity,2017,Total,0,240,,1
3392,chij-our-lady-of-the-nativity,2018,1,0,0,,
3393,chij-our-lady-of-the-nativity,2018,2A(1),0,0,,
3394,chij-our-lady-of-the-nativity,2018,2A(2),0,0,,
3395,chij-our-lady-of-the-nativity,2018,2B,58,75,,1
3396,chij-our-lady-of-the-nativity,2018,2C,106,95,,0.89622641509434
3397,chij-our-lady-of-the-nativity,2018,2C(S),0,0,,
3398,chij-our-lady-of-the-nativity,2018,3,0,0,,
3399,chij-our-lady-of-the-nativity,2018,Total,0,240,,1
3400,chij-our-lady-of-the-nativity,2019,1,66,200,,1
3401,chij-our-lady-of-the-nativity,2019,2A(1),0,135,,1
3402,chij-our-lady-of-the-nativity,2019,2A(2),24,135,,1
3403,chij-our-lady-of-the-nativity,2019,2B,40,76,,1
3404,chij-our-lady-of-the-nativity,2019,2C,119,114,PR<1,0.957983193277311
3405,chij-our-lady-of-the-nativity,2019,2C(S),0,0,,
3406,chij-our-lady-of-the-nativity,2019,3,0,0,,
3407,chij-our-lady-of-the-nativity,2019,Total,0,240,,1
3408,chij-our-lady-of-the-nativity,2020,1,62,200,,1
3409,chij-our-lady-of-the-nativity,2020,2A(1),0,138,,1
3410,chij-our-lady-of-the-nativity,2020,2A(2),32,138,,1
3411,chij-our-lady-of-the-nativity,2020,2B,65,74,,1
3412,chij-our-lady-of-the-nativity,2020,2C,97,84,SC1-2,0.865979381443299
3413,chij-our-lady-of-the-nativity,2020,2C(S),0,0,,
3414,chij-our-lady-of-the-nativity,2020,3,0,0,,
3415,chij-our-lady-of-the-nativity,2020,Total,0,240,,1
3416,chij-our-lady-of-the-nativity,2021,1,54,200,,1
3417,chij-our-lady-of-the-nativity,2021,2A(1),0,146,,1
3418,chij-our-lady-of-the-nativity,2021,2A(2),31,146,,1
3419,chij-our-lady-of-the-nativity,2021,2B,57,78,,1
3420,chij-our-lady-of-the-nativity,2021,2C,104,100,SC>2,0.961538461538462
3421,chij-our-lady-of-the-nativity,2021,2C(S),0,0,,
3422,chij-our-lady-of-the-nativity,2021,3,0,0,,
3423,chij-our-lady-of-the-nativity,2021,Total,0,240,,1
3424,chij-our-lady-of-the-nativity,2022,1,58,180,,1
3425,chij-our-lady-of-the-nativity,2022,2A(1),22,122,,1
3426,chij-our-lady-of-the-nativity,2022,2A(2),0,0,,
3427,chij-our-lady-of-the-nativity,2022,2B,53,54,,1
3428,chij-our-lady-of-the-nativity,2022,2C,118,110,SC>2,0.932203389830508
3429,chij-our-lady-of-the-nativity,2022,2C(S),0,0,,
3430,chij-our-lady-of-the-nativity,2022,3,0,0,,
3431,chij-our-lady-of-the-nativity,2022,Total,0,240,,1
3432,chij-our-lady-of-the-nativity,2023,1,60,180,,1
3433,chij-our-lady-of-the-nativity,2023,2A(1),24,120,,1
3434,chij-our-lady-of-the-nativity,2023,2A(2),0,0,,
3435,chij-our-lady-of-the-nativity,2023,2B,45,52,,1
3436,chij-our-lady-of-the-nativity,2023,2C,113,111,PR<1,0.982300884955752
3437,chij-our-lady-of-the-nativity,2023,2C(S),0,0,,
3438,chij-our-lady-of-the-nativity,2023,3,0,0,,
3439,chij-our-lady-of-the-nativity,2023,Total,0,240,,1
3440,chij-our-lady-queen-of-peace,2009,1,0,0,,
3441,chij-our-lady-queen-of-peace,2009,2A(1),0,0,,
3442,chij-our-lady-queen-of-peace,2009,2A(2),0,0,,
3443,chij-our-lady-queen-of-peace,2009,2B,51,57,,1
3444,chij-our-lady-queen-of-peace,2009,2C,86,64,,0.744186046511628
3445,chij-our-lady-queen-of-peace,2009,2C(S),0,0,,
3446,chij-our-lady-queen-of-peace,2009,3,0,0,,
3447,chij-our-lady-queen-of-peace,2009,Total,0,180,,1
3448,chij-our-lady-queen-of-peace,2010,1,0,0,,
3449,chij-our-lady-queen-of-peace,2010,2A(1),0,0,,
3450,chij-our-lady-queen-of-peace,2010,2A(2),0,0,,
3451,chij-our-lady-queen-of-peace,2010,2B,39,67,,1
3452,chij-our-lady-queen-of-peace,2010,2C,94,95,,1
3453,chij-our-lady-queen-of-peace,2010,2C(S),1,1,,1
3454,chij-our-lady-queen-of-peace,2010,3,0,0,,
3455,chij-our-lady-queen-of-peace,2010,Total,0,180,,1
3456,chij-our-lady-queen-of-peace,2011,1,0,0,,
3457,chij-our-lady-queen-of-peace,2011,2A(1),0,0,,
3458,chij-our-lady-queen-of-peace,2011,2A(2),0,0,,
3459,chij-our-lady-queen-of-peace,2011,2B,50,62,,1
3460,chij-our-lady-queen-of-peace,2011,2C,92,74,,0.804347826086957
3461,chij-our-lady-queen-of-peace,2011,2C(S),0,0,,
3462,chij-our-lady-queen-of-peace,2011,3,0,0,,
3463,chij-our-lady-queen-of-peace,2011,Total,0,180,,1
3464,chij-our-lady-queen-of-peace,2012,1,0,0,,
3465,chij-our-lady-queen-of-peace,2012,2A(1),0,0,,
3466,chij-our-lady-queen-of-peace,2012,2A(2),0,0,,
3467,chij-our-lady-queen-of-peace,2012,2B,46,62,,1
3468,chij-our-lady-queen-of-peace,2012,2C,61,78,,1
3469,chij-our-lady-queen-of-peace,2012,2C(S),27,20,,0.740740740740741
3470,chij-our-lady-queen-of-peace,2012,3,0,0,,
3471,chij-our-lady-queen-of-peace,2012,Total,0,180,,1
3472,chij-our-lady-queen-of-peace,2013,1,0,0,,
3473,chij-our-lady-queen-of-peace,2013,2A(1),0,0,,
3474,chij-our-lady-queen-of-peace,2013,2A(2),0,0,,
3475,chij-our-lady-queen-of-peace,2013,2B,53,58,,1
3476,chij-our-lady-queen-of-peace,2013,2C,67,62,,0.925373134328358
3477,chij-our-lady-queen-of-peace,2013,2C(S),0,0,,
3478,chij-our-lady-queen-of-peace,2013,3,0,0,,
3479,chij-our-lady-queen-of-peace,2013,Total,0,180,,1
3480,chij-our-lady-queen-of-peace,2014,1,0,0,,
3481,chij-our-lady-queen-of-peace,2014,2A(1),0,0,,
3482,chij-our-lady-queen-of-peace,2014,2A(2),0,0,,
3483,chij-our-lady-queen-of-peace,2014,2B,42,61,,1
3484,chij-our-lady-queen-of-peace,2014,2C,69,80,,1
3485,chij-our-lady-queen-of-peace,2014,2C(S),14,13,,0.928571428571429
3486,chij-our-lady-queen-of-peace,2014,3,0,0,,
3487,chij-our-lady-queen-of-peace,2014,Total,0,180,,1
3488,chij-our-lady-queen-of-peace,2015,1,0,0,,
3489,chij-our-lady-queen-of-peace,2015,2A(1),0,0,,
3490,chij-our-lady-queen-of-peace,2015,2A(2),0,0,,
3491,chij-our-lady-queen-of-peace,2015,2B,27,55,,1
3492,chij-our-lady-queen-of-peace,2015,2C,48,86,,1
3493,chij-our-lady-queen-of-peace,2015,2C(S),14,38,,1
3494,chij-our-lady-queen-of-peace,2015,3,0,24,,1
3495,chij-our-lady-queen-of-peace,2015,Total,0,180,,1
3496,chij-our-lady-queen-of-peace,2016,1,0,0,,
3497,chij-our-lady-queen-of-peace,2016,2A(1),0,0,,
3498,chij-our-lady-queen-of-peace,2016,2A(2),0,0,,
3499,chij-our-lady-queen-of-peace,2016,2B,22,67,,1
3500,chij-our-lady-queen-of-peace,2016,2C,55,112,,1
3501,chij-our-lady-queen-of-peace,2016,2C(S),21,57,,1
3502,chij-our-lady-queen-of-peace,2016,3,0,36,,1
3503,chij-our-lady-queen-of-peace,2016,Total,0,180,,1
3504,chij-our-lady-queen-of-peace,2017,1,0,0,,
3505,chij-our-lady-queen-of-peace,2017,2A(1),0,0,,
3506,chij-our-lady-queen-of-peace,2017,2A(2),0,0,,
3507,chij-our-lady-queen-of-peace,2017,2B,20,69,,1
3508,chij-our-lady-queen-of-peace,2017,2C,69,121,,1
3509,chij-our-lady-queen-of-peace,2017,2C(S),26,52,,1
3510,chij-our-lady-queen-of-peace,2017,3,0,26,,1
3511,chij-our-lady-queen-of-peace,2017,Total,0,180,,1
3512,chij-our-lady-queen-of-peace,2018,1,0,0,,
3513,chij-our-lady-queen-of-peace,2018,2A(1),0,0,,
3514,chij-our-lady-queen-of-peace,2018,2A(2),0,0,,
3515,chij-our-lady-queen-of-peace,2018,2B,18,65,,1
3516,chij-our-lady-queen-of-peace,2018,2C,70,111,,1
3517,chij-our-lady-queen-of-peace,2018,2C(S),43,41,,0.953488372093023
3518,chij-our-lady-queen-of-peace,2018,3,0,0,,
3519,chij-our-lady-queen-of-peace,2018,Total,0,180,,1
3520,chij-our-lady-queen-of-peace,2019,1,36,140,,1
3521,chij-our-lady-queen-of-peace,2019,2A(1),0,104,,1
3522,chij-our-lady-queen-of-peace,2019,2A(2),12,104,,1
3523,chij-our-lady-queen-of-peace,2019,2B,19,66,,1
3524,chij-our-lady-queen-of-peace,2019,2C,76,113,,1
3525,chij-our-lady-queen-of-peace,2019,2C(S),42,37,SC>2,0.880952380952381
3526,chij-our-lady-queen-of-peace,2019,3,0,0,,
3527,chij-our-lady-queen-of-peace,2019,Total,0,180,,1
3528,chij-our-lady-queen-of-peace,2020,1,40,140,,1
3529,chij-our-lady-queen-of-peace,2020,2A(1),0,100,,1
3530,chij-our-lady-queen-of-peace,2020,2A(2),10,100,,1
3531,chij-our-lady-queen-of-peace,2020,2B,23,66,,1
3532,chij-our-lady-queen-of-peace,2020,2C,70,108,,1
3533,chij-our-lady-queen-of-peace,2020,2C(S),43,38,SC>2,0.883720930232558
3534,chij-our-lady-queen-of-peace,2020,3,0,0,,
3535,chij-our-lady-queen-of-peace,2020,Total,0,180,,1
3536,chij-our-lady-queen-of-peace,2021,1,40,140,,1
3537,chij-our-lady-queen-of-peace,2021,2A(1),1,100,,1
3538,chij-our-lady-queen-of-peace,2021,2A(2),11,99,,1
3539,chij-our-lady-queen-of-peace,2021,2B,14,64,,1
3540,chij-our-lady-queen-of-peace,2021,2C,84,115,,1
3541,chij-our-lady-queen-of-peace,2021,2C(S),27,31,,1
3542,chij-our-lady-queen-of-peace,2021,3,0,4,,1
3543,chij-our-lady-queen-of-peace,2021,Total,0,180,,1
3544,chij-our-lady-queen-of-peace,2022,1,38,120,,1
3545,chij-our-lady-queen-of-peace,2022,2A(1),4,82,,1
3546,chij-our-lady-queen-of-peace,2022,2A(2),0,0,,
3547,chij-our-lady-queen-of-peace,2022,2B,12,46,,1
3548,chij-our-lady-queen-of-peace,2022,2C,82,126,,1
3549,chij-our-lady-queen-of-peace,2022,2C(S),42,44,,1
3550,chij-our-lady-queen-of-peace,2022,3,0,2,,1
3551,chij-our-lady-queen-of-peace,2022,Total,0,180,,1
3552,chij-our-lady-queen-of-peace,2023,1,48,120,,1
3553,chij-our-lady-queen-of-peace,2023,2A(1),15,72,,1
3554,chij-our-lady-queen-of-peace,2023,2A(2),0,0,,
3555,chij-our-lady-queen-of-peace,2023,2B,14,40,,1
3556,chij-our-lady-queen-of-peace,2023,2C,59,105,,1
3557,chij-our-lady-queen-of-peace,2023,2C(S),37,46,,1
3558,chij-our-lady-queen-of-peace,2023,3,0,9,,1
3559,chij-our-lady-queen-of-peace,2023,Total,0,180,,1
3560,chij-st-nicholas-girls,2009,1,0,0,,
3561,chij-st-nicholas-girls,2009,2A(1),0,0,,
3562,chij-st-nicholas-girls,2009,2A(2),0,0,,
3563,chij-st-nicholas-girls,2009,2B,46,37,,0.804347826086957
3564,chij-st-nicholas-girls,2009,2C,49,37,,0.755102040816326
3565,chij-st-nicholas-girls,2009,2C(S),0,0,,
3566,chij-st-nicholas-girls,2009,3,0,0,,
3567,chij-st-nicholas-girls,2009,Total,0,210,,1
3568,chij-st-nicholas-girls,2010,1,0,0,,
3569,chij-st-nicholas-girls,2010,2A(1),0,0,,
3570,chij-st-nicholas-girls,2010,2A(2),0,0,,
3571,chij-st-nicholas-girls,2010,2B,40,21,,0.525
3572,chij-st-nicholas-girls,2010,2C,48,22,,0.458333333333333
3573,chij-st-nicholas-girls,2010,2C(S),0,0,,
3574,chij-st-nicholas-girls,2010,3,0,0,,
3575,chij-st-nicholas-girls,2010,Total,0,210,,1
3576,chij-st-nicholas-girls,2011,1,0,0,,
3577,chij-st-nicholas-girls,2011,2A(1),0,0,,
3578,chij-st-nicholas-girls,2011,2A(2),0,0,,
3579,chij-st-nicholas-girls,2011,2B,40,26,,0.65
3580,chij-st-nicholas-girls,2011,2C,57,26,,0.456140350877193
3581,chij-st-nicholas-girls,2011,2C(S),0,0,,
3582,chij-st-nicholas-girls,2011,3,0,0,,
3583,chij-st-nicholas-girls,2011,Total,0,210,,1
3584,chij-st-nicholas-girls,2012,1,0,0,,
3585,chij-st-nicholas-girls,2012,2A(1),0,0,,
3586,chij-st-nicholas-girls,2012,2A(2),0,0,,
3587,chij-st-nicholas-girls,2012,2B,32,18,,0.5625
3588,chij-st-nicholas-girls,2012,2C,42,17,,0.404761904761905
3589,chij-st-nicholas-girls,2012,2C(S),0,0,,
3590,chij-st-nicholas-girls,2012,3,0,0,,
3591,chij-st-nicholas-girls,2012,Total,0,210,,1
3592,chij-st-nicholas-girls,2013,1,0,0,,
3593,chij-st-nicholas-girls,2013,2A(1),0,0,,
3594,chij-st-nicholas-girls,2013,2A(2),0,0,,
3595,chij-st-nicholas-girls,2013,2B,33,13,,0.393939393939394
3596,chij-st-nicholas-girls,2013,2C,37,12,,0.324324324324324
3597,chij-st-nicholas-girls,2013,2C(S),0,0,,
3598,chij-st-nicholas-girls,2013,3,0,0,,
3599,chij-st-nicholas-girls,2013,Total,0,210,,1
3600,chij-st-nicholas-girls,2014,1,0,0,,
3601,chij-st-nicholas-girls,2014,2A(1),0,0,,
3602,chij-st-nicholas-girls,2014,2A(2),0,0,,
3603,chij-st-nicholas-girls,2014,2B,34,20,,0.588235294117647
3604,chij-st-nicholas-girls,2014,2C,32,20,,0.625
3605,chij-st-nicholas-girls,2014,2C(S),0,0,,
3606,chij-st-nicholas-girls,2014,3,0,0,,
3607,chij-st-nicholas-girls,2014,Total,0,210,,1
3608,chij-st-nicholas-girls,2015,1,0,0,,
3609,chij-st-nicholas-girls,2015,2A(1),0,0,,
3610,chij-st-nicholas-girls,2015,2A(2),0,0,,
3611,chij-st-nicholas-girls,2015,2B,29,21,,0.724137931034483
3612,chij-st-nicholas-girls,2015,2C,33,21,,0.636363636363636
3613,chij-st-nicholas-girls,2015,2C(S),0,0,,
3614,chij-st-nicholas-girls,2015,3,0,0,,
3615,chij-st-nicholas-girls,2015,Total,0,210,,1
3616,chij-st-nicholas-girls,2016,1,0,0,,
3617,chij-st-nicholas-girls,2016,2A(1),0,0,,
3618,chij-st-nicholas-girls,2016,2A(2),0,0,,
3619,chij-st-nicholas-girls,2016,2B,32,27,,0.84375
3620,chij-st-nicholas-girls,2016,2C,34,29,,0.852941176470588
3621,chij-st-nicholas-girls,2016,2C(S),0,0,,
3622,chij-st-nicholas-girls,2016,3,0,0,,
3623,chij-st-nicholas-girls,2016,Total,0,210,,1
3624,chij-st-nicholas-girls,2017,1,0,0,,
3625,chij-st-nicholas-girls,2017,2A(1),0,0,,
3626,chij-st-nicholas-girls,2017,2A(2),0,0,,
3627,chij-st-nicholas-girls,2017,2B,28,21,,0.75
3628,chij-st-nicholas-girls,2017,2C,35,26,,0.742857142857143
3629,chij-st-nicholas-girls,2017,2C(S),0,0,,
3630,chij-st-nicholas-girls,2017,3,0,0,,
3631,chij-st-nicholas-girls,2017,Total,0,210,,1
3632,chij-st-nicholas-girls,2018,1,0,0,,
3633,chij-st-nicholas-girls,2018,2A(1),0,0,,
3634,chij-st-nicholas-girls,2018,2A(2),0,0,,
3635,chij-st-nicholas-girls,2018,2B,27,21,,0.777777777777778
3636,chij-st-nicholas-girls,2018,2C,38,21,,0.552631578947368
3637,chij-st-nicholas-girls,2018,2C(S),0,0,,
3638,chij-st-nicholas-girls,2018,3,0,0,,
3639,chij-st-nicholas-girls,2018,Total,0,210,,1
3640,chij-st-nicholas-girls,2019,1,64,170,,1
3641,chij-st-nicholas-girls,2019,2A(1),86,106,,1
3642,chij-st-nicholas-girls,2019,2A(2),20,20,,1
3643,chij-st-nicholas-girls,2019,2B,40,20,SC<1,0.5
3644,chij-st-nicholas-girls,2019,2C,44,22,SC<1,0.5
3645,chij-st-nicholas-girls,2019,2C(S),0,0,,
3646,chij-st-nicholas-girls,2019,3,0,0,,
3647,chij-st-nicholas-girls,2019,Total,0,210,,1
3648,chij-st-nicholas-girls,2020,1,69,170,,1
3649,chij-st-nicholas-girls,2020,2A(1),106,101,SC>2,0.952830188679245
3650,chij-st-nicholas-girls,2020,2A(2),0,0,,
3651,chij-st-nicholas-girls,2020,2B,32,21,SC<1,0.65625
3652,chij-st-nicholas-girls,2020,2C,49,21,SC<1,0.428571428571428
3653,chij-st-nicholas-girls,2020,2C(S),0,0,,
3654,chij-st-nicholas-girls,2020,3,0,0,,
3655,chij-st-nicholas-girls,2020,Total,0,210,,1
3656,chij-st-nicholas-girls,2021,1,93,170,,1
3657,chij-st-nicholas-girls,2021,2A(1),121,77,SC>2,0.636363636363636
3658,chij-st-nicholas-girls,2021,2A(2),0,0,,
3659,chij-st-nicholas-girls,2021,2B,40,20,SC<1,0.5
3660,chij-st-nicholas-girls,2021,2C,61,20,SC<1,0.327868852459016
3661,chij-st-nicholas-girls,2021,2C(S),0,0,,
3662,chij-st-nicholas-girls,2021,3,0,0,,
3663,chij-st-nicholas-girls,2021,Total,0,210,,1
3664,chij-st-nicholas-girls,2022,1,60,150,,1
3665,chij-st-nicholas-girls,2022,2A(1),112,90,SC>2,0.803571428571429
3666,chij-st-nicholas-girls,2022,2A(2),0,0,,
3667,chij-st-nicholas-girls,2022,2B,46,20,SC<1,0.434782608695652
3668,chij-st-nicholas-girls,2022,2C,63,40,SC<1,0.634920634920635
3669,chij-st-nicholas-girls,2022,2C(S),0,0,,
3670,chij-st-nicholas-girls,2022,3,0,0,,
3671,chij-st-nicholas-girls,2022,Total,0,210,,1
3672,chij-st-nicholas-girls,2023,1,70,150,,1
3673,chij-st-nicholas-girls,2023,2A(1),103,80,SC>2,0.776699029126214
3674,chij-st-nicholas-girls,2023,2A(2),0,0,,
3675,chij-st-nicholas-girls,2023,2B,46,20,SC<1,0.434782608695652
3676,chij-st-nicholas-girls,2023,2C,84,40,SC<1,0.476190476190476
3677,chij-st-nicholas-girls,2023,2C(S),0,0,,
3678,chij-st-nicholas-girls,2023,3,0,0,,
3679,chij-st-nicholas-girls,2023,Total,0,210,,1
3680,chij-toa-payoh,2009,1,0,0,,
3681,chij-toa-payoh,2009,2A(1),0,0,,
3682,chij-toa-payoh,2009,2A(2),0,0,,
3683,chij-toa-payoh,2009,2B,63,53,,0.841269841269841
3684,chij-toa-payoh,2009,2C,60,53,,0.883333333333333
3685,chij-toa-payoh,2009,2C(S),0,0,,
3686,chij-toa-payoh,2009,3,0,0,,
3687,chij-toa-payoh,2009,Total,0,210,,1
3688,chij-toa-payoh,2010,1,0,0,,
3689,chij-toa-payoh,2010,2A(1),0,0,,
3690,chij-toa-payoh,2010,2A(2),0,0,,
3691,chij-toa-payoh,2010,2B,71,53,,0.746478873239437
3692,chij-toa-payoh,2010,2C,69,52,,0.753623188405797
3693,chij-toa-payoh,2010,2C(S),0,0,,
3694,chij-toa-payoh,2010,3,0,0,,
3695,chij-toa-payoh,2010,Total,0,210,,1
3696,chij-toa-payoh,2011,1,0,0,,
3697,chij-toa-payoh,2011,2A(1),0,0,,
3698,chij-toa-payoh,2011,2A(2),0,0,,
3699,chij-toa-payoh,2011,2B,63,48,,0.761904761904762
3700,chij-toa-payoh,2011,2C,60,50,,0.833333333333333
3701,chij-toa-payoh,2011,2C(S),0,0,,
3702,chij-toa-payoh,2011,3,0,0,,
3703,chij-toa-payoh,2011,Total,0,210,,1
3704,chij-toa-payoh,2012,1,0,0,,
3705,chij-toa-payoh,2012,2A(1),0,0,,
3706,chij-toa-payoh,2012,2A(2),0,0,,
3707,chij-toa-payoh,2012,2B,68,50,,0.735294117647059
3708,chij-toa-payoh,2012,2C,58,50,,0.862068965517241
3709,chij-toa-payoh,2012,2C(S),0,0,,
3710,chij-toa-payoh,2012,3,0,0,,
3711,chij-toa-payoh,2012,Total,0,210,,1
3712,chij-toa-payoh,2013,1,0,0,,
3713,chij-toa-payoh,2013,2A(1),0,0,,
3714,chij-toa-payoh,2013,2A(2),0,0,,
3715,chij-toa-payoh,2013,2B,60,45,,0.75
3716,chij-toa-payoh,2013,2C,54,44,,0.814814814814815
3717,chij-toa-payoh,2013,2C(S),0,0,,
3718,chij-toa-payoh,2013,3,0,0,,
3719,chij-toa-payoh,2013,Total,0,210,,1
3720,chij-toa-payoh,2014,1,0,0,,
3721,chij-toa-payoh,2014,2A(1),0,0,,
3722,chij-toa-payoh,2014,2A(2),0,0,,
3723,chij-toa-payoh,2014,2B,64,50,,0.78125
3724,chij-toa-payoh,2014,2C,74,51,,0.689189189189189
3725,chij-toa-payoh,2014,2C(S),0,0,,
3726,chij-toa-payoh,2014,3,0,0,,
3727,chij-toa-payoh,2014,Total,0,210,,1
3728,chij-toa-payoh,2015,1,0,0,,
3729,chij-toa-payoh,2015,2A(1),0,0,,
3730,chij-toa-payoh,2015,2A(2),0,0,,
3731,chij-toa-payoh,2015,2B,54,45,,0.833333333333333
3732,chij-toa-payoh,2015,2C,57,47,,0.824561403508772
3733,chij-toa-payoh,2015,2C(S),0,0,,
3734,chij-toa-payoh,2015,3,0,0,,
3735,chij-toa-payoh,2015,Total,0,210,,1
3736,chij-toa-payoh,2016,1,0,0,,
3737,chij-toa-payoh,2016,2A(1),0,0,,
3738,chij-toa-payoh,2016,2A(2),0,0,,
3739,chij-toa-payoh,2016,2B,64,46,,0.71875
3740,chij-toa-payoh,2016,2C,66,53,,0.803030303030303
3741,chij-toa-payoh,2016,2C(S),0,0,,
3742,chij-toa-payoh,2016,3,0,0,,
3743,chij-toa-payoh,2016,Total,0,210,,1
3744,chij-toa-payoh,2017,1,0,0,,
3745,chij-toa-payoh,2017,2A(1),0,0,,
3746,chij-toa-payoh,2017,2A(2),0,0,,
3747,chij-toa-payoh,2017,2B,57,39,,0.684210526315789
3748,chij-toa-payoh,2017,2C,57,38,,0.666666666666667
3749,chij-toa-payoh,2017,2C(S),0,0,,
3750,chij-toa-payoh,2017,3,0,0,,
3751,chij-toa-payoh,2017,Total,0,210,,1
3752,chij-toa-payoh,2018,1,0,0,,
3753,chij-toa-payoh,2018,2A(1),0,0,,
3754,chij-toa-payoh,2018,2A(2),0,0,,
3755,chij-toa-payoh,2018,2B,69,47,,0.681159420289855
3756,chij-toa-payoh,2018,2C,64,49,,0.765625
3757,chij-toa-payoh,2018,2C(S),0,0,,
3758,chij-toa-payoh,2018,3,0,0,,
3759,chij-toa-payoh,2018,Total,0,210,,1
3760,chij-toa-payoh,2019,1,54,170,,1
3761,chij-toa-payoh,2019,2A(1),49,116,,1
3762,chij-toa-payoh,2019,2A(2),24,67,,1
3763,chij-toa-payoh,2019,2B,68,42,SC1-2,0.617647058823529
3764,chij-toa-payoh,2019,2C,63,43,SC<1,0.682539682539683
3765,chij-toa-payoh,2019,2C(S),0,0,,
3766,chij-toa-payoh,2019,3,0,0,,
3767,chij-toa-payoh,2019,Total,0,210,,1
3768,chij-toa-payoh,2020,1,64,170,,1
3769,chij-toa-payoh,2020,2A(1),54,106,,1
3770,chij-toa-payoh,2020,2A(2),23,52,,1
3771,chij-toa-payoh,2020,2B,63,35,SC<1#,0.555555555555556
3772,chij-toa-payoh,2020,2C,49,35,SC<1,0.714285714285714
3773,chij-toa-payoh,2020,2C(S),0,0,,
3774,chij-toa-payoh,2020,3,0,0,,
3775,chij-toa-payoh,2020,Total,0,210,,1
3776,chij-toa-payoh,2021,1,51,170,,1
3777,chij-toa-payoh,2021,2A(1),52,119,,1
3778,chij-toa-payoh,2021,2A(2),24,67,,1
3779,chij-toa-payoh,2021,2B,59,42,SC>2,0.711864406779661
3780,chij-toa-payoh,2021,2C,57,44,SC<1,0.771929824561403
3781,chij-toa-payoh,2021,2C(S),0,0,,
3782,chij-toa-payoh,2021,3,0,0,,
3783,chij-toa-payoh,2021,Total,0,210,,1
3784,chij-toa-payoh,2022,1,55,150,,1
3785,chij-toa-payoh,2022,2A(1),74,95,,1
3786,chij-toa-payoh,2022,2A(2),0,0,,
3787,chij-toa-payoh,2022,2B,40,27,SC<1,0.675
3788,chij-toa-payoh,2022,2C,68,54,SC<1,0.794117647058823
3789,chij-toa-payoh,2022,2C(S),0,0,,
3790,chij-toa-payoh,2022,3,0,0,,
3791,chij-toa-payoh,2022,Total,0,210,,1
3792,chij-toa-payoh,2023,1,51,150,,1
3793,chij-toa-payoh,2023,2A(1),78,100,,1
3794,chij-toa-payoh,2023,2A(2),0,0,,
3795,chij-toa-payoh,2023,2B,53,27,SC<1,0.509433962264151
3796,chij-toa-payoh,2023,2C,69,55,SC1-2,0.797101449275362
3797,chij-toa-payoh,2023,2C(S),0,0,,
3798,chij-toa-payoh,2023,3,0,0,,
3799,chij-toa-payoh,2023,Total,0,210,,1
3800,chongfu,2009,1,0,0,,
3801,chongfu,2009,2A(1),0,0,,
3802,chongfu,2009,2A(2),0,0,,
3803,chongfu,2009,2B,96,80,,0.833333333333333
3804,chongfu,2009,2C,98,81,,0.826530612244898
3805,chongfu,2009,2C(S),0,0,,
3806,chongfu,2009,3,0,0,,
3807,chongfu,2009,Total,0,300,,1
3808,chongfu,2010,1,0,0,,
3809,chongfu,2010,2A(1),0,0,,
3810,chongfu,2010,2A(2),0,0,,
3811,chongfu,2010,2B,95,78,,0.821052631578947
3812,chongfu,2010,2C,103,77,,0.747572815533981
3813,chongfu,2010,2C(S),0,0,,
3814,chongfu,2010,3,0,0,,
3815,chongfu,2010,Total,0,300,,1
3816,chongfu,2011,1,0,0,,
3817,chongfu,2011,2A(1),0,0,,
3818,chongfu,2011,2A(2),0,0,,
3819,chongfu,2011,2B,91,68,,0.747252747252747
3820,chongfu,2011,2C,104,67,,0.644230769230769
3821,chongfu,2011,2C(S),0,0,,
3822,chongfu,2011,3,0,0,,
3823,chongfu,2011,Total,0,300,,1
3824,chongfu,2012,1,0,0,,
3825,chongfu,2012,2A(1),0,0,,
3826,chongfu,2012,2A(2),0,0,,
3827,chongfu,2012,2B,84,64,,0.761904761904762
3828,chongfu,2012,2C,84,63,,0.75
3829,chongfu,2012,2C(S),0,0,,
3830,chongfu,2012,3,0,0,,
3831,chongfu,2012,Total,0,300,,1
3832,chongfu,2013,1,0,0,,
3833,chongfu,2013,2A(1),0,0,,
3834,chongfu,2013,2A(2),0,0,,
3835,chongfu,2013,2B,72,53,,0.736111111111111
3836,chongfu,2013,2C,100,53,,0.53
3837,chongfu,2013,2C(S),0,0,,
3838,chongfu,2013,3,0,0,,
3839,chongfu,2013,Total,0,300,,1
3840,chongfu,2014,1,0,0,,
3841,chongfu,2014,2A(1),0,0,,
3842,chongfu,2014,2A(2),0,0,,
3843,chongfu,2014,2B,63,55,,0.873015873015873
3844,chongfu,2014,2C,93,56,,0.602150537634409
3845,chongfu,2014,2C(S),0,0,,
3846,chongfu,2014,3,0,0,,
3847,chongfu,2014,Total,0,300,,1
3848,chongfu,2015,1,0,0,,
3849,chongfu,2015,2A(1),0,0,,
3850,chongfu,2015,2A(2),0,0,,
3851,chongfu,2015,2B,52,56,,1
3852,chongfu,2015,2C,78,63,,0.807692307692308
3853,chongfu,2015,2C(S),0,0,,
3854,chongfu,2015,3,0,0,,
3855,chongfu,2015,Total,0,300,,1
3856,chongfu,2016,1,0,0,,
3857,chongfu,2016,2A(1),0,0,,
3858,chongfu,2016,2A(2),0,0,,
3859,chongfu,2016,2B,49,66,,1
3860,chongfu,2016,2C,111,84,,0.756756756756757
3861,chongfu,2016,2C(S),0,0,,
3862,chongfu,2016,3,0,0,,
3863,chongfu,2016,Total,0,300,,1
3864,chongfu,2017,1,0,0,,
3865,chongfu,2017,2A(1),0,0,,
3866,chongfu,2017,2A(2),0,0,,
3867,chongfu,2017,2B,51,52,,1
3868,chongfu,2017,2C,97,53,,0.54639175257732
3869,chongfu,2017,2C(S),0,0,,
3870,chongfu,2017,3,0,0,,
3871,chongfu,2017,Total,0,300,,1
3872,chongfu,2018,1,0,0,,
3873,chongfu,2018,2A(1),0,0,,
3874,chongfu,2018,2A(2),0,0,,
3875,chongfu,2018,2B,43,36,,0.837209302325581
3876,chongfu,2018,2C,123,37,,0.300813008130081
3877,chongfu,2018,2C(S),0,0,,
3878,chongfu,2018,3,0,0,,
3879,chongfu,2018,Total,0,300,,1
3880,chongfu,2019,1,119,260,,1
3881,chongfu,2019,2A(1),33,141,,1
3882,chongfu,2019,2A(2),57,109,,1
3883,chongfu,2019,2B,55,47,SC>2,0.854545454545454
3884,chongfu,2019,2C,144,51,SC<1,0.354166666666667
3885,chongfu,2019,2C(S),0,0,,
3886,chongfu,2019,3,0,0,,
3887,chongfu,2019,Total,0,300,,1
3888,chongfu,2020,1,128,260,,1
3889,chongfu,2020,2A(1),36,132,,1
3890,chongfu,2020,2A(2),56,96,,1
3891,chongfu,2020,2B,45,40,SC1-2,0.888888888888889
3892,chongfu,2020,2C,133,41,SC<1,0.308270676691729
3893,chongfu,2020,2C(S),0,0,,
3894,chongfu,2020,3,0,0,,
3895,chongfu,2020,Total,0,300,,1
3896,chongfu,2021,1,140,260,,1
3897,chongfu,2021,2A(1),40,120,,1
3898,chongfu,2021,2A(2),53,80,,1
3899,chongfu,2021,2B,52,34,SC<1,0.653846153846154
3900,chongfu,2021,2C,126,33,SC<1,0.261904761904762
3901,chongfu,2021,2C(S),0,0,,
3902,chongfu,2021,3,0,0,,
3903,chongfu,2021,Total,0,300,,1
3904,chongfu,2022,1,139,240,,1
3905,chongfu,2022,2A(1),87,101,,1
3906,chongfu,2022,2A(2),0,0,,
3907,chongfu,2022,2B,51,25,SC<1,0.490196078431372
3908,chongfu,2022,2C,157,49,SC<1,0.312101910828025
3909,chongfu,2022,2C(S),0,0,,
3910,chongfu,2022,3,0,0,,
3911,chongfu,2022,Total,0,300,,1
3912,chongfu,2023,1,122,240,,1
3913,chongfu,2023,2A(1),73,118,,1
3914,chongfu,2023,2A(2),0,0,,
3915,chongfu,2023,2B,53,35,SC<1,0.660377358490566
3916,chongfu,2023,2C,112,72,SC<1,0.642857142857143
3917,chongfu,2023,2C(S),0,0,,
3918,chongfu,2023,3,0,0,,
3919,chongfu,2023,Total,0,300,,1
3920,chongzheng,2009,1,0,0,,
3921,chongzheng,2009,2A(1),0,0,,
3922,chongzheng,2009,2A(2),0,0,,
3923,chongzheng,2009,2B,5,34,,1
3924,chongzheng,2009,2C,91,65,,0.714285714285714
3925,chongzheng,2009,2C(S),0,0,,
3926,chongzheng,2009,3,0,0,,
3927,chongzheng,2009,Total,0,180,,1
3928,chongzheng,2010,1,0,0,,
3929,chongzheng,2010,2A(1),0,0,,
3930,chongzheng,2010,2A(2),0,0,,
3931,chongzheng,2010,2B,6,35,,1
3932,chongzheng,2010,2C,91,64,,0.703296703296703
3933,chongzheng,2010,2C(S),0,0,,
3934,chongzheng,2010,3,0,0,,
3935,chongzheng,2010,Total,0,180,,1
3936,chongzheng,2011,1,0,0,,
3937,chongzheng,2011,2A(1),0,0,,
3938,chongzheng,2011,2A(2),0,0,,
3939,chongzheng,2011,2B,11,36,,1
3940,chongzheng,2011,2C,108,62,,0.574074074074074
3941,chongzheng,2011,2C(S),0,0,,
3942,chongzheng,2011,3,0,0,,
3943,chongzheng,2011,Total,0,180,,1
3944,chongzheng,2012,1,0,0,,
3945,chongzheng,2012,2A(1),0,0,,
3946,chongzheng,2012,2A(2),0,0,,
3947,chongzheng,2012,2B,16,40,,1
3948,chongzheng,2012,2C,86,63,,0.732558139534884
3949,chongzheng,2012,2C(S),0,0,,
3950,chongzheng,2012,3,0,0,,
3951,chongzheng,2012,Total,0,180,,1
3952,chongzheng,2013,1,0,0,,
3953,chongzheng,2013,2A(1),0,0,,
3954,chongzheng,2013,2A(2),0,0,,
3955,chongzheng,2013,2B,20,38,,1
3956,chongzheng,2013,2C,71,55,,0.774647887323944
3957,chongzheng,2013,2C(S),0,0,,
3958,chongzheng,2013,3,0,0,,
3959,chongzheng,2013,Total,0,180,,1
3960,chongzheng,2014,1,0,0,,
3961,chongzheng,2014,2A(1),0,0,,
3962,chongzheng,2014,2A(2),0,0,,
3963,chongzheng,2014,2B,14,36,,1
3964,chongzheng,2014,2C,66,58,,0.878787878787879
3965,chongzheng,2014,2C(S),0,0,,
3966,chongzheng,2014,3,0,0,,
3967,chongzheng,2014,Total,0,180,,1
3968,chongzheng,2015,1,0,0,,
3969,chongzheng,2015,2A(1),0,0,,
3970,chongzheng,2015,2A(2),0,0,,
3971,chongzheng,2015,2B,15,37,,1
3972,chongzheng,2015,2C,61,58,,0.950819672131148
3973,chongzheng,2015,2C(S),0,0,,
3974,chongzheng,2015,3,0,0,,
3975,chongzheng,2015,Total,0,180,,1
3976,chongzheng,2016,1,0,0,,
3977,chongzheng,2016,2A(1),0,0,,
3978,chongzheng,2016,2A(2),0,0,,
3979,chongzheng,2016,2B,18,41,,1
3980,chongzheng,2016,2C,73,64,,0.876712328767123
3981,chongzheng,2016,2C(S),0,0,,
3982,chongzheng,2016,3,0,0,,
3983,chongzheng,2016,Total,0,180,,1
3984,chongzheng,2017,1,0,0,,
3985,chongzheng,2017,2A(1),0,0,,
3986,chongzheng,2017,2A(2),0,0,,
3987,chongzheng,2017,2B,11,42,,1
3988,chongzheng,2017,2C,84,72,,0.857142857142857
3989,chongzheng,2017,2C(S),0,0,,
3990,chongzheng,2017,3,0,0,,
3991,chongzheng,2017,Total,0,180,,1
3992,chongzheng,2018,1,0,0,,
3993,chongzheng,2018,2A(1),0,0,,
3994,chongzheng,2018,2A(2),0,0,,
3995,chongzheng,2018,2B,19,32,,1
3996,chongzheng,2018,2C,64,47,,0.734375
3997,chongzheng,2018,2C(S),0,0,,
3998,chongzheng,2018,3,0,0,,
3999,chongzheng,2018,Total,0,180,,1
4000,chongzheng,2019,1,69,140,,1
4001,chongzheng,2019,2A(1),0,71,,1
4002,chongzheng,2019,2A(2),27,71,,1
4003,chongzheng,2019,2B,18,42,,1
4004,chongzheng,2019,2C,79,69,SC1-2,0.873417721518987
4005,chongzheng,2019,2C(S),0,0,,
4006,chongzheng,2019,3,0,0,,
4007,chongzheng,2019,Total,0,180,,1
4008,chongzheng,2020,1,78,140,,1
4009,chongzheng,2020,2A(1),0,62,,1
4010,chongzheng,2020,2A(2),49,62,,1
4011,chongzheng,2020,2B,23,27,,1
4012,chongzheng,2020,2C,52,33,SC<1,0.634615384615385
4013,chongzheng,2020,2C(S),0,0,,
4014,chongzheng,2020,3,0,0,,
4015,chongzheng,2020,Total,0,180,,1
4016,chongzheng,2021,1,87,140,,1
4017,chongzheng,2021,2A(1),0,53,,1
4018,chongzheng,2021,2A(2),50,53,,1
4019,chongzheng,2021,2B,15,23,,1
4020,chongzheng,2021,2C,65,30,SC<1,0.461538461538462
4021,chongzheng,2021,2C(S),0,0,,
4022,chongzheng,2021,3,0,0,,
4023,chongzheng,2021,Total,0,180,,1
4024,chongzheng,2022,1,89,120,,1
4025,chongzheng,2022,2A(1),39,32,SC>2,0.82051282051282
4026,chongzheng,2022,2A(2),0,0,,
4027,chongzheng,2022,2B,7,20,,1
4028,chongzheng,2022,2C,87,54,SC<1,0.620689655172414
4029,chongzheng,2022,2C(S),0,0,,
4030,chongzheng,2022,3,0,0,,
4031,chongzheng,2022,Total,0,180,,1
4032,chongzheng,2023,1,61,120,,1
4033,chongzheng,2023,2A(1),41,60,,1
4034,chongzheng,2023,2A(2),0,0,,
4035,chongzheng,2023,2B,7,26,,1
4036,chongzheng,2023,2C,84,72,SC1-2,0.857142857142857
4037,chongzheng,2023,2C(S),0,0,,
4038,chongzheng,2023,3,0,0,,
4039,chongzheng,2023,Total,0,180,,1
4040,chua-chu-kang,2009,1,0,0,,
4041,chua-chu-kang,2009,2A(1),0,0,,
4042,chua-chu-kang,2009,2A(2),0,0,,
4043,chua-chu-kang,2009,2B,2,64,,1
4044,chua-chu-kang,2009,2C,124,127,,1
4045,chua-chu-kang,2009,2C(S),13,3,,0.230769230769231
4046,chua-chu-kang,2009,3,0,0,,
4047,chua-chu-kang,2009,Total,0,270,,1
4048,chua-chu-kang,2010,1,0,0,,
4049,chua-chu-kang,2010,2A(1),0,0,,
4050,chua-chu-kang,2010,2A(2),0,0,,
4051,chua-chu-kang,2010,2B,1,74,,1
4052,chua-chu-kang,2010,2C,130,148,,1
4053,chua-chu-kang,2010,2C(S),30,20,,0.666666666666667
4054,chua-chu-kang,2010,3,0,0,,
4055,chua-chu-kang,2010,Total,0,270,,1
4056,chua-chu-kang,2011,1,0,0,,
4057,chua-chu-kang,2011,2A(1),0,0,,
4058,chua-chu-kang,2011,2A(2),0,0,,
4059,chua-chu-kang,2011,2B,2,67,,1
4060,chua-chu-kang,2011,2C,138,131,,0.949275362318841
4061,chua-chu-kang,2011,2C(S),0,0,,
4062,chua-chu-kang,2011,3,0,0,,
4063,chua-chu-kang,2011,Total,0,240,,1
4064,chua-chu-kang,2012,1,0,0,,
4065,chua-chu-kang,2012,2A(1),0,0,,
4066,chua-chu-kang,2012,2A(2),0,0,,
4067,chua-chu-kang,2012,2B,5,65,,1
4068,chua-chu-kang,2012,2C,161,124,,0.770186335403727
4069,chua-chu-kang,2012,2C(S),0,0,,
4070,chua-chu-kang,2012,3,0,0,,
4071,chua-chu-kang,2012,Total,0,240,,1
4072,chua-chu-kang,2013,1,0,0,,
4073,chua-chu-kang,2013,2A(1),0,0,,
4074,chua-chu-kang,2013,2A(2),0,0,,
4075,chua-chu-kang,2013,2B,7,67,,1
4076,chua-chu-kang,2013,2C,128,127,,0.9921875
4077,chua-chu-kang,2013,2C(S),0,0,,
4078,chua-chu-kang,2013,3,0,0,,
4079,chua-chu-kang,2013,Total,0,240,,1
4080,chua-chu-kang,2014,1,0,0,,
4081,chua-chu-kang,2014,2A(1),0,0,,
4082,chua-chu-kang,2014,2A(2),0,0,,
4083,chua-chu-kang,2014,2B,7,60,,1
4084,chua-chu-kang,2014,2C,135,113,,0.837037037037037
4085,chua-chu-kang,2014,2C(S),0,0,,
4086,chua-chu-kang,2014,3,0,0,,
4087,chua-chu-kang,2014,Total,0,240,,1
4088,chua-chu-kang,2015,1,0,0,,
4089,chua-chu-kang,2015,2A(1),0,0,,
4090,chua-chu-kang,2015,2A(2),0,0,,
4091,chua-chu-kang,2015,2B,0,69,,1
4092,chua-chu-kang,2015,2C,142,138,,0.971830985915493
4093,chua-chu-kang,2015,2C(S),0,0,,
4094,chua-chu-kang,2015,3,0,0,,
4095,chua-chu-kang,2015,Total,0,240,,1
4096,chua-chu-kang,2016,1,0,0,,
4097,chua-chu-kang,2016,2A(1),0,0,,
4098,chua-chu-kang,2016,2A(2),0,0,,
4099,chua-chu-kang,2016,2B,3,42,,1
4100,chua-chu-kang,2016,2C,128,80,,0.625
4101,chua-chu-kang,2016,2C(S),0,0,,
4102,chua-chu-kang,2016,3,0,0,,
4103,chua-chu-kang,2016,Total,0,210,,1
4104,chua-chu-kang,2017,1,0,0,,
4105,chua-chu-kang,2017,2A(1),0,0,,
4106,chua-chu-kang,2017,2A(2),0,0,,
4107,chua-chu-kang,2017,2B,9,51,,1
4108,chua-chu-kang,2017,2C,129,93,,0.720930232558139
4109,chua-chu-kang,2017,2C(S),0,0,,
4110,chua-chu-kang,2017,3,0,0,,
4111,chua-chu-kang,2017,Total,0,210,,1
4112,chua-chu-kang,2018,1,0,0,,
4113,chua-chu-kang,2018,2A(1),0,0,,
4114,chua-chu-kang,2018,2A(2),0,0,,
4115,chua-chu-kang,2018,2B,14,58,,1
4116,chua-chu-kang,2018,2C,164,103,,0.628048780487805
4117,chua-chu-kang,2018,2C(S),0,0,,
4118,chua-chu-kang,2018,3,0,0,,
4119,chua-chu-kang,2018,Total,0,210,,1
4120,chua-chu-kang,2019,1,90,200,,1
4121,chua-chu-kang,2019,2A(1),0,110,,1
4122,chua-chu-kang,2019,2A(2),14,110,,1
4123,chua-chu-kang,2019,2B,14,68,,1
4124,chua-chu-kang,2019,2C,131,124,SC<1,0.946564885496183
4125,chua-chu-kang,2019,2C(S),0,0,,
4126,chua-chu-kang,2019,3,0,0,,
4127,chua-chu-kang,2019,Total,0,240,,1
4128,chua-chu-kang,2020,1,109,200,,1
4129,chua-chu-kang,2020,2A(1),0,91,,1
4130,chua-chu-kang,2020,2A(2),19,91,,1
4131,chua-chu-kang,2020,2B,14,56,,1
4132,chua-chu-kang,2020,2C,182,98,SC<1,0.538461538461538
4133,chua-chu-kang,2020,2C(S),0,0,,
4134,chua-chu-kang,2020,3,0,0,,
4135,chua-chu-kang,2020,Total,0,240,,1
4136,chua-chu-kang,2021,1,92,200,,1
4137,chua-chu-kang,2021,2A(1),0,108,,1
4138,chua-chu-kang,2021,2A(2),39,109,,1
4139,chua-chu-kang,2021,2B,11,55,,1
4140,chua-chu-kang,2021,2C,159,99,SC<1,0.622641509433962
4141,chua-chu-kang,2021,2C(S),0,0,,
4142,chua-chu-kang,2021,3,0,0,,
4143,chua-chu-kang,2021,Total,0,240,,1
4144,chua-chu-kang,2022,1,114,180,,1
4145,chua-chu-kang,2022,2A(1),31,66,,1
4146,chua-chu-kang,2022,2A(2),0,0,,
4147,chua-chu-kang,2022,2B,25,32,,1
4148,chua-chu-kang,2022,2C,124,70,SC<1,0.564516129032258
4149,chua-chu-kang,2022,2C(S),0,0,,
4150,chua-chu-kang,2022,3,0,0,,
4151,chua-chu-kang,2022,Total,0,240,,1
4152,chua-chu-kang,2023,1,121,180,,1
4153,chua-chu-kang,2023,2A(1),44,59,,1
4154,chua-chu-kang,2023,2A(2),0,0,,
4155,chua-chu-kang,2023,2B,14,25,,1
4156,chua-chu-kang,2023,2C,111,62,SC<1,0.558558558558559
4157,chua-chu-kang,2023,2C(S),0,0,,
4158,chua-chu-kang,2023,3,0,0,,
4159,chua-chu-kang,2023,Total,0,240,,1
4160,clementi,2009,1,0,0,,
4161,clementi,2009,2A(1),0,0,,
4162,clementi,2009,2A(2),0,0,,
4163,clementi,2009,2B,3,61,,1
4164,clementi,2009,2C,136,120,,0.882352941176471
4165,clementi,2009,2C(S),0,0,,
4166,clementi,2009,3,0,0,,
4167,clementi,2009,Total,0,240,,1
4168,clementi,2010,1,0,0,,
4169,clementi,2010,2A(1),0,0,,
4170,clementi,2010,2A(2),0,0,,
4171,clementi,2010,2B,5,51,,1
4172,clementi,2010,2C,124,97,,0.782258064516129
4173,clementi,2010,2C(S),0,0,,
4174,clementi,2010,3,0,0,,
4175,clementi,2010,Total,0,240,,1
4176,clementi,2011,1,0,0,,
4177,clementi,2011,2A(1),0,0,,
4178,clementi,2011,2A(2),0,0,,
4179,clementi,2011,2B,7,72,,1
4180,clementi,2011,2C,138,138,,1
4181,clementi,2011,2C(S),0,0,,
4182,clementi,2011,3,0,0,,
4183,clementi,2011,Total,0,240,,1
4184,clementi,2012,1,0,0,,
4185,clementi,2012,2A(1),0,0,,
4186,clementi,2012,2A(2),0,0,,
4187,clementi,2012,2B,6,67,,1
4188,clementi,2012,2C,129,129,,1
4189,clementi,2012,2C(S),4,3,,0.75
4190,clementi,2012,3,0,0,,
4191,clementi,2012,Total,0,240,,1
4192,clementi,2013,1,0,0,,
4193,clementi,2013,2A(1),0,0,,
4194,clementi,2013,2A(2),0,0,,
4195,clementi,2013,2B,7,88,,1
4196,clementi,2013,2C,133,168,,1
4197,clementi,2013,2C(S),39,35,,0.897435897435897
4198,clementi,2013,3,0,0,,
4199,clementi,2013,Total,0,270,,1
4200,clementi,2014,1,0,0,,
4201,clementi,2014,2A(1),0,0,,
4202,clementi,2014,2A(2),0,0,,
4203,clementi,2014,2B,2,66,,1
4204,clementi,2014,2C,133,130,,0.977443609022556
4205,clementi,2014,2C(S),0,0,,
4206,clementi,2014,3,0,0,,
4207,clementi,2014,Total,0,240,,1
4208,clementi,2015,1,0,0,,
4209,clementi,2015,2A(1),0,0,,
4210,clementi,2015,2A(2),0,0,,
4211,clementi,2015,2B,6,66,,1
4212,clementi,2015,2C,108,127,,1
4213,clementi,2015,2C(S),24,19,,0.791666666666667
4214,clementi,2015,3,0,0,,
4215,clementi,2015,Total,0,240,,1
4216,clementi,2016,1,0,0,,
4217,clementi,2016,2A(1),0,0,,
4218,clementi,2016,2A(2),0,0,,
4219,clementi,2016,2B,3,69,,1
4220,clementi,2016,2C,84,137,,1
4221,clementi,2016,2C(S),42,53,,1
4222,clementi,2016,3,0,11,,1
4223,clementi,2016,Total,0,240,,1
4224,clementi,2017,1,0,0,,
4225,clementi,2017,2A(1),0,0,,
4226,clementi,2017,2A(2),0,0,,
4227,clementi,2017,2B,1,66,,1
4228,clementi,2017,2C,84,133,,1
4229,clementi,2017,2C(S),51,49,,0.96078431372549
4230,clementi,2017,3,0,0,,
4231,clementi,2017,Total,0,240,,1
4232,clementi,2018,1,0,0,,
4233,clementi,2018,2A(1),0,0,,
4234,clementi,2018,2A(2),0,0,,
4235,clementi,2018,2B,5,54,,1
4236,clementi,2018,2C,108,107,,0.990740740740741
4237,clementi,2018,2C(S),0,0,,
4238,clementi,2018,3,0,0,,
4239,clementi,2018,Total,0,240,,1
4240,clementi,2019,1,76,200,,1
4241,clementi,2019,2A(1),0,124,,1
4242,clementi,2019,2A(2),14,124,,1
4243,clementi,2019,2B,2,75,,1
4244,clementi,2019,2C,104,151,,1
4245,clementi,2019,2C(S),57,47,SC<1,0.824561403508772
4246,clementi,2019,3,0,0,,
4247,clementi,2019,Total,0,240,,1
4248,clementi,2020,1,76,200,,1
4249,clementi,2020,2A(1),0,124,,1
4250,clementi,2020,2A(2),14,124,,1
4251,clementi,2020,2B,5,75,,1
4252,clementi,2020,2C,122,145,,1
4253,clementi,2020,2C(S),65,23,SC<1,0.353846153846154
4254,clementi,2020,3,0,0,,
4255,clementi,2020,Total,0,240,,1
4256,clementi,2021,1,94,240,,1
4257,clementi,2021,2A(1),0,146,,1
4258,clementi,2021,2A(2),27,146,,1
4259,clementi,2021,2B,4,80,,1
4260,clementi,2021,2C,100,159,,1
4261,clementi,2021,2C(S),90,60,SC<1#,0.666666666666667
4262,clementi,2021,3,0,0,,
4263,clementi,2021,Total,0,280,,1
4264,clementi,2022,1,82,220,,1
4265,clementi,2022,2A(1),17,138,,1
4266,clementi,2022,2A(2),0,0,,
4267,clementi,2022,2B,0,60,,1
4268,clementi,2022,2C,71,183,,1
4269,clementi,2022,2C(S),125,112,SC>2,0.896
4270,clementi,2022,3,0,0,,
4271,clementi,2022,Total,0,280,,1
4272,clementi,2023,1,55,220,,1
4273,clementi,2023,2A(1),13,165,,1
4274,clementi,2023,2A(2),0,0,,
4275,clementi,2023,2B,0,71,,1
4276,clementi,2023,2C,51,214,,1
4277,clementi,2023,2C(S),103,163,,1
4278,clementi,2023,3,0,60,,1
4279,clementi,2023,Total,0,280,,1
4280,compassvale,2009,1,0,0,,
4281,compassvale,2009,2A(1),0,0,,
4282,compassvale,2009,2A(2),0,0,,
4283,compassvale,2009,2B,10,47,,1
4284,compassvale,2009,2C,123,84,,0.682926829268293
4285,compassvale,2009,2C(S),0,0,,
4286,compassvale,2009,3,0,0,,
4287,compassvale,2009,Total,0,210,,1
4288,compassvale,2010,1,0,0,,
4289,compassvale,2010,2A(1),0,0,,
4290,compassvale,2010,2A(2),0,0,,
4291,compassvale,2010,2B,9,50,,1
4292,compassvale,2010,2C,131,90,,0.687022900763359
4293,compassvale,2010,2C(S),0,0,,
4294,compassvale,2010,3,0,0,,
4295,compassvale,2010,Total,0,210,,1
4296,compassvale,2011,1,0,0,,
4297,compassvale,2011,2A(1),0,0,,
4298,compassvale,2011,2A(2),0,0,,
4299,compassvale,2011,2B,35,78,,1
4300,compassvale,2011,2C,134,121,,0.902985074626866
4301,compassvale,2011,2C(S),0,0,,
4302,compassvale,2011,3,0,0,,
4303,compassvale,2011,Total,0,240,,1
4304,compassvale,2012,1,0,0,,
4305,compassvale,2012,2A(1),0,0,,
4306,compassvale,2012,2A(2),0,0,,
4307,compassvale,2012,2B,40,75,,1
4308,compassvale,2012,2C,150,110,,0.733333333333333
4309,compassvale,2012,2C(S),0,0,,
4310,compassvale,2012,3,0,0,,
4311,compassvale,2012,Total,0,240,,1
4312,compassvale,2013,1,0,0,,
4313,compassvale,2013,2A(1),0,0,,
4314,compassvale,2013,2A(2),0,0,,
4315,compassvale,2013,2B,33,67,,1
4316,compassvale,2013,2C,142,100,,0.704225352112676
4317,compassvale,2013,2C(S),0,0,,
4318,compassvale,2013,3,0,0,,
4319,compassvale,2013,Total,0,240,,1
4320,compassvale,2014,1,0,0,,
4321,compassvale,2014,2A(1),0,0,,
4322,compassvale,2014,2A(2),0,0,,
4323,compassvale,2014,2B,36,67,,1
4324,compassvale,2014,2C,137,97,,0.708029197080292
4325,compassvale,2014,2C(S),0,0,,
4326,compassvale,2014,3,0,0,,
4327,compassvale,2014,Total,0,240,,1
4328,compassvale,2015,1,0,0,,
4329,compassvale,2015,2A(1),0,0,,
4330,compassvale,2015,2A(2),0,0,,
4331,compassvale,2015,2B,33,71,,1
4332,compassvale,2015,2C,125,110,,0.88
4333,compassvale,2015,2C(S),0,0,,
4334,compassvale,2015,3,0,0,,
4335,compassvale,2015,Total,0,240,,1
4336,compassvale,2016,1,0,0,,
4337,compassvale,2016,2A(1),0,0,,
4338,compassvale,2016,2A(2),0,0,,
4339,compassvale,2016,2B,21,70,,1
4340,compassvale,2016,2C,142,121,,0.852112676056338
4341,compassvale,2016,2C(S),0,0,,
4342,compassvale,2016,3,0,0,,
4343,compassvale,2016,Total,0,240,,1
4344,compassvale,2017,1,0,0,,
4345,compassvale,2017,2A(1),0,0,,
4346,compassvale,2017,2A(2),0,0,,
4347,compassvale,2017,2B,16,68,,1
4348,compassvale,2017,2C,139,120,,0.863309352517986
4349,compassvale,2017,2C(S),0,0,,
4350,compassvale,2017,3,0,0,,
4351,compassvale,2017,Total,0,240,,1
4352,compassvale,2018,1,0,0,,
4353,compassvale,2018,2A(1),0,0,,
4354,compassvale,2018,2A(2),0,0,,
4355,compassvale,2018,2B,22,58,,1
4356,compassvale,2018,2C,137,95,,0.693430656934307
4357,compassvale,2018,2C(S),0,0,,
4358,compassvale,2018,3,0,0,,
4359,compassvale,2018,Total,0,240,,1
4360,compassvale,2019,1,79,200,,1
4361,compassvale,2019,2A(1),0,121,,1
4362,compassvale,2019,2A(2),18,121,,1
4363,compassvale,2019,2B,15,72,,1
4364,compassvale,2019,2C,153,130,SC>2,0.849673202614379
4365,compassvale,2019,2C(S),0,0,,
4366,compassvale,2019,3,0,0,,
4367,compassvale,2019,Total,0,240,,1
4368,compassvale,2020,1,91,200,,1
4369,compassvale,2020,2A(1),0,109,,1
4370,compassvale,2020,2A(2),12,110,,1
4371,compassvale,2020,2B,20,69,,1
4372,compassvale,2020,2C,130,118,SC<1,0.907692307692308
4373,compassvale,2020,2C(S),0,0,,
4374,compassvale,2020,3,0,0,,
4375,compassvale,2020,Total,0,240,,1
4376,compassvale,2021,1,91,200,,1
4377,compassvale,2021,2A(1),0,109,,1
4378,compassvale,2021,2A(2),13,109,,1
4379,compassvale,2021,2B,22,68,,1
4380,compassvale,2021,2C,143,116,SC1-2,0.811188811188811
4381,compassvale,2021,2C(S),0,0,,
4382,compassvale,2021,3,0,0,,
4383,compassvale,2021,Total,0,240,,1
4384,compassvale,2022,1,98,180,,1
4385,compassvale,2022,2A(1),12,82,,1
4386,compassvale,2022,2A(2),0,0,,
4387,compassvale,2022,2B,17,44,,1
4388,compassvale,2022,2C,140,115,SC<1,0.821428571428571
4389,compassvale,2022,2C(S),0,0,,
4390,compassvale,2022,3,0,0,,
4391,compassvale,2022,Total,0,240,,1
4392,compassvale,2023,1,107,180,,1
4393,compassvale,2023,2A(1),14,73,,1
4394,compassvale,2023,2A(2),0,0,,
4395,compassvale,2023,2B,18,40,,1
4396,compassvale,2023,2C,133,101,SC<1,0.759398496240602
4397,compassvale,2023,2C(S),0,0,,
4398,compassvale,2023,3,0,0,,
4399,compassvale,2023,Total,0,240,,1
4400,concord,2009,1,0,0,,
4401,concord,2009,2A(1),0,0,,
4402,concord,2009,2A(2),0,0,,
4403,concord,2009,2B,2,49,,1
4404,concord,2009,2C,89,95,,1
4405,concord,2009,2C(S),16,6,,0.375
4406,concord,2009,3,0,0,,
4407,concord,2009,Total,0,210,,1
4408,concord,2010,1,0,0,,
4409,concord,2010,2A(1),0,0,,
4410,concord,2010,2A(2),0,0,,
4411,concord,2010,2B,1,50,,1
4412,concord,2010,2C,78,98,,1
4413,concord,2010,2C(S),30,20,,0.666666666666667
4414,concord,2010,3,0,0,,
4415,concord,2010,Total,0,210,,1
4416,concord,2011,1,0,0,,
4417,concord,2011,2A(1),0,0,,
4418,concord,2011,2A(2),0,0,,
4419,concord,2011,2B,1,58,,1
4420,concord,2011,2C,87,115,,1
4421,concord,2011,2C(S),44,28,,0.636363636363636
4422,concord,2011,3,0,0,,
4423,concord,2011,Total,0,210,,1
4424,concord,2012,1,0,0,,
4425,concord,2012,2A(1),0,0,,
4426,concord,2012,2A(2),0,0,,
4427,concord,2012,2B,0,51,,1
4428,concord,2012,2C,85,102,,1
4429,concord,2012,2C(S),23,21,,0.91304347826087
4430,concord,2012,3,0,0,,
4431,concord,2012,Total,0,210,,1
4432,concord,2013,1,0,0,,
4433,concord,2013,2A(1),0,0,,
4434,concord,2013,2A(2),0,0,,
4435,concord,2013,2B,4,55,,1
4436,concord,2013,2C,98,105,,1
4437,concord,2013,2C(S),9,8,,0.888888888888889
4438,concord,2013,3,0,0,,
4439,concord,2013,Total,0,210,,1
4440,concord,2014,1,0,0,,
4441,concord,2014,2A(1),0,0,,
4442,concord,2014,2A(2),0,0,,
4443,concord,2014,2B,4,60,,1
4444,concord,2014,2C,109,116,,1
4445,concord,2014,2C(S),10,7,,0.7
4446,concord,2014,3,0,0,,
4447,concord,2014,Total,0,210,,1
4448,concord,2015,1,0,0,,
4449,concord,2015,2A(1),0,0,,
4450,concord,2015,2A(2),0,0,,
4451,concord,2015,2B,0,63,,1
4452,concord,2015,2C,100,126,,1
4453,concord,2015,2C(S),27,26,,0.962962962962963
4454,concord,2015,3,0,0,,
4455,concord,2015,Total,0,210,,1
4456,concord,2016,1,0,0,,
4457,concord,2016,2A(1),0,0,,
4458,concord,2016,2A(2),0,0,,
4459,concord,2016,2B,0,70,,1
4460,concord,2016,2C,94,140,,1
4461,concord,2016,2C(S),59,46,,0.779661016949153
4462,concord,2016,3,0,0,,
4463,concord,2016,Total,0,210,,1
4464,concord,2017,1,0,0,,
4465,concord,2017,2A(1),0,0,,
4466,concord,2017,2A(2),0,0,,
4467,concord,2017,2B,3,44,,1
4468,concord,2017,2C,97,86,,0.88659793814433
4469,concord,2017,2C(S),0,0,,
4470,concord,2017,3,0,0,,
4471,concord,2017,Total,0,210,,1
4472,concord,2018,1,0,0,,
4473,concord,2018,2A(1),0,0,,
4474,concord,2018,2A(2),0,0,,
4475,concord,2018,2B,13,56,,1
4476,concord,2018,2C,107,99,,0.925233644859813
4477,concord,2018,2C(S),0,0,,
4478,concord,2018,3,0,0,,
4479,concord,2018,Total,0,240,,1
4480,concord,2019,1,79,200,,1
4481,concord,2019,2A(1),0,121,,1
4482,concord,2019,2A(2),15,121,,1
4483,concord,2019,2B,8,73,,1
4484,concord,2019,2C,129,138,,1
4485,concord,2019,2C(S),22,9,SC<1#,0.409090909090909
4486,concord,2019,3,0,0,,
4487,concord,2019,Total,0,240,,1
4488,concord,2020,1,107,200,,1
4489,concord,2020,2A(1),1,93,,1
4490,concord,2020,2A(2),20,92,,1
4491,concord,2020,2B,4,56,,1
4492,concord,2020,2C,120,108,SC1-2,0.9
4493,concord,2020,2C(S),0,0,,
4494,concord,2020,3,0,0,,
4495,concord,2020,Total,0,240,,1
4496,concord,2021,1,94,200,,1
4497,concord,2021,2A(1),0,106,,1
4498,concord,2021,2A(2),24,106,,1
4499,concord,2021,2B,4,61,,1
4500,concord,2021,2C,113,118,,1
4501,concord,2021,2C(S),47,5,SC<1,0.106382978723404
4502,concord,2021,3,0,0,,
4503,concord,2021,Total,0,240,,1
4504,concord,2022,1,103,180,,1
4505,concord,2022,2A(1),21,77,,1
4506,concord,2022,2A(2),0,0,,
4507,concord,2022,2B,3,39,,1
4508,concord,2022,2C,105,114,,1
4509,concord,2022,2C(S),33,10,SC<1,0.303030303030303
4510,concord,2022,3,0,0,,
4511,concord,2022,Total,0,240,,1
4512,concord,2023,1,99,180,,1
4513,concord,2023,2A(1),32,81,,1
4514,concord,2023,2A(2),0,0,,
4515,concord,2023,2B,1,36,,1
4516,concord,2023,2C,76,108,,1
4517,concord,2023,2C(S),54,32,SC<1,0.592592592592593
4518,concord,2023,3,0,0,,
4519,concord,2023,Total,0,240,,1
4520,corporation,2009,1,0,0,,
4521,corporation,2009,2A(1),0,0,,
4522,corporation,2009,2A(2),0,0,,
4523,corporation,2009,2B,0,102,,1
4524,corporation,2009,2C,71,206,,1
4525,corporation,2009,2C(S),57,135,,1
4526,corporation,2009,3,0,59,,1
4527,corporation,2009,Total,0,300,,1
4528,corporation,2010,1,0,0,,
4529,corporation,2010,2A(1),0,0,,
4530,corporation,2010,2A(2),0,0,,
4531,corporation,2010,2B,2,106,,1
4532,corporation,2010,2C,70,209,,1
4533,corporation,2010,2C(S),78,139,,1
4534,corporation,2010,3,0,46,,1
4535,corporation,2010,Total,0,300,,1
4536,corporation,2011,1,0,0,,
4537,corporation,2011,2A(1),0,0,,
4538,corporation,2011,2A(2),0,0,,
4539,corporation,2011,2B,26,86,,1
4540,corporation,2011,2C,84,151,,1
4541,corporation,2011,2C(S),56,67,,1
4542,corporation,2011,3,0,0,,
4543,corporation,2011,Total,0,240,,1
4544,corporation,2012,1,0,0,,
4545,corporation,2012,2A(1),0,0,,
4546,corporation,2012,2A(2),0,0,,
4547,corporation,2012,2B,0,66,,1
4548,corporation,2012,2C,80,132,,1
4549,corporation,2012,2C(S),47,52,,1
4550,corporation,2012,3,0,0,,
4551,corporation,2012,Total,0,210,,1
4552,corporation,2013,1,0,0,,
4553,corporation,2013,2A(1),0,0,,
4554,corporation,2013,2A(2),0,0,,
4555,corporation,2013,2B,1,58,,1
4556,corporation,2013,2C,62,115,,1
4557,corporation,2013,2C(S),46,54,,1
4558,corporation,2013,3,0,0,,
4559,corporation,2013,Total,0,210,,1
4560,corporation,2014,1,0,0,,
4561,corporation,2014,2A(1),0,0,,
4562,corporation,2014,2A(2),0,0,,
4563,corporation,2014,2B,0,70,,1
4564,corporation,2014,2C,95,139,,1
4565,corporation,2014,2C(S),61,45,,0.737704918032787
4566,corporation,2014,3,0,0,,
4567,corporation,2014,Total,0,210,,1
4568,corporation,2015,1,0,0,,
4569,corporation,2015,2A(1),0,0,,
4570,corporation,2015,2A(2),0,0,,
4571,corporation,2015,2B,0,56,,1
4572,corporation,2015,2C,89,113,,1
4573,corporation,2015,2C(S),27,24,,0.888888888888889
4574,corporation,2015,3,0,0,,
4575,corporation,2015,Total,0,210,,1
4576,corporation,2016,1,0,0,,
4577,corporation,2016,2A(1),0,0,,
4578,corporation,2016,2A(2),0,0,,
4579,corporation,2016,2B,0,61,,1
4580,corporation,2016,2C,65,122,,1
4581,corporation,2016,2C(S),22,57,,1
4582,corporation,2016,3,0,35,,1
4583,corporation,2016,Total,0,210,,1
4584,corporation,2017,1,0,0,,
4585,corporation,2017,2A(1),0,0,,
4586,corporation,2017,2A(2),0,0,,
4587,corporation,2017,2B,1,66,,1
4588,corporation,2017,2C,67,131,,1
4589,corporation,2017,2C(S),47,64,,1
4590,corporation,2017,3,0,17,,1
4591,corporation,2017,Total,0,210,,1
4592,corporation,2018,1,0,0,,
4593,corporation,2018,2A(1),0,0,,
4594,corporation,2018,2A(2),0,0,,
4595,corporation,2018,2B,0,79,,1
4596,corporation,2018,2C,89,158,,1
4597,corporation,2018,2C(S),53,69,,1
4598,corporation,2018,3,0,16,,1
4599,corporation,2018,Total,0,240,,1
4600,corporation,2019,1,75,170,,1
4601,corporation,2019,2A(1),0,95,,1
4602,corporation,2019,2A(2),8,95,,1
4603,corporation,2019,2B,0,64,,1
4604,corporation,2019,2C,58,127,,1
4605,corporation,2019,2C(S),61,69,,1
4606,corporation,2019,3,0,8,,1
4607,corporation,2019,Total,0,210,,1
4608,corporation,2020,1,83,200,,1
4609,corporation,2020,2A(1),0,117,,1
4610,corporation,2020,2A(2),11,117,,1
4611,corporation,2020,2B,0,73,,1
4612,corporation,2020,2C,57,146,,1
4613,corporation,2020,2C(S),65,89,,1
4614,corporation,2020,3,0,24,,1
4615,corporation,2020,Total,0,240,,1
4616,corporation,2021,1,72,230,,1
4617,corporation,2021,2A(1),1,158,,1
4618,corporation,2021,2A(2),11,157,,1
4619,corporation,2021,2B,0,93,,1
4620,corporation,2021,2C,39,187,,1
4621,corporation,2021,2C(S),41,148,,1
4622,corporation,2021,3,0,107,,1
4623,corporation,2021,Total,0,270,,1
4624,corporation,2022,1,82,180,,1
4625,corporation,2022,2A(1),6,98,,1
4626,corporation,2022,2A(2),0,0,,
4627,corporation,2022,2B,1,51,,1
4628,corporation,2022,2C,54,151,,1
4629,corporation,2022,2C(S),31,97,,1
4630,corporation,2022,3,0,66,,1
4631,corporation,2022,Total,0,240,,1
4632,corporation,2023,1,45,120,,1
4633,corporation,2023,2A(1),17,75,,1
4634,corporation,2023,2A(2),0,0,,
4635,corporation,2023,2B,2,39,,1
4636,corporation,2023,2C,31,118,,1
4637,corporation,2023,2C(S),18,88,,1
4638,corporation,2023,3,0,70,,1
4639,corporation,2023,Total,0,180,,1
4640,damai,2009,1,0,0,,
4641,damai,2009,2A(1),0,0,,
4642,damai,2009,2A(2),0,0,,
4643,damai,2009,2B,1,72,,1
4644,damai,2009,2C,28,144,,1
4645,damai,2009,2C(S),5,116,,1
4646,damai,2009,3,0,109,,1
4647,damai,2009,Total,0,180,,1
4648,damai,2010,1,0,0,,
4649,damai,2010,2A(1),0,0,,
4650,damai,2010,2A(2),0,0,,
4651,damai,2010,2B,0,74,,1
4652,damai,2010,2C,28,148,,1
4653,damai,2010,2C(S),21,120,,1
4654,damai,2010,3,0,36,,1
4655,damai,2010,Total,0,180,,1
4656,damai,2011,1,0,0,,
4657,damai,2011,2A(1),0,0,,
4658,damai,2011,2A(2),0,0,,
4659,damai,2011,2B,0,73,,1
4660,damai,2011,2C,16,145,,1
4661,damai,2011,2C(S),18,129,,1
4662,damai,2011,3,0,29,,1
4663,damai,2011,Total,0,180,,1
4664,damai,2012,1,0,0,,
4665,damai,2012,2A(1),0,0,,
4666,damai,2012,2A(2),0,0,,
4667,damai,2012,2B,0,62,,1
4668,damai,2012,2C,27,123,,1
4669,damai,2012,2C(S),6,98,,1
4670,damai,2012,3,0,26,,1
4671,damai,2012,Total,0,150,,1
4672,damai,2013,1,0,0,,
4673,damai,2013,2A(1),0,0,,
4674,damai,2013,2A(2),0,0,,
4675,damai,2013,2B,0,62,,1
4676,damai,2013,2C,15,125,,1
4677,damai,2013,2C(S),16,110,,1
4678,damai,2013,3,0,26,,1
4679,damai,2013,Total,0,150,,1
4680,damai,2014,1,0,0,,
4681,damai,2014,2A(1),0,0,,
4682,damai,2014,2A(2),0,0,,
4683,damai,2014,2B,0,70,,1
4684,damai,2014,2C,28,141,,1
4685,damai,2014,2C(S),12,114,,1
4686,damai,2014,3,0,102,,1
4687,damai,2014,Total,0,180,,1
4688,damai,2015,1,0,0,,
4689,damai,2015,2A(1),0,0,,
4690,damai,2015,2A(2),0,0,,
4691,damai,2015,2B,0,53,,1
4692,damai,2015,2C,21,107,,1
4693,damai,2015,2C(S),6,86,,1
4694,damai,2015,3,0,80,,1
4695,damai,2015,Total,0,150,,1
4696,damai,2016,1,0,0,,
4697,damai,2016,2A(1),0,0,,
4698,damai,2016,2A(2),0,0,,
4699,damai,2016,2B,0,44,,1
4700,damai,2016,2C,14,88,,1
4701,damai,2016,2C(S),4,74,,1
4702,damai,2016,3,0,70,,1
4703,damai,2016,Total,0,120,,1
4704,damai,2017,1,0,0,,
4705,damai,2017,2A(1),0,0,,
4706,damai,2017,2A(2),0,0,,
4707,damai,2017,2B,0,35,,1
4708,damai,2017,2C,28,69,,1
4709,damai,2017,2C(S),4,42,,1
4710,damai,2017,3,0,38,,1
4711,damai,2017,Total,0,120,,1
4712,damai,2018,1,0,0,,
4713,damai,2018,2A(1),0,0,,
4714,damai,2018,2A(2),0,0,,
4715,damai,2018,2B,0,83,,1
4716,damai,2018,2C,34,165,,1
4717,damai,2018,2C(S),12,132,,1
4718,damai,2018,3,0,120,,1
4719,damai,2018,Total,0,210,,1
4720,damai,2019,1,25,110,,1
4721,damai,2019,2A(1),0,85,,1
4722,damai,2019,2A(2),13,85,,1
4723,damai,2019,2B,0,56,,1
4724,damai,2019,2C,37,112,,1
4725,damai,2019,2C(S),15,75,,1
4726,damai,2019,3,0,60,,1
4727,damai,2019,Total,0,150,,1
4728,damai,2020,1,34,140,,1
4729,damai,2020,2A(1),0,106,,1
4730,damai,2020,2A(2),16,106,,1
4731,damai,2020,2B,0,65,,1
4732,damai,2020,2C,37,131,,1
4733,damai,2020,2C(S),40,96,,1
4734,damai,2020,3,0,56,,1
4735,damai,2020,Total,0,180,,1
4736,damai,2021,1,33,200,,1
4737,damai,2021,2A(1),0,167,,1
4738,damai,2021,2A(2),9,167,,1
4739,damai,2021,2B,0,99,,1
4740,damai,2021,2C,40,198,,1
4741,damai,2021,2C(S),16,159,,1
4742,damai,2021,3,0,143,,1
4743,damai,2021,Total,0,240,,1
4744,damai,2022,1,57,180,,1
4745,damai,2022,2A(1),8,124,,1
4746,damai,2022,2A(2),0,0,,
4747,damai,2022,2B,0,59,,1
4748,damai,2022,2C,36,176,,1
4749,damai,2022,2C(S),30,140,,1
4750,damai,2022,3,0,110,,1
4751,damai,2022,Total,0,240,,1
4752,damai,2023,1,49,90,,1
4753,damai,2023,2A(1),13,41,,1
4754,damai,2023,2A(2),0,0,,
4755,damai,2023,2B,1,29,,1
4756,damai,2023,2C,22,87,,1
4757,damai,2023,2C(S),18,65,,1
4758,damai,2023,3,0,47,,1
4759,damai,2023,Total,0,150,,1
4760,dazhong,2009,1,0,0,,
4761,dazhong,2009,2A(1),0,0,,
4762,dazhong,2009,2A(2),0,0,,
4763,dazhong,2009,2B,0,53,,1
4764,dazhong,2009,2C,5,105,,1
4765,dazhong,2009,2C(S),28,100,,1
4766,dazhong,2009,3,0,67,,1
4767,dazhong,2009,Total,0,150,,1
4768,dazhong,2010,1,0,0,,
4769,dazhong,2010,2A(1),0,0,,
4770,dazhong,2010,2A(2),0,0,,
4771,dazhong,2010,2B,1,62,,1
4772,dazhong,2010,2C,12,122,,1
4773,dazhong,2010,2C(S),12,110,,1
4774,dazhong,2010,3,0,23,,1
4775,dazhong,2010,Total,0,150,,1
4776,dazhong,2011,1,0,0,,
4777,dazhong,2011,2A(1),0,0,,
4778,dazhong,2011,2A(2),0,0,,
4779,dazhong,2011,2B,1,64,,1
4780,dazhong,2011,2C,29,128,,1
4781,dazhong,2011,2C(S),21,99,,1
4782,dazhong,2011,3,0,35,,1
4783,dazhong,2011,Total,0,180,,1
4784,dazhong,2012,1,0,0,,
4785,dazhong,2012,2A(1),0,0,,
4786,dazhong,2012,2A(2),0,0,,
4787,dazhong,2012,2B,2,65,,1
4788,dazhong,2012,2C,74,128,,1
4789,dazhong,2012,2C(S),10,55,,1
4790,dazhong,2012,3,0,45,,1
4791,dazhong,2012,Total,0,180,,1
4792,dazhong,2013,1,0,0,,
4793,dazhong,2013,2A(1),0,0,,
4794,dazhong,2013,2A(2),0,0,,
4795,dazhong,2013,2B,0,62,,1
4796,dazhong,2013,2C,81,124,,1
4797,dazhong,2013,2C(S),14,43,,1
4798,dazhong,2013,3,0,26,,1
4799,dazhong,2013,Total,0,180,,1
4800,dazhong,2014,1,0,0,,
4801,dazhong,2014,2A(1),0,0,,
4802,dazhong,2014,2A(2),0,0,,
4803,dazhong,2014,2B,0,64,,1
4804,dazhong,2014,2C,65,128,,1
4805,dazhong,2014,2C(S),17,63,,1
4806,dazhong,2014,3,0,46,,1
4807,dazhong,2014,Total,0,180,,1
4808,dazhong,2015,1,0,0,,
4809,dazhong,2015,2A(1),0,0,,
4810,dazhong,2015,2A(2),0,0,,
4811,dazhong,2015,2B,0,64,,1
4812,dazhong,2015,2C,59,130,,1
4813,dazhong,2015,2C(S),12,71,,1
4814,dazhong,2015,3,0,59,,1
4815,dazhong,2015,Total,0,180,,1
4816,dazhong,2016,1,0,0,,
4817,dazhong,2016,2A(1),0,0,,
4818,dazhong,2016,2A(2),0,0,,
4819,dazhong,2016,2B,0,46,,1
4820,dazhong,2016,2C,50,92,,1
4821,dazhong,2016,2C(S),6,43,,1
4822,dazhong,2016,3,0,37,,1
4823,dazhong,2016,Total,0,150,,1
4824,dazhong,2017,1,0,0,,
4825,dazhong,2017,2A(1),0,0,,
4826,dazhong,2017,2A(2),0,0,,
4827,dazhong,2017,2B,0,39,,1
4828,dazhong,2017,2C,35,77,,1
4829,dazhong,2017,2C(S),23,42,,1
4830,dazhong,2017,3,0,19,,1
4831,dazhong,2017,Total,0,150,,1
4832,dazhong,2018,1,0,0,,
4833,dazhong,2018,2A(1),0,0,,
4834,dazhong,2018,2A(2),0,0,,
4835,dazhong,2018,2B,0,77,,1
4836,dazhong,2018,2C,39,153,,1
4837,dazhong,2018,2C(S),57,115,,1
4838,dazhong,2018,3,0,58,,1
4839,dazhong,2018,Total,0,210,,1
4840,dazhong,2019,1,55,140,,1
4841,dazhong,2019,2A(1),2,85,,1
4842,dazhong,2019,2A(2),23,83,,1
4843,dazhong,2019,2B,0,50,,1
4844,dazhong,2019,2C,36,101,,1
4845,dazhong,2019,2C(S),67,66,PR<1,0.985074626865672
4846,dazhong,2019,3,0,0,,
4847,dazhong,2019,Total,0,180,,1
4848,dazhong,2020,1,60,160,,1
4849,dazhong,2020,2A(1),0,100,,1
4850,dazhong,2020,2A(2),36,100,,1
4851,dazhong,2020,2B,0,52,,1
4852,dazhong,2020,2C,43,104,,1
4853,dazhong,2020,2C(S),135,62,SC<1,0.459259259259259
4854,dazhong,2020,3,0,0,,
4855,dazhong,2020,Total,0,200,,1
4856,dazhong,2021,1,71,160,,1
4857,dazhong,2021,2A(1),0,89,,1
4858,dazhong,2021,2A(2),40,89,,1
4859,dazhong,2021,2B,1,45,,1
4860,dazhong,2021,2C,72,88,,1
4861,dazhong,2021,2C(S),69,16,SC<1,0.231884057971014
4862,dazhong,2021,3,0,0,,
4863,dazhong,2021,Total,0,200,,1
4864,dazhong,2022,1,89,140,,1
4865,dazhong,2022,2A(1),40,51,,1
4866,dazhong,2022,2A(2),0,0,,
4867,dazhong,2022,2B,0,24,,1
4868,dazhong,2022,2C,66,73,,1
4869,dazhong,2022,2C(S),65,7,SC<1,0.107692307692308
4870,dazhong,2022,3,0,0,,
4871,dazhong,2022,Total,0,200,,1
4872,dazhong,2023,1,56,140,,1
4873,dazhong,2023,2A(1),61,84,,1
4874,dazhong,2023,2A(2),0,0,,
4875,dazhong,2023,2B,0,28,,1
4876,dazhong,2023,2C,83,85,,1
4877,dazhong,2023,2C(S),41,2,SC<1,0.048780487804878
4878,dazhong,2023,3,0,0,,
4879,dazhong,2023,Total,0,200,,1
4880,de-la-salle,2009,1,0,0,,
4881,de-la-salle,2009,2A(1),0,0,,
4882,de-la-salle,2009,2A(2),0,0,,
4883,de-la-salle,2009,2B,40,71,,1
4884,de-la-salle,2009,2C,132,103,,0.78030303030303
4885,de-la-salle,2009,2C(S),0,0,,
4886,de-la-salle,2009,3,0,0,,
4887,de-la-salle,2009,Total,0,270,,1
4888,de-la-salle,2010,1,0,0,,
4889,de-la-salle,2010,2A(1),0,0,,
4890,de-la-salle,2010,2A(2),0,0,,
4891,de-la-salle,2010,2B,57,66,,1
4892,de-la-salle,2010,2C,101,77,,0.762376237623762
4893,de-la-salle,2010,2C(S),0,0,,
4894,de-la-salle,2010,3,0,0,,
4895,de-la-salle,2010,Total,0,270,,1
4896,de-la-salle,2011,1,0,0,,
4897,de-la-salle,2011,2A(1),0,0,,
4898,de-la-salle,2011,2A(2),0,0,,
4899,de-la-salle,2011,2B,54,67,,1
4900,de-la-salle,2011,2C,109,82,,0.752293577981651
4901,de-la-salle,2011,2C(S),0,0,,
4902,de-la-salle,2011,3,0,0,,
4903,de-la-salle,2011,Total,0,270,,1
4904,de-la-salle,2012,1,0,0,,
4905,de-la-salle,2012,2A(1),0,0,,
4906,de-la-salle,2012,2A(2),0,0,,
4907,de-la-salle,2012,2B,59,72,,1
4908,de-la-salle,2012,2C,99,84,,0.848484848484849
4909,de-la-salle,2012,2C(S),0,0,,
4910,de-la-salle,2012,3,0,0,,
4911,de-la-salle,2012,Total,0,270,,1
4912,de-la-salle,2013,1,0,0,,
4913,de-la-salle,2013,2A(1),0,0,,
4914,de-la-salle,2013,2A(2),0,0,,
4915,de-la-salle,2013,2B,40,70,,1
4916,de-la-salle,2013,2C,122,99,,0.811475409836066
4917,de-la-salle,2013,2C(S),0,0,,
4918,de-la-salle,2013,3,0,0,,
4919,de-la-salle,2013,Total,0,270,,1
4920,de-la-salle,2014,1,0,0,,
4921,de-la-salle,2014,2A(1),0,0,,
4922,de-la-salle,2014,2A(2),0,0,,
4923,de-la-salle,2014,2B,56,68,,1
4924,de-la-salle,2014,2C,97,80,,0.824742268041237
4925,de-la-salle,2014,2C(S),0,0,,
4926,de-la-salle,2014,3,0,0,,
4927,de-la-salle,2014,Total,0,270,,1
4928,de-la-salle,2015,1,0,0,,
4929,de-la-salle,2015,2A(1),0,0,,
4930,de-la-salle,2015,2A(2),0,0,,
4931,de-la-salle,2015,2B,36,69,,1
4932,de-la-salle,2015,2C,120,103,,0.858333333333333
4933,de-la-salle,2015,2C(S),0,0,,
4934,de-la-salle,2015,3,0,0,,
4935,de-la-salle,2015,Total,0,270,,1
4936,de-la-salle,2016,1,0,0,,
4937,de-la-salle,2016,2A(1),0,0,,
4938,de-la-salle,2016,2A(2),0,0,,
4939,de-la-salle,2016,2B,24,80,,1
4940,de-la-salle,2016,2C,119,136,,1
4941,de-la-salle,2016,2C(S),19,17,,0.894736842105263
4942,de-la-salle,2016,3,0,0,,
4943,de-la-salle,2016,Total,0,270,,1
4944,de-la-salle,2017,1,0,0,,
4945,de-la-salle,2017,2A(1),0,0,,
4946,de-la-salle,2017,2A(2),0,0,,
4947,de-la-salle,2017,2B,26,82,,1
4948,de-la-salle,2017,2C,133,137,,1
4949,de-la-salle,2017,2C(S),6,4,,0.666666666666667
4950,de-la-salle,2017,3,0,0,,
4951,de-la-salle,2017,Total,0,270,,1
4952,de-la-salle,2018,1,0,0,,
4953,de-la-salle,2018,2A(1),0,0,,
4954,de-la-salle,2018,2A(2),0,0,,
4955,de-la-salle,2018,2B,20,72,,1
4956,de-la-salle,2018,2C,112,124,,1
4957,de-la-salle,2018,2C(S),22,12,,0.545454545454545
4958,de-la-salle,2018,3,0,0,,
4959,de-la-salle,2018,Total,0,270,,1
4960,de-la-salle,2019,1,90,200,,1
4961,de-la-salle,2019,2A(1),6,110,,1
4962,de-la-salle,2019,2A(2),13,104,,1
4963,de-la-salle,2019,2B,23,66,,1
4964,de-la-salle,2019,2C,118,109,PR<1,0.923728813559322
4965,de-la-salle,2019,2C(S),0,0,,
4966,de-la-salle,2019,3,0,0,,
4967,de-la-salle,2019,Total,0,240,,1
4968,de-la-salle,2020,1,89,200,,1
4969,de-la-salle,2020,2A(1),2,111,,1
4970,de-la-salle,2020,2A(2),29,109,,1
4971,de-la-salle,2020,2B,20,60,,1
4972,de-la-salle,2020,2C,105,104,PR>2,0.99047619047619
4973,de-la-salle,2020,2C(S),0,0,,
4974,de-la-salle,2020,3,0,0,,
4975,de-la-salle,2020,Total,0,240,,1
4976,de-la-salle,2021,1,95,200,,1
4977,de-la-salle,2021,2A(1),8,105,,1
4978,de-la-salle,2021,2A(2),20,97,,1
4979,de-la-salle,2021,2B,15,59,,1
4980,de-la-salle,2021,2C,100,102,,1
4981,de-la-salle,2021,2C(S),7,2,SC<2#,0.285714285714286
4982,de-la-salle,2021,3,0,0,,
4983,de-la-salle,2021,Total,0,240,,1
4984,de-la-salle,2022,1,79,180,,1
4985,de-la-salle,2022,2A(1),17,101,,1
4986,de-la-salle,2022,2A(2),0,0,,
4987,de-la-salle,2022,2B,12,48,,1
4988,de-la-salle,2022,2C,104,133,,1
4989,de-la-salle,2022,2C(S),48,29,SC>2,0.604166666666667
4990,de-la-salle,2022,3,0,0,,
4991,de-la-salle,2022,Total,0,240,,1
4992,de-la-salle,2023,1,91,180,,1
4993,de-la-salle,2023,2A(1),16,89,,1
4994,de-la-salle,2023,2A(2),0,0,,
4995,de-la-salle,2023,2B,5,44,,1
4996,de-la-salle,2023,2C,96,128,,1
4997,de-la-salle,2023,2C(S),33,32,SC#,0.96969696969697
4998,de-la-salle,2023,3,0,0,,
4999,de-la-salle,2023,Total,0,240,,1
5000,east-spring,2009,1,0,0,,
5001,east-spring,2009,2A(1),0,0,,
5002,east-spring,2009,2A(2),0,0,,
5003,east-spring,2009,2B,1,36,,1
5004,east-spring,2009,2C,87,71,,0.816091954022989
5005,east-spring,2009,2C(S),0,0,,
5006,east-spring,2009,3,0,0,,
5007,east-spring,2009,Total,0,180,,1
5008,east-spring,2010,1,0,0,,
5009,east-spring,2010,2A(1),0,0,,
5010,east-spring,2010,2A(2),0,0,,
5011,east-spring,2010,2B,4,43,,1
5012,east-spring,2010,2C,89,81,,0.910112359550562
5013,east-spring,2010,2C(S),0,0,,
5014,east-spring,2010,3,0,0,,
5015,east-spring,2010,Total,0,180,,1
5016,east-spring,2011,1,0,0,,
5017,east-spring,2011,2A(1),0,0,,
5018,east-spring,2011,2A(2),0,0,,
5019,east-spring,2011,2B,5,47,,1
5020,east-spring,2011,2C,93,90,,0.967741935483871
5021,east-spring,2011,2C(S),0,0,,
5022,east-spring,2011,3,0,0,,
5023,east-spring,2011,Total,0,180,,1
5024,east-spring,2012,1,0,0,,
5025,east-spring,2012,2A(1),0,0,,
5026,east-spring,2012,2A(2),0,0,,
5027,east-spring,2012,2B,4,42,,1
5028,east-spring,2012,2C,86,79,,0.918604651162791
5029,east-spring,2012,2C(S),0,0,,
5030,east-spring,2012,3,0,0,,
5031,east-spring,2012,Total,0,180,,1
5032,east-spring,2013,1,0,0,,
5033,east-spring,2013,2A(1),0,0,,
5034,east-spring,2013,2A(2),0,0,,
5035,east-spring,2013,2B,3,51,,1
5036,east-spring,2013,2C,94,99,,1
5037,east-spring,2013,2C(S),6,4,,0.666666666666667
5038,east-spring,2013,3,0,0,,
5039,east-spring,2013,Total,0,180,,1
5040,east-spring,2014,1,0,0,,
5041,east-spring,2014,2A(1),0,0,,
5042,east-spring,2014,2A(2),0,0,,
5043,east-spring,2014,2B,3,52,,1
5044,east-spring,2014,2C,88,100,,1
5045,east-spring,2014,2C(S),6,12,,1
5046,east-spring,2014,3,0,6,,1
5047,east-spring,2014,Total,0,180,,1
5048,east-spring,2015,1,0,0,,
5049,east-spring,2015,2A(1),0,0,,
5050,east-spring,2015,2A(2),0,0,,
5051,east-spring,2015,2B,1,53,,1
5052,east-spring,2015,2C,84,104,,1
5053,east-spring,2015,2C(S),8,21,,1
5054,east-spring,2015,3,0,13,,1
5055,east-spring,2015,Total,0,180,,1
5056,east-spring,2016,1,0,0,,
5057,east-spring,2016,2A(1),0,0,,
5058,east-spring,2016,2A(2),0,0,,
5059,east-spring,2016,2B,1,58,,1
5060,east-spring,2016,2C,66,115,,1
5061,east-spring,2016,2C(S),3,49,,1
5062,east-spring,2016,3,0,46,,1
5063,east-spring,2016,Total,0,180,,1
5064,east-spring,2017,1,0,0,,
5065,east-spring,2017,2A(1),0,0,,
5066,east-spring,2017,2A(2),0,0,,
5067,east-spring,2017,2B,0,55,,1
5068,east-spring,2017,2C,65,109,,1
5069,east-spring,2017,2C(S),13,44,,1
5070,east-spring,2017,3,0,31,,1
5071,east-spring,2017,Total,0,180,,1
5072,east-spring,2018,1,0,0,,
5073,east-spring,2018,2A(1),0,0,,
5074,east-spring,2018,2A(2),0,0,,
5075,east-spring,2018,2B,2,53,,1
5076,east-spring,2018,2C,69,103,,1
5077,east-spring,2018,2C(S),23,35,,1
5078,east-spring,2018,3,0,12,,1
5079,east-spring,2018,Total,0,180,,1
5080,east-spring,2019,1,53,110,,1
5081,east-spring,2019,2A(1),0,58,,1
5082,east-spring,2019,2A(2),11,58,,1
5083,east-spring,2019,2B,2,44,,1
5084,east-spring,2019,2C,53,85,,1
5085,east-spring,2019,2C(S),11,32,,1
5086,east-spring,2019,3,0,21,,1
5087,east-spring,2019,Total,0,150,,1
5088,east-spring,2020,1,54,140,,1
5089,east-spring,2020,2A(1),0,86,,1
5090,east-spring,2020,2A(2),9,86,,1
5091,east-spring,2020,2B,1,59,,1
5092,east-spring,2020,2C,67,116,,1
5093,east-spring,2020,2C(S),23,50,,1
5094,east-spring,2020,3,0,27,,1
5095,east-spring,2020,Total,0,180,,1
5096,east-spring,2021,1,67,170,,1
5097,east-spring,2021,2A(1),0,103,,1
5098,east-spring,2021,2A(2),0,103,,1
5099,east-spring,2021,2B,0,72,,1
5100,east-spring,2021,2C,70,143,,1
5101,east-spring,2021,2C(S),34,73,,1
5102,east-spring,2021,3,0,39,,1
5103,east-spring,2021,Total,0,210,,1
5104,east-spring,2022,1,66,130,,1
5105,east-spring,2022,2A(1),11,64,,1
5106,east-spring,2022,2A(2),0,0,,
5107,east-spring,2022,2B,0,38,,1
5108,east-spring,2022,2C,58,113,,1
5109,east-spring,2022,2C(S),26,55,,1
5110,east-spring,2022,3,0,29,,1
5111,east-spring,2022,Total,0,190,,1
5112,east-spring,2023,1,49,130,,1
5113,east-spring,2023,2A(1),11,81,,1
5114,east-spring,2023,2A(2),0,0,,
5115,east-spring,2023,2B,0,43,,1
5116,east-spring,2023,2C,64,130,,1
5117,east-spring,2023,2C(S),38,66,,1
5118,east-spring,2023,3,0,28,,1
5119,east-spring,2023,Total,0,190,,1
5120,edgefield,2009,1,0,0,,
5121,edgefield,2009,2A(1),0,0,,
5122,edgefield,2009,2A(2),0,0,,
5123,edgefield,2009,2B,2,70,,1
5124,edgefield,2009,2C,133,138,,1
5125,edgefield,2009,2C(S),16,6,,0.375
5126,edgefield,2009,3,0,0,,
5127,edgefield,2009,Total,0,240,,1
5128,edgefield,2010,1,0,0,,
5129,edgefield,2010,2A(1),0,0,,
5130,edgefield,2010,2A(2),0,0,,
5131,edgefield,2010,2B,4,81,,1
5132,edgefield,2010,2C,157,158,,1
5133,edgefield,2010,2C(S),5,1,,0.2
5134,edgefield,2010,3,0,0,,
5135,edgefield,2010,Total,0,240,,1
5136,edgefield,2011,1,0,0,,
5137,edgefield,2011,2A(1),0,0,,
5138,edgefield,2011,2A(2),0,0,,
5139,edgefield,2011,2B,10,64,,1
5140,edgefield,2011,2C,152,120,,0.789473684210526
5141,edgefield,2011,2C(S),0,0,,
5142,edgefield,2011,3,0,0,,
5143,edgefield,2011,Total,0,270,,1
5144,edgefield,2012,1,0,0,,
5145,edgefield,2012,2A(1),0,0,,
5146,edgefield,2012,2A(2),0,0,,
5147,edgefield,2012,2B,7,75,,1
5148,edgefield,2012,2C,144,143,,0.993055555555556
5149,edgefield,2012,2C(S),0,0,,
5150,edgefield,2012,3,0,0,,
5151,edgefield,2012,Total,0,270,,1
5152,edgefield,2013,1,0,0,,
5153,edgefield,2013,2A(1),0,0,,
5154,edgefield,2013,2A(2),0,0,,
5155,edgefield,2013,2B,16,74,,1
5156,edgefield,2013,2C,119,132,,1
5157,edgefield,2013,2C(S),26,15,,0.576923076923077
5158,edgefield,2013,3,0,0,,
5159,edgefield,2013,Total,0,270,,1
5160,edgefield,2014,1,0,0,,
5161,edgefield,2014,2A(1),0,0,,
5162,edgefield,2014,2A(2),0,0,,
5163,edgefield,2014,2B,2,63,,1
5164,edgefield,2014,2C,152,124,,0.815789473684211
5165,edgefield,2014,2C(S),0,0,,
5166,edgefield,2014,3,0,0,,
5167,edgefield,2014,Total,0,240,,1
5168,edgefield,2015,1,0,0,,
5169,edgefield,2015,2A(1),0,0,,
5170,edgefield,2015,2A(2),0,0,,
5171,edgefield,2015,2B,0,64,,1
5172,edgefield,2015,2C,128,128,,1
5173,edgefield,2015,2C(S),0,0,,
5174,edgefield,2015,3,0,0,,
5175,edgefield,2015,Total,0,240,,1
5176,edgefield,2016,1,0,0,,
5177,edgefield,2016,2A(1),0,0,,
5178,edgefield,2016,2A(2),0,0,,
5179,edgefield,2016,2B,1,66,,1
5180,edgefield,2016,2C,110,131,,1
5181,edgefield,2016,2C(S),23,22,,0.956521739130435
5182,edgefield,2016,3,0,0,,
5183,edgefield,2016,Total,0,240,,1
5184,edgefield,2017,1,0,0,,
5185,edgefield,2017,2A(1),0,0,,
5186,edgefield,2017,2A(2),0,0,,
5187,edgefield,2017,2B,1,85,,1
5188,edgefield,2017,2C,90,172,,1
5189,edgefield,2017,2C(S),46,82,,1
5190,edgefield,2017,3,0,36,,1
5191,edgefield,2017,Total,0,270,,1
5192,edgefield,2018,1,0,0,,
5193,edgefield,2018,2A(1),0,0,,
5194,edgefield,2018,2A(2),0,0,,
5195,edgefield,2018,2B,0,86,,1
5196,edgefield,2018,2C,72,174,,1
5197,edgefield,2018,2C(S),92,102,,1
5198,edgefield,2018,3,0,10,,1
5199,edgefield,2018,Total,0,280,,1
5200,edgefield,2019,1,95,200,,1
5201,edgefield,2019,2A(1),0,105,,1
5202,edgefield,2019,2A(2),9,105,,1
5203,edgefield,2019,2B,0,68,,1
5204,edgefield,2019,2C,69,136,,1
5205,edgefield,2019,2C(S),31,67,,1
5206,edgefield,2019,3,0,36,,1
5207,edgefield,2019,Total,0,240,,1
5208,edgefield,2020,1,95,200,,1
5209,edgefield,2020,2A(1),0,105,,1
5210,edgefield,2020,2A(2),12,105,,1
5211,edgefield,2020,2B,0,67,,1
5212,edgefield,2020,2C,79,134,,1
5213,edgefield,2020,2C(S),80,56,SC<1,0.7
5214,edgefield,2020,3,0,0,,
5215,edgefield,2020,Total,0,240,,1
5216,edgefield,2021,1,100,200,,1
5217,edgefield,2021,2A(1),0,100,,1
5218,edgefield,2021,2A(2),6,100,,1
5219,edgefield,2021,2B,0,67,,1
5220,edgefield,2021,2C,80,134,,1
5221,edgefield,2021,2C(S),64,54,SC<1,0.84375
5222,edgefield,2021,3,0,0,,
5223,edgefield,2021,Total,0,240,,1
5224,edgefield,2022,1,87,180,,1
5225,edgefield,2022,2A(1),15,93,,1
5226,edgefield,2022,2A(2),0,0,,
5227,edgefield,2022,2B,0,46,,1
5228,edgefield,2022,2C,85,139,,1
5229,edgefield,2022,2C(S),65,54,SC<1,0.830769230769231
5230,edgefield,2022,3,0,0,,
5231,edgefield,2022,Total,0,240,,1
5232,edgefield,2023,1,71,180,,1
5233,edgefield,2023,2A(1),7,109,,1
5234,edgefield,2023,2A(2),0,0,,
5235,edgefield,2023,2B,0,54,,1
5236,edgefield,2023,2C,46,162,,1
5237,edgefield,2023,2C(S),24,116,,1
5238,edgefield,2023,3,0,92,,1
5239,edgefield,2023,Total,0,240,,1
5240,elias-park,2009,1,0,0,,
5241,elias-park,2009,2A(1),0,0,,
5242,elias-park,2009,2A(2),0,0,,
5243,elias-park,2009,2B,0,38,,1
5244,elias-park,2009,2C,90,75,,0.833333333333333
5245,elias-park,2009,2C(S),0,0,,
5246,elias-park,2009,3,0,0,,
5247,elias-park,2009,Total,0,180,,1
5248,elias-park,2010,1,0,0,,
5249,elias-park,2010,2A(1),0,0,,
5250,elias-park,2010,2A(2),0,0,,
5251,elias-park,2010,2B,0,52,,1
5252,elias-park,2010,2C,90,104,,1
5253,elias-park,2010,2C(S),11,15,,1
5254,elias-park,2010,3,0,2,,1
5255,elias-park,2010,Total,0,180,,1
5256,elias-park,2011,1,0,0,,
5257,elias-park,2011,2A(1),0,0,,
5258,elias-park,2011,2A(2),0,0,,
5259,elias-park,2011,2B,0,47,,1
5260,elias-park,2011,2C,97,93,,0.958762886597938
5261,elias-park,2011,2C(S),0,0,,
5262,elias-park,2011,3,0,0,,
5263,elias-park,2011,Total,0,180,,1
5264,elias-park,2012,1,0,0,,
5265,elias-park,2012,2A(1),0,0,,
5266,elias-park,2012,2A(2),0,0,,
5267,elias-park,2012,2B,2,55,,1
5268,elias-park,2012,2C,81,107,,1
5269,elias-park,2012,2C(S),2,25,,1
5270,elias-park,2012,3,0,23,,1
5271,elias-park,2012,Total,0,180,,1
5272,elias-park,2013,1,0,0,,
5273,elias-park,2013,2A(1),0,0,,
5274,elias-park,2013,2A(2),0,0,,
5275,elias-park,2013,2B,1,52,,1
5276,elias-park,2013,2C,95,102,,1
5277,elias-park,2013,2C(S),6,7,,1
5278,elias-park,2013,3,0,0,,
5279,elias-park,2013,Total,0,180,,1
5280,elias-park,2014,1,0,0,,
5281,elias-park,2014,2A(1),0,0,,
5282,elias-park,2014,2A(2),0,0,,
5283,elias-park,2014,2B,1,56,,1
5284,elias-park,2014,2C,113,110,,0.973451327433628
5285,elias-park,2014,2C(S),0,0,,
5286,elias-park,2014,3,0,0,,
5287,elias-park,2014,Total,0,180,,1
5288,elias-park,2015,1,0,0,,
5289,elias-park,2015,2A(1),0,0,,
5290,elias-park,2015,2A(2),0,0,,
5291,elias-park,2015,2B,0,49,,1
5292,elias-park,2015,2C,97,98,,1
5293,elias-park,2015,2C(S),1,1,,1
5294,elias-park,2015,3,0,0,,
5295,elias-park,2015,Total,0,180,,1
5296,elias-park,2016,1,0,0,,
5297,elias-park,2016,2A(1),0,0,,
5298,elias-park,2016,2A(2),0,0,,
5299,elias-park,2016,2B,0,56,,1
5300,elias-park,2016,2C,93,111,,1
5301,elias-park,2016,2C(S),10,18,,1
5302,elias-park,2016,3,0,8,,1
5303,elias-park,2016,Total,0,180,,1
5304,elias-park,2017,1,0,0,,
5305,elias-park,2017,2A(1),0,0,,
5306,elias-park,2017,2A(2),0,0,,
5307,elias-park,2017,2B,0,57,,1
5308,elias-park,2017,2C,119,114,,0.957983193277311
5309,elias-park,2017,2C(S),0,0,,
5310,elias-park,2017,3,0,0,,
5311,elias-park,2017,Total,0,180,,1
5312,elias-park,2018,1,0,0,,
5313,elias-park,2018,2A(1),0,0,,
5314,elias-park,2018,2A(2),0,0,,
5315,elias-park,2018,2B,0,46,,1
5316,elias-park,2018,2C,112,93,,0.830357142857143
5317,elias-park,2018,2C(S),0,0,,
5318,elias-park,2018,3,0,0,,
5319,elias-park,2018,Total,0,180,,1
5320,elias-park,2019,1,63,140,,1
5321,elias-park,2019,2A(1),0,77,,1
5322,elias-park,2019,2A(2),13,77,,1
5323,elias-park,2019,2B,1,53,,1
5324,elias-park,2019,2C,116,105,PR<1,0.905172413793103
5325,elias-park,2019,2C(S),0,0,,
5326,elias-park,2019,3,0,0,,
5327,elias-park,2019,Total,0,180,,1
5328,elias-park,2020,1,85,140,,1
5329,elias-park,2020,2A(1),0,55,,1
5330,elias-park,2020,2A(2),12,55,,1
5331,elias-park,2020,2B,0,42,,1
5332,elias-park,2020,2C,98,84,SC<1,0.857142857142857
5333,elias-park,2020,2C(S),0,0,,
5334,elias-park,2020,3,0,0,,
5335,elias-park,2020,Total,0,180,,1
5336,elias-park,2021,1,81,150,,1
5337,elias-park,2021,2A(1),0,69,,1
5338,elias-park,2021,2A(2),21,69,,1
5339,elias-park,2021,2B,0,44,,1
5340,elias-park,2021,2C,108,89,SC<1,0.824074074074074
5341,elias-park,2021,2C(S),0,0,,
5342,elias-park,2021,3,0,0,,
5343,elias-park,2021,Total,0,190,,1
5344,elias-park,2022,1,80,120,,1
5345,elias-park,2022,2A(1),10,40,,1
5346,elias-park,2022,2A(2),0,0,,
5347,elias-park,2022,2B,2,30,,1
5348,elias-park,2022,2C,132,89,SC<1,0.674242424242424
5349,elias-park,2022,2C(S),0,0,,
5350,elias-park,2022,3,0,0,,
5351,elias-park,2022,Total,0,180,,1
5352,elias-park,2023,1,77,100,,1
5353,elias-park,2023,2A(1),22,23,,1
5354,elias-park,2023,2A(2),0,0,,
5355,elias-park,2023,2B,0,20,,1
5356,elias-park,2023,2C,101,61,SC<1,0.603960396039604
5357,elias-park,2023,2C(S),0,0,,
5358,elias-park,2023,3,0,0,,
5359,elias-park,2023,Total,0,160,,1
5360,endeavour,2009,1,0,0,,
5361,endeavour,2009,2A(1),0,0,,
5362,endeavour,2009,2A(2),0,0,,
5363,endeavour,2009,2B,2,104,,1
5364,endeavour,2009,2C,217,205,,0.944700460829493
5365,endeavour,2009,2C(S),0,0,,
5366,endeavour,2009,3,0,0,,
5367,endeavour,2009,Total,0,270,,1
5368,endeavour,2010,1,0,0,,
5369,endeavour,2010,2A(1),0,0,,
5370,endeavour,2010,2A(2),0,0,,
5371,endeavour,2010,2B,12,80,,1
5372,endeavour,2010,2C,185,148,,0.8
5373,endeavour,2010,2C(S),0,0,,
5374,endeavour,2010,3,0,0,,
5375,endeavour,2010,Total,0,270,,1
5376,endeavour,2011,1,0,0,,
5377,endeavour,2011,2A(1),0,0,,
5378,endeavour,2011,2A(2),0,0,,
5379,endeavour,2011,2B,22,50,,1
5380,endeavour,2011,2C,153,77,,0.503267973856209
5381,endeavour,2011,2C(S),0,0,,
5382,endeavour,2011,3,0,0,,
5383,endeavour,2011,Total,0,210,,1
5384,endeavour,2012,1,0,0,,
5385,endeavour,2012,2A(1),0,0,,
5386,endeavour,2012,2A(2),0,0,,
5387,endeavour,2012,2B,22,43,,1
5388,endeavour,2012,2C,129,64,,0.496124031007752
5389,endeavour,2012,2C(S),0,0,,
5390,endeavour,2012,3,0,0,,
5391,endeavour,2012,Total,0,210,,1
5392,endeavour,2013,1,0,0,,
5393,endeavour,2013,2A(1),0,0,,
5394,endeavour,2013,2A(2),0,0,,
5395,endeavour,2013,2B,30,45,,1
5396,endeavour,2013,2C,81,60,,0.740740740740741
5397,endeavour,2013,2C(S),0,0,,
5398,endeavour,2013,3,0,0,,
5399,endeavour,2013,Total,0,210,,1
5400,endeavour,2014,1,0,0,,
5401,endeavour,2014,2A(1),0,0,,
5402,endeavour,2014,2A(2),0,0,,
5403,endeavour,2014,2B,32,61,,1
5404,endeavour,2014,2C,93,89,,0.956989247311828
5405,endeavour,2014,2C(S),0,0,,
5406,endeavour,2014,3,0,0,,
5407,endeavour,2014,Total,0,210,,1
5408,endeavour,2015,1,0,0,,
5409,endeavour,2015,2A(1),0,0,,
5410,endeavour,2015,2A(2),0,0,,
5411,endeavour,2015,2B,10,52,,1
5412,endeavour,2015,2C,102,94,,0.92156862745098
5413,endeavour,2015,2C(S),0,0,,
5414,endeavour,2015,3,0,0,,
5415,endeavour,2015,Total,0,210,,1
5416,endeavour,2016,1,0,0,,
5417,endeavour,2016,2A(1),0,0,,
5418,endeavour,2016,2A(2),0,0,,
5419,endeavour,2016,2B,9,60,,1
5420,endeavour,2016,2C,93,111,,1
5421,endeavour,2016,2C(S),15,19,,1
5422,endeavour,2016,3,0,4,,1
5423,endeavour,2016,Total,0,210,,1
5424,endeavour,2017,1,0,0,,
5425,endeavour,2017,2A(1),0,0,,
5426,endeavour,2017,2A(2),0,0,,
5427,endeavour,2017,2B,2,59,,1
5428,endeavour,2017,2C,88,116,,1
5429,endeavour,2017,2C(S),16,28,,1
5430,endeavour,2017,3,0,12,,1
5431,endeavour,2017,Total,0,210,,1
5432,endeavour,2018,1,0,0,,
5433,endeavour,2018,2A(1),0,0,,
5434,endeavour,2018,2A(2),0,0,,
5435,endeavour,2018,2B,11,75,,1
5436,endeavour,2018,2C,102,139,,1
5437,endeavour,2018,2C(S),37,37,,1
5438,endeavour,2018,3,0,0,,
5439,endeavour,2018,Total,0,240,,1
5440,endeavour,2019,1,72,170,,1
5441,endeavour,2019,2A(1),0,98,,1
5442,endeavour,2019,2A(2),6,98,,1
5443,endeavour,2019,2B,1,66,,1
5444,endeavour,2019,2C,91,133,,1
5445,endeavour,2019,2C(S),25,42,,1
5446,endeavour,2019,3,0,17,,1
5447,endeavour,2019,Total,0,210,,1
5448,endeavour,2020,1,90,200,,1
5449,endeavour,2020,2A(1),0,110,,1
5450,endeavour,2020,2A(2),7,110,,1
5451,endeavour,2020,2B,4,72,,1
5452,endeavour,2020,2C,76,140,,1
5453,endeavour,2020,2C(S),67,64,PR<1,0.955223880597015
5454,endeavour,2020,3,0,0,,
5455,endeavour,2020,Total,0,240,,1
5456,endeavour,2021,1,74,200,,1
5457,endeavour,2021,2A(1),0,126,,1
5458,endeavour,2021,2A(2),8,126,,1
5459,endeavour,2021,2B,3,80,,1
5460,endeavour,2021,2C,70,156,,1
5461,endeavour,2021,2C(S),65,86,,1
5462,endeavour,2021,3,0,21,,1
5463,endeavour,2021,Total,0,240,,1
5464,endeavour,2022,1,77,180,,1
5465,endeavour,2022,2A(1),7,103,,1
5466,endeavour,2022,2A(2),0,0,,
5467,endeavour,2022,2B,3,52,,1
5468,endeavour,2022,2C,58,153,,1
5469,endeavour,2022,2C(S),72,95,,1
5470,endeavour,2022,3,0,23,,1
5471,endeavour,2022,Total,0,240,,1
5472,endeavour,2023,1,58,180,,1
5473,endeavour,2023,2A(1),6,122,,1
5474,endeavour,2023,2A(2),0,0,,
5475,endeavour,2023,2B,1,59,,1
5476,endeavour,2023,2C,53,175,,1
5477,endeavour,2023,2C(S),25,122,,1
5478,endeavour,2023,3,0,97,,1
5479,endeavour,2023,Total,0,240,,1
5480,eunos,2009,1,0,0,,
5481,eunos,2009,2A(1),0,0,,
5482,eunos,2009,2A(2),0,0,,
5483,eunos,2009,2B,0,56,,1
5484,eunos,2009,2C,41,112,,1
5485,eunos,2009,2C(S),11,71,,1
5486,eunos,2009,3,0,59,,1
5487,eunos,2009,Total,0,180,,1
5488,eunos,2010,1,0,0,,
5489,eunos,2010,2A(1),0,0,,
5490,eunos,2010,2A(2),0,0,,
5491,eunos,2010,2B,0,58,,1
5492,eunos,2010,2C,40,115,,1
5493,eunos,2010,2C(S),14,76,,1
5494,eunos,2010,3,0,53,,1
5495,eunos,2010,Total,0,180,,1
5496,eunos,2011,1,0,0,,
5497,eunos,2011,2A(1),0,0,,
5498,eunos,2011,2A(2),0,0,,
5499,eunos,2011,2B,1,79,,1
5500,eunos,2011,2C,36,157,,1
5501,eunos,2011,2C(S),13,121,,1
5502,eunos,2011,3,0,44,,1
5503,eunos,2011,Total,0,210,,1
5504,eunos,2012,1,0,0,,
5505,eunos,2012,2A(1),0,0,,
5506,eunos,2012,2A(2),0,0,,
5507,eunos,2012,2B,0,60,,1
5508,eunos,2012,2C,41,120,,1
5509,eunos,2012,2C(S),21,81,,1
5510,eunos,2012,3,0,46,,1
5511,eunos,2012,Total,0,180,,1
5512,eunos,2013,1,0,0,,
5513,eunos,2013,2A(1),0,0,,
5514,eunos,2013,2A(2),0,0,,
5515,eunos,2013,2B,1,59,,1
5516,eunos,2013,2C,30,117,,1
5517,eunos,2013,2C(S),19,88,,1
5518,eunos,2013,3,0,49,,1
5519,eunos,2013,Total,0,180,,1
5520,eunos,2014,1,0,0,,
5521,eunos,2014,2A(1),0,0,,
5522,eunos,2014,2A(2),0,0,,
5523,eunos,2014,2B,0,63,,1
5524,eunos,2014,2C,39,125,,1
5525,eunos,2014,2C(S),20,86,,1
5526,eunos,2014,3,0,66,,1
5527,eunos,2014,Total,0,180,,1
5528,eunos,2015,1,0,0,,
5529,eunos,2015,2A(1),0,0,,
5530,eunos,2015,2A(2),0,0,,
5531,eunos,2015,2B,0,70,,1
5532,eunos,2015,2C,35,140,,1
5533,eunos,2015,2C(S),2,105,,1
5534,eunos,2015,3,0,103,,1
5535,eunos,2015,Total,0,180,,1
5536,eunos,2016,1,0,0,,
5537,eunos,2016,2A(1),0,0,,
5538,eunos,2016,2A(2),0,0,,
5539,eunos,2016,2B,0,55,,1
5540,eunos,2016,2C,22,110,,1
5541,eunos,2016,2C(S),4,88,,1
5542,eunos,2016,3,0,84,,1
5543,eunos,2016,Total,0,150,,1
5544,eunos,2017,1,0,0,,
5545,eunos,2017,2A(1),0,0,,
5546,eunos,2017,2A(2),0,0,,
5547,eunos,2017,2B,0,55,,1
5548,eunos,2017,2C,26,109,,1
5549,eunos,2017,2C(S),4,84,,1
5550,eunos,2017,3,0,80,,1
5551,eunos,2017,Total,0,150,,1
5552,eunos,2018,1,0,0,,
5553,eunos,2018,2A(1),0,0,,
5554,eunos,2018,2A(2),0,0,,
5555,eunos,2018,2B,0,53,,1
5556,eunos,2018,2C,27,105,,1
5557,eunos,2018,2C(S),10,78,,1
5558,eunos,2018,3,0,68,,1
5559,eunos,2018,Total,0,150,,1
5560,eunos,2019,1,27,50,,1
5561,eunos,2019,2A(1),0,23,,1
5562,eunos,2019,2A(2),11,23,,1
5563,eunos,2019,2B,0,26,,1
5564,eunos,2019,2C,13,52,,1
5565,eunos,2019,2C(S),3,39,,1
5566,eunos,2019,3,0,36,,1
5567,eunos,2019,Total,0,90,,1
5568,eunos,2020,1,42,110,,1
5569,eunos,2020,2A(1),0,68,,1
5570,eunos,2020,2A(2),9,68,,1
5571,eunos,2020,2B,0,50,,1
5572,eunos,2020,2C,25,99,,1
5573,eunos,2020,2C(S),19,74,,1
5574,eunos,2020,3,0,55,,1
5575,eunos,2020,Total,0,150,,1
5576,evergreen,2009,1,0,0,,
5577,evergreen,2009,2A(1),0,0,,
5578,evergreen,2009,2A(2),0,0,,
5579,evergreen,2009,2B,46,66,,1
5580,evergreen,2009,2C,154,85,,0.551948051948052
5581,evergreen,2009,2C(S),0,0,,
5582,evergreen,2009,3,0,0,,
5583,evergreen,2009,Total,0,270,,1
5584,evergreen,2010,1,0,0,,
5585,evergreen,2010,2A(1),0,0,,
5586,evergreen,2010,2A(2),0,0,,
5587,evergreen,2010,2B,34,60,,1
5588,evergreen,2010,2C,139,86,,0.618705035971223
5589,evergreen,2010,2C(S),0,0,,
5590,evergreen,2010,3,0,0,,
5591,evergreen,2010,Total,0,240,,1
5592,evergreen,2011,1,0,0,,
5593,evergreen,2011,2A(1),0,0,,
5594,evergreen,2011,2A(2),0,0,,
5595,evergreen,2011,2B,24,55,,1
5596,evergreen,2011,2C,160,85,,0.53125
5597,evergreen,2011,2C(S),0,0,,
5598,evergreen,2011,3,0,0,,
5599,evergreen,2011,Total,0,240,,1
5600,evergreen,2012,1,0,0,,
5601,evergreen,2012,2A(1),0,0,,
5602,evergreen,2012,2A(2),0,0,,
5603,evergreen,2012,2B,17,47,,1
5604,evergreen,2012,2C,79,76,,0.962025316455696
5605,evergreen,2012,2C(S),0,0,,
5606,evergreen,2012,3,0,0,,
5607,evergreen,2012,Total,0,240,,1
5608,evergreen,2013,1,0,0,,
5609,evergreen,2013,2A(1),0,0,,
5610,evergreen,2013,2A(2),0,0,,
5611,evergreen,2013,2B,10,62,,1
5612,evergreen,2013,2C,127,114,,0.897637795275591
5613,evergreen,2013,2C(S),0,0,,
5614,evergreen,2013,3,0,0,,
5615,evergreen,2013,Total,0,240,,1
5616,evergreen,2014,1,0,0,,
5617,evergreen,2014,2A(1),0,0,,
5618,evergreen,2014,2A(2),0,0,,
5619,evergreen,2014,2B,12,62,,1
5620,evergreen,2014,2C,129,112,,0.868217054263566
5621,evergreen,2014,2C(S),0,0,,
5622,evergreen,2014,3,0,0,,
5623,evergreen,2014,Total,0,240,,1
5624,evergreen,2015,1,0,0,,
5625,evergreen,2015,2A(1),0,0,,
5626,evergreen,2015,2A(2),0,0,,
5627,evergreen,2015,2B,6,65,,1
5628,evergreen,2015,2C,126,124,,0.984126984126984
5629,evergreen,2015,2C(S),0,0,,
5630,evergreen,2015,3,0,0,,
5631,evergreen,2015,Total,0,240,,1
5632,evergreen,2016,1,0,0,,
5633,evergreen,2016,2A(1),0,0,,
5634,evergreen,2016,2A(2),0,0,,
5635,evergreen,2016,2B,2,58,,1
5636,evergreen,2016,2C,113,114,,1
5637,evergreen,2016,2C(S),2,1,,0.5
5638,evergreen,2016,3,0,0,,
5639,evergreen,2016,Total,0,210,,1
5640,evergreen,2017,1,0,0,,
5641,evergreen,2017,2A(1),0,0,,
5642,evergreen,2017,2A(2),0,0,,
5643,evergreen,2017,2B,3,56,,1
5644,evergreen,2017,2C,109,109,,1
5645,evergreen,2017,2C(S),0,0,,
5646,evergreen,2017,3,0,0,,
5647,evergreen,2017,Total,0,210,,1
5648,evergreen,2018,1,0,0,,
5649,evergreen,2018,2A(1),0,0,,
5650,evergreen,2018,2A(2),0,0,,
5651,evergreen,2018,2B,7,50,,1
5652,evergreen,2018,2C,85,92,,1
5653,evergreen,2018,2C(S),21,7,,0.333333333333333
5654,evergreen,2018,3,0,0,,
5655,evergreen,2018,Total,0,210,,1
5656,evergreen,2019,1,82,140,,1
5657,evergreen,2019,2A(1),0,58,,1
5658,evergreen,2019,2A(2),12,58,,1
5659,evergreen,2019,2B,5,43,,1
5660,evergreen,2019,2C,81,81,,1
5661,evergreen,2019,2C(S),0,0,,
5662,evergreen,2019,3,0,0,,
5663,evergreen,2019,Total,0,180,,1
5664,evergreen,2020,1,96,170,,1
5665,evergreen,2020,2A(1),0,74,,1
5666,evergreen,2020,2A(2),18,75,,1
5667,evergreen,2020,2B,3,49,,1
5668,evergreen,2020,2C,91,95,,1
5669,evergreen,2020,2C(S),19,5,SC<1,0.263157894736842
5670,evergreen,2020,3,0,0,,
5671,evergreen,2020,Total,0,210,,1
5672,evergreen,2021,1,84,170,,1
5673,evergreen,2021,2A(1),0,86,,1
5674,evergreen,2021,2A(2),15,86,,1
5675,evergreen,2021,2B,0,56,,1
5676,evergreen,2021,2C,72,112,,1
5677,evergreen,2021,2C(S),37,40,,1
5678,evergreen,2021,3,0,3,,1
5679,evergreen,2021,Total,0,210,,1
5680,evergreen,2022,1,68,150,,1
5681,evergreen,2022,2A(1),17,82,,1
5682,evergreen,2022,2A(2),0,0,,
5683,evergreen,2022,2B,0,42,,1
5684,evergreen,2022,2C,59,125,,1
5685,evergreen,2022,2C(S),47,66,,1
5686,evergreen,2022,3,0,19,,1
5687,evergreen,2022,Total,0,210,,1
5688,evergreen,2023,1,68,120,,1
5689,evergreen,2023,2A(1),18,52,,1
5690,evergreen,2023,2A(2),0,0,,
5691,evergreen,2023,2B,0,31,,1
5692,evergreen,2023,2C,66,94,,1
5693,evergreen,2023,2C(S),22,28,,1
5694,evergreen,2023,3,0,6,,1
5695,evergreen,2023,Total,0,180,,1
5696,fairfield-methodist,2009,1,0,0,,
5697,fairfield-methodist,2009,2A(1),0,0,,
5698,fairfield-methodist,2009,2A(2),0,0,,
5699,fairfield-methodist,2009,2B,57,59,,1
5700,fairfield-methodist,2009,2C,93,63,,0.67741935483871
5701,fairfield-methodist,2009,2C(S),0,0,,
5702,fairfield-methodist,2009,3,0,0,,
5703,fairfield-methodist,2009,Total,0,270,,1
5704,fairfield-methodist,2010,1,0,0,,
5705,fairfield-methodist,2010,2A(1),0,0,,
5706,fairfield-methodist,2010,2A(2),0,0,,
5707,fairfield-methodist,2010,2B,80,55,,0.6875
5708,fairfield-methodist,2010,2C,65,55,,0.846153846153846
5709,fairfield-methodist,2010,2C(S),0,0,,
5710,fairfield-methodist,2010,3,0,0,,
5711,fairfield-methodist,2010,Total,0,270,,1
5712,fairfield-methodist,2011,1,0,0,,
5713,fairfield-methodist,2011,2A(1),0,0,,
5714,fairfield-methodist,2011,2A(2),0,0,,
5715,fairfield-methodist,2011,2B,66,48,,0.727272727272727
5716,fairfield-methodist,2011,2C,56,49,,0.875
5717,fairfield-methodist,2011,2C(S),0,0,,
5718,fairfield-methodist,2011,3,0,0,,
5719,fairfield-methodist,2011,Total,0,270,,1
5720,fairfield-methodist,2012,1,0,0,,
5721,fairfield-methodist,2012,2A(1),0,0,,
5722,fairfield-methodist,2012,2A(2),0,0,,
5723,fairfield-methodist,2012,2B,62,32,,0.516129032258065
5724,fairfield-methodist,2012,2C,57,31,,0.543859649122807
5725,fairfield-methodist,2012,2C(S),0,0,,
5726,fairfield-methodist,2012,3,0,0,,
5727,fairfield-methodist,2012,Total,0,270,,1
5728,fairfield-methodist,2013,1,0,0,,
5729,fairfield-methodist,2013,2A(1),0,0,,
5730,fairfield-methodist,2013,2A(2),0,0,,
5731,fairfield-methodist,2013,2B,50,19,,0.38
5732,fairfield-methodist,2013,2C,66,19,,0.287878787878788
5733,fairfield-methodist,2013,2C(S),0,0,,
5734,fairfield-methodist,2013,3,0,0,,
5735,fairfield-methodist,2013,Total,0,270,,1
5736,fairfield-methodist,2014,1,0,0,,
5737,fairfield-methodist,2014,2A(1),0,0,,
5738,fairfield-methodist,2014,2A(2),0,0,,
5739,fairfield-methodist,2014,2B,51,26,,0.509803921568627
5740,fairfield-methodist,2014,2C,58,28,,0.482758620689655
5741,fairfield-methodist,2014,2C(S),0,0,,
5742,fairfield-methodist,2014,3,0,0,,
5743,fairfield-methodist,2014,Total,0,270,,1
5744,fairfield-methodist,2015,1,0,0,,
5745,fairfield-methodist,2015,2A(1),0,0,,
5746,fairfield-methodist,2015,2A(2),0,0,,
5747,fairfield-methodist,2015,2B,48,31,,0.645833333333333
5748,fairfield-methodist,2015,2C,47,31,,0.659574468085106
5749,fairfield-methodist,2015,2C(S),0,0,,
5750,fairfield-methodist,2015,3,0,0,,
5751,fairfield-methodist,2015,Total,0,270,,1
5752,fairfield-methodist,2016,1,0,0,,
5753,fairfield-methodist,2016,2A(1),0,0,,
5754,fairfield-methodist,2016,2A(2),0,0,,
5755,fairfield-methodist,2016,2B,34,23,,0.676470588235294
5756,fairfield-methodist,2016,2C,40,28,,0.7
5757,fairfield-methodist,2016,2C(S),0,0,,
5758,fairfield-methodist,2016,3,0,0,,
5759,fairfield-methodist,2016,Total,0,270,,1
5760,fairfield-methodist,2017,1,0,0,,
5761,fairfield-methodist,2017,2A(1),0,0,,
5762,fairfield-methodist,2017,2A(2),0,0,,
5763,fairfield-methodist,2017,2B,26,29,,1
5764,fairfield-methodist,2017,2C,47,34,,0.723404255319149
5765,fairfield-methodist,2017,2C(S),0,0,,
5766,fairfield-methodist,2017,3,0,0,,
5767,fairfield-methodist,2017,Total,0,270,,1
5768,fairfield-methodist,2018,1,0,0,,
5769,fairfield-methodist,2018,2A(1),0,0,,
5770,fairfield-methodist,2018,2A(2),0,0,,
5771,fairfield-methodist,2018,2B,48,33,,0.6875
5772,fairfield-methodist,2018,2C,61,35,,0.573770491803279
5773,fairfield-methodist,2018,2C(S),0,0,,
5774,fairfield-methodist,2018,3,0,0,,
5775,fairfield-methodist,2018,Total,0,270,,1
5776,fairfield-methodist,2019,1,107,230,,1
5777,fairfield-methodist,2019,2A(1),62,123,,1
5778,fairfield-methodist,2019,2A(2),36,61,,1
5779,fairfield-methodist,2019,2B,51,32,SC>2,0.627450980392157
5780,fairfield-methodist,2019,2C,41,34,SC<1,0.829268292682927
5781,fairfield-methodist,2019,2C(S),0,0,,
5782,fairfield-methodist,2019,3,0,0,,
5783,fairfield-methodist,2019,Total,0,270,,1
5784,fairfield-methodist,2020,1,113,230,,1
5785,fairfield-methodist,2020,2A(1),83,117,,1
5786,fairfield-methodist,2020,2A(2),27,34,,1
5787,fairfield-methodist,2020,2B,51,25,SC1-2,0.490196078431372
5788,fairfield-methodist,2020,2C,64,27,SC<1,0.421875
5789,fairfield-methodist,2020,2C(S),0,0,,
5790,fairfield-methodist,2020,3,0,0,,
5791,fairfield-methodist,2020,Total,0,270,,1
5792,fairfield-methodist,2021,1,124,230,,1
5793,fairfield-methodist,2021,2A(1),75,106,,1
5794,fairfield-methodist,2021,2A(2),27,31,,1
5795,fairfield-methodist,2021,2B,41,23,SC<1#,0.560975609756098
5796,fairfield-methodist,2021,2C,72,24,SC<1,0.333333333333333
5797,fairfield-methodist,2021,2C(S),0,0,,
5798,fairfield-methodist,2021,3,0,0,,
5799,fairfield-methodist,2021,Total,0,270,,1
5800,fairfield-methodist,2022,1,123,210,,1
5801,fairfield-methodist,2022,2A(1),98,88,SC>2,0.897959183673469
5802,fairfield-methodist,2022,2A(2),0,0,,
5803,fairfield-methodist,2022,2B,33,20,SC<2#,0.606060606060606
5804,fairfield-methodist,2022,2C,89,41,SC<1,0.460674157303371
5805,fairfield-methodist,2022,2C(S),0,0,,
5806,fairfield-methodist,2022,3,0,0,,
5807,fairfield-methodist,2022,Total,0,270,,1
5808,fairfield-methodist,2023,1,116,210,,1
5809,fairfield-methodist,2023,2A(1),103,94,SC>2,0.912621359223301
5810,fairfield-methodist,2023,2A(2),0,0,,
5811,fairfield-methodist,2023,2B,52,20,SC<1,0.384615384615385
5812,fairfield-methodist,2023,2C,66,40,SC<1,0.606060606060606
5813,fairfield-methodist,2023,2C(S),0,0,,
5814,fairfield-methodist,2023,3,0,0,,
5815,fairfield-methodist,2023,Total,0,270,,1
5816,farrer-park,2009,1,0,0,,
5817,farrer-park,2009,2A(1),0,0,,
5818,farrer-park,2009,2A(2),0,0,,
5819,farrer-park,2009,2B,0,75,,1
5820,farrer-park,2009,2C,34,151,,1
5821,farrer-park,2009,2C(S),10,118,,1
5822,farrer-park,2009,3,0,107,,1
5823,farrer-park,2009,Total,0,180,,1
5824,farrer-park,2010,1,0,0,,
5825,farrer-park,2010,2A(1),0,0,,
5826,farrer-park,2010,2A(2),0,0,,
5827,farrer-park,2010,2B,0,76,,1
5828,farrer-park,2010,2C,36,152,,1
5829,farrer-park,2010,2C(S),14,117,,1
5830,farrer-park,2010,3,0,33,,1
5831,farrer-park,2010,Total,0,180,,1
5832,farrer-park,2011,1,0,0,,
5833,farrer-park,2011,2A(1),0,0,,
5834,farrer-park,2011,2A(2),0,0,,
5835,farrer-park,2011,2B,2,79,,1
5836,farrer-park,2011,2C,18,156,,1
5837,farrer-park,2011,2C(S),20,138,,1
5838,farrer-park,2011,3,0,27,,1
5839,farrer-park,2011,Total,0,180,,1
5840,farrer-park,2012,1,0,0,,
5841,farrer-park,2012,2A(1),0,0,,
5842,farrer-park,2012,2A(2),0,0,,
5843,farrer-park,2012,2B,1,79,,1
5844,farrer-park,2012,2C,23,157,,1
5845,farrer-park,2012,2C(S),15,135,,1
5846,farrer-park,2012,3,0,27,,1
5847,farrer-park,2012,Total,0,180,,1
5848,farrer-park,2013,1,0,0,,
5849,farrer-park,2013,2A(1),0,0,,
5850,farrer-park,2013,2A(2),0,0,,
5851,farrer-park,2013,2B,0,78,,1
5852,farrer-park,2013,2C,55,156,,1
5853,farrer-park,2013,2C(S),16,101,,1
5854,farrer-park,2013,3,0,26,,1
5855,farrer-park,2013,Total,0,180,,1
5856,farrer-park,2014,1,0,0,,
5857,farrer-park,2014,2A(1),0,0,,
5858,farrer-park,2014,2A(2),0,0,,
5859,farrer-park,2014,2B,0,79,,1
5860,farrer-park,2014,2C,30,158,,1
5861,farrer-park,2014,2C(S),7,129,,1
5862,farrer-park,2014,3,0,122,,1
5863,farrer-park,2014,Total,0,180,,1
5864,farrer-park,2015,1,0,0,,
5865,farrer-park,2015,2A(1),0,0,,
5866,farrer-park,2015,2A(2),0,0,,
5867,farrer-park,2015,2B,1,65,,1
5868,farrer-park,2015,2C,38,131,,1
5869,farrer-park,2015,2C(S),22,93,,1
5870,farrer-park,2015,3,0,71,,1
5871,farrer-park,2015,Total,0,150,,1
5872,farrer-park,2016,1,0,0,,
5873,farrer-park,2016,2A(1),0,0,,
5874,farrer-park,2016,2A(2),0,0,,
5875,farrer-park,2016,2B,0,45,,1
5876,farrer-park,2016,2C,23,89,,1
5877,farrer-park,2016,2C(S),8,66,,1
5878,farrer-park,2016,3,0,58,,1
5879,farrer-park,2016,Total,0,120,,1
5880,farrer-park,2017,1,0,0,,
5881,farrer-park,2017,2A(1),0,0,,
5882,farrer-park,2017,2A(2),0,0,,
5883,farrer-park,2017,2B,0,61,,1
5884,farrer-park,2017,2C,43,122,,1
5885,farrer-park,2017,2C(S),7,79,,1
5886,farrer-park,2017,3,0,72,,1
5887,farrer-park,2017,Total,0,150,,1
5888,farrer-park,2018,1,0,0,,
5889,farrer-park,2018,2A(1),0,0,,
5890,farrer-park,2018,2A(2),0,0,,
5891,farrer-park,2018,2B,0,70,,1
5892,farrer-park,2018,2C,34,140,,1
5893,farrer-park,2018,2C(S),29,108,,1
5894,farrer-park,2018,3,0,79,,1
5895,farrer-park,2018,Total,0,180,,1
5896,farrer-park,2019,1,28,110,,1
5897,farrer-park,2019,2A(1),0,82,,1
5898,farrer-park,2019,2A(2),9,82,,1
5899,farrer-park,2019,2B,1,57,,1
5900,farrer-park,2019,2C,32,113,,1
5901,farrer-park,2019,2C(S),17,81,,1
5902,farrer-park,2019,3,0,64,,1
5903,farrer-park,2019,Total,0,150,,1
5904,farrer-park,2020,1,32,140,,1
5905,farrer-park,2020,2A(1),0,108,,1
5906,farrer-park,2020,2A(2),11,108,,1
5907,farrer-park,2020,2B,1,69,,1
5908,farrer-park,2020,2C,32,136,,1
5909,farrer-park,2020,2C(S),44,104,,1
5910,farrer-park,2020,3,0,60,,1
5911,farrer-park,2020,Total,0,180,,1
5912,farrer-park,2021,1,48,180,,1
5913,farrer-park,2021,2A(1),0,132,,1
5914,farrer-park,2021,2A(2),14,132,,1
5915,farrer-park,2021,2B,0,79,,1
5916,farrer-park,2021,2C,34,159,,1
5917,farrer-park,2021,2C(S),49,126,,1
5918,farrer-park,2021,3,0,77,,1
5919,farrer-park,2021,Total,0,220,,1
5920,farrer-park,2022,1,45,130,,1
5921,farrer-park,2022,2A(1),20,86,,1
5922,farrer-park,2022,2A(2),0,0,,
5923,farrer-park,2022,2B,1,42,,1
5924,farrer-park,2022,2C,49,125,,1
5925,farrer-park,2022,2C(S),59,76,,1
5926,farrer-park,2022,3,0,17,,1
5927,farrer-park,2022,Total,0,190,,1
5928,farrer-park,2023,1,35,160,,1
5929,farrer-park,2023,2A(1),20,125,,1
5930,farrer-park,2023,2A(2),0,0,,
5931,farrer-park,2023,2B,1,55,,1
5932,farrer-park,2023,2C,37,164,,1
5933,farrer-park,2023,2C(S),29,127,,1
5934,farrer-park,2023,3,0,98,,1
5935,farrer-park,2023,Total,0,220,,1
5936,fengshan,2009,1,0,0,,
5937,fengshan,2009,2A(1),0,0,,
5938,fengshan,2009,2A(2),0,0,,
5939,fengshan,2009,2B,0,72,,1
5940,fengshan,2009,2C,109,145,,1
5941,fengshan,2009,2C(S),52,36,,0.692307692307692
5942,fengshan,2009,3,0,0,,
5943,fengshan,2009,Total,0,240,,1
5944,fengshan,2010,1,0,0,,
5945,fengshan,2010,2A(1),0,0,,
5946,fengshan,2010,2A(2),0,0,,
5947,fengshan,2010,2B,3,44,,1
5948,fengshan,2010,2C,91,85,,0.934065934065934
5949,fengshan,2010,2C(S),0,0,,
5950,fengshan,2010,3,0,0,,
5951,fengshan,2010,Total,0,210,,1
5952,fengshan,2011,1,0,0,,
5953,fengshan,2011,2A(1),0,0,,
5954,fengshan,2011,2A(2),0,0,,
5955,fengshan,2011,2B,2,39,,1
5956,fengshan,2011,2C,113,76,,0.672566371681416
5957,fengshan,2011,2C(S),0,0,,
5958,fengshan,2011,3,0,0,,
5959,fengshan,2011,Total,0,210,,1
5960,fengshan,2012,1,0,0,,
5961,fengshan,2012,2A(1),0,0,,
5962,fengshan,2012,2A(2),0,0,,
5963,fengshan,2012,2B,3,50,,1
5964,fengshan,2012,2C,104,97,,0.932692307692308
5965,fengshan,2012,2C(S),0,0,,
5966,fengshan,2012,3,0,0,,
5967,fengshan,2012,Total,0,210,,1
5968,fengshan,2013,1,0,0,,
5969,fengshan,2013,2A(1),0,0,,
5970,fengshan,2013,2A(2),0,0,,
5971,fengshan,2013,2B,4,43,,1
5972,fengshan,2013,2C,97,81,,0.835051546391753
5973,fengshan,2013,2C(S),0,0,,
5974,fengshan,2013,3,0,0,,
5975,fengshan,2013,Total,0,210,,1
5976,fengshan,2014,1,0,0,,
5977,fengshan,2014,2A(1),0,0,,
5978,fengshan,2014,2A(2),0,0,,
5979,fengshan,2014,2B,1,45,,1
5980,fengshan,2014,2C,115,88,,0.765217391304348
5981,fengshan,2014,2C(S),0,0,,
5982,fengshan,2014,3,0,0,,
5983,fengshan,2014,Total,0,210,,1
5984,fengshan,2015,1,0,0,,
5985,fengshan,2015,2A(1),0,0,,
5986,fengshan,2015,2A(2),0,0,,
5987,fengshan,2015,2B,6,42,,1
5988,fengshan,2015,2C,98,80,,0.816326530612245
5989,fengshan,2015,2C(S),0,0,,
5990,fengshan,2015,3,0,0,,
5991,fengshan,2015,Total,0,210,,1
5992,fengshan,2016,1,0,0,,
5993,fengshan,2016,2A(1),0,0,,
5994,fengshan,2016,2A(2),0,0,,
5995,fengshan,2016,2B,6,54,,1
5996,fengshan,2016,2C,103,103,,1
5997,fengshan,2016,2C(S),0,0,,
5998,fengshan,2016,3,0,0,,
5999,fengshan,2016,Total,0,210,,1
6000,fengshan,2017,1,0,0,,
6001,fengshan,2017,2A(1),0,0,,
6002,fengshan,2017,2A(2),0,0,,
6003,fengshan,2017,2B,2,61,,1
6004,fengshan,2017,2C,107,121,,1
6005,fengshan,2017,2C(S),22,15,,0.681818181818182
6006,fengshan,2017,3,0,0,,
6007,fengshan,2017,Total,0,210,,1
6008,fengshan,2018,1,0,0,,
6009,fengshan,2018,2A(1),0,0,,
6010,fengshan,2018,2A(2),0,0,,
6011,fengshan,2018,2B,4,53,,1
6012,fengshan,2018,2C,115,102,,0.88695652173913
6013,fengshan,2018,2C(S),0,0,,
6014,fengshan,2018,3,0,0,,
6015,fengshan,2018,Total,0,210,,1
6016,fengshan,2019,1,70,140,,1
6017,fengshan,2019,2A(1),0,70,,1
6018,fengshan,2019,2A(2),20,71,,1
6019,fengshan,2019,2B,0,46,,1
6020,fengshan,2019,2C,99,93,PR<1,0.939393939393939
6021,fengshan,2019,2C(S),0,0,,
6022,fengshan,2019,3,0,0,,
6023,fengshan,2019,Total,0,180,,1
6024,fengshan,2020,1,89,140,,1
6025,fengshan,2020,2A(1),1,51,,1
6026,fengshan,2020,2A(2),28,50,,1
6027,fengshan,2020,2B,0,31,,1
6028,fengshan,2020,2C,110,62,SC<1,0.563636363636364
6029,fengshan,2020,2C(S),0,0,,
6030,fengshan,2020,3,0,0,,
6031,fengshan,2020,Total,0,180,,1
6032,fengshan,2021,1,70,140,,1
6033,fengshan,2021,2A(1),0,70,,1
6034,fengshan,2021,2A(2),29,70,,1
6035,fengshan,2021,2B,1,41,,1
6036,fengshan,2021,2C,91,81,PR<1,0.89010989010989
6037,fengshan,2021,2C(S),0,0,,
6038,fengshan,2021,3,0,0,,
6039,fengshan,2021,Total,0,180,,1
6040,fengshan,2022,1,84,120,,1
6041,fengshan,2022,2A(1),22,36,,1
6042,fengshan,2022,2A(2),0,0,,
6043,fengshan,2022,2B,1,25,,1
6044,fengshan,2022,2C,95,73,SC1-2,0.768421052631579
6045,fengshan,2022,2C(S),0,0,,
6046,fengshan,2022,3,0,0,,
6047,fengshan,2022,Total,0,180,,1
6048,fengshan,2023,1,53,120,,1
6049,fengshan,2023,2A(1),33,67,,1
6050,fengshan,2023,2A(2),0,0,,
6051,fengshan,2023,2B,2,31,,1
6052,fengshan,2023,2C,75,96,,1
6053,fengshan,2023,2C(S),39,21,SC<1,0.538461538461538
6054,fengshan,2023,3,0,0,,
6055,fengshan,2023,Total,0,180,,1
6056,fern-green,2017,1,0,0,,
6057,fern-green,2017,2A(1),0,0,,
6058,fern-green,2017,2A(2),0,0,,
6059,fern-green,2017,2B,0,120,,1
6060,fern-green,2017,2C,140,240,,1
6061,fern-green,2017,2C(S),94,100,,1
6062,fern-green,2017,3,0,6,,1
6063,fern-green,2017,Total,0,240,,1
6064,fern-green,2018,1,0,0,,
6065,fern-green,2018,2A(1),0,0,,
6066,fern-green,2018,2A(2),0,0,,
6067,fern-green,2018,2B,3,140,,1
6068,fern-green,2018,2C,216,276,,1
6069,fern-green,2018,2C(S),71,60,,0.845070422535211
6070,fern-green,2018,3,0,0,,
6071,fern-green,2018,Total,0,300,,1
6072,fern-green,2019,1,61,230,,1
6073,fern-green,2019,2A(1),0,169,,1
6074,fern-green,2019,2A(2),44,169,,1
6075,fern-green,2019,2B,2,83,,1
6076,fern-green,2019,2C,157,164,,1
6077,fern-green,2019,2C(S),14,7,SC<1,0.5
6078,fern-green,2019,3,0,0,,
6079,fern-green,2019,Total,0,270,,1
6080,fern-green,2020,1,105,240,,1
6081,fern-green,2020,2A(1),1,135,,1
6082,fern-green,2020,2A(2),72,134,,1
6083,fern-green,2020,2B,7,51,,1
6084,fern-green,2020,2C,126,95,SC<1,0.753968253968254
6085,fern-green,2020,2C(S),0,0,,
6086,fern-green,2020,3,0,0,,
6087,fern-green,2020,Total,0,280,,1
6088,fern-green,2021,1,119,240,,1
6089,fern-green,2021,2A(1),1,121,,1
6090,fern-green,2021,2A(2),65,120,,1
6091,fern-green,2021,2B,2,48,,1
6092,fern-green,2021,2C,101,93,SC1-2,0.920792079207921
6093,fern-green,2021,2C(S),0,0,,
6094,fern-green,2021,3,0,0,,
6095,fern-green,2021,Total,0,280,,1
6096,fern-green,2022,1,120,180,,1
6097,fern-green,2022,2A(1),48,61,,1
6098,fern-green,2022,2A(2),0,0,,
6099,fern-green,2022,2B,2,25,,1
6100,fern-green,2022,2C,90,73,SC<1,0.811111111111111
6101,fern-green,2022,2C(S),0,0,,
6102,fern-green,2022,3,0,0,,
6103,fern-green,2022,Total,0,240,,1
6104,fern-green,2023,1,130,180,,1
6105,fern-green,2023,2A(1),50,50,,1
6106,fern-green,2023,2A(2),0,0,,
6107,fern-green,2023,2B,1,20,,1
6108,fern-green,2023,2C,73,61,SC<1,0.835616438356164
6109,fern-green,2023,2C(S),0,0,,
6110,fern-green,2023,3,0,0,,
6111,fern-green,2023,Total,0,240,,1
6112,fernvale,2009,1,0,0,,
6113,fernvale,2009,2A(1),0,0,,
6114,fernvale,2009,2A(2),0,0,,
6115,fernvale,2009,2B,0,85,,1
6116,fernvale,2009,2C,91,171,,1
6117,fernvale,2009,2C(S),22,81,,1
6118,fernvale,2009,3,0,55,,1
6119,fernvale,2009,Total,0,240,,1
6120,fernvale,2010,1,0,0,,
6121,fernvale,2010,2A(1),0,0,,
6122,fernvale,2010,2A(2),0,0,,
6123,fernvale,2010,2B,0,108,,1
6124,fernvale,2010,2C,92,216,,1
6125,fernvale,2010,2C(S),22,126,,1
6126,fernvale,2010,3,0,71,,1
6127,fernvale,2010,Total,0,270,,1
6128,fernvale,2011,1,0,0,,
6129,fernvale,2011,2A(1),0,0,,
6130,fernvale,2011,2A(2),0,0,,
6131,fernvale,2011,2B,1,90,,1
6132,fernvale,2011,2C,147,180,,1
6133,fernvale,2011,2C(S),35,33,,0.942857142857143
6134,fernvale,2011,3,0,0,,
6135,fernvale,2011,Total,0,270,,1
6136,fernvale,2012,1,0,0,,
6137,fernvale,2012,2A(1),0,0,,
6138,fernvale,2012,2A(2),0,0,,
6139,fernvale,2012,2B,2,78,,1
6140,fernvale,2012,2C,106,153,,1
6141,fernvale,2012,2C(S),18,49,,1
6142,fernvale,2012,3,0,21,,1
6143,fernvale,2012,Total,0,240,,1
6144,fernvale,2013,1,0,0,,
6145,fernvale,2013,2A(1),0,0,,
6146,fernvale,2013,2A(2),0,0,,
6147,fernvale,2013,2B,1,72,,1
6148,fernvale,2013,2C,52,142,,1
6149,fernvale,2013,2C(S),21,91,,1
6150,fernvale,2013,3,0,64,,1
6151,fernvale,2013,Total,0,240,,1
6152,fernvale,2014,1,0,0,,
6153,fernvale,2014,2A(1),0,0,,
6154,fernvale,2014,2A(2),0,0,,
6155,fernvale,2014,2B,0,77,,1
6156,fernvale,2014,2C,60,153,,1
6157,fernvale,2014,2C(S),47,95,,1
6158,fernvale,2014,3,0,48,,1
6159,fernvale,2014,Total,0,240,,1
6160,fernvale,2015,1,0,0,,
6161,fernvale,2015,2A(1),0,0,,
6162,fernvale,2015,2A(2),0,0,,
6163,fernvale,2015,2B,0,81,,1
6164,fernvale,2015,2C,73,161,,1
6165,fernvale,2015,2C(S),98,88,,0.897959183673469
6166,fernvale,2015,3,0,0,,
6167,fernvale,2015,Total,0,240,,1
6168,fernvale,2016,1,0,0,,
6169,fernvale,2016,2A(1),0,0,,
6170,fernvale,2016,2A(2),0,0,,
6171,fernvale,2016,2B,1,81,,1
6172,fernvale,2016,2C,88,162,,1
6173,fernvale,2016,2C(S),97,74,,0.762886597938144
6174,fernvale,2016,3,0,0,,
6175,fernvale,2016,Total,0,240,,1
6176,fernvale,2017,1,0,0,,
6177,fernvale,2017,2A(1),0,0,,
6178,fernvale,2017,2A(2),0,0,,
6179,fernvale,2017,2B,0,69,,1
6180,fernvale,2017,2C,95,141,,1
6181,fernvale,2017,2C(S),45,46,,1
6182,fernvale,2017,3,0,1,,1
6183,fernvale,2017,Total,0,240,,1
6184,fernvale,2018,1,0,0,,
6185,fernvale,2018,2A(1),0,0,,
6186,fernvale,2018,2A(2),0,0,,
6187,fernvale,2018,2B,0,87,,1
6188,fernvale,2018,2C,78,173,,1
6189,fernvale,2018,2C(S),73,95,,1
6190,fernvale,2018,3,0,22,,1
6191,fernvale,2018,Total,0,270,,1
6192,fernvale,2019,1,96,200,,1
6193,fernvale,2019,2A(1),0,104,,1
6194,fernvale,2019,2A(2),10,104,,1
6195,fernvale,2019,2B,1,67,,1
6196,fernvale,2019,2C,79,133,,1
6197,fernvale,2019,2C(S),61,54,SC1-2,0.885245901639344
6198,fernvale,2019,3,0,0,,
6199,fernvale,2019,Total,0,240,,1
6200,fernvale,2020,1,107,240,,1
6201,fernvale,2020,2A(1),2,133,,1
6202,fernvale,2020,2A(2),31,131,,1
6203,fernvale,2020,2B,0,70,,1
6204,fernvale,2020,2C,71,140,,1
6205,fernvale,2020,2C(S),77,70,SC<1,0.909090909090909
6206,fernvale,2020,3,0,0,,
6207,fernvale,2020,Total,0,280,,1
6208,fernvale,2021,1,80,240,,1
6209,fernvale,2021,2A(1),0,160,,1
6210,fernvale,2021,2A(2),53,160,,1
6211,fernvale,2021,2B,0,74,,1
6212,fernvale,2021,2C,81,148,,1
6213,fernvale,2021,2C(S),62,69,,1
6214,fernvale,2021,3,0,7,,1
6215,fernvale,2021,Total,0,280,,1
6216,fernvale,2022,1,92,180,,1
6217,fernvale,2022,2A(1),35,88,,1
6218,fernvale,2022,2A(2),0,0,,
6219,fernvale,2022,2B,1,38,,1
6220,fernvale,2022,2C,78,113,,1
6221,fernvale,2022,2C(S),77,35,SC<1,0.454545454545454
6222,fernvale,2022,3,0,0,,
6223,fernvale,2022,Total,0,240,,1
6224,fernvale,2023,1,77,180,,1
6225,fernvale,2023,2A(1),35,103,,1
6226,fernvale,2023,2A(2),0,0,,
6227,fernvale,2023,2B,0,43,,1
6228,fernvale,2023,2C,80,129,,1
6229,fernvale,2023,2C(S),56,49,SC<1,0.875
6230,fernvale,2023,3,0,0,,
6231,fernvale,2023,Total,0,240,,1
6232,first-toa-payoh,2009,1,0,0,,
6233,first-toa-payoh,2009,2A(1),0,0,,
6234,first-toa-payoh,2009,2A(2),0,0,,
6235,first-toa-payoh,2009,2B,0,86,,1
6236,first-toa-payoh,2009,2C,26,171,,1
6237,first-toa-payoh,2009,2C(S),9,145,,1
6238,first-toa-payoh,2009,3,0,78,,1
6239,first-toa-payoh,2009,Total,0,210,,1
6240,first-toa-payoh,2010,1,0,0,,
6241,first-toa-payoh,2010,2A(1),0,0,,
6242,first-toa-payoh,2010,2A(2),0,0,,
6243,first-toa-payoh,2010,2B,0,85,,1
6244,first-toa-payoh,2010,2C,34,169,,1
6245,first-toa-payoh,2010,2C(S),11,135,,1
6246,first-toa-payoh,2010,3,0,43,,1
6247,first-toa-payoh,2010,Total,0,210,,1
6248,first-toa-payoh,2011,1,0,0,,
6249,first-toa-payoh,2011,2A(1),0,0,,
6250,first-toa-payoh,2011,2A(2),0,0,,
6251,first-toa-payoh,2011,2B,0,86,,1
6252,first-toa-payoh,2011,2C,19,171,,1
6253,first-toa-payoh,2011,2C(S),28,152,,1
6254,first-toa-payoh,2011,3,0,38,,1
6255,first-toa-payoh,2011,Total,0,210,,1
6256,first-toa-payoh,2012,1,0,0,,
6257,first-toa-payoh,2012,2A(1),0,0,,
6258,first-toa-payoh,2012,2A(2),0,0,,
6259,first-toa-payoh,2012,2B,1,81,,1
6260,first-toa-payoh,2012,2C,47,161,,1
6261,first-toa-payoh,2012,2C(S),23,114,,1
6262,first-toa-payoh,2012,3,0,51,,1
6263,first-toa-payoh,2012,Total,0,210,,1
6264,first-toa-payoh,2013,1,0,0,,
6265,first-toa-payoh,2013,2A(1),0,0,,
6266,first-toa-payoh,2013,2A(2),0,0,,
6267,first-toa-payoh,2013,2B,0,82,,1
6268,first-toa-payoh,2013,2C,45,164,,1
6269,first-toa-payoh,2013,2C(S),17,119,,1
6270,first-toa-payoh,2013,3,0,47,,1
6271,first-toa-payoh,2013,Total,0,210,,1
6272,first-toa-payoh,2014,1,0,0,,
6273,first-toa-payoh,2014,2A(1),0,0,,
6274,first-toa-payoh,2014,2A(2),0,0,,
6275,first-toa-payoh,2014,2B,1,97,,1
6276,first-toa-payoh,2014,2C,31,192,,1
6277,first-toa-payoh,2014,2C(S),23,161,,1
6278,first-toa-payoh,2014,3,0,138,,1
6279,first-toa-payoh,2014,Total,0,240,,1
6280,first-toa-payoh,2015,1,0,0,,
6281,first-toa-payoh,2015,2A(1),0,0,,
6282,first-toa-payoh,2015,2A(2),0,0,,
6283,first-toa-payoh,2015,2B,0,73,,1
6284,first-toa-payoh,2015,2C,20,145,,1
6285,first-toa-payoh,2015,2C(S),10,125,,1
6286,first-toa-payoh,2015,3,0,115,,1
6287,first-toa-payoh,2015,Total,0,180,,1
6288,first-toa-payoh,2016,1,0,0,,
6289,first-toa-payoh,2016,2A(1),0,0,,
6290,first-toa-payoh,2016,2A(2),0,0,,
6291,first-toa-payoh,2016,2B,0,73,,1
6292,first-toa-payoh,2016,2C,14,146,,1
6293,first-toa-payoh,2016,2C(S),3,132,,1
6294,first-toa-payoh,2016,3,0,129,,1
6295,first-toa-payoh,2016,Total,0,180,,1
6296,first-toa-payoh,2017,1,0,0,,
6297,first-toa-payoh,2017,2A(1),0,0,,
6298,first-toa-payoh,2017,2A(2),0,0,,
6299,first-toa-payoh,2017,2B,0,66,,1
6300,first-toa-payoh,2017,2C,18,132,,1
6301,first-toa-payoh,2017,2C(S),9,114,,1
6302,first-toa-payoh,2017,3,0,105,,1
6303,first-toa-payoh,2017,Total,0,150,,1
6304,first-toa-payoh,2018,1,0,0,,
6305,first-toa-payoh,2018,2A(1),0,0,,
6306,first-toa-payoh,2018,2A(2),0,0,,
6307,first-toa-payoh,2018,2B,0,64,,1
6308,first-toa-payoh,2018,2C,17,127,,1
6309,first-toa-payoh,2018,2C(S),31,110,,1
6310,first-toa-payoh,2018,3,0,79,,1
6311,first-toa-payoh,2018,Total,0,150,,1
6312,first-toa-payoh,2019,1,17,80,,1
6313,first-toa-payoh,2019,2A(1),0,63,,1
6314,first-toa-payoh,2019,2A(2),2,63,,1
6315,first-toa-payoh,2019,2B,0,51,,1
6316,first-toa-payoh,2019,2C,16,101,,1
6317,first-toa-payoh,2019,2C(S),11,85,,1
6318,first-toa-payoh,2019,3,0,74,,1
6319,first-toa-payoh,2019,Total,0,120,,1
6320,first-toa-payoh,2020,1,16,140,,1
6321,first-toa-payoh,2020,2A(1),0,124,,1
6322,first-toa-payoh,2020,2A(2),4,124,,1
6323,first-toa-payoh,2020,2B,0,80,,1
6324,first-toa-payoh,2020,2C,16,160,,1
6325,first-toa-payoh,2020,2C(S),36,144,,1
6326,first-toa-payoh,2020,3,0,108,,1
6327,first-toa-payoh,2020,Total,0,180,,1
6328,first-toa-payoh,2021,1,18,170,,1
6329,first-toa-payoh,2021,2A(1),0,152,,1
6330,first-toa-payoh,2021,2A(2),10,152,,1
6331,first-toa-payoh,2021,2B,0,91,,1
6332,first-toa-payoh,2021,2C,19,182,,1
6333,first-toa-payoh,2021,2C(S),46,164,,1
6334,first-toa-payoh,2021,3,0,118,,1
6335,first-toa-payoh,2021,Total,0,210,,1
6336,first-toa-payoh,2022,1,18,90,,1
6337,first-toa-payoh,2022,2A(1),6,72,,1
6338,first-toa-payoh,2022,2A(2),0,0,,
6339,first-toa-payoh,2022,2B,0,42,,1
6340,first-toa-payoh,2022,2C,4,127,,1
6341,first-toa-payoh,2022,2C(S),10,123,,1
6342,first-toa-payoh,2022,3,0,113,,1
6343,first-toa-payoh,2022,Total,0,150,,1
6344,first-toa-payoh,2023,1,19,90,,1
6345,first-toa-payoh,2023,2A(1),13,71,,1
6346,first-toa-payoh,2023,2A(2),0,0,,
6347,first-toa-payoh,2023,2B,0,39,,1
6348,first-toa-payoh,2023,2C,9,119,,1
6349,first-toa-payoh,2023,2C(S),14,110,,1
6350,first-toa-payoh,2023,3,0,96,,1
6351,first-toa-payoh,2023,Total,0,150,,1
6352,frontier,2011,1,0,0,,
6353,frontier,2011,2A(1),0,0,,
6354,frontier,2011,2A(2),0,0,,
6355,frontier,2011,2B,5,120,,1
6356,frontier,2011,2C,278,235,,0.845323741007194
6357,frontier,2011,2C(S),0,0,,
6358,frontier,2011,3,0,0,,
6359,frontier,2011,Total,0,240,,1
6360,frontier,2012,1,0,0,,
6361,frontier,2012,2A(1),0,0,,
6362,frontier,2012,2A(2),0,0,,
6363,frontier,2012,2B,5,110,,1
6364,frontier,2012,2C,258,214,,0.829457364341085
6365,frontier,2012,2C(S),0,0,,
6366,frontier,2012,3,0,0,,
6367,frontier,2012,Total,0,240,,1
6368,frontier,2013,1,0,0,,
6369,frontier,2013,2A(1),0,0,,
6370,frontier,2013,2A(2),0,0,,
6371,frontier,2013,2B,41,91,,1
6372,frontier,2013,2C,178,140,,0.786516853932584
6373,frontier,2013,2C(S),0,0,,
6374,frontier,2013,3,0,0,,
6375,frontier,2013,Total,0,240,,1
6376,frontier,2014,1,0,0,,
6377,frontier,2014,2A(1),0,0,,
6378,frontier,2014,2A(2),0,0,,
6379,frontier,2014,2B,32,78,,1
6380,frontier,2014,2C,175,124,,0.708571428571429
6381,frontier,2014,2C(S),0,0,,
6382,frontier,2014,3,0,0,,
6383,frontier,2014,Total,0,240,,1
6384,frontier,2015,1,0,0,,
6385,frontier,2015,2A(1),0,0,,
6386,frontier,2015,2A(2),0,0,,
6387,frontier,2015,2B,26,75,,1
6388,frontier,2015,2C,131,123,,0.938931297709924
6389,frontier,2015,2C(S),0,0,,
6390,frontier,2015,3,0,0,,
6391,frontier,2015,Total,0,240,,1
6392,frontier,2016,1,0,0,,
6393,frontier,2016,2A(1),0,0,,
6394,frontier,2016,2A(2),0,0,,
6395,frontier,2016,2B,18,74,,1
6396,frontier,2016,2C,132,130,,0.984848484848485
6397,frontier,2016,2C(S),0,0,,
6398,frontier,2016,3,0,0,,
6399,frontier,2016,Total,0,240,,1
6400,frontier,2017,1,0,0,,
6401,frontier,2017,2A(1),0,0,,
6402,frontier,2017,2A(2),0,0,,
6403,frontier,2017,2B,26,53,,1
6404,frontier,2017,2C,93,82,,0.881720430107527
6405,frontier,2017,2C(S),0,0,,
6406,frontier,2017,3,0,0,,
6407,frontier,2017,Total,0,210,,1
6408,frontier,2018,1,0,0,,
6409,frontier,2018,2A(1),0,0,,
6410,frontier,2018,2A(2),0,0,,
6411,frontier,2018,2B,26,25,,0.961538461538462
6412,frontier,2018,2C,47,25,,0.531914893617021
6413,frontier,2018,2C(S),0,0,,
6414,frontier,2018,3,0,0,,
6415,frontier,2018,Total,0,240,,1
6416,frontier,2019,1,79,170,,1
6417,frontier,2019,2A(1),0,91,,1
6418,frontier,2019,2A(2),64,92,,1
6419,frontier,2019,2B,11,35,,1
6420,frontier,2019,2C,63,59,SC1-2,0.936507936507936
6421,frontier,2019,2C(S),0,0,,
6422,frontier,2019,3,0,0,,
6423,frontier,2019,Total,0,210,,1
6424,frontier,2020,1,99,170,,1
6425,frontier,2020,2A(1),0,71,,1
6426,frontier,2020,2A(2),71,71,,1
6427,frontier,2020,2B,17,20,,1
6428,frontier,2020,2C,71,23,SC<1,0.323943661971831
6429,frontier,2020,2C(S),0,0,,
6430,frontier,2020,3,0,0,,
6431,frontier,2020,Total,0,210,,1
6432,frontier,2021,1,87,170,,1
6433,frontier,2021,2A(1),1,83,,1
6434,frontier,2021,2A(2),111,82,SC1-2,0.738738738738739
6435,frontier,2021,2B,14,21,,1
6436,frontier,2021,2C,58,29,SC<1,0.5
6437,frontier,2021,2C(S),0,0,,
6438,frontier,2021,3,0,0,,
6439,frontier,2021,Total,0,210,,1
6440,frontier,2022,1,80,150,,1
6441,frontier,2022,2A(1),92,70,SC1-2,0.760869565217391
6442,frontier,2022,2A(2),0,0,,
6443,frontier,2022,2B,14,20,,1
6444,frontier,2022,2C,85,46,SC<1,0.541176470588235
6445,frontier,2022,2C(S),0,0,,
6446,frontier,2022,3,0,0,,
6447,frontier,2022,Total,0,210,,1
6448,frontier,2023,1,69,150,,1
6449,frontier,2023,2A(1),88,81,PR<1,0.920454545454545
6450,frontier,2023,2A(2),0,0,,
6451,frontier,2023,2B,13,20,,1
6452,frontier,2023,2C,63,48,SC1-2,0.761904761904762
6453,frontier,2023,2C(S),0,0,,
6454,frontier,2023,3,0,0,,
6455,frontier,2023,Total,0,210,,1
6456,fuchun,2009,1,0,0,,
6457,fuchun,2009,2A(1),0,0,,
6458,fuchun,2009,2A(2),0,0,,
6459,fuchun,2009,2B,6,64,,1
6460,fuchun,2009,2C,133,121,,0.909774436090226
6461,fuchun,2009,2C(S),0,0,,
6462,fuchun,2009,3,0,0,,
6463,fuchun,2009,Total,0,270,,1
6464,fuchun,2010,1,0,0,,
6465,fuchun,2010,2A(1),0,0,,
6466,fuchun,2010,2A(2),0,0,,
6467,fuchun,2010,2B,2,57,,1
6468,fuchun,2010,2C,131,111,,0.847328244274809
6469,fuchun,2010,2C(S),0,0,,
6470,fuchun,2010,3,0,0,,
6471,fuchun,2010,Total,0,270,,1
6472,fuchun,2011,1,0,0,,
6473,fuchun,2011,2A(1),0,0,,
6474,fuchun,2011,2A(2),0,0,,
6475,fuchun,2011,2B,5,66,,1
6476,fuchun,2011,2C,130,126,,0.969230769230769
6477,fuchun,2011,2C(S),0,0,,
6478,fuchun,2011,3,0,0,,
6479,fuchun,2011,Total,0,270,,1
6480,fuchun,2012,1,0,0,,
6481,fuchun,2012,2A(1),0,0,,
6482,fuchun,2012,2A(2),0,0,,
6483,fuchun,2012,2B,0,55,,1
6484,fuchun,2012,2C,124,110,,0.887096774193548
6485,fuchun,2012,2C(S),0,0,,
6486,fuchun,2012,3,0,0,,
6487,fuchun,2012,Total,0,240,,1
6488,fuchun,2013,1,0,0,,
6489,fuchun,2013,2A(1),0,0,,
6490,fuchun,2013,2A(2),0,0,,
6491,fuchun,2013,2B,5,55,,1
6492,fuchun,2013,2C,122,104,,0.852459016393443
6493,fuchun,2013,2C(S),0,0,,
6494,fuchun,2013,3,0,0,,
6495,fuchun,2013,Total,0,240,,1
6496,fuchun,2014,1,0,0,,
6497,fuchun,2014,2A(1),0,0,,
6498,fuchun,2014,2A(2),0,0,,
6499,fuchun,2014,2B,1,64,,1
6500,fuchun,2014,2C,97,126,,1
6501,fuchun,2014,2C(S),10,29,,1
6502,fuchun,2014,3,0,19,,1
6503,fuchun,2014,Total,0,240,,1
6504,fuchun,2015,1,0,0,,
6505,fuchun,2015,2A(1),0,0,,
6506,fuchun,2015,2A(2),0,0,,
6507,fuchun,2015,2B,1,58,,1
6508,fuchun,2015,2C,87,115,,1
6509,fuchun,2015,2C(S),8,28,,1
6510,fuchun,2015,3,0,20,,1
6511,fuchun,2015,Total,0,210,,1
6512,fuchun,2016,1,0,0,,
6513,fuchun,2016,2A(1),0,0,,
6514,fuchun,2016,2A(2),0,0,,
6515,fuchun,2016,2B,2,38,,1
6516,fuchun,2016,2C,93,75,,0.806451612903226
6517,fuchun,2016,2C(S),0,0,,
6518,fuchun,2016,3,0,0,,
6519,fuchun,2016,Total,0,180,,1
6520,fuchun,2017,1,0,0,,
6521,fuchun,2017,2A(1),0,0,,
6522,fuchun,2017,2A(2),0,0,,
6523,fuchun,2017,2B,2,41,,1
6524,fuchun,2017,2C,80,80,,1
6525,fuchun,2017,2C(S),0,0,,
6526,fuchun,2017,3,0,0,,
6527,fuchun,2017,Total,0,180,,1
6528,fuchun,2018,1,0,0,,
6529,fuchun,2018,2A(1),0,0,,
6530,fuchun,2018,2A(2),0,0,,
6531,fuchun,2018,2B,4,59,,1
6532,fuchun,2018,2C,72,115,,1
6533,fuchun,2018,2C(S),4,43,,1
6534,fuchun,2018,3,0,39,,1
6535,fuchun,2018,Total,0,210,,1
6536,fuchun,2019,1,50,170,,1
6537,fuchun,2019,2A(1),0,120,,1
6538,fuchun,2019,2A(2),17,120,,1
6539,fuchun,2019,2B,0,72,,1
6540,fuchun,2019,2C,52,144,,1
6541,fuchun,2019,2C(S),6,92,,1
6542,fuchun,2019,3,0,86,,1
6543,fuchun,2019,Total,0,210,,1
6544,fuchun,2020,1,83,140,,1
6545,fuchun,2020,2A(1),0,57,,1
6546,fuchun,2020,2A(2),22,57,,1
6547,fuchun,2020,2B,0,38,,1
6548,fuchun,2020,2C,55,75,,1
6549,fuchun,2020,2C(S),8,22,,1
6550,fuchun,2020,3,0,14,,1
6551,fuchun,2020,Total,0,180,,1
6552,fuchun,2021,1,73,170,,1
6553,fuchun,2021,2A(1),0,97,,1
6554,fuchun,2021,2A(2),13,97,,1
6555,fuchun,2021,2B,0,62,,1
6556,fuchun,2021,2C,50,124,,1
6557,fuchun,2021,2C(S),9,74,,1
6558,fuchun,2021,3,0,65,,1
6559,fuchun,2021,Total,0,210,,1
6560,fuchun,2022,1,51,150,,1
6561,fuchun,2022,2A(1),12,99,,1
6562,fuchun,2022,2A(2),0,0,,
6563,fuchun,2022,2B,1,49,,1
6564,fuchun,2022,2C,52,147,,1
6565,fuchun,2022,2C(S),16,95,,1
6566,fuchun,2022,3,0,79,,1
6567,fuchun,2022,Total,0,210,,1
6568,fuchun,2023,1,58,120,,1
6569,fuchun,2023,2A(1),27,62,,1
6570,fuchun,2023,2A(2),0,0,,
6571,fuchun,2023,2B,1,32,,1
6572,fuchun,2023,2C,45,95,,1
6573,fuchun,2023,2C(S),4,50,,1
6574,fuchun,2023,3,0,46,,1
6575,fuchun,2023,Total,0,180,,1
6576,fuhua,2009,1,0,0,,
6577,fuhua,2009,2A(1),0,0,,
6578,fuhua,2009,2A(2),0,0,,
6579,fuhua,2009,2B,1,70,,1
6580,fuhua,2009,2C,82,138,,1
6581,fuhua,2009,2C(S),50,56,,1
6582,fuhua,2009,3,0,5,,1
6583,fuhua,2009,Total,0,270,,1
6584,fuhua,2010,1,0,0,,
6585,fuhua,2010,2A(1),0,0,,
6586,fuhua,2010,2A(2),0,0,,
6587,fuhua,2010,2B,3,78,,1
6588,fuhua,2010,2C,78,155,,1
6589,fuhua,2010,2C(S),56,77,,1
6590,fuhua,2010,3,0,12,,1
6591,fuhua,2010,Total,0,270,,1
6592,fuhua,2011,1,0,0,,
6593,fuhua,2011,2A(1),0,0,,
6594,fuhua,2011,2A(2),0,0,,
6595,fuhua,2011,2B,0,76,,1
6596,fuhua,2011,2C,67,153,,1
6597,fuhua,2011,2C(S),41,87,,1
6598,fuhua,2011,3,0,42,,1
6599,fuhua,2011,Total,0,270,,1
6600,fuhua,2012,1,0,0,,
6601,fuhua,2012,2A(1),0,0,,
6602,fuhua,2012,2A(2),0,0,,
6603,fuhua,2012,2B,0,71,,1
6604,fuhua,2012,2C,92,141,,1
6605,fuhua,2012,2C(S),43,50,,1
6606,fuhua,2012,3,0,0,,
6607,fuhua,2012,Total,0,240,,1
6608,fuhua,2013,1,0,0,,
6609,fuhua,2013,2A(1),0,0,,
6610,fuhua,2013,2A(2),0,0,,
6611,fuhua,2013,2B,1,69,,1
6612,fuhua,2013,2C,82,136,,1
6613,fuhua,2013,2C(S),42,55,,1
6614,fuhua,2013,3,0,0,,
6615,fuhua,2013,Total,0,240,,1
6616,fuhua,2014,1,0,0,,
6617,fuhua,2014,2A(1),0,0,,
6618,fuhua,2014,2A(2),0,0,,
6619,fuhua,2014,2B,0,60,,1
6620,fuhua,2014,2C,90,119,,1
6621,fuhua,2014,2C(S),38,30,,0.789473684210526
6622,fuhua,2014,3,0,0,,
6623,fuhua,2014,Total,0,240,,1
6624,fuhua,2015,1,0,0,,
6625,fuhua,2015,2A(1),0,0,,
6626,fuhua,2015,2A(2),0,0,,
6627,fuhua,2015,2B,0,70,,1
6628,fuhua,2015,2C,90,139,,1
6629,fuhua,2015,2C(S),30,49,,1
6630,fuhua,2015,3,0,19,,1
6631,fuhua,2015,Total,0,240,,1
6632,fuhua,2016,1,0,0,,
6633,fuhua,2016,2A(1),0,0,,
6634,fuhua,2016,2A(2),0,0,,
6635,fuhua,2016,2B,0,53,,1
6636,fuhua,2016,2C,70,108,,1
6637,fuhua,2016,2C(S),35,38,,1
6638,fuhua,2016,3,0,3,,1
6639,fuhua,2016,Total,0,210,,1
6640,fuhua,2017,1,0,0,,
6641,fuhua,2017,2A(1),0,0,,
6642,fuhua,2017,2A(2),0,0,,
6643,fuhua,2017,2B,1,43,,1
6644,fuhua,2017,2C,61,85,,1
6645,fuhua,2017,2C(S),19,24,,1
6646,fuhua,2017,3,0,5,,1
6647,fuhua,2017,Total,0,180,,1
6648,fuhua,2018,1,0,0,,
6649,fuhua,2018,2A(1),0,0,,
6650,fuhua,2018,2A(2),0,0,,
6651,fuhua,2018,2B,1,70,,1
6652,fuhua,2018,2C,89,141,,1
6653,fuhua,2018,2C(S),60,52,,0.866666666666667
6654,fuhua,2018,3,0,0,,
6655,fuhua,2018,Total,0,240,,1
6656,fuhua,2019,1,82,170,,1
6657,fuhua,2019,2A(1),0,88,,1
6658,fuhua,2019,2A(2),24,88,,1
6659,fuhua,2019,2B,1,52,,1
6660,fuhua,2019,2C,53,104,,1
6661,fuhua,2019,2C(S),59,51,PR<1,0.864406779661017
6662,fuhua,2019,3,0,0,,
6663,fuhua,2019,Total,0,210,,1
6664,fuhua,2020,1,76,170,,1
6665,fuhua,2020,2A(1),0,94,,1
6666,fuhua,2020,2A(2),23,94,,1
6667,fuhua,2020,2B,0,56,,1
6668,fuhua,2020,2C,96,113,,1
6669,fuhua,2020,2C(S),39,18,SC1-2,0.461538461538462
6670,fuhua,2020,3,0,0,,
6671,fuhua,2020,Total,0,210,,1
6672,fuhua,2021,1,88,180,,1
6673,fuhua,2021,2A(1),0,92,,1
6674,fuhua,2021,2A(2),25,92,,1
6675,fuhua,2021,2B,0,54,,1
6676,fuhua,2021,2C,58,108,,1
6677,fuhua,2021,2C(S),62,50,SC>2,0.806451612903226
6678,fuhua,2021,3,0,0,,
6679,fuhua,2021,Total,0,220,,1
6680,fuhua,2022,1,83,120,,1
6681,fuhua,2022,2A(1),15,37,,1
6682,fuhua,2022,2A(2),0,0,,
6683,fuhua,2022,2B,0,27,,1
6684,fuhua,2022,2C,62,83,,1
6685,fuhua,2022,2C(S),32,21,SC1-2,0.65625
6686,fuhua,2022,3,0,0,,
6687,fuhua,2022,Total,0,180,,1
6688,fuhua,2023,1,61,160,,1
6689,fuhua,2023,2A(1),30,99,,1
6690,fuhua,2023,2A(2),0,0,,
6691,fuhua,2023,2B,2,43,,1
6692,fuhua,2023,2C,54,128,,1
6693,fuhua,2023,2C(S),31,74,,1
6694,fuhua,2023,3,0,43,,1
6695,fuhua,2023,Total,0,220,,1
6696,gan-eng-seng,2009,1,0,0,,
6697,gan-eng-seng,2009,2A(1),0,0,,
6698,gan-eng-seng,2009,2A(2),0,0,,
6699,gan-eng-seng,2009,2B,0,76,,1
6700,gan-eng-seng,2009,2C,113,153,,1
6701,gan-eng-seng,2009,2C(S),58,40,,0.689655172413793
6702,gan-eng-seng,2009,3,0,0,,
6703,gan-eng-seng,2009,Total,0,240,,1
6704,gan-eng-seng,2010,1,0,0,,
6705,gan-eng-seng,2010,2A(1),0,0,,
6706,gan-eng-seng,2010,2A(2),0,0,,
6707,gan-eng-seng,2010,2B,0,78,,1
6708,gan-eng-seng,2010,2C,110,155,,1
6709,gan-eng-seng,2010,2C(S),53,47,,0.886792452830189
6710,gan-eng-seng,2010,3,0,0,,
6711,gan-eng-seng,2010,Total,0,240,,1
6712,gan-eng-seng,2011,1,0,0,,
6713,gan-eng-seng,2011,2A(1),0,0,,
6714,gan-eng-seng,2011,2A(2),0,0,,
6715,gan-eng-seng,2011,2B,2,70,,1
6716,gan-eng-seng,2011,2C,100,140,,1
6717,gan-eng-seng,2011,2C(S),48,40,,0.833333333333333
6718,gan-eng-seng,2011,3,0,0,,
6719,gan-eng-seng,2011,Total,0,240,,1
6720,gan-eng-seng,2012,1,0,0,,
6721,gan-eng-seng,2012,2A(1),0,0,,
6722,gan-eng-seng,2012,2A(2),0,0,,
6723,gan-eng-seng,2012,2B,1,64,,1
6724,gan-eng-seng,2012,2C,144,126,,0.875
6725,gan-eng-seng,2012,2C(S),0,0,,
6726,gan-eng-seng,2012,3,0,0,,
6727,gan-eng-seng,2012,Total,0,240,,1
6728,gan-eng-seng,2013,1,0,0,,
6729,gan-eng-seng,2013,2A(1),0,0,,
6730,gan-eng-seng,2013,2A(2),0,0,,
6731,gan-eng-seng,2013,2B,2,65,,1
6732,gan-eng-seng,2013,2C,95,127,,1
6733,gan-eng-seng,2013,2C(S),38,36,,0.947368421052632
6734,gan-eng-seng,2013,3,0,0,,
6735,gan-eng-seng,2013,Total,0,240,,1
6736,gan-eng-seng,2014,1,0,0,,
6737,gan-eng-seng,2014,2A(1),0,0,,
6738,gan-eng-seng,2014,2A(2),0,0,,
6739,gan-eng-seng,2014,2B,0,78,,1
6740,gan-eng-seng,2014,2C,80,156,,1
6741,gan-eng-seng,2014,2C(S),68,77,,1
6742,gan-eng-seng,2014,3,0,9,,1
6743,gan-eng-seng,2014,Total,0,240,,1
6744,gan-eng-seng,2015,1,0,0,,
6745,gan-eng-seng,2015,2A(1),0,0,,
6746,gan-eng-seng,2015,2A(2),0,0,,
6747,gan-eng-seng,2015,2B,0,61,,1
6748,gan-eng-seng,2015,2C,74,123,,1
6749,gan-eng-seng,2015,2C(S),37,49,,1
6750,gan-eng-seng,2015,3,0,12,,1
6751,gan-eng-seng,2015,Total,0,210,,1
6752,gan-eng-seng,2016,1,0,0,,
6753,gan-eng-seng,2016,2A(1),0,0,,
6754,gan-eng-seng,2016,2A(2),0,0,,
6755,gan-eng-seng,2016,2B,0,66,,1
6756,gan-eng-seng,2016,2C,55,133,,1
6757,gan-eng-seng,2016,2C(S),17,79,,1
6758,gan-eng-seng,2016,3,0,62,,1
6759,gan-eng-seng,2016,Total,0,210,,1
6760,gan-eng-seng,2017,1,0,0,,
6761,gan-eng-seng,2017,2A(1),0,0,,
6762,gan-eng-seng,2017,2A(2),0,0,,
6763,gan-eng-seng,2017,2B,1,54,,1
6764,gan-eng-seng,2017,2C,39,107,,1
6765,gan-eng-seng,2017,2C(S),20,68,,1
6766,gan-eng-seng,2017,3,0,48,,1
6767,gan-eng-seng,2017,Total,0,180,,1
6768,gan-eng-seng,2018,1,0,0,,
6769,gan-eng-seng,2018,2A(1),0,0,,
6770,gan-eng-seng,2018,2A(2),0,0,,
6771,gan-eng-seng,2018,2B,0,50,,1
6772,gan-eng-seng,2018,2C,44,100,,1
6773,gan-eng-seng,2018,2C(S),43,56,,1
6774,gan-eng-seng,2018,3,0,13,,1
6775,gan-eng-seng,2018,Total,0,180,,1
6776,gan-eng-seng,2019,1,43,140,,1
6777,gan-eng-seng,2019,2A(1),0,97,,1
6778,gan-eng-seng,2019,2A(2),5,97,,1
6779,gan-eng-seng,2019,2B,0,66,,1
6780,gan-eng-seng,2019,2C,36,132,,1
6781,gan-eng-seng,2019,2C(S),33,96,,1
6782,gan-eng-seng,2019,3,0,63,,1
6783,gan-eng-seng,2019,Total,0,180,,1
6784,gan-eng-seng,2020,1,58,170,,1
6785,gan-eng-seng,2020,2A(1),0,112,,1
6786,gan-eng-seng,2020,2A(2),2,112,,1
6787,gan-eng-seng,2020,2B,0,75,,1
6788,gan-eng-seng,2020,2C,45,152,,1
6789,gan-eng-seng,2020,2C(S),51,107,,1
6790,gan-eng-seng,2020,3,0,56,,1
6791,gan-eng-seng,2020,Total,0,210,,1
6792,gan-eng-seng,2021,1,40,170,,1
6793,gan-eng-seng,2021,2A(1),0,130,,1
6794,gan-eng-seng,2021,2A(2),4,130,,1
6795,gan-eng-seng,2021,2B,0,83,,1
6796,gan-eng-seng,2021,2C,29,167,,1
6797,gan-eng-seng,2021,2C(S),18,141,,1
6798,gan-eng-seng,2021,3,0,123,,1
6799,gan-eng-seng,2021,Total,0,210,,1
6800,gan-eng-seng,2022,1,36,90,,1
6801,gan-eng-seng,2022,2A(1),2,54,,1
6802,gan-eng-seng,2022,2A(2),0,0,,
6803,gan-eng-seng,2022,2B,0,37,,1
6804,gan-eng-seng,2022,2C,28,112,,1
6805,gan-eng-seng,2022,2C(S),21,84,,1
6806,gan-eng-seng,2022,3,0,63,,1
6807,gan-eng-seng,2022,Total,0,150,,1
6808,gan-eng-seng,2023,1,31,90,,1
6809,gan-eng-seng,2023,2A(1),4,59,,1
6810,gan-eng-seng,2023,2A(2),0,0,,
6811,gan-eng-seng,2023,2B,0,38,,1
6812,gan-eng-seng,2023,2C,27,115,,1
6813,gan-eng-seng,2023,2C(S),21,88,,1
6814,gan-eng-seng,2023,3,0,67,,1
6815,gan-eng-seng,2023,Total,0,150,,1
6816,geylang-methodist,2009,1,0,0,,
6817,geylang-methodist,2009,2A(1),0,0,,
6818,geylang-methodist,2009,2A(2),0,0,,
6819,geylang-methodist,2009,2B,17,74,,1
6820,geylang-methodist,2009,2C,155,133,,0.858064516129032
6821,geylang-methodist,2009,2C(S),0,0,,
6822,geylang-methodist,2009,3,0,0,,
6823,geylang-methodist,2009,Total,0,270,,1
6824,geylang-methodist,2010,1,0,0,,
6825,geylang-methodist,2010,2A(1),0,0,,
6826,geylang-methodist,2010,2A(2),0,0,,
6827,geylang-methodist,2010,2B,6,76,,1
6828,geylang-methodist,2010,2C,175,145,,0.828571428571429
6829,geylang-methodist,2010,2C(S),0,0,,
6830,geylang-methodist,2010,3,0,0,,
6831,geylang-methodist,2010,Total,0,270,,1
6832,geylang-methodist,2011,1,0,0,,
6833,geylang-methodist,2011,2A(1),0,0,,
6834,geylang-methodist,2011,2A(2),0,0,,
6835,geylang-methodist,2011,2B,8,66,,1
6836,geylang-methodist,2011,2C,132,125,,0.946969696969697
6837,geylang-methodist,2011,2C(S),0,0,,
6838,geylang-methodist,2011,3,0,0,,
6839,geylang-methodist,2011,Total,0,270,,1
6840,geylang-methodist,2012,1,0,0,,
6841,geylang-methodist,2012,2A(1),0,0,,
6842,geylang-methodist,2012,2A(2),0,0,,
6843,geylang-methodist,2012,2B,7,73,,1
6844,geylang-methodist,2012,2C,146,138,,0.945205479452055
6845,geylang-methodist,2012,2C(S),0,0,,
6846,geylang-methodist,2012,3,0,0,,
6847,geylang-methodist,2012,Total,0,270,,1
6848,geylang-methodist,2013,1,0,0,,
6849,geylang-methodist,2013,2A(1),0,0,,
6850,geylang-methodist,2013,2A(2),0,0,,
6851,geylang-methodist,2013,2B,18,72,,1
6852,geylang-methodist,2013,2C,137,125,,0.912408759124088
6853,geylang-methodist,2013,2C(S),0,0,,
6854,geylang-methodist,2013,3,0,0,,
6855,geylang-methodist,2013,Total,0,270,,1
6856,geylang-methodist,2014,1,0,0,,
6857,geylang-methodist,2014,2A(1),0,0,,
6858,geylang-methodist,2014,2A(2),0,0,,
6859,geylang-methodist,2014,2B,11,80,,1
6860,geylang-methodist,2014,2C,163,149,,0.914110429447853
6861,geylang-methodist,2014,2C(S),0,0,,
6862,geylang-methodist,2014,3,0,0,,
6863,geylang-methodist,2014,Total,0,270,,1
6864,geylang-methodist,2015,1,0,0,,
6865,geylang-methodist,2015,2A(1),0,0,,
6866,geylang-methodist,2015,2A(2),0,0,,
6867,geylang-methodist,2015,2B,9,72,,1
6868,geylang-methodist,2015,2C,142,136,,0.957746478873239
6869,geylang-methodist,2015,2C(S),0,0,,
6870,geylang-methodist,2015,3,0,0,,
6871,geylang-methodist,2015,Total,0,270,,1
6872,geylang-methodist,2016,1,0,0,,
6873,geylang-methodist,2016,2A(1),0,0,,
6874,geylang-methodist,2016,2A(2),0,0,,
6875,geylang-methodist,2016,2B,7,80,,1
6876,geylang-methodist,2016,2C,125,154,,1
6877,geylang-methodist,2016,2C(S),18,30,,1
6878,geylang-methodist,2016,3,0,12,,1
6879,geylang-methodist,2016,Total,0,270,,1
6880,geylang-methodist,2017,1,0,0,,
6881,geylang-methodist,2017,2A(1),0,0,,
6882,geylang-methodist,2017,2A(2),0,0,,
6883,geylang-methodist,2017,2B,10,80,,1
6884,geylang-methodist,2017,2C,140,152,,1
6885,geylang-methodist,2017,2C(S),14,12,,0.857142857142857
6886,geylang-methodist,2017,3,0,0,,
6887,geylang-methodist,2017,Total,0,270,,1
6888,geylang-methodist,2018,1,0,0,,
6889,geylang-methodist,2018,2A(1),0,0,,
6890,geylang-methodist,2018,2A(2),0,0,,
6891,geylang-methodist,2018,2B,10,72,,1
6892,geylang-methodist,2018,2C,151,136,,0.900662251655629
6893,geylang-methodist,2018,2C(S),0,0,,
6894,geylang-methodist,2018,3,0,0,,
6895,geylang-methodist,2018,Total,0,270,,1
6896,geylang-methodist,2019,1,90,230,,1
6897,geylang-methodist,2019,2A(1),5,140,,1
6898,geylang-methodist,2019,2A(2),20,136,,1
6899,geylang-methodist,2019,2B,10,78,,1
6900,geylang-methodist,2019,2C,108,150,,1
6901,geylang-methodist,2019,2C(S),35,42,,1
6902,geylang-methodist,2019,3,0,7,,1
6903,geylang-methodist,2019,Total,0,270,,1
6904,geylang-methodist,2020,1,84,230,,1
6905,geylang-methodist,2020,2A(1),10,146,,1
6906,geylang-methodist,2020,2A(2),27,136,,1
6907,geylang-methodist,2020,2B,10,75,,1
6908,geylang-methodist,2020,2C,123,141,,1
6909,geylang-methodist,2020,2C(S),36,18,SC<1,0.5
6910,geylang-methodist,2020,3,0,0,,
6911,geylang-methodist,2020,Total,0,270,,1
6912,geylang-methodist,2021,1,87,230,,1
6913,geylang-methodist,2021,2A(1),10,143,,1
6914,geylang-methodist,2021,2A(2),22,133,,1
6915,geylang-methodist,2021,2B,10,76,,1
6916,geylang-methodist,2021,2C,141,141,,1
6917,geylang-methodist,2021,2C(S),0,0,,
6918,geylang-methodist,2021,3,0,0,,
6919,geylang-methodist,2021,Total,0,270,,1
6920,geylang-methodist,2022,1,103,210,,1
6921,geylang-methodist,2022,2A(1),34,107,,1
6922,geylang-methodist,2022,2A(2),0,0,,
6923,geylang-methodist,2022,2B,4,44,,1
6924,geylang-methodist,2022,2C,131,129,PR>2,0.984732824427481
6925,geylang-methodist,2022,2C(S),0,0,,
6926,geylang-methodist,2022,3,0,0,,
6927,geylang-methodist,2022,Total,0,270,,1
6928,geylang-methodist,2023,1,102,210,,1
6929,geylang-methodist,2023,2A(1),32,108,,1
6930,geylang-methodist,2023,2A(2),0,0,,
6931,geylang-methodist,2023,2B,4,45,,1
6932,geylang-methodist,2023,2C,134,132,PR>2,0.985074626865672
6933,geylang-methodist,2023,2C(S),0,0,,
6934,geylang-methodist,2023,3,0,0,,
6935,geylang-methodist,2023,Total,0,270,,1
6936,gongshang,2009,1,0,0,,
6937,gongshang,2009,2A(1),0,0,,
6938,gongshang,2009,2A(2),0,0,,
6939,gongshang,2009,2B,30,47,,1
6940,gongshang,2009,2C,105,65,,0.619047619047619
6941,gongshang,2009,2C(S),0,0,,
6942,gongshang,2009,3,0,0,,
6943,gongshang,2009,Total,0,240,,1
6944,gongshang,2010,1,0,0,,
6945,gongshang,2010,2A(1),0,0,,
6946,gongshang,2010,2A(2),0,0,,
6947,gongshang,2010,2B,39,40,,1
6948,gongshang,2010,2C,82,42,,0.51219512195122
6949,gongshang,2010,2C(S),0,0,,
6950,gongshang,2010,3,0,0,,
6951,gongshang,2010,Total,0,240,,1
6952,gongshang,2011,1,0,0,,
6953,gongshang,2011,2A(1),0,0,,
6954,gongshang,2011,2A(2),0,0,,
6955,gongshang,2011,2B,46,55,,1
6956,gongshang,2011,2C,97,63,,0.649484536082474
6957,gongshang,2011,2C(S),0,0,,
6958,gongshang,2011,3,0,0,,
6959,gongshang,2011,Total,0,240,,1
6960,gongshang,2012,1,0,0,,
6961,gongshang,2012,2A(1),0,0,,
6962,gongshang,2012,2A(2),0,0,,
6963,gongshang,2012,2B,34,56,,1
6964,gongshang,2012,2C,81,77,,0.950617283950617
6965,gongshang,2012,2C(S),0,0,,
6966,gongshang,2012,3,0,0,,
6967,gongshang,2012,Total,0,240,,1
6968,gongshang,2013,1,0,0,,
6969,gongshang,2013,2A(1),0,0,,
6970,gongshang,2013,2A(2),0,0,,
6971,gongshang,2013,2B,24,56,,1
6972,gongshang,2013,2C,91,87,,0.956043956043956
6973,gongshang,2013,2C(S),0,0,,
6974,gongshang,2013,3,0,0,,
6975,gongshang,2013,Total,0,240,,1
6976,gongshang,2014,1,0,0,,
6977,gongshang,2014,2A(1),0,0,,
6978,gongshang,2014,2A(2),0,0,,
6979,gongshang,2014,2B,28,49,,1
6980,gongshang,2014,2C,84,69,,0.821428571428571
6981,gongshang,2014,2C(S),0,0,,
6982,gongshang,2014,3,0,0,,
6983,gongshang,2014,Total,0,240,,1
6984,gongshang,2015,1,0,0,,
6985,gongshang,2015,2A(1),0,0,,
6986,gongshang,2015,2A(2),0,0,,
6987,gongshang,2015,2B,18,45,,1
6988,gongshang,2015,2C,89,72,,0.808988764044944
6989,gongshang,2015,2C(S),0,0,,
6990,gongshang,2015,3,0,0,,
6991,gongshang,2015,Total,0,240,,1
6992,gongshang,2016,1,0,0,,
6993,gongshang,2016,2A(1),0,0,,
6994,gongshang,2016,2A(2),0,0,,
6995,gongshang,2016,2B,18,37,,1
6996,gongshang,2016,2C,75,59,,0.786666666666667
6997,gongshang,2016,2C(S),0,0,,
6998,gongshang,2016,3,0,0,,
6999,gongshang,2016,Total,0,210,,1
7000,gongshang,2017,1,0,0,,
7001,gongshang,2017,2A(1),0,0,,
7002,gongshang,2017,2A(2),0,0,,
7003,gongshang,2017,2B,18,29,,1
7004,gongshang,2017,2C,62,44,,0.709677419354839
7005,gongshang,2017,2C(S),0,0,,
7006,gongshang,2017,3,0,0,,
7007,gongshang,2017,Total,0,210,,1
7008,gongshang,2018,1,0,0,,
7009,gongshang,2018,2A(1),0,0,,
7010,gongshang,2018,2A(2),0,0,,
7011,gongshang,2018,2B,16,21,,1
7012,gongshang,2018,2C,58,26,,0.448275862068966
7013,gongshang,2018,2C(S),0,0,,
7014,gongshang,2018,3,0,0,,
7015,gongshang,2018,Total,0,210,,1
7016,gongshang,2019,1,75,170,,1
7017,gongshang,2019,2A(1),23,95,,1
7018,gongshang,2019,2A(2),37,72,,1
7019,gongshang,2019,2B,16,39,,1
7020,gongshang,2019,2C,69,65,SC<1,0.942028985507246
7021,gongshang,2019,2C(S),0,0,,
7022,gongshang,2019,3,0,0,,
7023,gongshang,2019,Total,0,210,,1
7024,gongshang,2020,1,107,170,,1
7025,gongshang,2020,2A(1),38,63,,1
7026,gongshang,2020,2A(2),33,25,SC>2,0.757575757575758
7027,gongshang,2020,2B,21,21,,1
7028,gongshang,2020,2C,91,21,SC<1,0.230769230769231
7029,gongshang,2020,2C(S),0,0,,
7030,gongshang,2020,3,0,0,,
7031,gongshang,2020,Total,0,210,,1
7032,gongshang,2021,1,108,170,,1
7033,gongshang,2021,2A(1),37,62,,1
7034,gongshang,2021,2A(2),61,25,SC1-2,0.409836065573771
7035,gongshang,2021,2B,19,21,,1
7036,gongshang,2021,2C,85,22,SC<1,0.258823529411765
7037,gongshang,2021,2C(S),0,0,,
7038,gongshang,2021,3,0,0,,
7039,gongshang,2021,Total,0,210,,1
7040,gongshang,2022,1,91,150,,1
7041,gongshang,2022,2A(1),116,59,SC1-2,0.508620689655172
7042,gongshang,2022,2A(2),0,0,,
7043,gongshang,2022,2B,15,20,,1
7044,gongshang,2022,2C,107,45,SC<1,0.420560747663551
7045,gongshang,2022,2C(S),0,0,,
7046,gongshang,2022,3,0,0,,
7047,gongshang,2022,Total,0,210,,1
7048,gongshang,2023,1,114,160,,1
7049,gongshang,2023,2A(1),163,46,SC<1,0.282208588957055
7050,gongshang,2023,2A(2),0,0,,
7051,gongshang,2023,2B,16,20,,1
7052,gongshang,2023,2C,107,44,SC<1,0.411214953271028
7053,gongshang,2023,2C(S),0,0,,
7054,gongshang,2023,3,0,0,,
7055,gongshang,2023,Total,0,220,,1
7056,greendale,2009,1,0,0,,
7057,greendale,2009,2A(1),0,0,,
7058,greendale,2009,2A(2),0,0,,
7059,greendale,2009,2B,0,106,,1
7060,greendale,2009,2C,99,213,,1
7061,greendale,2009,2C(S),86,114,,1
7062,greendale,2009,3,0,15,,1
7063,greendale,2009,Total,0,270,,1
7064,greendale,2010,1,0,0,,
7065,greendale,2010,2A(1),0,0,,
7066,greendale,2010,2A(2),0,0,,
7067,greendale,2010,2B,0,88,,1
7068,greendale,2010,2C,75,177,,1
7069,greendale,2010,2C(S),49,103,,1
7070,greendale,2010,3,0,50,,1
7071,greendale,2010,Total,0,240,,1
7072,greendale,2011,1,0,0,,
7073,greendale,2011,2A(1),0,0,,
7074,greendale,2011,2A(2),0,0,,
7075,greendale,2011,2B,0,87,,1
7076,greendale,2011,2C,70,173,,1
7077,greendale,2011,2C(S),39,104,,1
7078,greendale,2011,3,0,54,,1
7079,greendale,2011,Total,0,270,,1
7080,greendale,2012,1,0,0,,
7081,greendale,2012,2A(1),0,0,,
7082,greendale,2012,2A(2),0,0,,
7083,greendale,2012,2B,1,65,,1
7084,greendale,2012,2C,61,129,,1
7085,greendale,2012,2C(S),39,68,,1
7086,greendale,2012,3,0,28,,1
7087,greendale,2012,Total,0,240,,1
7088,greendale,2013,1,0,0,,
7089,greendale,2013,2A(1),0,0,,
7090,greendale,2013,2A(2),0,0,,
7091,greendale,2013,2B,1,59,,1
7092,greendale,2013,2C,65,117,,1
7093,greendale,2013,2C(S),40,54,,1
7094,greendale,2013,3,0,0,,
7095,greendale,2013,Total,0,240,,1
7096,greendale,2014,1,0,0,,
7097,greendale,2014,2A(1),0,0,,
7098,greendale,2014,2A(2),0,0,,
7099,greendale,2014,2B,1,88,,1
7100,greendale,2014,2C,88,174,,1
7101,greendale,2014,2C(S),91,86,,0.945054945054945
7102,greendale,2014,3,0,0,,
7103,greendale,2014,Total,0,270,,1
7104,greendale,2015,1,0,0,,
7105,greendale,2015,2A(1),0,0,,
7106,greendale,2015,2A(2),0,0,,
7107,greendale,2015,2B,1,69,,1
7108,greendale,2015,2C,118,137,,1
7109,greendale,2015,2C(S),25,19,,0.76
7110,greendale,2015,3,0,0,,
7111,greendale,2015,Total,0,240,,1
7112,greendale,2016,1,0,0,,
7113,greendale,2016,2A(1),0,0,,
7114,greendale,2016,2A(2),0,0,,
7115,greendale,2016,2B,0,81,,1
7116,greendale,2016,2C,73,161,,1
7117,greendale,2016,2C(S),29,88,,1
7118,greendale,2016,3,0,59,,1
7119,greendale,2016,Total,0,240,,1
7120,greendale,2017,1,0,0,,
7121,greendale,2017,2A(1),0,0,,
7122,greendale,2017,2A(2),0,0,,
7123,greendale,2017,2B,1,75,,1
7124,greendale,2017,2C,83,150,,1
7125,greendale,2017,2C(S),23,69,,1
7126,greendale,2017,3,0,46,,1
7127,greendale,2017,Total,0,240,,1
7128,greendale,2018,1,0,0,,
7129,greendale,2018,2A(1),0,0,,
7130,greendale,2018,2A(2),0,0,,
7131,greendale,2018,2B,0,119,,1
7132,greendale,2018,2C,43,237,,1
7133,greendale,2018,2C(S),23,194,,1
7134,greendale,2018,3,0,171,,1
7135,greendale,2018,Total,0,320,,1
7136,greendale,2019,1,64,240,,1
7137,greendale,2019,2A(1),0,176,,1
7138,greendale,2019,2A(2),6,177,,1
7139,greendale,2019,2B,0,106,,1
7140,greendale,2019,2C,36,211,,1
7141,greendale,2019,2C(S),9,176,,1
7142,greendale,2019,3,0,167,,1
7143,greendale,2019,Total,0,280,,1
7144,greendale,2020,1,56,240,,1
7145,greendale,2020,2A(1),0,185,,1
7146,greendale,2020,2A(2),6,185,,1
7147,greendale,2020,2B,0,110,,1
7148,greendale,2020,2C,52,219,,1
7149,greendale,2020,2C(S),89,170,,1
7150,greendale,2020,3,0,81,,1
7151,greendale,2020,Total,0,280,,1
7152,greendale,2021,1,59,240,,1
7153,greendale,2021,2A(1),0,181,,1
7154,greendale,2021,2A(2),2,181,,1
7155,greendale,2021,2B,0,110,,1
7156,greendale,2021,2C,30,219,,1
7157,greendale,2021,2C(S),115,189,,1
7158,greendale,2021,3,0,74,,1
7159,greendale,2021,Total,0,280,,1
7160,greendale,2022,1,85,180,,1
7161,greendale,2022,2A(1),22,95,,1
7162,greendale,2022,2A(2),0,0,,
7163,greendale,2022,2B,0,44,,1
7164,greendale,2022,2C,31,133,,1
7165,greendale,2022,2C(S),71,102,,1
7166,greendale,2022,3,0,31,,1
7167,greendale,2022,Total,0,240,,1
7168,greendale,2023,1,68,220,,1
7169,greendale,2023,2A(1),22,152,,1
7170,greendale,2023,2A(2),0,0,,
7171,greendale,2023,2B,0,63,,1
7172,greendale,2023,2C,23,190,,1
7173,greendale,2023,2C(S),17,167,,1
7174,greendale,2023,3,0,150,,1
7175,greendale,2023,Total,0,280,,1
7176,greenridge,2009,1,0,0,,
7177,greenridge,2009,2A(1),0,0,,
7178,greenridge,2009,2A(2),0,0,,
7179,greenridge,2009,2B,2,61,,1
7180,greenridge,2009,2C,128,122,,0.953125
7181,greenridge,2009,2C(S),0,0,,
7182,greenridge,2009,3,0,0,,
7183,greenridge,2009,Total,0,270,,1
7184,greenridge,2010,1,0,0,,
7185,greenridge,2010,2A(1),0,0,,
7186,greenridge,2010,2A(2),0,0,,
7187,greenridge,2010,2B,1,65,,1
7188,greenridge,2010,2C,159,129,,0.811320754716981
7189,greenridge,2010,2C(S),0,0,,
7190,greenridge,2010,3,0,0,,
7191,greenridge,2010,Total,0,270,,1
7192,greenridge,2011,1,0,0,,
7193,greenridge,2011,2A(1),0,0,,
7194,greenridge,2011,2A(2),0,0,,
7195,greenridge,2011,2B,7,67,,1
7196,greenridge,2011,2C,160,128,,0.8
7197,greenridge,2011,2C(S),0,0,,
7198,greenridge,2011,3,0,0,,
7199,greenridge,2011,Total,0,270,,1
7200,greenridge,2012,1,0,0,,
7201,greenridge,2012,2A(1),0,0,,
7202,greenridge,2012,2A(2),0,0,,
7203,greenridge,2012,2B,18,61,,1
7204,greenridge,2012,2C,125,103,,0.824
7205,greenridge,2012,2C(S),0,0,,
7206,greenridge,2012,3,0,0,,
7207,greenridge,2012,Total,0,270,,1
7208,greenridge,2013,1,0,0,,
7209,greenridge,2013,2A(1),0,0,,
7210,greenridge,2013,2A(2),0,0,,
7211,greenridge,2013,2B,14,56,,1
7212,greenridge,2013,2C,108,98,,0.907407407407407
7213,greenridge,2013,2C(S),0,0,,
7214,greenridge,2013,3,0,0,,
7215,greenridge,2013,Total,0,240,,1
7216,greenridge,2014,1,0,0,,
7217,greenridge,2014,2A(1),0,0,,
7218,greenridge,2014,2A(2),0,0,,
7219,greenridge,2014,2B,8,56,,1
7220,greenridge,2014,2C,115,104,,0.904347826086956
7221,greenridge,2014,2C(S),0,0,,
7222,greenridge,2014,3,0,0,,
7223,greenridge,2014,Total,0,240,,1
7224,greenridge,2015,1,0,0,,
7225,greenridge,2015,2A(1),0,0,,
7226,greenridge,2015,2A(2),0,0,,
7227,greenridge,2015,2B,7,67,,1
7228,greenridge,2015,2C,106,129,,1
7229,greenridge,2015,2C(S),7,23,,1
7230,greenridge,2015,3,0,16,,1
7231,greenridge,2015,Total,0,240,,1
7232,greenridge,2016,1,0,0,,
7233,greenridge,2016,2A(1),0,0,,
7234,greenridge,2016,2A(2),0,0,,
7235,greenridge,2016,2B,2,74,,1
7236,greenridge,2016,2C,105,145,,1
7237,greenridge,2016,2C(S),12,40,,1
7238,greenridge,2016,3,0,28,,1
7239,greenridge,2016,Total,0,240,,1
7240,greenridge,2017,1,0,0,,
7241,greenridge,2017,2A(1),0,0,,
7242,greenridge,2017,2A(2),0,0,,
7243,greenridge,2017,2B,4,73,,1
7244,greenridge,2017,2C,101,143,,1
7245,greenridge,2017,2C(S),30,42,,1
7246,greenridge,2017,3,0,12,,1
7247,greenridge,2017,Total,0,240,,1
7248,greenridge,2018,1,0,0,,
7249,greenridge,2018,2A(1),0,0,,
7250,greenridge,2018,2A(2),0,0,,
7251,greenridge,2018,2B,3,61,,1
7252,greenridge,2018,2C,89,118,,1
7253,greenridge,2018,2C(S),24,29,,1
7254,greenridge,2018,3,0,5,,1
7255,greenridge,2018,Total,0,240,,1
7256,greenridge,2019,1,69,170,,1
7257,greenridge,2019,2A(1),0,101,,1
7258,greenridge,2019,2A(2),9,101,,1
7259,greenridge,2019,2B,2,66,,1
7260,greenridge,2019,2C,75,131,,1
7261,greenridge,2019,2C(S),57,56,SC#,0.982456140350877
7262,greenridge,2019,3,0,0,,
7263,greenridge,2019,Total,0,210,,1
7264,greenridge,2020,1,96,230,,1
7265,greenridge,2020,2A(1),0,134,,1
7266,greenridge,2020,2A(2),18,134,,1
7267,greenridge,2020,2B,0,78,,1
7268,greenridge,2020,2C,61,156,,1
7269,greenridge,2020,2C(S),43,95,,1
7270,greenridge,2020,3,0,52,,1
7271,greenridge,2020,Total,0,270,,1
7272,greenridge,2021,1,77,200,,1
7273,greenridge,2021,2A(1),0,123,,1
7274,greenridge,2021,2A(2),18,123,,1
7275,greenridge,2021,2B,0,73,,1
7276,greenridge,2021,2C,46,145,,1
7277,greenridge,2021,2C(S),26,99,,1
7278,greenridge,2021,3,0,73,,1
7279,greenridge,2021,Total,0,240,,1
7280,greenridge,2022,1,81,150,,1
7281,greenridge,2022,2A(1),12,69,,1
7282,greenridge,2022,2A(2),0,0,,
7283,greenridge,2022,2B,0,39,,1
7284,greenridge,2022,2C,35,117,,1
7285,greenridge,2022,2C(S),26,82,,1
7286,greenridge,2022,3,0,56,,1
7287,greenridge,2022,Total,0,210,,1
7288,greenridge,2023,1,67,120,,1
7289,greenridge,2023,2A(1),9,53,,1
7290,greenridge,2023,2A(2),0,0,,
7291,greenridge,2023,2B,1,35,,1
7292,greenridge,2023,2C,19,103,,1
7293,greenridge,2023,2C(S),7,84,,1
7294,greenridge,2023,3,0,77,,1
7295,greenridge,2023,Total,0,180,,1
7296,greenwood,2009,1,0,0,,
7297,greenwood,2009,2A(1),0,0,,
7298,greenwood,2009,2A(2),0,0,,
7299,greenwood,2009,2B,1,63,,1
7300,greenwood,2009,2C,132,126,,0.954545454545455
7301,greenwood,2009,2C(S),0,0,,
7302,greenwood,2009,3,0,0,,
7303,greenwood,2009,Total,0,270,,1
7304,greenwood,2010,1,0,0,,
7305,greenwood,2010,2A(1),0,0,,
7306,greenwood,2010,2A(2),0,0,,
7307,greenwood,2010,2B,8,63,,1
7308,greenwood,2010,2C,123,117,,0.951219512195122
7309,greenwood,2010,2C(S),0,0,,
7310,greenwood,2010,3,0,0,,
7311,greenwood,2010,Total,0,270,,1
7312,greenwood,2011,1,0,0,,
7313,greenwood,2011,2A(1),0,0,,
7314,greenwood,2011,2A(2),0,0,,
7315,greenwood,2011,2B,6,42,,1
7316,greenwood,2011,2C,99,77,,0.777777777777778
7317,greenwood,2011,2C(S),0,0,,
7318,greenwood,2011,3,0,0,,
7319,greenwood,2011,Total,0,240,,1
7320,greenwood,2012,1,0,0,,
7321,greenwood,2012,2A(1),0,0,,
7322,greenwood,2012,2A(2),0,0,,
7323,greenwood,2012,2B,7,51,,1
7324,greenwood,2012,2C,85,94,,1
7325,greenwood,2012,2C(S),13,13,,1
7326,greenwood,2012,3,0,0,,
7327,greenwood,2012,Total,0,240,,1
7328,greenwood,2013,1,0,0,,
7329,greenwood,2013,2A(1),0,0,,
7330,greenwood,2013,2A(2),0,0,,
7331,greenwood,2013,2B,7,68,,1
7332,greenwood,2013,2C,92,128,,1
7333,greenwood,2013,2C(S),13,38,,1
7334,greenwood,2013,3,0,14,,1
7335,greenwood,2013,Total,0,240,,1
7336,greenwood,2014,1,0,0,,
7337,greenwood,2014,2A(1),0,0,,
7338,greenwood,2014,2A(2),0,0,,
7339,greenwood,2014,2B,6,63,,1
7340,greenwood,2014,2C,107,119,,1
7341,greenwood,2014,2C(S),15,15,,1
7342,greenwood,2014,3,0,0,,
7343,greenwood,2014,Total,0,240,,1
7344,greenwood,2015,1,0,0,,
7345,greenwood,2015,2A(1),0,0,,
7346,greenwood,2015,2A(2),0,0,,
7347,greenwood,2015,2B,4,72,,1
7348,greenwood,2015,2C,87,140,,1
7349,greenwood,2015,2C(S),14,53,,1
7350,greenwood,2015,3,0,39,,1
7351,greenwood,2015,Total,0,240,,1
7352,greenwood,2016,1,0,0,,
7353,greenwood,2016,2A(1),0,0,,
7354,greenwood,2016,2A(2),0,0,,
7355,greenwood,2016,2B,2,66,,1
7356,greenwood,2016,2C,72,130,,1
7357,greenwood,2016,2C(S),7,58,,1
7358,greenwood,2016,3,0,51,,1
7359,greenwood,2016,Total,0,210,,1
7360,greenwood,2017,1,0,0,,
7361,greenwood,2017,2A(1),0,0,,
7362,greenwood,2017,2A(2),0,0,,
7363,greenwood,2017,2B,2,63,,1
7364,greenwood,2017,2C,94,124,,1
7365,greenwood,2017,2C(S),29,30,,1
7366,greenwood,2017,3,0,1,,1
7367,greenwood,2017,Total,0,210,,1
7368,greenwood,2018,1,0,0,,
7369,greenwood,2018,2A(1),0,0,,
7370,greenwood,2018,2A(2),0,0,,
7371,greenwood,2018,2B,6,73,,1
7372,greenwood,2018,2C,141,140,,0.99290780141844
7373,greenwood,2018,2C(S),0,0,,
7374,greenwood,2018,3,0,0,,
7375,greenwood,2018,Total,0,240,,1
7376,greenwood,2019,1,82,170,,1
7377,greenwood,2019,2A(1),0,88,,1
7378,greenwood,2019,2A(2),7,88,,1
7379,greenwood,2019,2B,4,61,,1
7380,greenwood,2019,2C,116,117,,1
7381,greenwood,2019,2C(S),11,1,SC<1,0.0909090909090909
7382,greenwood,2019,3,0,0,,
7383,greenwood,2019,Total,0,210,,1
7384,greenwood,2020,1,93,200,,1
7385,greenwood,2020,2A(1),0,107,,1
7386,greenwood,2020,2A(2),9,108,,1
7387,greenwood,2020,2B,0,70,,1
7388,greenwood,2020,2C,114,139,,1
7389,greenwood,2020,2C(S),29,26,SC<1,0.896551724137931
7390,greenwood,2020,3,0,0,,
7391,greenwood,2020,Total,0,240,,1
7392,greenwood,2021,1,81,200,,1
7393,greenwood,2021,2A(1),0,119,,1
7394,greenwood,2021,2A(2),11,119,,1
7395,greenwood,2021,2B,1,74,,1
7396,greenwood,2021,2C,101,147,,1
7397,greenwood,2021,2C(S),49,46,PR<1,0.938775510204082
7398,greenwood,2021,3,0,0,,
7399,greenwood,2021,Total,0,240,,1
7400,greenwood,2022,1,95,180,,1
7401,greenwood,2022,2A(1),6,85,,1
7402,greenwood,2022,2A(2),0,0,,
7403,greenwood,2022,2B,1,46,,1
7404,greenwood,2022,2C,107,138,,1
7405,greenwood,2022,2C(S),33,31,SC<1,0.939393939393939
7406,greenwood,2022,3,0,0,,
7407,greenwood,2022,Total,0,240,,1
7408,greenwood,2023,1,99,180,,1
7409,greenwood,2023,2A(1),16,82,,1
7410,greenwood,2023,2A(2),0,0,,
7411,greenwood,2023,2B,3,42,,1
7412,greenwood,2023,2C,89,123,,1
7413,greenwood,2023,2C(S),33,34,,1
7414,greenwood,2023,3,0,1,,1
7415,greenwood,2023,Total,0,240,,1
7416,guangyang,2009,1,0,0,,
7417,guangyang,2009,2A(1),0,0,,
7418,guangyang,2009,2A(2),0,0,,
7419,guangyang,2009,2B,0,67,,1
7420,guangyang,2009,2C,9,134,,1
7421,guangyang,2009,2C(S),13,125,,1
7422,guangyang,2009,3,0,97,,1
7423,guangyang,2009,Total,0,150,,1
7424,guangyang,2010,1,0,0,,
7425,guangyang,2010,2A(1),0,0,,
7426,guangyang,2010,2A(2),0,0,,
7427,guangyang,2010,2B,0,65,,1
7428,guangyang,2010,2C,9,129,,1
7429,guangyang,2010,2C(S),8,120,,1
7430,guangyang,2010,3,0,21,,1
7431,guangyang,2010,Total,0,150,,1
7432,guangyang,2011,1,0,0,,
7433,guangyang,2011,2A(1),0,0,,
7434,guangyang,2011,2A(2),0,0,,
7435,guangyang,2011,2B,0,79,,1
7436,guangyang,2011,2C,22,158,,1
7437,guangyang,2011,2C(S),58,136,,1
7438,guangyang,2011,3,0,46,,1
7439,guangyang,2011,Total,0,180,,1
7440,guangyang,2012,1,0,0,,
7441,guangyang,2012,2A(1),0,0,,
7442,guangyang,2012,2A(2),0,0,,
7443,guangyang,2012,2B,0,77,,1
7444,guangyang,2012,2C,56,153,,1
7445,guangyang,2012,2C(S),49,97,,1
7446,guangyang,2012,3,0,37,,1
7447,guangyang,2012,Total,0,180,,1
7448,guangyang,2013,1,0,0,,
7449,guangyang,2013,2A(1),0,0,,
7450,guangyang,2013,2A(2),0,0,,
7451,guangyang,2013,2B,0,93,,1
7452,guangyang,2013,2C,47,185,,1
7453,guangyang,2013,2C(S),35,138,,1
7454,guangyang,2013,3,0,21,,1
7455,guangyang,2013,Total,0,210,,1
7456,guangyang,2014,1,0,0,,
7457,guangyang,2014,2A(1),0,0,,
7458,guangyang,2014,2A(2),0,0,,
7459,guangyang,2014,2B,0,80,,1
7460,guangyang,2014,2C,43,160,,1
7461,guangyang,2014,2C(S),31,118,,1
7462,guangyang,2014,3,0,87,,1
7463,guangyang,2014,Total,0,210,,1
7464,guangyang,2015,1,0,0,,
7465,guangyang,2015,2A(1),0,0,,
7466,guangyang,2015,2A(2),0,0,,
7467,guangyang,2015,2B,0,75,,1
7468,guangyang,2015,2C,29,150,,1
7469,guangyang,2015,2C(S),24,122,,1
7470,guangyang,2015,3,0,98,,1
7471,guangyang,2015,Total,0,180,,1
7472,guangyang,2016,1,0,0,,
7473,guangyang,2016,2A(1),0,0,,
7474,guangyang,2016,2A(2),0,0,,
7475,guangyang,2016,2B,0,59,,1
7476,guangyang,2016,2C,23,119,,1
7477,guangyang,2016,2C(S),13,96,,1
7478,guangyang,2016,3,0,83,,1
7479,guangyang,2016,Total,0,150,,1
7480,guangyang,2017,1,0,0,,
7481,guangyang,2017,2A(1),0,0,,
7482,guangyang,2017,2A(2),0,0,,
7483,guangyang,2017,2B,0,49,,1
7484,guangyang,2017,2C,20,97,,1
7485,guangyang,2017,2C(S),15,77,,1
7486,guangyang,2017,3,0,62,,1
7487,guangyang,2017,Total,0,120,,1
7488,guangyang,2018,1,0,0,,
7489,guangyang,2018,2A(1),0,0,,
7490,guangyang,2018,2A(2),0,0,,
7491,guangyang,2018,2B,0,63,,1
7492,guangyang,2018,2C,29,125,,1
7493,guangyang,2018,2C(S),36,96,,1
7494,guangyang,2018,3,0,60,,1
7495,guangyang,2018,Total,0,150,,1
7496,guangyang,2019,1,24,80,,1
7497,guangyang,2019,2A(1),1,56,,1
7498,guangyang,2019,2A(2),3,55,,1
7499,guangyang,2019,2B,0,46,,1
7500,guangyang,2019,2C,15,92,,1
7501,guangyang,2019,2C(S),13,77,,1
7502,guangyang,2019,3,0,64,,1
7503,guangyang,2019,Total,0,120,,1
7504,guangyang,2020,1,19,110,,1
7505,guangyang,2020,2A(1),1,91,,1
7506,guangyang,2020,2A(2),3,90,,1
7507,guangyang,2020,2B,0,64,,1
7508,guangyang,2020,2C,15,127,,1
7509,guangyang,2020,2C(S),35,112,,1
7510,guangyang,2020,3,0,77,,1
7511,guangyang,2020,Total,0,150,,1
7512,haig-girls,2009,1,0,0,,
7513,haig-girls,2009,2A(1),0,0,,
7514,haig-girls,2009,2A(2),0,0,,
7515,haig-girls,2009,2B,0,65,,1
7516,haig-girls,2009,2C,87,131,,1
7517,haig-girls,2009,2C(S),24,44,,1
7518,haig-girls,2009,3,0,20,,1
7519,haig-girls,2009,Total,0,180,,1
7520,haig-girls,2010,1,0,0,,
7521,haig-girls,2010,2A(1),0,0,,
7522,haig-girls,2010,2A(2),0,0,,
7523,haig-girls,2010,2B,0,60,,1
7524,haig-girls,2010,2C,103,120,,1
7525,haig-girls,2010,2C(S),24,17,,0.708333333333333
7526,haig-girls,2010,3,0,0,,
7527,haig-girls,2010,Total,0,180,,1
7528,haig-girls,2011,1,0,0,,
7529,haig-girls,2011,2A(1),0,0,,
7530,haig-girls,2011,2A(2),0,0,,
7531,haig-girls,2011,2B,1,60,,1
7532,haig-girls,2011,2C,101,119,,1
7533,haig-girls,2011,2C(S),23,18,,0.782608695652174
7534,haig-girls,2011,3,0,0,,
7535,haig-girls,2011,Total,0,180,,1
7536,haig-girls,2012,1,0,0,,
7537,haig-girls,2012,2A(1),0,0,,
7538,haig-girls,2012,2A(2),0,0,,
7539,haig-girls,2012,2B,9,59,,1
7540,haig-girls,2012,2C,117,108,,0.923076923076923
7541,haig-girls,2012,2C(S),0,0,,
7542,haig-girls,2012,3,0,0,,
7543,haig-girls,2012,Total,0,180,,1
7544,haig-girls,2013,1,0,0,,
7545,haig-girls,2013,2A(1),0,0,,
7546,haig-girls,2013,2A(2),0,0,,
7547,haig-girls,2013,2B,9,49,,1
7548,haig-girls,2013,2C,118,89,,0.754237288135593
7549,haig-girls,2013,2C(S),0,0,,
7550,haig-girls,2013,3,0,0,,
7551,haig-girls,2013,Total,0,180,,1
7552,haig-girls,2014,1,0,0,,
7553,haig-girls,2014,2A(1),0,0,,
7554,haig-girls,2014,2A(2),0,0,,
7555,haig-girls,2014,2B,12,55,,1
7556,haig-girls,2014,2C,87,98,,1
7557,haig-girls,2014,2C(S),16,14,,0.875
7558,haig-girls,2014,3,0,0,,
7559,haig-girls,2014,Total,0,180,,1
7560,haig-girls,2015,1,0,0,,
7561,haig-girls,2015,2A(1),0,0,,
7562,haig-girls,2015,2A(2),0,0,,
7563,haig-girls,2015,2B,13,58,,1
7564,haig-girls,2015,2C,90,103,,1
7565,haig-girls,2015,2C(S),13,13,,1
7566,haig-girls,2015,3,0,0,,
7567,haig-girls,2015,Total,0,180,,1
7568,haig-girls,2016,1,0,0,,
7569,haig-girls,2016,2A(1),0,0,,
7570,haig-girls,2016,2A(2),0,0,,
7571,haig-girls,2016,2B,11,50,,1
7572,haig-girls,2016,2C,91,89,,0.978021978021978
7573,haig-girls,2016,2C(S),0,0,,
7574,haig-girls,2016,3,0,0,,
7575,haig-girls,2016,Total,0,180,,1
7576,haig-girls,2017,1,0,0,,
7577,haig-girls,2017,2A(1),0,0,,
7578,haig-girls,2017,2A(2),0,0,,
7579,haig-girls,2017,2B,16,59,,1
7580,haig-girls,2017,2C,86,105,,1
7581,haig-girls,2017,2C(S),5,20,,1
7582,haig-girls,2017,3,0,15,,1
7583,haig-girls,2017,Total,0,180,,1
7584,haig-girls,2018,1,0,0,,
7585,haig-girls,2018,2A(1),0,0,,
7586,haig-girls,2018,2A(2),0,0,,
7587,haig-girls,2018,2B,22,57,,1
7588,haig-girls,2018,2C,106,93,,0.877358490566038
7589,haig-girls,2018,2C(S),0,0,,
7590,haig-girls,2018,3,0,0,,
7591,haig-girls,2018,Total,0,180,,1
7592,haig-girls,2019,1,53,140,,1
7593,haig-girls,2019,2A(1),4,87,,1
7594,haig-girls,2019,2A(2),13,83,,1
7595,haig-girls,2019,2B,14,55,,1
7596,haig-girls,2019,2C,93,96,,1
7597,haig-girls,2019,2C(S),3,3,,1
7598,haig-girls,2019,3,0,0,,
7599,haig-girls,2019,Total,0,180,,1
7600,haig-girls,2020,1,40,140,,1
7601,haig-girls,2020,2A(1),10,100,,1
7602,haig-girls,2020,2A(2),15,90,,1
7603,haig-girls,2020,2B,15,58,,1
7604,haig-girls,2020,2C,117,102,PR<1,0.871794871794872
7605,haig-girls,2020,2C(S),0,0,,
7606,haig-girls,2020,3,0,0,,
7607,haig-girls,2020,Total,0,180,,1
7608,haig-girls,2021,1,45,150,,1
7609,haig-girls,2021,2A(1),14,106,,1
7610,haig-girls,2021,2A(2),21,92,,1
7611,haig-girls,2021,2B,0,56,,1
7612,haig-girls,2021,2C,119,115,PR1-2,0.966386554621849
7613,haig-girls,2021,2C(S),0,0,,
7614,haig-girls,2021,3,0,0,,
7615,haig-girls,2021,Total,0,190,,1
7616,haig-girls,2022,1,37,130,,1
7617,haig-girls,2022,2A(1),25,93,,1
7618,haig-girls,2022,2A(2),0,0,,
7619,haig-girls,2022,2B,1,43,,1
7620,haig-girls,2022,2C,117,127,,1
7621,haig-girls,2022,2C(S),28,10,SC<1#,0.357142857142857
7622,haig-girls,2022,3,0,0,,
7623,haig-girls,2022,Total,0,190,,1
7624,haig-girls,2023,1,51,130,,1
7625,haig-girls,2023,2A(1),24,79,,1
7626,haig-girls,2023,2A(2),0,0,,
7627,haig-girls,2023,2B,18,38,,1
7628,haig-girls,2023,2C,108,97,PR<1,0.898148148148148
7629,haig-girls,2023,2C(S),0,0,,
7630,haig-girls,2023,3,0,0,,
7631,haig-girls,2023,Total,0,190,,1
7632,henry-park,2009,1,0,0,,
7633,henry-park,2009,2A(1),0,0,,
7634,henry-park,2009,2A(2),0,0,,
7635,henry-park,2009,2B,26,35,,1
7636,henry-park,2009,2C,66,45,,0.681818181818182
7637,henry-park,2009,2C(S),0,0,,
7638,henry-park,2009,3,0,0,,
7639,henry-park,2009,Total,0,330,,1
7640,henry-park,2010,1,0,0,,
7641,henry-park,2010,2A(1),0,0,,
7642,henry-park,2010,2A(2),0,0,,
7643,henry-park,2010,2B,37,52,,1
7644,henry-park,2010,2C,107,70,,0.654205607476635
7645,henry-park,2010,2C(S),0,0,,
7646,henry-park,2010,3,0,0,,
7647,henry-park,2010,Total,0,330,,1
7648,henry-park,2011,1,0,0,,
7649,henry-park,2011,2A(1),0,0,,
7650,henry-park,2011,2A(2),0,0,,
7651,henry-park,2011,2B,30,29,,0.966666666666667
7652,henry-park,2011,2C,68,30,,0.441176470588235
7653,henry-park,2011,2C(S),0,0,,
7654,henry-park,2011,3,0,0,,
7655,henry-park,2011,Total,0,300,,1
7656,henry-park,2012,1,0,0,,
7657,henry-park,2012,2A(1),0,0,,
7658,henry-park,2012,2A(2),0,0,,
7659,henry-park,2012,2B,19,12,,0.631578947368421
7660,henry-park,2012,2C,43,12,,0.27906976744186
7661,henry-park,2012,2C(S),0,0,,
7662,henry-park,2012,3,0,0,,
7663,henry-park,2012,Total,0,300,,1
7664,henry-park,2013,1,0,0,,
7665,henry-park,2013,2A(1),0,0,,
7666,henry-park,2013,2A(2),0,0,,
7667,henry-park,2013,2B,9,5,,0.555555555555556
7668,henry-park,2013,2C,25,5,,0.2
7669,henry-park,2013,2C(S),0,0,,
7670,henry-park,2013,3,0,0,,
7671,henry-park,2013,Total,0,300,,1
7672,henry-park,2014,1,0,0,,
7673,henry-park,2014,2A(1),0,0,,
7674,henry-park,2014,2A(2),0,0,,
7675,henry-park,2014,2B,22,20,,0.909090909090909
7676,henry-park,2014,2C,50,21,,0.42
7677,henry-park,2014,2C(S),0,0,,
7678,henry-park,2014,3,0,0,,
7679,henry-park,2014,Total,0,300,,1
7680,henry-park,2015,1,0,0,,
7681,henry-park,2015,2A(1),0,0,,
7682,henry-park,2015,2A(2),0,0,,
7683,henry-park,2015,2B,21,21,,1
7684,henry-park,2015,2C,41,24,,0.585365853658537
7685,henry-park,2015,2C(S),0,0,,
7686,henry-park,2015,3,0,0,,
7687,henry-park,2015,Total,0,300,,1
7688,henry-park,2016,1,0,0,,
7689,henry-park,2016,2A(1),0,0,,
7690,henry-park,2016,2A(2),0,0,,
7691,henry-park,2016,2B,18,21,,1
7692,henry-park,2016,2C,50,25,,0.5
7693,henry-park,2016,2C(S),0,0,,
7694,henry-park,2016,3,0,0,,
7695,henry-park,2016,Total,0,300,,1
7696,henry-park,2017,1,0,0,,
7697,henry-park,2017,2A(1),0,0,,
7698,henry-park,2017,2A(2),0,0,,
7699,henry-park,2017,2B,22,34,,1
7700,henry-park,2017,2C,60,48,,0.8
7701,henry-park,2017,2C(S),0,0,,
7702,henry-park,2017,3,0,0,,
7703,henry-park,2017,Total,0,300,,1
7704,henry-park,2018,1,0,0,,
7705,henry-park,2018,2A(1),0,0,,
7706,henry-park,2018,2A(2),0,0,,
7707,henry-park,2018,2B,19,21,,1
7708,henry-park,2018,2C,35,25,,0.714285714285714
7709,henry-park,2018,2C(S),0,0,,
7710,henry-park,2018,3,0,0,,
7711,henry-park,2018,Total,0,300,,1
7712,henry-park,2019,1,130,260,,1
7713,henry-park,2019,2A(1),84,130,,1
7714,henry-park,2019,2A(2),23,46,,1
7715,henry-park,2019,2B,26,32,,1
7716,henry-park,2019,2C,53,40,SC<1,0.754716981132076
7717,henry-park,2019,2C(S),0,0,,
7718,henry-park,2019,3,0,0,,
7719,henry-park,2019,Total,0,300,,1
7720,henry-park,2020,1,155,260,,1
7721,henry-park,2020,2A(1),81,105,,1
7722,henry-park,2020,2A(2),37,24,SC>2,0.648648648648649
7723,henry-park,2020,2B,23,20,SC>2,0.869565217391304
7724,henry-park,2020,2C,56,20,SC<1,0.357142857142857
7725,henry-park,2020,2C(S),0,0,,
7726,henry-park,2020,3,0,0,,
7727,henry-park,2020,Total,0,300,,1
7728,henry-park,2021,1,136,260,,1
7729,henry-park,2021,2A(1),92,124,,1
7730,henry-park,2021,2A(2),25,32,,1
7731,henry-park,2021,2B,26,25,SC#,0.961538461538462
7732,henry-park,2021,2C,80,24,SC<1,0.3
7733,henry-park,2021,2C(S),0,0,,
7734,henry-park,2021,3,0,0,,
7735,henry-park,2021,Total,0,300,,1
7736,henry-park,2022,1,131,240,,1
7737,henry-park,2022,2A(1),139,109,SC>2,0.784172661870504
7738,henry-park,2022,2A(2),0,0,,
7739,henry-park,2022,2B,29,21,SC<1,0.724137931034483
7740,henry-park,2022,2C,82,41,SC<1,0.5
7741,henry-park,2022,2C(S),0,0,,
7742,henry-park,2022,3,0,0,,
7743,henry-park,2022,Total,0,300,,1
7744,henry-park,2023,1,131,240,,1
7745,henry-park,2023,2A(1),109,109,,1
7746,henry-park,2023,2A(2),0,0,,
7747,henry-park,2023,2B,23,20,SC<1,0.869565217391304
7748,henry-park,2023,2C,64,44,SC<1,0.6875
7749,henry-park,2023,2C(S),0,0,,
7750,henry-park,2023,3,0,0,,
7751,henry-park,2023,Total,0,300,,1
7752,holy-innocents,2009,1,0,0,,
7753,holy-innocents,2009,2A(1),0,0,,
7754,holy-innocents,2009,2A(2),0,0,,
7755,holy-innocents,2009,2B,62,65,,1
7756,holy-innocents,2009,2C,79,71,,0.89873417721519
7757,holy-innocents,2009,2C(S),0,0,,
7758,holy-innocents,2009,3,0,0,,
7759,holy-innocents,2009,Total,0,300,,1
7760,holy-innocents,2010,1,0,0,,
7761,holy-innocents,2010,2A(1),0,0,,
7762,holy-innocents,2010,2A(2),0,0,,
7763,holy-innocents,2010,2B,58,55,,0.948275862068966
7764,holy-innocents,2010,2C,80,56,,0.7
7765,holy-innocents,2010,2C(S),0,0,,
7766,holy-innocents,2010,3,0,0,,
7767,holy-innocents,2010,Total,0,300,,1
7768,holy-innocents,2011,1,0,0,,
7769,holy-innocents,2011,2A(1),0,0,,
7770,holy-innocents,2011,2A(2),0,0,,
7771,holy-innocents,2011,2B,63,57,,0.904761904761905
7772,holy-innocents,2011,2C,70,56,,0.8
7773,holy-innocents,2011,2C(S),0,0,,
7774,holy-innocents,2011,3,0,0,,
7775,holy-innocents,2011,Total,0,270,,1
7776,holy-innocents,2012,1,0,0,,
7777,holy-innocents,2012,2A(1),0,0,,
7778,holy-innocents,2012,2A(2),0,0,,
7779,holy-innocents,2012,2B,50,43,,0.86
7780,holy-innocents,2012,2C,59,43,,0.728813559322034
7781,holy-innocents,2012,2C(S),0,0,,
7782,holy-innocents,2012,3,0,0,,
7783,holy-innocents,2012,Total,0,270,,1
7784,holy-innocents,2013,1,0,0,,
7785,holy-innocents,2013,2A(1),0,0,,
7786,holy-innocents,2013,2A(2),0,0,,
7787,holy-innocents,2013,2B,47,40,,0.851063829787234
7788,holy-innocents,2013,2C,64,39,,0.609375
7789,holy-innocents,2013,2C(S),0,0,,
7790,holy-innocents,2013,3,0,0,,
7791,holy-innocents,2013,Total,0,270,,1
7792,holy-innocents,2014,1,0,0,,
7793,holy-innocents,2014,2A(1),0,0,,
7794,holy-innocents,2014,2A(2),0,0,,
7795,holy-innocents,2014,2B,48,40,,0.833333333333333
7796,holy-innocents,2014,2C,62,41,,0.661290322580645
7797,holy-innocents,2014,2C(S),0,0,,
7798,holy-innocents,2014,3,0,0,,
7799,holy-innocents,2014,Total,0,270,,1
7800,holy-innocents,2015,1,0,0,,
7801,holy-innocents,2015,2A(1),0,0,,
7802,holy-innocents,2015,2A(2),0,0,,
7803,holy-innocents,2015,2B,59,51,,0.864406779661017
7804,holy-innocents,2015,2C,63,57,,0.904761904761905
7805,holy-innocents,2015,2C(S),0,0,,
7806,holy-innocents,2015,3,0,0,,
7807,holy-innocents,2015,Total,0,270,,1
7808,holy-innocents,2016,1,0,0,,
7809,holy-innocents,2016,2A(1),0,0,,
7810,holy-innocents,2016,2A(2),0,0,,
7811,holy-innocents,2016,2B,36,58,,1
7812,holy-innocents,2016,2C,82,91,,1
7813,holy-innocents,2016,2C(S),13,9,,0.692307692307692
7814,holy-innocents,2016,3,0,0,,
7815,holy-innocents,2016,Total,0,270,,1
7816,holy-innocents,2017,1,0,0,,
7817,holy-innocents,2017,2A(1),0,0,,
7818,holy-innocents,2017,2A(2),0,0,,
7819,holy-innocents,2017,2B,54,48,,0.888888888888889
7820,holy-innocents,2017,2C,64,52,,0.8125
7821,holy-innocents,2017,2C(S),0,0,,
7822,holy-innocents,2017,3,0,0,,
7823,holy-innocents,2017,Total,0,270,,1
7824,holy-innocents,2018,1,0,0,,
7825,holy-innocents,2018,2A(1),0,0,,
7826,holy-innocents,2018,2A(2),0,0,,
7827,holy-innocents,2018,2B,43,28,,0.651162790697674
7828,holy-innocents,2018,2C,64,29,,0.453125
7829,holy-innocents,2018,2C(S),0,0,,
7830,holy-innocents,2018,3,0,0,,
7831,holy-innocents,2018,Total,0,270,,1
7832,holy-innocents,2019,1,91,230,,1
7833,holy-innocents,2019,2A(1),27,139,,1
7834,holy-innocents,2019,2A(2),63,112,,1
7835,holy-innocents,2019,2B,60,46,SC>2,0.766666666666667
7836,holy-innocents,2019,2C,72,47,SC<1,0.652777777777778
7837,holy-innocents,2019,2C(S),0,0,,
7838,holy-innocents,2019,3,0,0,,
7839,holy-innocents,2019,Total,0,270,,1
7840,holy-innocents,2020,1,95,230,,1
7841,holy-innocents,2020,2A(1),36,135,,1
7842,holy-innocents,2020,2A(2),57,99,,1
7843,holy-innocents,2020,2B,58,41,SC1-2,0.706896551724138
7844,holy-innocents,2020,2C,81,43,SC<1,0.530864197530864
7845,holy-innocents,2020,2C(S),0,0,,
7846,holy-innocents,2020,3,0,0,,
7847,holy-innocents,2020,Total,0,270,,1
7848,holy-innocents,2021,1,129,230,,1
7849,holy-innocents,2021,2A(1),46,101,,1
7850,holy-innocents,2021,2A(2),66,55,SC>2,0.833333333333333
7851,holy-innocents,2021,2B,47,21,SC<1,0.446808510638298
7852,holy-innocents,2021,2C,65,21,SC<1,0.323076923076923
7853,holy-innocents,2021,2C(S),0,0,,
7854,holy-innocents,2021,3,0,0,,
7855,holy-innocents,2021,Total,0,270,,1
7856,holy-innocents,2022,1,122,210,,1
7857,holy-innocents,2022,2A(1),103,88,SC>2,0.854368932038835
7858,holy-innocents,2022,2A(2),0,0,,
7859,holy-innocents,2022,2B,50,21,SC<1,0.42
7860,holy-innocents,2022,2C,101,42,SC<1,0.415841584158416
7861,holy-innocents,2022,2C(S),0,0,,
7862,holy-innocents,2022,3,0,0,,
7863,holy-innocents,2022,Total,0,270,,1
7864,holy-innocents,2023,1,107,210,,1
7865,holy-innocents,2023,2A(1),115,103,SC>2,0.895652173913044
7866,holy-innocents,2023,2A(2),0,0,,
7867,holy-innocents,2023,2B,53,20,SC<1,0.377358490566038
7868,holy-innocents,2023,2C,115,40,SC<1,0.347826086956522
7869,holy-innocents,2023,2C(S),0,0,,
7870,holy-innocents,2023,3,0,0,,
7871,holy-innocents,2023,Total,0,270,,1
7872,hong-wen,2009,1,0,0,,
7873,hong-wen,2009,2A(1),0,0,,
7874,hong-wen,2009,2A(2),0,0,,
7875,hong-wen,2009,2B,22,56,,1
7876,hong-wen,2009,2C,105,91,,0.866666666666667
7877,hong-wen,2009,2C(S),0,0,,
7878,hong-wen,2009,3,0,0,,
7879,hong-wen,2009,Total,0,210,,1
7880,hong-wen,2010,1,0,0,,
7881,hong-wen,2010,2A(1),0,0,,
7882,hong-wen,2010,2A(2),0,0,,
7883,hong-wen,2010,2B,43,66,,1
7884,hong-wen,2010,2C,110,88,,0.8
7885,hong-wen,2010,2C(S),0,0,,
7886,hong-wen,2010,3,0,0,,
7887,hong-wen,2010,Total,0,210,,1
7888,hong-wen,2011,1,0,0,,
7889,hong-wen,2011,2A(1),0,0,,
7890,hong-wen,2011,2A(2),0,0,,
7891,hong-wen,2011,2B,50,53,,1
7892,hong-wen,2011,2C,100,57,,0.57
7893,hong-wen,2011,2C(S),0,0,,
7894,hong-wen,2011,3,0,0,,
7895,hong-wen,2011,Total,0,210,,1
7896,hong-wen,2012,1,0,0,,
7897,hong-wen,2012,2A(1),0,0,,
7898,hong-wen,2012,2A(2),0,0,,
7899,hong-wen,2012,2B,58,46,,0.793103448275862
7900,hong-wen,2012,2C,88,45,,0.511363636363636
7901,hong-wen,2012,2C(S),0,0,,
7902,hong-wen,2012,3,0,0,,
7903,hong-wen,2012,Total,0,210,,1
7904,hong-wen,2013,1,0,0,,
7905,hong-wen,2013,2A(1),0,0,,
7906,hong-wen,2013,2A(2),0,0,,
7907,hong-wen,2013,2B,72,51,,0.708333333333333
7908,hong-wen,2013,2C,83,51,,0.614457831325301
7909,hong-wen,2013,2C(S),0,0,,
7910,hong-wen,2013,3,0,0,,
7911,hong-wen,2013,Total,0,210,,1
7912,hong-wen,2014,1,0,0,,
7913,hong-wen,2014,2A(1),0,0,,
7914,hong-wen,2014,2A(2),0,0,,
7915,hong-wen,2014,2B,63,46,,0.73015873015873
7916,hong-wen,2014,2C,68,46,,0.676470588235294
7917,hong-wen,2014,2C(S),0,0,,
7918,hong-wen,2014,3,0,0,,
7919,hong-wen,2014,Total,0,210,,1
7920,hong-wen,2015,1,0,0,,
7921,hong-wen,2015,2A(1),0,0,,
7922,hong-wen,2015,2A(2),0,0,,
7923,hong-wen,2015,2B,30,39,,1
7924,hong-wen,2015,2C,86,48,,0.558139534883721
7925,hong-wen,2015,2C(S),0,0,,
7926,hong-wen,2015,3,0,0,,
7927,hong-wen,2015,Total,0,210,,1
7928,hong-wen,2016,1,0,0,,
7929,hong-wen,2016,2A(1),0,0,,
7930,hong-wen,2016,2A(2),0,0,,
7931,hong-wen,2016,2B,30,53,,1
7932,hong-wen,2016,2C,92,80,,0.869565217391304
7933,hong-wen,2016,2C(S),0,0,,
7934,hong-wen,2016,3,0,0,,
7935,hong-wen,2016,Total,0,210,,1
7936,hong-wen,2017,1,0,0,,
7937,hong-wen,2017,2A(1),0,0,,
7938,hong-wen,2017,2A(2),0,0,,
7939,hong-wen,2017,2B,39,47,,1
7940,hong-wen,2017,2C,97,55,,0.56701030927835
7941,hong-wen,2017,2C(S),0,0,,
7942,hong-wen,2017,3,0,0,,
7943,hong-wen,2017,Total,0,210,,1
7944,hong-wen,2018,1,0,0,,
7945,hong-wen,2018,2A(1),0,0,,
7946,hong-wen,2018,2A(2),0,0,,
7947,hong-wen,2018,2B,28,28,,1
7948,hong-wen,2018,2C,117,28,,0.239316239316239
7949,hong-wen,2018,2C(S),0,0,,
7950,hong-wen,2018,3,0,0,,
7951,hong-wen,2018,Total,0,210,,1
7952,hong-wen,2019,1,84,170,,1
7953,hong-wen,2019,2A(1),8,86,,1
7954,hong-wen,2019,2A(2),23,78,,1
7955,hong-wen,2019,2B,33,48,,1
7956,hong-wen,2019,2C,116,64,SC<1,0.551724137931034
7957,hong-wen,2019,2C(S),0,0,,
7958,hong-wen,2019,3,0,0,,
7959,hong-wen,2019,Total,0,210,,1
7960,hong-wen,2020,1,75,170,,1
7961,hong-wen,2020,2A(1),11,95,,1
7962,hong-wen,2020,2A(2),24,84,,1
7963,hong-wen,2020,2B,27,50,,1
7964,hong-wen,2020,2C,138,73,SC<1,0.528985507246377
7965,hong-wen,2020,2C(S),0,0,,
7966,hong-wen,2020,3,0,0,,
7967,hong-wen,2020,Total,0,210,,1
7968,hong-wen,2021,1,83,170,,1
7969,hong-wen,2021,2A(1),17,87,,1
7970,hong-wen,2021,2A(2),22,70,,1
7971,hong-wen,2021,2B,19,45,,1
7972,hong-wen,2021,2C,149,71,SC<1,0.476510067114094
7973,hong-wen,2021,2C(S),0,0,,
7974,hong-wen,2021,3,0,0,,
7975,hong-wen,2021,Total,0,210,,1
7976,hong-wen,2022,1,74,150,,1
7977,hong-wen,2022,2A(1),29,77,,1
7978,hong-wen,2022,2A(2),0,0,,
7979,hong-wen,2022,2B,27,36,,1
7980,hong-wen,2022,2C,135,83,SC<1,0.614814814814815
7981,hong-wen,2022,2C(S),0,0,,
7982,hong-wen,2022,3,0,0,,
7983,hong-wen,2022,Total,0,210,,1
7984,hong-wen,2023,1,82,150,,1
7985,hong-wen,2023,2A(1),34,69,,1
7986,hong-wen,2023,2A(2),0,0,,
7987,hong-wen,2023,2B,30,32,,1
7988,hong-wen,2023,2C,151,69,SC<1,0.456953642384106
7989,hong-wen,2023,2C(S),0,0,,
7990,hong-wen,2023,3,0,0,,
7991,hong-wen,2023,Total,0,210,,1
7992,horizon,2009,1,0,0,,
7993,horizon,2009,2A(1),0,0,,
7994,horizon,2009,2A(2),0,0,,
7995,horizon,2009,2B,0,135,,1
7996,horizon,2009,2C,42,270,,1
7997,horizon,2009,2C(S),20,228,,1
7998,horizon,2009,3,0,30,,1
7999,horizon,2009,Total,0,270,,1
8000,horizon,2010,1,0,0,,
8001,horizon,2010,2A(1),0,0,,
8002,horizon,2010,2A(2),0,0,,
8003,horizon,2010,2B,0,131,,1
8004,horizon,2010,2C,118,261,,1
8005,horizon,2010,2C(S),50,144,,1
8006,horizon,2010,3,0,75,,1
8007,horizon,2010,Total,0,270,,1
8008,horizon,2011,1,0,0,,
8009,horizon,2011,2A(1),0,0,,
8010,horizon,2011,2A(2),0,0,,
8011,horizon,2011,2B,3,139,,1
8012,horizon,2011,2C,192,274,,1
8013,horizon,2011,2C(S),85,82,,0.964705882352941
8014,horizon,2011,3,0,0,,
8015,horizon,2011,Total,0,330,,1
8016,horizon,2012,1,0,0,,
8017,horizon,2012,2A(1),0,0,,
8018,horizon,2012,2A(2),0,0,,
8019,horizon,2012,2B,8,112,,1
8020,horizon,2012,2C,234,216,,0.923076923076923
8021,horizon,2012,2C(S),0,0,,
8022,horizon,2012,3,0,0,,
8023,horizon,2012,Total,0,300,,1
8024,horizon,2013,1,0,0,,
8025,horizon,2013,2A(1),0,0,,
8026,horizon,2013,2A(2),0,0,,
8027,horizon,2013,2B,14,79,,1
8028,horizon,2013,2C,209,143,,0.684210526315789
8029,horizon,2013,2C(S),0,0,,
8030,horizon,2013,3,0,0,,
8031,horizon,2013,Total,0,270,,1
8032,horizon,2014,1,0,0,,
8033,horizon,2014,2A(1),0,0,,
8034,horizon,2014,2A(2),0,0,,
8035,horizon,2014,2B,38,66,,1
8036,horizon,2014,2C,177,94,,0.531073446327684
8037,horizon,2014,2C(S),0,0,,
8038,horizon,2014,3,0,0,,
8039,horizon,2014,Total,0,240,,1
8040,horizon,2015,1,0,0,,
8041,horizon,2015,2A(1),0,0,,
8042,horizon,2015,2A(2),0,0,,
8043,horizon,2015,2B,29,40,,1
8044,horizon,2015,2C,129,54,,0.418604651162791
8045,horizon,2015,2C(S),0,0,,
8046,horizon,2015,3,0,0,,
8047,horizon,2015,Total,0,210,,1
8048,horizon,2016,1,0,0,,
8049,horizon,2016,2A(1),0,0,,
8050,horizon,2016,2A(2),0,0,,
8051,horizon,2016,2B,20,51,,1
8052,horizon,2016,2C,111,84,,0.756756756756757
8053,horizon,2016,2C(S),0,0,,
8054,horizon,2016,3,0,0,,
8055,horizon,2016,Total,0,210,,1
8056,horizon,2017,1,0,0,,
8057,horizon,2017,2A(1),0,0,,
8058,horizon,2017,2A(2),0,0,,
8059,horizon,2017,2B,20,69,,1
8060,horizon,2017,2C,147,117,,0.795918367346939
8061,horizon,2017,2C(S),0,0,,
8062,horizon,2017,3,0,0,,
8063,horizon,2017,Total,0,240,,1
8064,horizon,2018,1,0,0,,
8065,horizon,2018,2A(1),0,0,,
8066,horizon,2018,2A(2),0,0,,
8067,horizon,2018,2B,24,103,,1
8068,horizon,2018,2C,191,181,,0.947643979057592
8069,horizon,2018,2C(S),0,0,,
8070,horizon,2018,3,0,0,,
8071,horizon,2018,Total,0,320,,1
8072,horizon,2019,1,83,240,,1
8073,horizon,2019,2A(1),1,157,,1
8074,horizon,2019,2A(2),14,156,,1
8075,horizon,2019,2B,18,91,,1
8076,horizon,2019,2C,168,165,PR<1,0.982142857142857
8077,horizon,2019,2C(S),0,0,,
8078,horizon,2019,3,0,0,,
8079,horizon,2019,Total,0,280,,1
8080,horizon,2020,1,134,200,,1
8081,horizon,2020,2A(1),0,66,,1
8082,horizon,2020,2A(2),16,67,,1
8083,horizon,2020,2B,24,46,,1
8084,horizon,2020,2C,140,68,SC<1,0.485714285714286
8085,horizon,2020,2C(S),0,0,,
8086,horizon,2020,3,0,0,,
8087,horizon,2020,Total,0,240,,1
8088,horizon,2021,1,138,200,,1
8089,horizon,2021,2A(1),0,62,,1
8090,horizon,2021,2A(2),102,62,SC<1,0.607843137254902
8091,horizon,2021,2B,13,21,,1
8092,horizon,2021,2C,109,28,SC<1,0.256880733944954
8093,horizon,2021,2C(S),0,0,,
8094,horizon,2021,3,0,0,,
8095,horizon,2021,Total,0,240,,1
8096,horizon,2022,1,101,180,,1
8097,horizon,2022,2A(1),92,79,PR<1,0.858695652173913
8098,horizon,2022,2A(2),0,0,,
8099,horizon,2022,2B,19,20,,1
8100,horizon,2022,2C,77,42,SC<1,0.545454545454545
8101,horizon,2022,2C(S),0,0,,
8102,horizon,2022,3,0,0,,
8103,horizon,2022,Total,0,240,,1
8104,horizon,2023,1,103,180,,1
8105,horizon,2023,2A(1),105,77,SC<1,0.733333333333333
8106,horizon,2023,2A(2),0,0,,
8107,horizon,2023,2B,16,20,,1
8108,horizon,2023,2C,81,44,SC<1,0.54320987654321
8109,horizon,2023,2C(S),0,0,,
8110,horizon,2023,3,0,0,,
8111,horizon,2023,Total,0,240,,1
8112,hougang,2009,1,0,0,,
8113,hougang,2009,2A(1),0,0,,
8114,hougang,2009,2A(2),0,0,,
8115,hougang,2009,2B,25,52,,1
8116,hougang,2009,2C,149,80,,0.536912751677852
8117,hougang,2009,2C(S),0,0,,
8118,hougang,2009,3,0,0,,
8119,hougang,2009,Total,0,240,,1
8120,hougang,2010,1,0,0,,
8121,hougang,2010,2A(1),0,0,,
8122,hougang,2010,2A(2),0,0,,
8123,hougang,2010,2B,28,60,,1
8124,hougang,2010,2C,138,92,,0.666666666666667
8125,hougang,2010,2C(S),0,0,,
8126,hougang,2010,3,0,0,,
8127,hougang,2010,Total,0,240,,1
8128,hougang,2011,1,0,0,,
8129,hougang,2011,2A(1),0,0,,
8130,hougang,2011,2A(2),0,0,,
8131,hougang,2011,2B,28,61,,1
8132,hougang,2011,2C,126,93,,0.738095238095238
8133,hougang,2011,2C(S),0,0,,
8134,hougang,2011,3,0,0,,
8135,hougang,2011,Total,0,240,,1
8136,hougang,2012,1,0,0,,
8137,hougang,2012,2A(1),0,0,,
8138,hougang,2012,2A(2),0,0,,
8139,hougang,2012,2B,35,63,,1
8140,hougang,2012,2C,110,90,,0.818181818181818
8141,hougang,2012,2C(S),0,0,,
8142,hougang,2012,3,0,0,,
8143,hougang,2012,Total,0,240,,1
8144,hougang,2013,1,0,0,,
8145,hougang,2013,2A(1),0,0,,
8146,hougang,2013,2A(2),0,0,,
8147,hougang,2013,2B,41,55,,1
8148,hougang,2013,2C,114,69,,0.605263157894737
8149,hougang,2013,2C(S),0,0,,
8150,hougang,2013,3,0,0,,
8151,hougang,2013,Total,0,240,,1
8152,hougang,2014,1,0,0,,
8153,hougang,2014,2A(1),0,0,,
8154,hougang,2014,2A(2),0,0,,
8155,hougang,2014,2B,47,69,,1
8156,hougang,2014,2C,120,90,,0.75
8157,hougang,2014,2C(S),0,0,,
8158,hougang,2014,3,0,0,,
8159,hougang,2014,Total,0,240,,1
8160,hougang,2015,1,0,0,,
8161,hougang,2015,2A(1),0,0,,
8162,hougang,2015,2A(2),0,0,,
8163,hougang,2015,2B,31,71,,1
8164,hougang,2015,2C,128,111,,0.8671875
8165,hougang,2015,2C(S),0,0,,
8166,hougang,2015,3,0,0,,
8167,hougang,2015,Total,0,240,,1
8168,hougang,2016,1,0,0,,
8169,hougang,2016,2A(1),0,0,,
8170,hougang,2016,2A(2),0,0,,
8171,hougang,2016,2B,17,60,,1
8172,hougang,2016,2C,108,102,,0.944444444444444
8173,hougang,2016,2C(S),0,0,,
8174,hougang,2016,3,0,0,,
8175,hougang,2016,Total,0,210,,1
8176,hougang,2017,1,0,0,,
8177,hougang,2017,2A(1),0,0,,
8178,hougang,2017,2A(2),0,0,,
8179,hougang,2017,2B,26,55,,1
8180,hougang,2017,2C,92,83,,0.902173913043478
8181,hougang,2017,2C(S),0,0,,
8182,hougang,2017,3,0,0,,
8183,hougang,2017,Total,0,210,,1
8184,hougang,2018,1,0,0,,
8185,hougang,2018,2A(1),0,0,,
8186,hougang,2018,2A(2),0,0,,
8187,hougang,2018,2B,32,50,,1
8188,hougang,2018,2C,102,70,,0.686274509803922
8189,hougang,2018,2C(S),0,0,,
8190,hougang,2018,3,0,0,,
8191,hougang,2018,Total,0,210,,1
8192,hougang,2019,1,77,170,,1
8193,hougang,2019,2A(1),0,93,,1
8194,hougang,2019,2A(2),14,93,,1
8195,hougang,2019,2B,19,60,,1
8196,hougang,2019,2C,115,100,SC<1,0.869565217391304
8197,hougang,2019,2C(S),0,0,,
8198,hougang,2019,3,0,0,,
8199,hougang,2019,Total,0,210,,1
8200,hougang,2020,1,90,170,,1
8201,hougang,2020,2A(1),0,80,,1
8202,hougang,2020,2A(2),17,80,,1
8203,hougang,2020,2B,19,52,,1
8204,hougang,2020,2C,139,84,SC<1,0.60431654676259
8205,hougang,2020,2C(S),0,0,,
8206,hougang,2020,3,0,0,,
8207,hougang,2020,Total,0,210,,1
8208,hougang,2021,1,71,160,,1
8209,hougang,2021,2A(1),0,89,,1
8210,hougang,2021,2A(2),14,89,,1
8211,hougang,2021,2B,17,58,,1
8212,hougang,2021,2C,140,99,SC<1,0.707142857142857
8213,hougang,2021,2C(S),0,0,,
8214,hougang,2021,3,0,0,,
8215,hougang,2021,Total,0,200,,1
8216,hougang,2022,1,99,140,,1
8217,hougang,2022,2A(1),5,41,,1
8218,hougang,2022,2A(2),0,0,,
8219,hougang,2022,2B,18,32,,1
8220,hougang,2022,2C,114,79,SC<1,0.692982456140351
8221,hougang,2022,2C(S),0,0,,
8222,hougang,2022,3,0,0,,
8223,hougang,2022,Total,0,200,,1
8224,hougang,2023,1,76,130,,1
8225,hougang,2023,2A(1),22,54,,1
8226,hougang,2023,2A(2),0,0,,
8227,hougang,2023,2B,17,31,,1
8228,hougang,2023,2C,98,76,SC<1,0.775510204081633
8229,hougang,2023,2C(S),0,0,,
8230,hougang,2023,3,0,0,,
8231,hougang,2023,Total,0,190,,1
8232,huamin,2009,1,0,0,,
8233,huamin,2009,2A(1),0,0,,
8234,huamin,2009,2A(2),0,0,,
8235,huamin,2009,2B,0,62,,1
8236,huamin,2009,2C,50,123,,1
8237,huamin,2009,2C(S),19,73,,1
8238,huamin,2009,3,0,54,,1
8239,huamin,2009,Total,0,180,,1
8240,huamin,2010,1,0,0,,
8241,huamin,2010,2A(1),0,0,,
8242,huamin,2010,2A(2),0,0,,
8243,huamin,2010,2B,0,58,,1
8244,huamin,2010,2C,67,115,,1
8245,huamin,2010,2C(S),16,48,,1
8246,huamin,2010,3,0,31,,1
8247,huamin,2010,Total,0,180,,1
8248,huamin,2011,1,0,0,,
8249,huamin,2011,2A(1),0,0,,
8250,huamin,2011,2A(2),0,0,,
8251,huamin,2011,2B,2,59,,1
8252,huamin,2011,2C,38,115,,1
8253,huamin,2011,2C(S),27,78,,1
8254,huamin,2011,3,0,43,,1
8255,huamin,2011,Total,0,180,,1
8256,huamin,2012,1,0,0,,
8257,huamin,2012,2A(1),0,0,,
8258,huamin,2012,2A(2),0,0,,
8259,huamin,2012,2B,0,63,,1
8260,huamin,2012,2C,48,126,,1
8261,huamin,2012,2C(S),9,78,,1
8262,huamin,2012,3,0,47,,1
8263,huamin,2012,Total,0,180,,1
8264,huamin,2013,1,0,0,,
8265,huamin,2013,2A(1),0,0,,
8266,huamin,2013,2A(2),0,0,,
8267,huamin,2013,2B,1,50,,1
8268,huamin,2013,2C,75,99,,1
8269,huamin,2013,2C(S),20,24,,1
8270,huamin,2013,3,0,0,,
8271,huamin,2013,Total,0,180,,1
8272,huamin,2014,1,0,0,,
8273,huamin,2014,2A(1),0,0,,
8274,huamin,2014,2A(2),0,0,,
8275,huamin,2014,2B,0,53,,1
8276,huamin,2014,2C,81,106,,1
8277,huamin,2014,2C(S),26,25,,0.961538461538462
8278,huamin,2014,3,0,0,,
8279,huamin,2014,Total,0,180,,1
8280,huamin,2015,1,0,0,,
8281,huamin,2015,2A(1),0,0,,
8282,huamin,2015,2A(2),0,0,,
8283,huamin,2015,2B,1,44,,1
8284,huamin,2015,2C,98,87,,0.887755102040816
8285,huamin,2015,2C(S),0,0,,
8286,huamin,2015,3,0,0,,
8287,huamin,2015,Total,0,180,,1
8288,huamin,2016,1,0,0,,
8289,huamin,2016,2A(1),0,0,,
8290,huamin,2016,2A(2),0,0,,
8291,huamin,2016,2B,0,49,,1
8292,huamin,2016,2C,103,99,,0.961165048543689
8293,huamin,2016,2C(S),0,0,,
8294,huamin,2016,3,0,0,,
8295,huamin,2016,Total,0,180,,1
8296,huamin,2017,1,0,0,,
8297,huamin,2017,2A(1),0,0,,
8298,huamin,2017,2A(2),0,0,,
8299,huamin,2017,2B,1,47,,1
8300,huamin,2017,2C,111,93,,0.837837837837838
8301,huamin,2017,2C(S),0,0,,
8302,huamin,2017,3,0,0,,
8303,huamin,2017,Total,0,180,,1
8304,huamin,2018,1,0,0,,
8305,huamin,2018,2A(1),0,0,,
8306,huamin,2018,2A(2),0,0,,
8307,huamin,2018,2B,0,60,,1
8308,huamin,2018,2C,159,119,,0.748427672955975
8309,huamin,2018,2C(S),0,0,,
8310,huamin,2018,3,0,0,,
8311,huamin,2018,Total,0,210,,1
8312,huamin,2019,1,72,170,,1
8313,huamin,2019,2A(1),0,98,,1
8314,huamin,2019,2A(2),30,98,,1
8315,huamin,2019,2B,0,54,,1
8316,huamin,2019,2C,138,109,SC<1,0.789855072463768
8317,huamin,2019,2C(S),0,0,,
8318,huamin,2019,3,0,0,,
8319,huamin,2019,Total,0,210,,1
8320,huamin,2020,1,97,240,,1
8321,huamin,2020,2A(1),0,143,,1
8322,huamin,2020,2A(2),63,143,,1
8323,huamin,2020,2B,0,60,,1
8324,huamin,2020,2C,141,123,SC<1,0.872340425531915
8325,huamin,2020,2C(S),0,0,,
8326,huamin,2020,3,0,0,,
8327,huamin,2020,Total,0,280,,1
8328,huamin,2021,1,133,240,,1
8329,huamin,2021,2A(1),1,107,,1
8330,huamin,2021,2A(2),85,106,,1
8331,huamin,2021,2B,0,31,,1
8332,huamin,2021,2C,116,62,SC<1,0.53448275862069
8333,huamin,2021,2C(S),0,0,,
8334,huamin,2021,3,0,0,,
8335,huamin,2021,Total,0,280,,1
8336,huamin,2022,1,115,220,,1
8337,huamin,2022,2A(1),68,105,,1
8338,huamin,2022,2A(2),0,0,,
8339,huamin,2022,2B,2,32,,1
8340,huamin,2022,2C,114,96,SC<1,0.842105263157895
8341,huamin,2022,2C(S),0,0,,
8342,huamin,2022,3,0,0,,
8343,huamin,2022,Total,0,280,,1
8344,huamin,2023,1,101,180,,1
8345,huamin,2023,2A(1),90,79,SC1-2,0.877777777777778
8346,huamin,2023,2A(2),0,0,,
8347,huamin,2023,2B,1,20,,1
8348,huamin,2023,2C,95,61,SC<1,0.642105263157895
8349,huamin,2023,2C(S),0,0,,
8350,huamin,2023,3,0,0,,
8351,huamin,2023,Total,0,240,,1
8352,innova,2009,1,0,0,,
8353,innova,2009,2A(1),0,0,,
8354,innova,2009,2A(2),0,0,,
8355,innova,2009,2B,5,82,,1
8356,innova,2009,2C,178,158,,0.887640449438202
8357,innova,2009,2C(S),0,0,,
8358,innova,2009,3,0,0,,
8359,innova,2009,Total,0,240,,1
8360,innova,2010,1,0,0,,
8361,innova,2010,2A(1),0,0,,
8362,innova,2010,2A(2),0,0,,
8363,innova,2010,2B,6,76,,1
8364,innova,2010,2C,177,145,,0.819209039548023
8365,innova,2010,2C(S),0,0,,
8366,innova,2010,3,0,0,,
8367,innova,2010,Total,0,240,,1
8368,innova,2011,1,0,0,,
8369,innova,2011,2A(1),0,0,,
8370,innova,2011,2A(2),0,0,,
8371,innova,2011,2B,12,63,,1
8372,innova,2011,2C,150,114,,0.76
8373,innova,2011,2C(S),0,0,,
8374,innova,2011,3,0,0,,
8375,innova,2011,Total,0,240,,1
8376,innova,2012,1,0,0,,
8377,innova,2012,2A(1),0,0,,
8378,innova,2012,2A(2),0,0,,
8379,innova,2012,2B,19,47,,1
8380,innova,2012,2C,128,75,,0.5859375
8381,innova,2012,2C(S),0,0,,
8382,innova,2012,3,0,0,,
8383,innova,2012,Total,0,210,,1
8384,innova,2013,1,0,0,,
8385,innova,2013,2A(1),0,0,,
8386,innova,2013,2A(2),0,0,,
8387,innova,2013,2B,20,56,,1
8388,innova,2013,2C,139,91,,0.654676258992806
8389,innova,2013,2C(S),0,0,,
8390,innova,2013,3,0,0,,
8391,innova,2013,Total,0,210,,1
8392,innova,2014,1,0,0,,
8393,innova,2014,2A(1),0,0,,
8394,innova,2014,2A(2),0,0,,
8395,innova,2014,2B,25,47,,1
8396,innova,2014,2C,137,68,,0.496350364963504
8397,innova,2014,2C(S),0,0,,
8398,innova,2014,3,0,0,,
8399,innova,2014,Total,0,210,,1
8400,innova,2015,1,0,0,,
8401,innova,2015,2A(1),0,0,,
8402,innova,2015,2A(2),0,0,,
8403,innova,2015,2B,23,53,,1
8404,innova,2015,2C,117,83,,0.709401709401709
8405,innova,2015,2C(S),0,0,,
8406,innova,2015,3,0,0,,
8407,innova,2015,Total,0,210,,1
8408,innova,2016,1,0,0,,
8409,innova,2016,2A(1),0,0,,
8410,innova,2016,2A(2),0,0,,
8411,innova,2016,2B,20,69,,1
8412,innova,2016,2C,126,119,,0.944444444444444
8413,innova,2016,2C(S),0,0,,
8414,innova,2016,3,0,0,,
8415,innova,2016,Total,0,210,,1
8416,innova,2017,1,0,0,,
8417,innova,2017,2A(1),0,0,,
8418,innova,2017,2A(2),0,0,,
8419,innova,2017,2B,27,57,,1
8420,innova,2017,2C,99,88,,0.888888888888889
8421,innova,2017,2C(S),0,0,,
8422,innova,2017,3,0,0,,
8423,innova,2017,Total,0,210,,1
8424,innova,2018,1,0,0,,
8425,innova,2018,2A(1),0,0,,
8426,innova,2018,2A(2),0,0,,
8427,innova,2018,2B,20,63,,1
8428,innova,2018,2C,107,107,,1
8429,innova,2018,2C(S),0,0,,
8430,innova,2018,3,0,0,,
8431,innova,2018,Total,0,210,,1
8432,innova,2019,1,96,140,,1
8433,innova,2019,2A(1),0,44,,1
8434,innova,2019,2A(2),7,44,,1
8435,innova,2019,2B,18,39,,1
8436,innova,2019,2C,80,59,SC<1#,0.7375
8437,innova,2019,2C(S),0,0,,
8438,innova,2019,3,0,0,,
8439,innova,2019,Total,0,180,,1
8440,innova,2020,1,83,140,,1
8441,innova,2020,2A(1),0,57,,1
8442,innova,2020,2A(2),11,57,,1
8443,innova,2020,2B,21,43,,1
8444,innova,2020,2C,87,65,SC1-2,0.747126436781609
8445,innova,2020,2C(S),0,0,,
8446,innova,2020,3,0,0,,
8447,innova,2020,Total,0,180,,1
8448,innova,2021,1,88,140,,1
8449,innova,2021,2A(1),0,52,,1
8450,innova,2021,2A(2),9,52,,1
8451,innova,2021,2B,11,42,,1
8452,innova,2021,2C,83,73,SC1-2,0.879518072289157
8453,innova,2021,2C(S),0,0,,
8454,innova,2021,3,0,0,,
8455,innova,2021,Total,0,180,,1
8456,innova,2022,1,75,120,,1
8457,innova,2022,2A(1),7,45,,1
8458,innova,2022,2A(2),0,0,,
8459,innova,2022,2B,14,33,,1
8460,innova,2022,2C,86,84,PR<1,0.976744186046512
8461,innova,2022,2C(S),0,0,,
8462,innova,2022,3,0,0,,
8463,innova,2022,Total,0,180,,1
8464,innova,2023,1,64,120,,1
8465,innova,2023,2A(1),9,56,,1
8466,innova,2023,2A(2),0,0,,
8467,innova,2023,2B,11,36,,1
8468,innova,2023,2C,58,96,,1
8469,innova,2023,2C(S),4,38,,1
8470,innova,2023,3,0,34,,1
8471,innova,2023,Total,0,180,,1
8472,jiemin,2009,1,0,0,,
8473,jiemin,2009,2A(1),0,0,,
8474,jiemin,2009,2A(2),0,0,,
8475,jiemin,2009,2B,1,53,,1
8476,jiemin,2009,2C,107,106,,0.990654205607477
8477,jiemin,2009,2C(S),0,0,,
8478,jiemin,2009,3,0,0,,
8479,jiemin,2009,Total,0,180,,1
8480,jiemin,2010,1,0,0,,
8481,jiemin,2010,2A(1),0,0,,
8482,jiemin,2010,2A(2),0,0,,
8483,jiemin,2010,2B,1,36,,1
8484,jiemin,2010,2C,110,71,,0.645454545454546
8485,jiemin,2010,2C(S),0,0,,
8486,jiemin,2010,3,0,0,,
8487,jiemin,2010,Total,0,180,,1
8488,jiemin,2011,1,0,0,,
8489,jiemin,2011,2A(1),0,0,,
8490,jiemin,2011,2A(2),0,0,,
8491,jiemin,2011,2B,1,45,,1
8492,jiemin,2011,2C,124,89,,0.717741935483871
8493,jiemin,2011,2C(S),0,0,,
8494,jiemin,2011,3,0,0,,
8495,jiemin,2011,Total,0,180,,1
8496,jiemin,2012,1,0,0,,
8497,jiemin,2012,2A(1),0,0,,
8498,jiemin,2012,2A(2),0,0,,
8499,jiemin,2012,2B,7,44,,1
8500,jiemin,2012,2C,96,80,,0.833333333333333
8501,jiemin,2012,2C(S),0,0,,
8502,jiemin,2012,3,0,0,,
8503,jiemin,2012,Total,0,180,,1
8504,jiemin,2013,1,0,0,,
8505,jiemin,2013,2A(1),0,0,,
8506,jiemin,2013,2A(2),0,0,,
8507,jiemin,2013,2B,11,35,,1
8508,jiemin,2013,2C,89,59,,0.662921348314607
8509,jiemin,2013,2C(S),0,0,,
8510,jiemin,2013,3,0,0,,
8511,jiemin,2013,Total,0,180,,1
8512,jiemin,2014,1,0,0,,
8513,jiemin,2014,2A(1),0,0,,
8514,jiemin,2014,2A(2),0,0,,
8515,jiemin,2014,2B,9,40,,1
8516,jiemin,2014,2C,82,71,,0.865853658536585
8517,jiemin,2014,2C(S),0,0,,
8518,jiemin,2014,3,0,0,,
8519,jiemin,2014,Total,0,180,,1
8520,jiemin,2015,1,0,0,,
8521,jiemin,2015,2A(1),0,0,,
8522,jiemin,2015,2A(2),0,0,,
8523,jiemin,2015,2B,8,41,,1
8524,jiemin,2015,2C,86,76,,0.883720930232558
8525,jiemin,2015,2C(S),0,0,,
8526,jiemin,2015,3,0,0,,
8527,jiemin,2015,Total,0,180,,1
8528,jiemin,2016,1,0,0,,
8529,jiemin,2016,2A(1),0,0,,
8530,jiemin,2016,2A(2),0,0,,
8531,jiemin,2016,2B,5,54,,1
8532,jiemin,2016,2C,78,102,,1
8533,jiemin,2016,2C(S),11,24,,1
8534,jiemin,2016,3,0,13,,1
8535,jiemin,2016,Total,0,180,,1
8536,jiemin,2017,1,0,0,,
8537,jiemin,2017,2A(1),0,0,,
8538,jiemin,2017,2A(2),0,0,,
8539,jiemin,2017,2B,10,43,,1
8540,jiemin,2017,2C,88,77,,0.875
8541,jiemin,2017,2C(S),0,0,,
8542,jiemin,2017,3,0,0,,
8543,jiemin,2017,Total,0,180,,1
8544,jiemin,2018,1,0,0,,
8545,jiemin,2018,2A(1),0,0,,
8546,jiemin,2018,2A(2),0,0,,
8547,jiemin,2018,2B,9,47,,1
8548,jiemin,2018,2C,92,87,,0.945652173913044
8549,jiemin,2018,2C(S),0,0,,
8550,jiemin,2018,3,0,0,,
8551,jiemin,2018,Total,0,210,,1
8552,jiemin,2019,1,64,140,,1
8553,jiemin,2019,2A(1),0,76,,1
8554,jiemin,2019,2A(2),25,76,,1
8555,jiemin,2019,2B,7,46,,1
8556,jiemin,2019,2C,84,85,,1
8557,jiemin,2019,2C(S),1,1,,1
8558,jiemin,2019,3,0,0,,
8559,jiemin,2019,Total,0,180,,1
8560,jiemin,2020,1,79,180,,1
8561,jiemin,2020,2A(1),0,101,,1
8562,jiemin,2020,2A(2),39,101,,1
8563,jiemin,2020,2B,1,51,,1
8564,jiemin,2020,2C,74,101,,1
8565,jiemin,2020,2C(S),14,27,,1
8566,jiemin,2020,3,0,13,,1
8567,jiemin,2020,Total,0,220,,1
8568,jiemin,2021,1,64,180,,1
8569,jiemin,2021,2A(1),0,116,,1
8570,jiemin,2021,2A(2),24,116,,1
8571,jiemin,2021,2B,2,66,,1
8572,jiemin,2021,2C,76,130,,1
8573,jiemin,2021,2C(S),23,55,,1
8574,jiemin,2021,3,0,32,,1
8575,jiemin,2021,Total,0,220,,1
8576,jiemin,2022,1,74,120,,1
8577,jiemin,2022,2A(1),22,46,,1
8578,jiemin,2022,2A(2),0,0,,
8579,jiemin,2022,2B,1,28,,1
8580,jiemin,2022,2C,62,83,,1
8581,jiemin,2022,2C(S),27,22,SC<2#,0.814814814814815
8582,jiemin,2022,3,0,0,,
8583,jiemin,2022,Total,0,180,,1
8584,jiemin,2023,1,68,160,,1
8585,jiemin,2023,2A(1),19,92,,1
8586,jiemin,2023,2A(2),0,0,,
8587,jiemin,2023,2B,0,44,,1
8588,jiemin,2023,2C,57,134,,1
8589,jiemin,2023,2C(S),54,77,,1
8590,jiemin,2023,3,0,23,,1
8591,jiemin,2023,Total,0,220,,1
8592,jing-shan,2009,1,0,0,,
8593,jing-shan,2009,2A(1),0,0,,
8594,jing-shan,2009,2A(2),0,0,,
8595,jing-shan,2009,2B,1,50,,1
8596,jing-shan,2009,2C,65,100,,1
8597,jing-shan,2009,2C(S),13,35,,1
8598,jing-shan,2009,3,0,24,,1
8599,jing-shan,2009,Total,0,180,,1
8600,jing-shan,2010,1,0,0,,
8601,jing-shan,2010,2A(1),0,0,,
8602,jing-shan,2010,2A(2),0,0,,
8603,jing-shan,2010,2B,0,59,,1
8604,jing-shan,2010,2C,55,119,,1
8605,jing-shan,2010,2C(S),6,64,,1
8606,jing-shan,2010,3,0,52,,1
8607,jing-shan,2010,Total,0,180,,1
8608,jing-shan,2011,1,0,0,,
8609,jing-shan,2011,2A(1),0,0,,
8610,jing-shan,2011,2A(2),0,0,,
8611,jing-shan,2011,2B,2,54,,1
8612,jing-shan,2011,2C,79,107,,1
8613,jing-shan,2011,2C(S),10,29,,1
8614,jing-shan,2011,3,0,16,,1
8615,jing-shan,2011,Total,0,180,,1
8616,jing-shan,2012,1,0,0,,
8617,jing-shan,2012,2A(1),0,0,,
8618,jing-shan,2012,2A(2),0,0,,
8619,jing-shan,2012,2B,0,53,,1
8620,jing-shan,2012,2C,67,106,,1
8621,jing-shan,2012,2C(S),7,39,,1
8622,jing-shan,2012,3,0,31,,1
8623,jing-shan,2012,Total,0,180,,1
8624,jing-shan,2013,1,0,0,,
8625,jing-shan,2013,2A(1),0,0,,
8626,jing-shan,2013,2A(2),0,0,,
8627,jing-shan,2013,2B,1,60,,1
8628,jing-shan,2013,2C,41,119,,1
8629,jing-shan,2013,2C(S),9,79,,1
8630,jing-shan,2013,3,0,47,,1
8631,jing-shan,2013,Total,0,180,,1
8632,jing-shan,2014,1,0,0,,
8633,jing-shan,2014,2A(1),0,0,,
8634,jing-shan,2014,2A(2),0,0,,
8635,jing-shan,2014,2B,1,50,,1
8636,jing-shan,2014,2C,70,98,,1
8637,jing-shan,2014,2C(S),13,31,,1
8638,jing-shan,2014,3,0,18,,1
8639,jing-shan,2014,Total,0,180,,1
8640,jing-shan,2015,1,0,0,,
8641,jing-shan,2015,2A(1),0,0,,
8642,jing-shan,2015,2A(2),0,0,,
8643,jing-shan,2015,2B,0,59,,1
8644,jing-shan,2015,2C,64,119,,1
8645,jing-shan,2015,2C(S),6,55,,1
8646,jing-shan,2015,3,0,49,,1
8647,jing-shan,2015,Total,0,180,,1
8648,jing-shan,2016,1,0,0,,
8649,jing-shan,2016,2A(1),0,0,,
8650,jing-shan,2016,2A(2),0,0,,
8651,jing-shan,2016,2B,0,45,,1
8652,jing-shan,2016,2C,62,89,,1
8653,jing-shan,2016,2C(S),9,27,,1
8654,jing-shan,2016,3,0,18,,1
8655,jing-shan,2016,Total,0,150,,1
8656,jing-shan,2017,1,0,0,,
8657,jing-shan,2017,2A(1),0,0,,
8658,jing-shan,2017,2A(2),0,0,,
8659,jing-shan,2017,2B,0,32,,1
8660,jing-shan,2017,2C,68,64,,0.941176470588235
8661,jing-shan,2017,2C(S),0,0,,
8662,jing-shan,2017,3,0,0,,
8663,jing-shan,2017,Total,0,150,,1
8664,jing-shan,2018,1,0,0,,
8665,jing-shan,2018,2A(1),0,0,,
8666,jing-shan,2018,2A(2),0,0,,
8667,jing-shan,2018,2B,2,27,,1
8668,jing-shan,2018,2C,78,52,,0.666666666666667
8669,jing-shan,2018,2C(S),0,0,,
8670,jing-shan,2018,3,0,0,,
8671,jing-shan,2018,Total,0,150,,1
8672,jing-shan,2019,1,49,110,,1
8673,jing-shan,2019,2A(1),0,61,,1
8674,jing-shan,2019,2A(2),29,61,,1
8675,jing-shan,2019,2B,1,36,,1
8676,jing-shan,2019,2C,59,71,,1
8677,jing-shan,2019,2C(S),10,12,,1
8678,jing-shan,2019,3,0,2,,1
8679,jing-shan,2019,Total,0,150,,1
8680,jing-shan,2020,1,62,120,,1
8681,jing-shan,2020,2A(1),0,58,,1
8682,jing-shan,2020,2A(2),19,58,,1
8683,jing-shan,2020,2B,2,40,,1
8684,jing-shan,2020,2C,60,79,,1
8685,jing-shan,2020,2C(S),26,19,SC>2,0.730769230769231
8686,jing-shan,2020,3,0,0,,
8687,jing-shan,2020,Total,0,160,,1
8688,jing-shan,2021,1,64,120,,1
8689,jing-shan,2021,2A(1),0,56,,1
8690,jing-shan,2021,2A(2),22,56,,1
8691,jing-shan,2021,2B,0,37,,1
8692,jing-shan,2021,2C,72,75,,1
8693,jing-shan,2021,2C(S),5,5,,1
8694,jing-shan,2021,3,0,0,,
8695,jing-shan,2021,Total,0,160,,1
8696,jing-shan,2022,1,55,90,,1
8697,jing-shan,2022,2A(1),22,35,,1
8698,jing-shan,2022,2A(2),0,0,,
8699,jing-shan,2022,2B,1,24,,1
8700,jing-shan,2022,2C,67,72,,1
8701,jing-shan,2022,2C(S),5,5,,1
8702,jing-shan,2022,3,0,0,,
8703,jing-shan,2022,Total,0,150,,1
8704,jing-shan,2023,1,51,90,,1
8705,jing-shan,2023,2A(1),51,39,SC1-2,0.764705882352941
8706,jing-shan,2023,2A(2),0,0,,
8707,jing-shan,2023,2B,1,20,,1
8708,jing-shan,2023,2C,62,61,PR<1#,0.983870967741936
8709,jing-shan,2023,2C(S),0,0,,
8710,jing-shan,2023,3,0,0,,
8711,jing-shan,2023,Total,0,150,,1
8712,junyuan,2009,1,0,0,,
8713,junyuan,2009,2A(1),0,0,,
8714,junyuan,2009,2A(2),0,0,,
8715,junyuan,2009,2B,0,64,,1
8716,junyuan,2009,2C,64,128,,1
8717,junyuan,2009,2C(S),57,65,,1
8718,junyuan,2009,3,0,8,,1
8719,junyuan,2009,Total,0,180,,1
8720,junyuan,2010,1,0,0,,
8721,junyuan,2010,2A(1),0,0,,
8722,junyuan,2010,2A(2),0,0,,
8723,junyuan,2010,2B,0,53,,1
8724,junyuan,2010,2C,59,106,,1
8725,junyuan,2010,2C(S),44,49,,1
8726,junyuan,2010,3,0,1,,1
8727,junyuan,2010,Total,0,180,,1
8728,junyuan,2011,1,0,0,,
8729,junyuan,2011,2A(1),0,0,,
8730,junyuan,2011,2A(2),0,0,,
8731,junyuan,2011,2B,1,66,,1
8732,junyuan,2011,2C,71,130,,1
8733,junyuan,2011,2C(S),61,59,,0.967213114754098
8734,junyuan,2011,3,0,0,,
8735,junyuan,2011,Total,0,210,,1
8736,junyuan,2012,1,0,0,,
8737,junyuan,2012,2A(1),0,0,,
8738,junyuan,2012,2A(2),0,0,,
8739,junyuan,2012,2B,2,61,,1
8740,junyuan,2012,2C,83,119,,1
8741,junyuan,2012,2C(S),28,36,,1
8742,junyuan,2012,3,0,0,,
8743,junyuan,2012,Total,0,210,,1
8744,junyuan,2013,1,0,0,,
8745,junyuan,2013,2A(1),0,0,,
8746,junyuan,2013,2A(2),0,0,,
8747,junyuan,2013,2B,0,61,,1
8748,junyuan,2013,2C,93,122,,1
8749,junyuan,2013,2C(S),34,29,,0.852941176470588
8750,junyuan,2013,3,0,0,,
8751,junyuan,2013,Total,0,210,,1
8752,junyuan,2014,1,0,0,,
8753,junyuan,2014,2A(1),0,0,,
8754,junyuan,2014,2A(2),0,0,,
8755,junyuan,2014,2B,0,76,,1
8756,junyuan,2014,2C,79,151,,1
8757,junyuan,2014,2C(S),61,73,,1
8758,junyuan,2014,3,0,12,,1
8759,junyuan,2014,Total,0,240,,1
8760,junyuan,2015,1,0,0,,
8761,junyuan,2015,2A(1),0,0,,
8762,junyuan,2015,2A(2),0,0,,
8763,junyuan,2015,2B,0,73,,1
8764,junyuan,2015,2C,82,146,,1
8765,junyuan,2015,2C(S),71,64,,0.901408450704225
8766,junyuan,2015,3,0,0,,
8767,junyuan,2015,Total,0,240,,1
8768,junyuan,2016,1,0,0,,
8769,junyuan,2016,2A(1),0,0,,
8770,junyuan,2016,2A(2),0,0,,
8771,junyuan,2016,2B,0,59,,1
8772,junyuan,2016,2C,74,118,,1
8773,junyuan,2016,2C(S),48,45,,0.9375
8774,junyuan,2016,3,0,0,,
8775,junyuan,2016,Total,0,210,,1
8776,junyuan,2017,1,0,0,,
8777,junyuan,2017,2A(1),0,0,,
8778,junyuan,2017,2A(2),0,0,,
8779,junyuan,2017,2B,1,30,,1
8780,junyuan,2017,2C,63,59,,0.936507936507936
8781,junyuan,2017,2C(S),0,0,,
8782,junyuan,2017,3,0,0,,
8783,junyuan,2017,Total,0,180,,1
8784,junyuan,2018,1,0,0,,
8785,junyuan,2018,2A(1),0,0,,
8786,junyuan,2018,2A(2),0,0,,
8787,junyuan,2018,2B,0,20,,1
8788,junyuan,2018,2C,57,40,,0.701754385964912
8789,junyuan,2018,2C(S),0,0,,
8790,junyuan,2018,3,0,0,,
8791,junyuan,2018,Total,0,180,,1
8792,junyuan,2019,1,93,140,,1
8793,junyuan,2019,2A(1),0,47,,1
8794,junyuan,2019,2A(2),39,47,,1
8795,junyuan,2019,2B,0,24,,1
8796,junyuan,2019,2C,55,51,PR<1,0.927272727272727
8797,junyuan,2019,2C(S),0,0,,
8798,junyuan,2019,3,0,0,,
8799,junyuan,2019,Total,0,180,,1
8800,junyuan,2020,1,86,170,,1
8801,junyuan,2020,2A(1),0,84,,1
8802,junyuan,2020,2A(2),42,84,,1
8803,junyuan,2020,2B,1,42,,1
8804,junyuan,2020,2C,87,82,SC>2,0.942528735632184
8805,junyuan,2020,2C(S),0,0,,
8806,junyuan,2020,3,0,0,,
8807,junyuan,2020,Total,0,210,,1
8808,junyuan,2021,1,75,200,,1
8809,junyuan,2021,2A(1),0,125,,1
8810,junyuan,2021,2A(2),58,125,,1
8811,junyuan,2021,2B,0,54,,1
8812,junyuan,2021,2C,96,109,,1
8813,junyuan,2021,2C(S),39,14,SC<1,0.358974358974359
8814,junyuan,2021,3,0,0,,
8815,junyuan,2021,Total,0,240,,1
8816,junyuan,2022,1,86,180,,1
8817,junyuan,2022,2A(1),42,94,,1
8818,junyuan,2022,2A(2),0,0,,
8819,junyuan,2022,2B,0,37,,1
8820,junyuan,2022,2C,77,112,,1
8821,junyuan,2022,2C(S),70,35,SC<1,0.5
8822,junyuan,2022,3,0,0,,
8823,junyuan,2022,Total,0,240,,1
8824,junyuan,2023,1,83,180,,1
8825,junyuan,2023,2A(1),76,97,,1
8826,junyuan,2023,2A(2),0,0,,
8827,junyuan,2023,2B,0,27,,1
8828,junyuan,2023,2C,58,81,,1
8829,junyuan,2023,2C(S),74,23,SC<1,0.310810810810811
8830,junyuan,2023,3,0,0,,
8831,junyuan,2023,Total,0,240,,1
8832,jurong,2009,1,0,0,,
8833,jurong,2009,2A(1),0,0,,
8834,jurong,2009,2A(2),0,0,,
8835,jurong,2009,2B,6,57,,1
8836,jurong,2009,2C,138,107,,0.77536231884058
8837,jurong,2009,2C(S),0,0,,
8838,jurong,2009,3,0,0,,
8839,jurong,2009,Total,0,270,,1
8840,jurong,2010,1,0,0,,
8841,jurong,2010,2A(1),0,0,,
8842,jurong,2010,2A(2),0,0,,
8843,jurong,2010,2B,14,51,,1
8844,jurong,2010,2C,121,88,,0.727272727272727
8845,jurong,2010,2C(S),0,0,,
8846,jurong,2010,3,0,0,,
8847,jurong,2010,Total,0,270,,1
8848,jurong,2011,1,0,0,,
8849,jurong,2011,2A(1),0,0,,
8850,jurong,2011,2A(2),0,0,,
8851,jurong,2011,2B,11,54,,1
8852,jurong,2011,2C,122,98,,0.80327868852459
8853,jurong,2011,2C(S),0,0,,
8854,jurong,2011,3,0,0,,
8855,jurong,2011,Total,0,270,,1
8856,jurong,2012,1,0,0,,
8857,jurong,2012,2A(1),0,0,,
8858,jurong,2012,2A(2),0,0,,
8859,jurong,2012,2B,19,59,,1
8860,jurong,2012,2C,115,99,,0.860869565217391
8861,jurong,2012,2C(S),0,0,,
8862,jurong,2012,3,0,0,,
8863,jurong,2012,Total,0,270,,1
8864,jurong,2013,1,0,0,,
8865,jurong,2013,2A(1),0,0,,
8866,jurong,2013,2A(2),0,0,,
8867,jurong,2013,2B,28,50,,1
8868,jurong,2013,2C,110,71,,0.645454545454546
8869,jurong,2013,2C(S),0,0,,
8870,jurong,2013,3,0,0,,
8871,jurong,2013,Total,0,270,,1
8872,jurong,2014,1,0,0,,
8873,jurong,2014,2A(1),0,0,,
8874,jurong,2014,2A(2),0,0,,
8875,jurong,2014,2B,20,47,,1
8876,jurong,2014,2C,86,73,,0.848837209302326
8877,jurong,2014,2C(S),0,0,,
8878,jurong,2014,3,0,0,,
8879,jurong,2014,Total,0,240,,1
8880,jurong,2015,1,0,0,,
8881,jurong,2015,2A(1),0,0,,
8882,jurong,2015,2A(2),0,0,,
8883,jurong,2015,2B,10,44,,1
8884,jurong,2015,2C,86,81,,0.941860465116279
8885,jurong,2015,2C(S),0,0,,
8886,jurong,2015,3,0,0,,
8887,jurong,2015,Total,0,240,,1
8888,jurong,2016,1,0,0,,
8889,jurong,2016,2A(1),0,0,,
8890,jurong,2016,2A(2),0,0,,
8891,jurong,2016,2B,0,57,,1
8892,jurong,2016,2C,101,115,,1
8893,jurong,2016,2C(S),21,14,,0.666666666666667
8894,jurong,2016,3,0,0,,
8895,jurong,2016,Total,0,240,,1
8896,jurong,2017,1,0,0,,
8897,jurong,2017,2A(1),0,0,,
8898,jurong,2017,2A(2),0,0,,
8899,jurong,2017,2B,0,44,,1
8900,jurong,2017,2C,88,90,,1
8901,jurong,2017,2C(S),4,2,,0.5
8902,jurong,2017,3,0,0,,
8903,jurong,2017,Total,0,210,,1
8904,jurong,2018,1,0,0,,
8905,jurong,2018,2A(1),0,0,,
8906,jurong,2018,2A(2),0,0,,
8907,jurong,2018,2B,2,26,,1
8908,jurong,2018,2C,55,52,,0.945454545454545
8909,jurong,2018,2C(S),0,0,,
8910,jurong,2018,3,0,0,,
8911,jurong,2018,Total,0,210,,1
8912,jurong,2019,1,84,140,,1
8913,jurong,2019,2A(1),0,56,,1
8914,jurong,2019,2A(2),30,56,,1
8915,jurong,2019,2B,0,33,,1
8916,jurong,2019,2C,69,66,PR<1,0.956521739130435
8917,jurong,2019,2C(S),0,0,,
8918,jurong,2019,3,0,0,,
8919,jurong,2019,Total,0,180,,1
8920,jurong,2020,1,92,140,,1
8921,jurong,2020,2A(1),0,48,,1
8922,jurong,2020,2A(2),39,48,,1
8923,jurong,2020,2B,0,25,,1
8924,jurong,2020,2C,60,49,SC1-2,0.816666666666667
8925,jurong,2020,2C(S),0,0,,
8926,jurong,2020,3,0,0,,
8927,jurong,2020,Total,0,180,,1
8928,jurong,2021,1,72,150,,1
8929,jurong,2021,2A(1),0,78,,1
8930,jurong,2021,2A(2),36,78,,1
8931,jurong,2021,2B,0,41,,1
8932,jurong,2021,2C,80,86,,1
8933,jurong,2021,2C(S),20,6,SC<1,0.3
8934,jurong,2021,3,0,0,,
8935,jurong,2021,Total,0,190,,1
8936,jurong,2022,1,80,120,,1
8937,jurong,2022,2A(1),21,40,,1
8938,jurong,2022,2A(2),0,0,,
8939,jurong,2022,2B,0,26,,1
8940,jurong,2022,2C,55,82,,1
8941,jurong,2022,2C(S),41,27,SC<1,0.658536585365854
8942,jurong,2022,3,0,0,,
8943,jurong,2022,Total,0,180,,1
8944,jurong,2023,1,59,160,,1
8945,jurong,2023,2A(1),37,101,,1
8946,jurong,2023,2A(2),0,0,,
8947,jurong,2023,2B,0,41,,1
8948,jurong,2023,2C,73,125,,1
8949,jurong,2023,2C(S),72,52,SC1-2,0.722222222222222
8950,jurong,2023,3,0,0,,
8951,jurong,2023,Total,0,220,,1
8952,jurong-west,2009,1,0,0,,
8953,jurong-west,2009,2A(1),0,0,,
8954,jurong-west,2009,2A(2),0,0,,
8955,jurong-west,2009,2B,26,54,,1
8956,jurong-west,2009,2C,205,81,,0.395121951219512
8957,jurong-west,2009,2C(S),0,0,,
8958,jurong-west,2009,3,0,0,,
8959,jurong-west,2009,Total,0,240,,1
8960,jurong-west,2010,1,0,0,,
8961,jurong-west,2010,2A(1),0,0,,
8962,jurong-west,2010,2A(2),0,0,,
8963,jurong-west,2010,2B,32,73,,1
8964,jurong-west,2010,2C,225,114,,0.506666666666667
8965,jurong-west,2010,2C(S),0,0,,
8966,jurong-west,2010,3,0,0,,
8967,jurong-west,2010,Total,0,270,,1
8968,jurong-west,2011,1,0,0,,
8969,jurong-west,2011,2A(1),0,0,,
8970,jurong-west,2011,2A(2),0,0,,
8971,jurong-west,2011,2B,35,82,,1
8972,jurong-west,2011,2C,116,129,,1
8973,jurong-west,2011,2C(S),45,13,,0.288888888888889
8974,jurong-west,2011,3,0,0,,
8975,jurong-west,2011,Total,0,270,,1
8976,jurong-west,2012,1,0,0,,
8977,jurong-west,2012,2A(1),0,0,,
8978,jurong-west,2012,2A(2),0,0,,
8979,jurong-west,2012,2B,30,59,,1
8980,jurong-west,2012,2C,128,88,,0.6875
8981,jurong-west,2012,2C(S),0,0,,
8982,jurong-west,2012,3,0,0,,
8983,jurong-west,2012,Total,0,240,,1
8984,jurong-west,2013,1,0,0,,
8985,jurong-west,2013,2A(1),0,0,,
8986,jurong-west,2013,2A(2),0,0,,
8987,jurong-west,2013,2B,15,54,,1
8988,jurong-west,2013,2C,125,92,,0.736
8989,jurong-west,2013,2C(S),0,0,,
8990,jurong-west,2013,3,0,0,,
8991,jurong-west,2013,Total,0,240,,1
8992,jurong-west,2014,1,0,0,,
8993,jurong-west,2014,2A(1),0,0,,
8994,jurong-west,2014,2A(2),0,0,,
8995,jurong-west,2014,2B,13,56,,1
8996,jurong-west,2014,2C,146,99,,0.678082191780822
8997,jurong-west,2014,2C(S),0,0,,
8998,jurong-west,2014,3,0,0,,
8999,jurong-west,2014,Total,0,240,,1
9000,jurong-west,2015,1,0,0,,
9001,jurong-west,2015,2A(1),0,0,,
9002,jurong-west,2015,2A(2),0,0,,
9003,jurong-west,2015,2B,6,64,,1
9004,jurong-west,2015,2C,145,123,,0.848275862068966
9005,jurong-west,2015,2C(S),0,0,,
9006,jurong-west,2015,3,0,0,,
9007,jurong-west,2015,Total,0,240,,1
9008,jurong-west,2016,1,0,0,,
9009,jurong-west,2016,2A(1),0,0,,
9010,jurong-west,2016,2A(2),0,0,,
9011,jurong-west,2016,2B,8,69,,1
9012,jurong-west,2016,2C,122,130,,1
9013,jurong-west,2016,2C(S),10,8,,0.8
9014,jurong-west,2016,3,0,0,,
9015,jurong-west,2016,Total,0,240,,1
9016,jurong-west,2017,1,0,0,,
9017,jurong-west,2017,2A(1),0,0,,
9018,jurong-west,2017,2A(2),0,0,,
9019,jurong-west,2017,2B,5,40,,1
9020,jurong-west,2017,2C,89,74,,0.831460674157303
9021,jurong-west,2017,2C(S),0,0,,
9022,jurong-west,2017,3,0,0,,
9023,jurong-west,2017,Total,0,210,,1
9024,jurong-west,2018,1,0,0,,
9025,jurong-west,2018,2A(1),0,0,,
9026,jurong-west,2018,2A(2),0,0,,
9027,jurong-west,2018,2B,20,56,,1
9028,jurong-west,2018,2C,105,92,,0.876190476190476
9029,jurong-west,2018,2C(S),0,0,,
9030,jurong-west,2018,3,0,0,,
9031,jurong-west,2018,Total,0,210,,1
9032,jurong-west,2019,1,73,140,,1
9033,jurong-west,2019,2A(1),0,67,,1
9034,jurong-west,2019,2A(2),17,67,,1
9035,jurong-west,2019,2B,11,46,,1
9036,jurong-west,2019,2C,87,80,SC1-2,0.919540229885058
9037,jurong-west,2019,2C(S),0,0,,
9038,jurong-west,2019,3,0,0,,
9039,jurong-west,2019,Total,0,180,,1
9040,jurong-west,2020,1,83,140,,1
9041,jurong-west,2020,2A(1),2,57,,1
9042,jurong-west,2020,2A(2),15,55,,1
9043,jurong-west,2020,2B,11,41,,1
9044,jurong-west,2020,2C,74,70,SC#,0.945945945945946
9045,jurong-west,2020,2C(S),0,0,,
9046,jurong-west,2020,3,0,0,,
9047,jurong-west,2020,Total,0,180,,1
9048,jurong-west,2021,1,72,140,,1
9049,jurong-west,2021,2A(1),1,68,,1
9050,jurong-west,2021,2A(2),17,67,,1
9051,jurong-west,2021,2B,6,45,,1
9052,jurong-west,2021,2C,111,85,SC1-2,0.765765765765766
9053,jurong-west,2021,2C(S),0,0,,
9054,jurong-west,2021,3,0,0,,
9055,jurong-west,2021,Total,0,180,,1
9056,jurong-west,2022,1,87,120,,1
9057,jurong-west,2022,2A(1),12,33,,1
9058,jurong-west,2022,2A(2),0,0,,
9059,jurong-west,2022,2B,4,27,,1
9060,jurong-west,2022,2C,93,78,SC#,0.838709677419355
9061,jurong-west,2022,2C(S),0,0,,
9062,jurong-west,2022,3,0,0,,
9063,jurong-west,2022,Total,0,180,,1
9064,jurong-west,2023,1,57,120,,1
9065,jurong-west,2023,2A(1),65,63,PR<1,0.969230769230769
9066,jurong-west,2023,2A(2),0,0,,
9067,jurong-west,2023,2B,1,20,,1
9068,jurong-west,2023,2C,63,60,PR<1,0.952380952380952
9069,jurong-west,2023,2C(S),0,0,,
9070,jurong-west,2023,3,0,0,,
9071,jurong-west,2023,Total,0,180,,1
9072,juying,2009,1,0,0,,
9073,juying,2009,2A(1),0,0,,
9074,juying,2009,2A(2),0,0,,
9075,juying,2009,2B,0,73,,1
9076,juying,2009,2C,28,146,,1
9077,juying,2009,2C(S),71,118,,1
9078,juying,2009,3,0,20,,1
9079,juying,2009,Total,0,240,,1
9080,juying,2010,1,0,0,,
9081,juying,2010,2A(1),0,0,,
9082,juying,2010,2A(2),0,0,,
9083,juying,2010,2B,0,68,,1
9084,juying,2010,2C,25,136,,1
9085,juying,2010,2C(S),71,113,,1
9086,juying,2010,3,0,14,,1
9087,juying,2010,Total,0,210,,1
9088,juying,2011,1,0,0,,
9089,juying,2011,2A(1),0,0,,
9090,juying,2011,2A(2),0,0,,
9091,juying,2011,2B,0,78,,1
9092,juying,2011,2C,24,162,,1
9093,juying,2011,2C(S),8,139,,1
9094,juying,2011,3,0,39,,1
9095,juying,2011,Total,0,240,,1
9096,juying,2012,1,0,0,,
9097,juying,2012,2A(1),0,0,,
9098,juying,2012,2A(2),0,0,,
9099,juying,2012,2B,0,88,,1
9100,juying,2012,2C,16,175,,1
9101,juying,2012,2C(S),20,159,,1
9102,juying,2012,3,0,46,,1
9103,juying,2012,Total,0,240,,1
9104,juying,2013,1,0,0,,
9105,juying,2013,2A(1),0,0,,
9106,juying,2013,2A(2),0,0,,
9107,juying,2013,2B,1,95,,1
9108,juying,2013,2C,23,188,,1
9109,juying,2013,2C(S),21,165,,1
9110,juying,2013,3,0,21,,1
9111,juying,2013,Total,0,240,,1
9112,juying,2014,1,0,0,,
9113,juying,2014,2A(1),0,0,,
9114,juying,2014,2A(2),0,0,,
9115,juying,2014,2B,0,96,,1
9116,juying,2014,2C,7,191,,1
9117,juying,2014,2C(S),33,184,,1
9118,juying,2014,3,0,151,,1
9119,juying,2014,Total,0,240,,1
9120,juying,2015,1,0,0,,
9121,juying,2015,2A(1),0,0,,
9122,juying,2015,2A(2),0,0,,
9123,juying,2015,2B,0,83,,1
9124,juying,2015,2C,13,165,,1
9125,juying,2015,2C(S),5,153,,1
9126,juying,2015,3,0,148,,1
9127,juying,2015,Total,0,210,,1
9128,juying,2016,1,0,0,,
9129,juying,2016,2A(1),0,0,,
9130,juying,2016,2A(2),0,0,,
9131,juying,2016,2B,0,61,,1
9132,juying,2016,2C,10,122,,1
9133,juying,2016,2C(S),3,113,,1
9134,juying,2016,3,0,110,,1
9135,juying,2016,Total,0,150,,1
9136,juying,2017,1,0,0,,
9137,juying,2017,2A(1),0,0,,
9138,juying,2017,2A(2),0,0,,
9139,juying,2017,2B,0,63,,1
9140,juying,2017,2C,19,126,,1
9141,juying,2017,2C(S),30,108,,1
9142,juying,2017,3,0,78,,1
9143,juying,2017,Total,0,150,,1
9144,juying,2018,1,0,0,,
9145,juying,2018,2A(1),0,0,,
9146,juying,2018,2A(2),0,0,,
9147,juying,2018,2B,0,81,,1
9148,juying,2018,2C,18,161,,1
9149,juying,2018,2C(S),26,143,,1
9150,juying,2018,3,0,117,,1
9151,juying,2018,Total,0,180,,1
9152,juying,2019,1,23,50,,1
9153,juying,2019,2A(1),0,27,,1
9154,juying,2019,2A(2),1,27,,1
9155,juying,2019,2B,0,33,,1
9156,juying,2019,2C,10,66,,1
9157,juying,2019,2C(S),8,56,,1
9158,juying,2019,3,0,48,,1
9159,juying,2019,Total,0,90,,1
9160,juying,2020,1,22,80,,1
9161,juying,2020,2A(1),0,58,,1
9162,juying,2020,2A(2),2,58,,1
9163,juying,2020,2B,0,48,,1
9164,juying,2020,2C,10,96,,1
9165,juying,2020,2C(S),30,86,,1
9166,juying,2020,3,0,56,,1
9167,juying,2020,Total,0,120,,1
9168,keming,2009,1,0,0,,
9169,keming,2009,2A(1),0,0,,
9170,keming,2009,2A(2),0,0,,
9171,keming,2009,2B,11,55,,1
9172,keming,2009,2C,110,99,,0.9
9173,keming,2009,2C(S),0,0,,
9174,keming,2009,3,0,0,,
9175,keming,2009,Total,0,210,,1
9176,keming,2010,1,0,0,,
9177,keming,2010,2A(1),0,0,,
9178,keming,2010,2A(2),0,0,,
9179,keming,2010,2B,18,47,,1
9180,keming,2010,2C,103,77,,0.747572815533981
9181,keming,2010,2C(S),0,0,,
9182,keming,2010,3,0,0,,
9183,keming,2010,Total,0,210,,1
9184,keming,2011,1,0,0,,
9185,keming,2011,2A(1),0,0,,
9186,keming,2011,2A(2),0,0,,
9187,keming,2011,2B,27,57,,1
9188,keming,2011,2C,135,88,,0.651851851851852
9189,keming,2011,2C(S),0,0,,
9190,keming,2011,3,0,0,,
9191,keming,2011,Total,0,210,,1
9192,keming,2012,1,0,0,,
9193,keming,2012,2A(1),0,0,,
9194,keming,2012,2A(2),0,0,,
9195,keming,2012,2B,33,57,,1
9196,keming,2012,2C,101,80,,0.792079207920792
9197,keming,2012,2C(S),0,0,,
9198,keming,2012,3,0,0,,
9199,keming,2012,Total,0,210,,1
9200,keming,2013,1,0,0,,
9201,keming,2013,2A(1),0,0,,
9202,keming,2013,2A(2),0,0,,
9203,keming,2013,2B,19,57,,1
9204,keming,2013,2C,120,95,,0.791666666666667
9205,keming,2013,2C(S),0,0,,
9206,keming,2013,3,0,0,,
9207,keming,2013,Total,0,210,,1
9208,keming,2014,1,0,0,,
9209,keming,2014,2A(1),0,0,,
9210,keming,2014,2A(2),0,0,,
9211,keming,2014,2B,24,44,,1
9212,keming,2014,2C,82,63,,0.768292682926829
9213,keming,2014,2C(S),0,0,,
9214,keming,2014,3,0,0,,
9215,keming,2014,Total,0,210,,1
9216,keming,2015,1,0,0,,
9217,keming,2015,2A(1),0,0,,
9218,keming,2015,2A(2),0,0,,
9219,keming,2015,2B,31,47,,1
9220,keming,2015,2C,95,64,,0.673684210526316
9221,keming,2015,2C(S),0,0,,
9222,keming,2015,3,0,0,,
9223,keming,2015,Total,0,210,,1
9224,keming,2016,1,0,0,,
9225,keming,2016,2A(1),0,0,,
9226,keming,2016,2A(2),0,0,,
9227,keming,2016,2B,17,56,,1
9228,keming,2016,2C,120,97,,0.808333333333333
9229,keming,2016,2C(S),0,0,,
9230,keming,2016,3,0,0,,
9231,keming,2016,Total,0,210,,1
9232,keming,2017,1,0,0,,
9233,keming,2017,2A(1),0,0,,
9234,keming,2017,2A(2),0,0,,
9235,keming,2017,2B,15,53,,1
9236,keming,2017,2C,131,92,,0.702290076335878
9237,keming,2017,2C(S),0,0,,
9238,keming,2017,3,0,0,,
9239,keming,2017,Total,0,210,,1
9240,keming,2018,1,0,0,,
9241,keming,2018,2A(1),0,0,,
9242,keming,2018,2A(2),0,0,,
9243,keming,2018,2B,23,43,,1
9244,keming,2018,2C,110,64,,0.581818181818182
9245,keming,2018,2C(S),0,0,,
9246,keming,2018,3,0,0,,
9247,keming,2018,Total,0,210,,1
9248,keming,2019,1,99,170,,1
9249,keming,2019,2A(1),2,71,,1
9250,keming,2019,2A(2),31,69,,1
9251,keming,2019,2B,13,40,,1
9252,keming,2019,2C,135,68,SC<1,0.503703703703704
9253,keming,2019,2C(S),0,0,,
9254,keming,2019,3,0,0,,
9255,keming,2019,Total,0,210,,1
9256,keming,2020,1,82,170,,1
9257,keming,2020,2A(1),3,88,,1
9258,keming,2020,2A(2),38,85,,1
9259,keming,2020,2B,21,44,,1
9260,keming,2020,2C,144,67,SC<1,0.465277777777778
9261,keming,2020,2C(S),0,0,,
9262,keming,2020,3,0,0,,
9263,keming,2020,Total,0,210,,1
9264,keming,2021,1,88,170,,1
9265,keming,2021,2A(1),2,82,,1
9266,keming,2021,2A(2),40,80,,1
9267,keming,2021,2B,16,40,,1
9268,keming,2021,2C,126,66,SC<1,0.523809523809524
9269,keming,2021,2C(S),0,0,,
9270,keming,2021,3,0,0,,
9271,keming,2021,Total,0,210,,1
9272,keming,2022,1,100,160,,1
9273,keming,2022,2A(1),49,60,,1
9274,keming,2022,2A(2),0,0,,
9275,keming,2022,2B,19,24,,1
9276,keming,2022,2C,121,53,SC<1,0.43801652892562
9277,keming,2022,2C(S),0,0,,
9278,keming,2022,3,0,0,,
9279,keming,2022,Total,0,220,,1
9280,keming,2023,1,100,180,,1
9281,keming,2023,2A(1),51,80,,1
9282,keming,2023,2A(2),0,0,,
9283,keming,2023,2B,8,30,,1
9284,keming,2023,2C,138,82,SC<1,0.594202898550725
9285,keming,2023,2C(S),0,0,,
9286,keming,2023,3,0,0,,
9287,keming,2023,Total,0,240,,1
9288,kheng-cheng,2009,1,0,0,,
9289,kheng-cheng,2009,2A(1),0,0,,
9290,kheng-cheng,2009,2A(2),0,0,,
9291,kheng-cheng,2009,2B,0,72,,1
9292,kheng-cheng,2009,2C,112,145,,1
9293,kheng-cheng,2009,2C(S),38,33,,0.868421052631579
9294,kheng-cheng,2009,3,0,0,,
9295,kheng-cheng,2009,Total,0,240,,1
9296,kheng-cheng,2010,1,0,0,,
9297,kheng-cheng,2010,2A(1),0,0,,
9298,kheng-cheng,2010,2A(2),0,0,,
9299,kheng-cheng,2010,2B,2,68,,1
9300,kheng-cheng,2010,2C,108,133,,1
9301,kheng-cheng,2010,2C(S),43,28,,0.651162790697674
9302,kheng-cheng,2010,3,0,0,,
9303,kheng-cheng,2010,Total,0,240,,1
9304,kheng-cheng,2011,1,0,0,,
9305,kheng-cheng,2011,2A(1),0,0,,
9306,kheng-cheng,2011,2A(2),0,0,,
9307,kheng-cheng,2011,2B,3,76,,1
9308,kheng-cheng,2011,2C,149,149,,1
9309,kheng-cheng,2011,2C(S),0,0,,
9310,kheng-cheng,2011,3,0,0,,
9311,kheng-cheng,2011,Total,0,240,,1
9312,kheng-cheng,2012,1,0,0,,
9313,kheng-cheng,2012,2A(1),0,0,,
9314,kheng-cheng,2012,2A(2),0,0,,
9315,kheng-cheng,2012,2B,5,64,,1
9316,kheng-cheng,2012,2C,134,122,,0.91044776119403
9317,kheng-cheng,2012,2C(S),0,0,,
9318,kheng-cheng,2012,3,0,0,,
9319,kheng-cheng,2012,Total,0,240,,1
9320,kheng-cheng,2013,1,0,0,,
9321,kheng-cheng,2013,2A(1),0,0,,
9322,kheng-cheng,2013,2A(2),0,0,,
9323,kheng-cheng,2013,2B,3,68,,1
9324,kheng-cheng,2013,2C,142,133,,0.936619718309859
9325,kheng-cheng,2013,2C(S),0,0,,
9326,kheng-cheng,2013,3,0,0,,
9327,kheng-cheng,2013,Total,0,240,,1
9328,kheng-cheng,2014,1,0,0,,
9329,kheng-cheng,2014,2A(1),0,0,,
9330,kheng-cheng,2014,2A(2),0,0,,
9331,kheng-cheng,2014,2B,0,69,,1
9332,kheng-cheng,2014,2C,150,137,,0.913333333333333
9333,kheng-cheng,2014,2C(S),0,0,,
9334,kheng-cheng,2014,3,0,0,,
9335,kheng-cheng,2014,Total,0,240,,1
9336,kheng-cheng,2015,1,0,0,,
9337,kheng-cheng,2015,2A(1),0,0,,
9338,kheng-cheng,2015,2A(2),0,0,,
9339,kheng-cheng,2015,2B,2,50,,1
9340,kheng-cheng,2015,2C,117,98,,0.837606837606838
9341,kheng-cheng,2015,2C(S),0,0,,
9342,kheng-cheng,2015,3,0,0,,
9343,kheng-cheng,2015,Total,0,240,,1
9344,kheng-cheng,2016,1,0,0,,
9345,kheng-cheng,2016,2A(1),0,0,,
9346,kheng-cheng,2016,2A(2),0,0,,
9347,kheng-cheng,2016,2B,0,68,,1
9348,kheng-cheng,2016,2C,138,138,,1
9349,kheng-cheng,2016,2C(S),0,0,,
9350,kheng-cheng,2016,3,0,0,,
9351,kheng-cheng,2016,Total,0,240,,1
9352,kheng-cheng,2017,1,0,0,,
9353,kheng-cheng,2017,2A(1),0,0,,
9354,kheng-cheng,2017,2A(2),0,0,,
9355,kheng-cheng,2017,2B,0,75,,1
9356,kheng-cheng,2017,2C,160,150,,0.9375
9357,kheng-cheng,2017,2C(S),0,0,,
9358,kheng-cheng,2017,3,0,0,,
9359,kheng-cheng,2017,Total,0,240,,1
9360,kheng-cheng,2018,1,0,0,,
9361,kheng-cheng,2018,2A(1),0,0,,
9362,kheng-cheng,2018,2A(2),0,0,,
9363,kheng-cheng,2018,2B,2,59,,1
9364,kheng-cheng,2018,2C,133,116,,0.87218045112782
9365,kheng-cheng,2018,2C(S),0,0,,
9366,kheng-cheng,2018,3,0,0,,
9367,kheng-cheng,2018,Total,0,240,,1
9368,kheng-cheng,2019,1,71,200,,1
9369,kheng-cheng,2019,2A(1),0,129,,1
9370,kheng-cheng,2019,2A(2),19,129,,1
9371,kheng-cheng,2019,2B,0,75,,1
9372,kheng-cheng,2019,2C,129,150,,1
9373,kheng-cheng,2019,2C(S),27,21,SC<1,0.777777777777778
9374,kheng-cheng,2019,3,0,0,,
9375,kheng-cheng,2019,Total,0,240,,1
9376,kheng-cheng,2020,1,85,200,,1
9377,kheng-cheng,2020,2A(1),3,115,,1
9378,kheng-cheng,2020,2A(2),18,112,,1
9379,kheng-cheng,2020,2B,3,67,,1
9380,kheng-cheng,2020,2C,140,132,PR<1,0.942857142857143
9381,kheng-cheng,2020,2C(S),0,0,,
9382,kheng-cheng,2020,3,0,0,,
9383,kheng-cheng,2020,Total,0,240,,1
9384,kheng-cheng,2021,1,125,200,,1
9385,kheng-cheng,2021,2A(1),3,75,,1
9386,kheng-cheng,2021,2A(2),20,72,,1
9387,kheng-cheng,2021,2B,0,46,,1
9388,kheng-cheng,2021,2C,127,94,SC<1,0.740157480314961
9389,kheng-cheng,2021,2C(S),0,0,,
9390,kheng-cheng,2021,3,0,0,,
9391,kheng-cheng,2021,Total,0,240,,1
9392,kheng-cheng,2022,1,83,180,,1
9393,kheng-cheng,2022,2A(1),15,98,,1
9394,kheng-cheng,2022,2A(2),0,0,,
9395,kheng-cheng,2022,2B,4,48,,1
9396,kheng-cheng,2022,2C,111,141,,1
9397,kheng-cheng,2022,2C(S),55,30,SC<1#,0.545454545454545
9398,kheng-cheng,2022,3,0,0,,
9399,kheng-cheng,2022,Total,0,240,,1
9400,kheng-cheng,2023,1,71,180,,1
9401,kheng-cheng,2023,2A(1),47,109,,1
9402,kheng-cheng,2023,2A(2),0,0,,
9403,kheng-cheng,2023,2B,1,41,,1
9404,kheng-cheng,2023,2C,110,121,,1
9405,kheng-cheng,2023,2C(S),28,11,SC<1,0.392857142857143
9406,kheng-cheng,2023,3,0,0,,
9407,kheng-cheng,2023,Total,0,240,,1
9408,kong-hwa,2009,1,0,0,,
9409,kong-hwa,2009,2A(1),0,0,,
9410,kong-hwa,2009,2A(2),0,0,,
9411,kong-hwa,2009,2B,63,55,,0.873015873015873
9412,kong-hwa,2009,2C,66,55,,0.833333333333333
9413,kong-hwa,2009,2C(S),0,0,,
9414,kong-hwa,2009,3,0,0,,
9415,kong-hwa,2009,Total,0,270,,1
9416,kong-hwa,2010,1,0,0,,
9417,kong-hwa,2010,2A(1),0,0,,
9418,kong-hwa,2010,2A(2),0,0,,
9419,kong-hwa,2010,2B,76,50,,0.657894736842105
9420,kong-hwa,2010,2C,80,49,,0.6125
9421,kong-hwa,2010,2C(S),0,0,,
9422,kong-hwa,2010,3,0,0,,
9423,kong-hwa,2010,Total,0,270,,1
9424,kong-hwa,2011,1,0,0,,
9425,kong-hwa,2011,2A(1),0,0,,
9426,kong-hwa,2011,2A(2),0,0,,
9427,kong-hwa,2011,2B,69,47,,0.681159420289855
9428,kong-hwa,2011,2C,82,48,,0.585365853658537
9429,kong-hwa,2011,2C(S),0,0,,
9430,kong-hwa,2011,3,0,0,,
9431,kong-hwa,2011,Total,0,270,,1
9432,kong-hwa,2012,1,0,0,,
9433,kong-hwa,2012,2A(1),0,0,,
9434,kong-hwa,2012,2A(2),0,0,,
9435,kong-hwa,2012,2B,79,41,,0.518987341772152
9436,kong-hwa,2012,2C,77,41,,0.532467532467532
9437,kong-hwa,2012,2C(S),0,0,,
9438,kong-hwa,2012,3,0,0,,
9439,kong-hwa,2012,Total,0,270,,1
9440,kong-hwa,2013,1,0,0,,
9441,kong-hwa,2013,2A(1),0,0,,
9442,kong-hwa,2013,2A(2),0,0,,
9443,kong-hwa,2013,2B,46,41,,0.891304347826087
9444,kong-hwa,2013,2C,75,41,,0.546666666666667
9445,kong-hwa,2013,2C(S),0,0,,
9446,kong-hwa,2013,3,0,0,,
9447,kong-hwa,2013,Total,0,270,,1
9448,kong-hwa,2014,1,0,0,,
9449,kong-hwa,2014,2A(1),0,0,,
9450,kong-hwa,2014,2A(2),0,0,,
9451,kong-hwa,2014,2B,47,33,,0.702127659574468
9452,kong-hwa,2014,2C,67,33,,0.492537313432836
9453,kong-hwa,2014,2C(S),0,0,,
9454,kong-hwa,2014,3,0,0,,
9455,kong-hwa,2014,Total,0,270,,1
9456,kong-hwa,2015,1,0,0,,
9457,kong-hwa,2015,2A(1),0,0,,
9458,kong-hwa,2015,2A(2),0,0,,
9459,kong-hwa,2015,2B,53,46,,0.867924528301887
9460,kong-hwa,2015,2C,62,49,,0.790322580645161
9461,kong-hwa,2015,2C(S),0,0,,
9462,kong-hwa,2015,3,0,0,,
9463,kong-hwa,2015,Total,0,270,,1
9464,kong-hwa,2016,1,0,0,,
9465,kong-hwa,2016,2A(1),0,0,,
9466,kong-hwa,2016,2A(2),0,0,,
9467,kong-hwa,2016,2B,51,52,,1
9468,kong-hwa,2016,2C,69,54,,0.782608695652174
9469,kong-hwa,2016,2C(S),0,0,,
9470,kong-hwa,2016,3,0,0,,
9471,kong-hwa,2016,Total,0,270,,1
9472,kong-hwa,2017,1,0,0,,
9473,kong-hwa,2017,2A(1),0,0,,
9474,kong-hwa,2017,2A(2),0,0,,
9475,kong-hwa,2017,2B,43,46,,1
9476,kong-hwa,2017,2C,56,48,,0.857142857142857
9477,kong-hwa,2017,2C(S),0,0,,
9478,kong-hwa,2017,3,0,0,,
9479,kong-hwa,2017,Total,0,270,,1
9480,kong-hwa,2018,1,0,0,,
9481,kong-hwa,2018,2A(1),0,0,,
9482,kong-hwa,2018,2A(2),0,0,,
9483,kong-hwa,2018,2B,31,24,,0.774193548387097
9484,kong-hwa,2018,2C,53,24,,0.452830188679245
9485,kong-hwa,2018,2C(S),0,0,,
9486,kong-hwa,2018,3,0,0,,
9487,kong-hwa,2018,Total,0,270,,1
9488,kong-hwa,2019,1,106,230,,1
9489,kong-hwa,2019,2A(1),33,124,,1
9490,kong-hwa,2019,2A(2),29,91,,1
9491,kong-hwa,2019,2B,43,51,,1
9492,kong-hwa,2019,2C,79,61,SC<1,0.772151898734177
9493,kong-hwa,2019,2C(S),0,0,,
9494,kong-hwa,2019,3,0,0,,
9495,kong-hwa,2019,Total,0,270,,1
9496,kong-hwa,2020,1,115,230,,1
9497,kong-hwa,2020,2A(1),43,116,,1
9498,kong-hwa,2020,2A(2),31,73,,1
9499,kong-hwa,2020,2B,41,42,,1
9500,kong-hwa,2020,2C,91,44,SC<1,0.483516483516484
9501,kong-hwa,2020,2C(S),0,0,,
9502,kong-hwa,2020,3,0,0,,
9503,kong-hwa,2020,Total,0,270,,1
9504,kong-hwa,2021,1,129,230,,1
9505,kong-hwa,2021,2A(1),31,101,,1
9506,kong-hwa,2021,2A(2),26,70,,1
9507,kong-hwa,2021,2B,45,43,SC>2,0.955555555555556
9508,kong-hwa,2021,2C,72,42,SC<1,0.583333333333333
9509,kong-hwa,2021,2C(S),0,0,,
9510,kong-hwa,2021,3,0,0,,
9511,kong-hwa,2021,Total,0,270,,1
9512,kong-hwa,2022,1,99,210,,1
9513,kong-hwa,2022,2A(1),75,111,,1
9514,kong-hwa,2022,2A(2),0,0,,
9515,kong-hwa,2022,2B,65,32,SC<1,0.492307692307692
9516,kong-hwa,2022,2C,129,64,SC<1,0.496124031007752
9517,kong-hwa,2022,2C(S),0,0,,
9518,kong-hwa,2022,3,0,0,,
9519,kong-hwa,2022,Total,0,270,,1
9520,kong-hwa,2023,1,110,210,,1
9521,kong-hwa,2023,2A(1),74,100,,1
9522,kong-hwa,2023,2A(2),0,0,,
9523,kong-hwa,2023,2B,57,29,SC<1,0.508771929824561
9524,kong-hwa,2023,2C,84,57,SC<1,0.678571428571429
9525,kong-hwa,2023,2C(S),0,0,,
9526,kong-hwa,2023,3,0,0,,
9527,kong-hwa,2023,Total,0,270,,1
9528,kranji,2009,1,0,0,,
9529,kranji,2009,2A(1),0,0,,
9530,kranji,2009,2A(2),0,0,,
9531,kranji,2009,2B,2,92,,1
9532,kranji,2009,2C,32,186,,1
9533,kranji,2009,2C(S),101,154,,1
9534,kranji,2009,3,0,41,,1
9535,kranji,2009,Total,0,270,,1
9536,kranji,2010,1,0,0,,
9537,kranji,2010,2A(1),0,0,,
9538,kranji,2010,2A(2),0,0,,
9539,kranji,2010,2B,1,92,,1
9540,kranji,2010,2C,34,182,,1
9541,kranji,2010,2C(S),86,149,,1
9542,kranji,2010,3,0,48,,1
9543,kranji,2010,Total,0,270,,1
9544,kranji,2011,1,0,0,,
9545,kranji,2011,2A(1),0,0,,
9546,kranji,2011,2A(2),0,0,,
9547,kranji,2011,2B,1,76,,1
9548,kranji,2011,2C,35,151,,1
9549,kranji,2011,2C(S),57,116,,1
9550,kranji,2011,3,0,49,,1
9551,kranji,2011,Total,0,240,,1
9552,kranji,2012,1,0,0,,
9553,kranji,2012,2A(1),0,0,,
9554,kranji,2012,2A(2),0,0,,
9555,kranji,2012,2B,0,79,,1
9556,kranji,2012,2C,35,158,,1
9557,kranji,2012,2C(S),46,123,,1
9558,kranji,2012,3,0,72,,1
9559,kranji,2012,Total,0,240,,1
9560,kranji,2013,1,0,0,,
9561,kranji,2013,2A(1),0,0,,
9562,kranji,2013,2A(2),0,0,,
9563,kranji,2013,2B,1,73,,1
9564,kranji,2013,2C,34,144,,1
9565,kranji,2013,2C(S),30,112,,1
9566,kranji,2013,3,0,23,,1
9567,kranji,2013,Total,0,210,,1
9568,kranji,2014,1,0,0,,
9569,kranji,2014,2A(1),0,0,,
9570,kranji,2014,2A(2),0,0,,
9571,kranji,2014,2B,0,78,,1
9572,kranji,2014,2C,29,155,,1
9573,kranji,2014,2C(S),19,127,,1
9574,kranji,2014,3,0,108,,1
9575,kranji,2014,Total,0,210,,1
9576,kranji,2015,1,0,0,,
9577,kranji,2015,2A(1),0,0,,
9578,kranji,2015,2A(2),0,0,,
9579,kranji,2015,2B,0,80,,1
9580,kranji,2015,2C,20,160,,1
9581,kranji,2015,2C(S),9,140,,1
9582,kranji,2015,3,0,131,,1
9583,kranji,2015,Total,0,210,,1
9584,kranji,2016,1,0,0,,
9585,kranji,2016,2A(1),0,0,,
9586,kranji,2016,2A(2),0,0,,
9587,kranji,2016,2B,0,57,,1
9588,kranji,2016,2C,12,115,,1
9589,kranji,2016,2C(S),2,103,,1
9590,kranji,2016,3,0,101,,1
9591,kranji,2016,Total,0,150,,1
9592,kranji,2017,1,0,0,,
9593,kranji,2017,2A(1),0,0,,
9594,kranji,2017,2A(2),0,0,,
9595,kranji,2017,2B,0,57,,1
9596,kranji,2017,2C,10,114,,1
9597,kranji,2017,2C(S),9,105,,1
9598,kranji,2017,3,0,96,,1
9599,kranji,2017,Total,0,150,,1
9600,kranji,2018,1,0,0,,
9601,kranji,2018,2A(1),0,0,,
9602,kranji,2018,2A(2),0,0,,
9603,kranji,2018,2B,0,57,,1
9604,kranji,2018,2C,16,113,,1
9605,kranji,2018,2C(S),9,98,,1
9606,kranji,2018,3,0,89,,1
9607,kranji,2018,Total,0,150,,1
9608,kranji,2019,1,24,110,,1
9609,kranji,2019,2A(1),0,86,,1
9610,kranji,2019,2A(2),4,86,,1
9611,kranji,2019,2B,0,61,,1
9612,kranji,2019,2C,21,122,,1
9613,kranji,2019,2C(S),6,102,,1
9614,kranji,2019,3,0,96,,1
9615,kranji,2019,Total,0,150,,1
9616,kranji,2020,1,31,170,,1
9617,kranji,2020,2A(1),0,139,,1
9618,kranji,2020,2A(2),13,141,,1
9619,kranji,2020,2B,0,84,,1
9620,kranji,2020,2C,12,168,,1
9621,kranji,2020,2C(S),22,157,,1
9622,kranji,2020,3,0,135,,1
9623,kranji,2020,Total,0,210,,1
9624,kranji,2021,1,30,140,,1
9625,kranji,2021,2A(1),0,110,,1
9626,kranji,2021,2A(2),25,110,,1
9627,kranji,2021,2B,0,63,,1
9628,kranji,2021,2C,13,125,,1
9629,kranji,2021,2C(S),10,112,,1
9630,kranji,2021,3,0,102,,1
9631,kranji,2021,Total,0,180,,1
9632,kranji,2022,1,31,90,,1
9633,kranji,2022,2A(1),20,59,,1
9634,kranji,2022,2A(2),0,0,,
9635,kranji,2022,2B,0,33,,1
9636,kranji,2022,2C,16,99,,1
9637,kranji,2022,2C(S),7,84,,1
9638,kranji,2022,3,0,77,,1
9639,kranji,2022,Total,0,150,,1
9640,kranji,2023,1,35,60,,1
9641,kranji,2023,2A(1),25,25,,1
9642,kranji,2023,2A(2),0,0,,
9643,kranji,2023,2B,0,20,,1
9644,kranji,2023,2C,21,60,,1
9645,kranji,2023,2C(S),16,39,,1
9646,kranji,2023,3,0,23,,1
9647,kranji,2023,Total,0,120,,1
9648,kuo-chuan-presbyterian,2009,1,0,0,,
9649,kuo-chuan-presbyterian,2009,2A(1),0,0,,
9650,kuo-chuan-presbyterian,2009,2A(2),0,0,,
9651,kuo-chuan-presbyterian,2009,2B,27,74,,1
9652,kuo-chuan-presbyterian,2009,2C,148,122,,0.824324324324324
9653,kuo-chuan-presbyterian,2009,2C(S),0,0,,
9654,kuo-chuan-presbyterian,2009,3,0,0,,
9655,kuo-chuan-presbyterian,2009,Total,0,240,,1
9656,kuo-chuan-presbyterian,2010,1,0,0,,
9657,kuo-chuan-presbyterian,2010,2A(1),0,0,,
9658,kuo-chuan-presbyterian,2010,2A(2),0,0,,
9659,kuo-chuan-presbyterian,2010,2B,16,66,,1
9660,kuo-chuan-presbyterian,2010,2C,148,116,,0.783783783783784
9661,kuo-chuan-presbyterian,2010,2C(S),0,0,,
9662,kuo-chuan-presbyterian,2010,3,0,0,,
9663,kuo-chuan-presbyterian,2010,Total,0,240,,1
9664,kuo-chuan-presbyterian,2011,1,0,0,,
9665,kuo-chuan-presbyterian,2011,2A(1),0,0,,
9666,kuo-chuan-presbyterian,2011,2A(2),0,0,,
9667,kuo-chuan-presbyterian,2011,2B,34,72,,1
9668,kuo-chuan-presbyterian,2011,2C,123,111,,0.902439024390244
9669,kuo-chuan-presbyterian,2011,2C(S),0,0,,
9670,kuo-chuan-presbyterian,2011,3,0,0,,
9671,kuo-chuan-presbyterian,2011,Total,0,240,,1
9672,kuo-chuan-presbyterian,2012,1,0,0,,
9673,kuo-chuan-presbyterian,2012,2A(1),0,0,,
9674,kuo-chuan-presbyterian,2012,2A(2),0,0,,
9675,kuo-chuan-presbyterian,2012,2B,39,73,,1
9676,kuo-chuan-presbyterian,2012,2C,118,106,,0.898305084745763
9677,kuo-chuan-presbyterian,2012,2C(S),0,0,,
9678,kuo-chuan-presbyterian,2012,3,0,0,,
9679,kuo-chuan-presbyterian,2012,Total,0,240,,1
9680,kuo-chuan-presbyterian,2013,1,0,0,,
9681,kuo-chuan-presbyterian,2013,2A(1),0,0,,
9682,kuo-chuan-presbyterian,2013,2A(2),0,0,,
9683,kuo-chuan-presbyterian,2013,2B,43,55,,1
9684,kuo-chuan-presbyterian,2013,2C,88,67,,0.761363636363636
9685,kuo-chuan-presbyterian,2013,2C(S),0,0,,
9686,kuo-chuan-presbyterian,2013,3,0,0,,
9687,kuo-chuan-presbyterian,2013,Total,0,240,,1
9688,kuo-chuan-presbyterian,2014,1,0,0,,
9689,kuo-chuan-presbyterian,2014,2A(1),0,0,,
9690,kuo-chuan-presbyterian,2014,2A(2),0,0,,
9691,kuo-chuan-presbyterian,2014,2B,57,60,,1
9692,kuo-chuan-presbyterian,2014,2C,68,63,,0.926470588235294
9693,kuo-chuan-presbyterian,2014,2C(S),0,0,,
9694,kuo-chuan-presbyterian,2014,3,0,0,,
9695,kuo-chuan-presbyterian,2014,Total,0,240,,1
9696,kuo-chuan-presbyterian,2015,1,0,0,,
9697,kuo-chuan-presbyterian,2015,2A(1),0,0,,
9698,kuo-chuan-presbyterian,2015,2A(2),0,0,,
9699,kuo-chuan-presbyterian,2015,2B,56,55,,0.982142857142857
9700,kuo-chuan-presbyterian,2015,2C,68,57,,0.838235294117647
9701,kuo-chuan-presbyterian,2015,2C(S),0,0,,
9702,kuo-chuan-presbyterian,2015,3,0,0,,
9703,kuo-chuan-presbyterian,2015,Total,0,240,,1
9704,kuo-chuan-presbyterian,2016,1,0,0,,
9705,kuo-chuan-presbyterian,2016,2A(1),0,0,,
9706,kuo-chuan-presbyterian,2016,2A(2),0,0,,
9707,kuo-chuan-presbyterian,2016,2B,32,62,,1
9708,kuo-chuan-presbyterian,2016,2C,108,96,,0.888888888888889
9709,kuo-chuan-presbyterian,2016,2C(S),0,0,,
9710,kuo-chuan-presbyterian,2016,3,0,0,,
9711,kuo-chuan-presbyterian,2016,Total,0,240,,1
9712,kuo-chuan-presbyterian,2017,1,0,0,,
9713,kuo-chuan-presbyterian,2017,2A(1),0,0,,
9714,kuo-chuan-presbyterian,2017,2A(2),0,0,,
9715,kuo-chuan-presbyterian,2017,2B,34,60,,1
9716,kuo-chuan-presbyterian,2017,2C,93,86,,0.924731182795699
9717,kuo-chuan-presbyterian,2017,2C(S),0,0,,
9718,kuo-chuan-presbyterian,2017,3,0,0,,
9719,kuo-chuan-presbyterian,2017,Total,0,240,,1
9720,kuo-chuan-presbyterian,2018,1,0,0,,
9721,kuo-chuan-presbyterian,2018,2A(1),0,0,,
9722,kuo-chuan-presbyterian,2018,2A(2),0,0,,
9723,kuo-chuan-presbyterian,2018,2B,54,39,,0.722222222222222
9724,kuo-chuan-presbyterian,2018,2C,56,43,,0.767857142857143
9725,kuo-chuan-presbyterian,2018,2C(S),0,0,,
9726,kuo-chuan-presbyterian,2018,3,0,0,,
9727,kuo-chuan-presbyterian,2018,Total,0,240,,1
9728,kuo-chuan-presbyterian,2019,1,111,200,,1
9729,kuo-chuan-presbyterian,2019,2A(1),10,90,,1
9730,kuo-chuan-presbyterian,2019,2A(2),32,81,,1
9731,kuo-chuan-presbyterian,2019,2B,37,46,,1
9732,kuo-chuan-presbyterian,2019,2C,73,55,SC1-2,0.753424657534247
9733,kuo-chuan-presbyterian,2019,2C(S),0,0,,
9734,kuo-chuan-presbyterian,2019,3,0,0,,
9735,kuo-chuan-presbyterian,2019,Total,0,240,,1
9736,kuo-chuan-presbyterian,2020,1,120,200,,1
9737,kuo-chuan-presbyterian,2020,2A(1),9,80,,1
9738,kuo-chuan-presbyterian,2020,2A(2),38,71,,1
9739,kuo-chuan-presbyterian,2020,2B,55,37,SC<2#,0.672727272727273
9740,kuo-chuan-presbyterian,2020,2C,50,37,SC<1,0.74
9741,kuo-chuan-presbyterian,2020,2C(S),0,0,,
9742,kuo-chuan-presbyterian,2020,3,0,0,,
9743,kuo-chuan-presbyterian,2020,Total,0,240,,1
9744,kuo-chuan-presbyterian,2021,1,82,200,,1
9745,kuo-chuan-presbyterian,2021,2A(1),9,118,,1
9746,kuo-chuan-presbyterian,2021,2A(2),34,109,,1
9747,kuo-chuan-presbyterian,2021,2B,51,58,,1
9748,kuo-chuan-presbyterian,2021,2C,91,66,SC1-2,0.725274725274725
9749,kuo-chuan-presbyterian,2021,2C(S),0,0,,
9750,kuo-chuan-presbyterian,2021,3,0,0,,
9751,kuo-chuan-presbyterian,2021,Total,0,240,,1
9752,kuo-chuan-presbyterian,2022,1,103,180,,1
9753,kuo-chuan-presbyterian,2022,2A(1),45,77,,1
9754,kuo-chuan-presbyterian,2022,2A(2),0,0,,
9755,kuo-chuan-presbyterian,2022,2B,54,31,SC1-2,0.574074074074074
9756,kuo-chuan-presbyterian,2022,2C,86,67,SC1-2,0.779069767441861
9757,kuo-chuan-presbyterian,2022,2C(S),0,0,,
9758,kuo-chuan-presbyterian,2022,3,0,0,,
9759,kuo-chuan-presbyterian,2022,Total,0,240,,1
9760,kuo-chuan-presbyterian,2023,1,88,180,,1
9761,kuo-chuan-presbyterian,2023,2A(1),57,92,,1
9762,kuo-chuan-presbyterian,2023,2A(2),0,0,,
9763,kuo-chuan-presbyterian,2023,2B,36,32,SC>2,0.888888888888889
9764,kuo-chuan-presbyterian,2023,2C,76,67,SC1-2,0.881578947368421
9765,kuo-chuan-presbyterian,2023,2C(S),0,0,,
9766,kuo-chuan-presbyterian,2023,3,0,0,,
9767,kuo-chuan-presbyterian,2023,Total,0,240,,1
9768,lakeside,2009,1,0,0,,
9769,lakeside,2009,2A(1),0,0,,
9770,lakeside,2009,2A(2),0,0,,
9771,lakeside,2009,2B,3,88,,1
9772,lakeside,2009,2C,90,174,,1
9773,lakeside,2009,2C(S),83,84,,1
9774,lakeside,2009,3,0,0,,
9775,lakeside,2009,Total,0,300,,1
9776,lakeside,2010,1,0,0,,
9777,lakeside,2010,2A(1),0,0,,
9778,lakeside,2010,2A(2),0,0,,
9779,lakeside,2010,2B,0,73,,1
9780,lakeside,2010,2C,98,146,,1
9781,lakeside,2010,2C(S),67,49,,0.73134328358209
9782,lakeside,2010,3,0,0,,
9783,lakeside,2010,Total,0,300,,1
9784,lakeside,2011,1,0,0,,
9785,lakeside,2011,2A(1),0,0,,
9786,lakeside,2011,2A(2),0,0,,
9787,lakeside,2011,2B,0,71,,1
9788,lakeside,2011,2C,115,143,,1
9789,lakeside,2011,2C(S),36,28,,0.777777777777778
9790,lakeside,2011,3,0,0,,
9791,lakeside,2011,Total,0,270,,1
9792,lakeside,2012,1,0,0,,
9793,lakeside,2012,2A(1),0,0,,
9794,lakeside,2012,2A(2),0,0,,
9795,lakeside,2012,2B,0,64,,1
9796,lakeside,2012,2C,147,128,,0.870748299319728
9797,lakeside,2012,2C(S),0,0,,
9798,lakeside,2012,3,0,0,,
9799,lakeside,2012,Total,0,240,,1
9800,lakeside,2013,1,0,0,,
9801,lakeside,2013,2A(1),0,0,,
9802,lakeside,2013,2A(2),0,0,,
9803,lakeside,2013,2B,2,52,,1
9804,lakeside,2013,2C,111,101,,0.90990990990991
9805,lakeside,2013,2C(S),0,0,,
9806,lakeside,2013,3,0,0,,
9807,lakeside,2013,Total,0,240,,1
9808,lakeside,2014,1,0,0,,
9809,lakeside,2014,2A(1),0,0,,
9810,lakeside,2014,2A(2),0,0,,
9811,lakeside,2014,2B,0,62,,1
9812,lakeside,2014,2C,130,123,,0.946153846153846
9813,lakeside,2014,2C(S),0,0,,
9814,lakeside,2014,3,0,0,,
9815,lakeside,2014,Total,0,240,,1
9816,lakeside,2015,1,0,0,,
9817,lakeside,2015,2A(1),0,0,,
9818,lakeside,2015,2A(2),0,0,,
9819,lakeside,2015,2B,0,60,,1
9820,lakeside,2015,2C,127,119,,0.937007874015748
9821,lakeside,2015,2C(S),0,0,,
9822,lakeside,2015,3,0,0,,
9823,lakeside,2015,Total,0,240,,1
9824,lakeside,2016,1,0,0,,
9825,lakeside,2016,2A(1),0,0,,
9826,lakeside,2016,2A(2),0,0,,
9827,lakeside,2016,2B,0,68,,1
9828,lakeside,2016,2C,138,135,,0.978260869565217
9829,lakeside,2016,2C(S),0,0,,
9830,lakeside,2016,3,0,0,,
9831,lakeside,2016,Total,0,240,,1
9832,lakeside,2017,1,0,0,,
9833,lakeside,2017,2A(1),0,0,,
9834,lakeside,2017,2A(2),0,0,,
9835,lakeside,2017,2B,0,55,,1
9836,lakeside,2017,2C,117,109,,0.931623931623932
9837,lakeside,2017,2C(S),0,0,,
9838,lakeside,2017,3,0,0,,
9839,lakeside,2017,Total,0,210,,1
9840,lakeside,2018,1,0,0,,
9841,lakeside,2018,2A(1),0,0,,
9842,lakeside,2018,2A(2),0,0,,
9843,lakeside,2018,2B,0,37,,1
9844,lakeside,2018,2C,106,75,,0.707547169811321
9845,lakeside,2018,2C(S),0,0,,
9846,lakeside,2018,3,0,0,,
9847,lakeside,2018,Total,0,210,,1
9848,lakeside,2019,1,92,200,,1
9849,lakeside,2019,2A(1),0,108,,1
9850,lakeside,2019,2A(2),22,108,,1
9851,lakeside,2019,2B,0,64,,1
9852,lakeside,2019,2C,147,127,SC>2,0.863945578231292
9853,lakeside,2019,2C(S),0,0,,
9854,lakeside,2019,3,0,0,,
9855,lakeside,2019,Total,0,240,,1
9856,lakeside,2020,1,94,200,,1
9857,lakeside,2020,2A(1),0,106,,1
9858,lakeside,2020,2A(2),20,106,,1
9859,lakeside,2020,2B,0,63,,1
9860,lakeside,2020,2C,138,126,PR<1,0.91304347826087
9861,lakeside,2020,2C(S),0,0,,
9862,lakeside,2020,3,0,0,,
9863,lakeside,2020,Total,0,240,,1
9864,lakeside,2021,1,100,200,,1
9865,lakeside,2021,2A(1),1,100,,1
9866,lakeside,2021,2A(2),34,99,,1
9867,lakeside,2021,2B,0,53,,1
9868,lakeside,2021,2C,143,105,SC1-2,0.734265734265734
9869,lakeside,2021,2C(S),0,0,,
9870,lakeside,2021,3,0,0,,
9871,lakeside,2021,Total,0,240,,1
9872,lakeside,2022,1,104,180,,1
9873,lakeside,2022,2A(1),23,76,,1
9874,lakeside,2022,2A(2),0,0,,
9875,lakeside,2022,2B,0,38,,1
9876,lakeside,2022,2C,124,113,PR<1,0.911290322580645
9877,lakeside,2022,2C(S),0,0,,
9878,lakeside,2022,3,0,0,,
9879,lakeside,2022,Total,0,240,,1
9880,lakeside,2023,1,82,180,,1
9881,lakeside,2023,2A(1),42,98,,1
9882,lakeside,2023,2A(2),0,0,,
9883,lakeside,2023,2B,0,39,,1
9884,lakeside,2023,2C,112,119,,1
9885,lakeside,2023,2C(S),19,7,SC<1,0.368421052631579
9886,lakeside,2023,3,0,0,,
9887,lakeside,2023,Total,0,240,,1
9888,lianhua,2009,1,0,0,,
9889,lianhua,2009,2A(1),0,0,,
9890,lianhua,2009,2A(2),0,0,,
9891,lianhua,2009,2B,2,47,,1
9892,lianhua,2009,2C,73,92,,1
9893,lianhua,2009,2C(S),24,19,,0.791666666666667
9894,lianhua,2009,3,0,0,,
9895,lianhua,2009,Total,0,180,,1
9896,lianhua,2010,1,0,0,,
9897,lianhua,2010,2A(1),0,0,,
9898,lianhua,2010,2A(2),0,0,,
9899,lianhua,2010,2B,0,68,,1
9900,lianhua,2010,2C,65,135,,1
9901,lianhua,2010,2C(S),38,71,,1
9902,lianhua,2010,3,0,21,,1
9903,lianhua,2010,Total,0,210,,1
9904,lianhua,2011,1,0,0,,
9905,lianhua,2011,2A(1),0,0,,
9906,lianhua,2011,2A(2),0,0,,
9907,lianhua,2011,2B,0,70,,1
9908,lianhua,2011,2C,56,142,,1
9909,lianhua,2011,2C(S),25,86,,1
9910,lianhua,2011,3,0,52,,1
9911,lianhua,2011,Total,0,210,,1
9912,lianhua,2012,1,0,0,,
9913,lianhua,2012,2A(1),0,0,,
9914,lianhua,2012,2A(2),0,0,,
9915,lianhua,2012,2B,0,79,,1
9916,lianhua,2012,2C,57,158,,1
9917,lianhua,2012,2C(S),7,101,,1
9918,lianhua,2012,3,0,51,,1
9919,lianhua,2012,Total,0,210,,1
9920,lianhua,2013,1,0,0,,
9921,lianhua,2013,2A(1),0,0,,
9922,lianhua,2013,2A(2),0,0,,
9923,lianhua,2013,2B,0,55,,1
9924,lianhua,2013,2C,43,110,,1
9925,lianhua,2013,2C(S),16,68,,1
9926,lianhua,2013,3,0,21,,1
9927,lianhua,2013,Total,0,180,,1
9928,lianhua,2014,1,0,0,,
9929,lianhua,2014,2A(1),0,0,,
9930,lianhua,2014,2A(2),0,0,,
9931,lianhua,2014,2B,0,70,,1
9932,lianhua,2014,2C,36,139,,1
9933,lianhua,2014,2C(S),4,105,,1
9934,lianhua,2014,3,0,101,,1
9935,lianhua,2014,Total,0,210,,1
9936,lianhua,2015,1,0,0,,
9937,lianhua,2015,2A(1),0,0,,
9938,lianhua,2015,2A(2),0,0,,
9939,lianhua,2015,2B,0,60,,1
9940,lianhua,2015,2C,49,121,,1
9941,lianhua,2015,2C(S),7,72,,1
9942,lianhua,2015,3,0,65,,1
9943,lianhua,2015,Total,0,180,,1
9944,lianhua,2016,1,0,0,,
9945,lianhua,2016,2A(1),0,0,,
9946,lianhua,2016,2A(2),0,0,,
9947,lianhua,2016,2B,0,52,,1
9948,lianhua,2016,2C,25,103,,1
9949,lianhua,2016,2C(S),11,79,,1
9950,lianhua,2016,3,0,68,,1
9951,lianhua,2016,Total,0,150,,1
9952,lianhua,2017,1,0,0,,
9953,lianhua,2017,2A(1),0,0,,
9954,lianhua,2017,2A(2),0,0,,
9955,lianhua,2017,2B,0,70,,1
9956,lianhua,2017,2C,32,140,,1
9957,lianhua,2017,2C(S),12,108,,1
9958,lianhua,2017,3,0,96,,1
9959,lianhua,2017,Total,0,180,,1
9960,lianhua,2018,1,0,0,,
9961,lianhua,2018,2A(1),0,0,,
9962,lianhua,2018,2A(2),0,0,,
9963,lianhua,2018,2B,0,78,,1
9964,lianhua,2018,2C,44,156,,1
9965,lianhua,2018,2C(S),18,112,,1
9966,lianhua,2018,3,0,94,,1
9967,lianhua,2018,Total,0,210,,1
9968,lianhua,2019,1,37,140,,1
9969,lianhua,2019,2A(1),0,103,,1
9970,lianhua,2019,2A(2),9,104,,1
9971,lianhua,2019,2B,0,68,,1
9972,lianhua,2019,2C,30,135,,1
9973,lianhua,2019,2C(S),34,105,,1
9974,lianhua,2019,3,0,71,,1
9975,lianhua,2019,Total,0,180,,1
9976,lianhua,2020,1,60,200,,1
9977,lianhua,2020,2A(1),0,140,,1
9978,lianhua,2020,2A(2),4,140,,1
9979,lianhua,2020,2B,0,88,,1
9980,lianhua,2020,2C,22,176,,1
9981,lianhua,2020,2C(S),71,154,,1
9982,lianhua,2020,3,0,83,,1
9983,lianhua,2020,Total,0,240,,1
9984,lianhua,2021,1,51,200,,1
9985,lianhua,2021,2A(1),0,149,,1
9986,lianhua,2021,2A(2),16,149,,1
9987,lianhua,2021,2B,0,87,,1
9988,lianhua,2021,2C,38,173,,1
9989,lianhua,2021,2C(S),42,135,,1
9990,lianhua,2021,3,0,93,,1
9991,lianhua,2021,Total,0,240,,1
9992,lianhua,2022,1,53,240,,1
9993,lianhua,2022,2A(1),11,187,,1
9994,lianhua,2022,2A(2),0,0,,
9995,lianhua,2022,2B,1,79,,1
9996,lianhua,2022,2C,32,235,,1
9997,lianhua,2022,2C(S),60,203,,1
9998,lianhua,2022,3,0,143,,1
9999,lianhua,2022,Total,0,300,,1
10000,lianhua,2023,1,53,260,,1
10001,lianhua,2023,2A(1),17,207,,1
10002,lianhua,2023,2A(2),0,0,,
10003,lianhua,2023,2B,0,84,,1
10004,lianhua,2023,2C,36,252,,1
10005,lianhua,2023,2C(S),51,216,,1
10006,lianhua,2023,3,0,165,,1
10007,lianhua,2023,Total,0,320,,1
10008,maha-bodhi,2009,1,0,0,,
10009,maha-bodhi,2009,2A(1),0,0,,
10010,maha-bodhi,2009,2A(2),0,0,,
10011,maha-bodhi,2009,2B,55,55,,1
10012,maha-bodhi,2009,2C,71,58,,0.816901408450704
10013,maha-bodhi,2009,2C(S),0,0,,
10014,maha-bodhi,2009,3,0,0,,
10015,maha-bodhi,2009,Total,0,330,,1
10016,maha-bodhi,2010,1,0,0,,
10017,maha-bodhi,2010,2A(1),0,0,,
10018,maha-bodhi,2010,2A(2),0,0,,
10019,maha-bodhi,2010,2B,56,55,,0.982142857142857
10020,maha-bodhi,2010,2C,67,55,,0.82089552238806
10021,maha-bodhi,2010,2C(S),0,0,,
10022,maha-bodhi,2010,3,0,0,,
10023,maha-bodhi,2010,Total,0,330,,1
10024,maha-bodhi,2011,1,0,0,,
10025,maha-bodhi,2011,2A(1),0,0,,
10026,maha-bodhi,2011,2A(2),0,0,,
10027,maha-bodhi,2011,2B,55,55,,1
10028,maha-bodhi,2011,2C,69,56,,0.811594202898551
10029,maha-bodhi,2011,2C(S),0,0,,
10030,maha-bodhi,2011,3,0,0,,
10031,maha-bodhi,2011,Total,0,330,,1
10032,maha-bodhi,2012,1,0,0,,
10033,maha-bodhi,2012,2A(1),0,0,,
10034,maha-bodhi,2012,2A(2),0,0,,
10035,maha-bodhi,2012,2B,61,43,,0.704918032786885
10036,maha-bodhi,2012,2C,66,43,,0.651515151515151
10037,maha-bodhi,2012,2C(S),0,0,,
10038,maha-bodhi,2012,3,0,0,,
10039,maha-bodhi,2012,Total,0,330,,1
10040,maha-bodhi,2013,1,0,0,,
10041,maha-bodhi,2013,2A(1),0,0,,
10042,maha-bodhi,2013,2A(2),0,0,,
10043,maha-bodhi,2013,2B,44,40,,0.909090909090909
10044,maha-bodhi,2013,2C,63,40,,0.634920634920635
10045,maha-bodhi,2013,2C(S),0,0,,
10046,maha-bodhi,2013,3,0,0,,
10047,maha-bodhi,2013,Total,0,330,,1
10048,maha-bodhi,2014,1,0,0,,
10049,maha-bodhi,2014,2A(1),0,0,,
10050,maha-bodhi,2014,2A(2),0,0,,
10051,maha-bodhi,2014,2B,58,48,,0.827586206896552
10052,maha-bodhi,2014,2C,70,48,,0.685714285714286
10053,maha-bodhi,2014,2C(S),0,0,,
10054,maha-bodhi,2014,3,0,0,,
10055,maha-bodhi,2014,Total,0,330,,1
10056,maha-bodhi,2015,1,0,0,,
10057,maha-bodhi,2015,2A(1),0,0,,
10058,maha-bodhi,2015,2A(2),0,0,,
10059,maha-bodhi,2015,2B,45,52,,1
10060,maha-bodhi,2015,2C,64,62,,0.96875
10061,maha-bodhi,2015,2C(S),0,0,,
10062,maha-bodhi,2015,3,0,0,,
10063,maha-bodhi,2015,Total,0,330,,1
10064,maha-bodhi,2016,1,0,0,,
10065,maha-bodhi,2016,2A(1),0,0,,
10066,maha-bodhi,2016,2A(2),0,0,,
10067,maha-bodhi,2016,2B,37,65,,1
10068,maha-bodhi,2016,2C,106,96,,0.905660377358491
10069,maha-bodhi,2016,2C(S),0,0,,
10070,maha-bodhi,2016,3,0,0,,
10071,maha-bodhi,2016,Total,0,330,,1
10072,maha-bodhi,2017,1,0,0,,
10073,maha-bodhi,2017,2A(1),0,0,,
10074,maha-bodhi,2017,2A(2),0,0,,
10075,maha-bodhi,2017,2B,34,51,,1
10076,maha-bodhi,2017,2C,79,70,,0.886075949367089
10077,maha-bodhi,2017,2C(S),0,0,,
10078,maha-bodhi,2017,3,0,0,,
10079,maha-bodhi,2017,Total,0,330,,1
10080,maha-bodhi,2018,1,0,0,,
10081,maha-bodhi,2018,2A(1),0,0,,
10082,maha-bodhi,2018,2A(2),0,0,,
10083,maha-bodhi,2018,2B,47,31,,0.659574468085106
10084,maha-bodhi,2018,2C,44,31,,0.704545454545455
10085,maha-bodhi,2018,2C(S),0,0,,
10086,maha-bodhi,2018,3,0,0,,
10087,maha-bodhi,2018,Total,0,330,,1
10088,maha-bodhi,2019,1,130,290,,1
10089,maha-bodhi,2019,2A(1),52,160,,1
10090,maha-bodhi,2019,2A(2),62,108,,1
10091,maha-bodhi,2019,2B,31,44,,1
10092,maha-bodhi,2019,2C,64,60,SC1-2,0.9375
10093,maha-bodhi,2019,2C(S),0,0,,
10094,maha-bodhi,2019,3,0,0,,
10095,maha-bodhi,2019,Total,0,330,,1
10096,maha-bodhi,2020,1,131,290,,1
10097,maha-bodhi,2020,2A(1),49,159,,1
10098,maha-bodhi,2020,2A(2),40,110,,1
10099,maha-bodhi,2020,2B,53,55,,1
10100,maha-bodhi,2020,2C,105,60,SC<1,0.571428571428571
10101,maha-bodhi,2020,2C(S),0,0,,
10102,maha-bodhi,2020,3,0,0,,
10103,maha-bodhi,2020,Total,0,330,,1
10104,maha-bodhi,2021,1,130,290,,1
10105,maha-bodhi,2021,2A(1),55,160,,1
10106,maha-bodhi,2021,2A(2),50,105,,1
10107,maha-bodhi,2021,2B,52,48,SC>2,0.923076923076923
10108,maha-bodhi,2021,2C,71,50,SC1-2,0.704225352112676
10109,maha-bodhi,2021,2C(S),0,0,,
10110,maha-bodhi,2021,3,0,0,,
10111,maha-bodhi,2021,Total,0,330,,1
10112,maha-bodhi,2022,1,132,270,,1
10113,maha-bodhi,2022,2A(1),88,138,,1
10114,maha-bodhi,2022,2A(2),0,0,,
10115,maha-bodhi,2022,2B,33,37,,1
10116,maha-bodhi,2022,2C,114,79,SC<1,0.692982456140351
10117,maha-bodhi,2022,2C(S),0,0,,
10118,maha-bodhi,2022,3,0,0,,
10119,maha-bodhi,2022,Total,0,330,,1
10120,maha-bodhi,2023,1,141,270,,1
10121,maha-bodhi,2023,2A(1),99,129,,1
10122,maha-bodhi,2023,2A(2),0,0,,
10123,maha-bodhi,2023,2B,42,30,SC>2,0.714285714285714
10124,maha-bodhi,2023,2C,82,63,SC1-2,0.768292682926829
10125,maha-bodhi,2023,2C(S),0,0,,
10126,maha-bodhi,2023,3,0,0,,
10127,maha-bodhi,2023,Total,0,330,,1
10128,maris-stella-high,2009,1,0,0,,
10129,maris-stella-high,2009,2A(1),0,0,,
10130,maris-stella-high,2009,2A(2),0,0,,
10131,maris-stella-high,2009,2B,99,98,,0.98989898989899
10132,maris-stella-high,2009,2C,121,98,,0.809917355371901
10133,maris-stella-high,2009,2C(S),0,0,,
10134,maris-stella-high,2009,3,0,0,,
10135,maris-stella-high,2009,Total,0,320,,1
10136,maris-stella-high,2010,1,0,0,,
10137,maris-stella-high,2010,2A(1),0,0,,
10138,maris-stella-high,2010,2A(2),0,0,,
10139,maris-stella-high,2010,2B,98,90,,0.918367346938776
10140,maris-stella-high,2010,2C,104,90,,0.865384615384615
10141,maris-stella-high,2010,2C(S),0,0,,
10142,maris-stella-high,2010,3,0,0,,
10143,maris-stella-high,2010,Total,0,320,,1
10144,maris-stella-high,2011,1,0,0,,
10145,maris-stella-high,2011,2A(1),0,0,,
10146,maris-stella-high,2011,2A(2),0,0,,
10147,maris-stella-high,2011,2B,88,76,,0.863636363636364
10148,maris-stella-high,2011,2C,95,77,,0.810526315789474
10149,maris-stella-high,2011,2C(S),0,0,,
10150,maris-stella-high,2011,3,0,0,,
10151,maris-stella-high,2011,Total,0,300,,1
10152,maris-stella-high,2012,1,0,0,,
10153,maris-stella-high,2012,2A(1),0,0,,
10154,maris-stella-high,2012,2A(2),0,0,,
10155,maris-stella-high,2012,2B,78,82,,1
10156,maris-stella-high,2012,2C,98,86,,0.877551020408163
10157,maris-stella-high,2012,2C(S),0,0,,
10158,maris-stella-high,2012,3,0,0,,
10159,maris-stella-high,2012,Total,0,300,,1
10160,maris-stella-high,2013,1,0,0,,
10161,maris-stella-high,2013,2A(1),0,0,,
10162,maris-stella-high,2013,2A(2),0,0,,
10163,maris-stella-high,2013,2B,79,71,,0.89873417721519
10164,maris-stella-high,2013,2C,84,71,,0.845238095238095
10165,maris-stella-high,2013,2C(S),0,0,,
10166,maris-stella-high,2013,3,0,0,,
10167,maris-stella-high,2013,Total,0,300,,1
10168,maris-stella-high,2014,1,0,0,,
10169,maris-stella-high,2014,2A(1),0,0,,
10170,maris-stella-high,2014,2A(2),0,0,,
10171,maris-stella-high,2014,2B,73,53,,0.726027397260274
10172,maris-stella-high,2014,2C,65,54,,0.830769230769231
10173,maris-stella-high,2014,2C(S),0,0,,
10174,maris-stella-high,2014,3,0,0,,
10175,maris-stella-high,2014,Total,0,270,,1
10176,maris-stella-high,2015,1,0,0,,
10177,maris-stella-high,2015,2A(1),0,0,,
10178,maris-stella-high,2015,2A(2),0,0,,
10179,maris-stella-high,2015,2B,71,58,,0.816901408450704
10180,maris-stella-high,2015,2C,68,59,,0.867647058823529
10181,maris-stella-high,2015,2C(S),0,0,,
10182,maris-stella-high,2015,3,0,0,,
10183,maris-stella-high,2015,Total,0,270,,1
10184,maris-stella-high,2016,1,0,0,,
10185,maris-stella-high,2016,2A(1),0,0,,
10186,maris-stella-high,2016,2A(2),0,0,,
10187,maris-stella-high,2016,2B,63,58,,0.920634920634921
10188,maris-stella-high,2016,2C,64,59,,0.921875
10189,maris-stella-high,2016,2C(S),0,0,,
10190,maris-stella-high,2016,3,0,0,,
10191,maris-stella-high,2016,Total,0,270,,1
10192,maris-stella-high,2017,1,0,0,,
10193,maris-stella-high,2017,2A(1),0,0,,
10194,maris-stella-high,2017,2A(2),0,0,,
10195,maris-stella-high,2017,2B,63,60,,0.952380952380952
10196,maris-stella-high,2017,2C,68,59,,0.867647058823529
10197,maris-stella-high,2017,2C(S),0,0,,
10198,maris-stella-high,2017,3,0,0,,
10199,maris-stella-high,2017,Total,0,270,,1
10200,maris-stella-high,2018,1,0,0,,
10201,maris-stella-high,2018,2A(1),0,0,,
10202,maris-stella-high,2018,2A(2),0,0,,
10203,maris-stella-high,2018,2B,53,42,,0.792452830188679
10204,maris-stella-high,2018,2C,62,43,,0.693548387096774
10205,maris-stella-high,2018,2C(S),0,0,,
10206,maris-stella-high,2018,3,0,0,,
10207,maris-stella-high,2018,Total,0,270,,1
10208,maris-stella-high,2019,1,63,230,,1
10209,maris-stella-high,2019,2A(1),63,167,,1
10210,maris-stella-high,2019,2A(2),34,104,,1
10211,maris-stella-high,2019,2B,59,56,SC#,0.949152542372881
10212,maris-stella-high,2019,2C,66,57,SC<1,0.863636363636364
10213,maris-stella-high,2019,2C(S),0,0,,
10214,maris-stella-high,2019,3,0,0,,
10215,maris-stella-high,2019,Total,0,270,,1
10216,maris-stella-high,2020,1,80,230,,1
10217,maris-stella-high,2020,2A(1),59,150,,1
10218,maris-stella-high,2020,2A(2),33,91,,1
10219,maris-stella-high,2020,2B,67,50,SC>2,0.746268656716418
10220,maris-stella-high,2020,2C,64,51,SC<1,0.796875
10221,maris-stella-high,2020,2C(S),0,0,,
10222,maris-stella-high,2020,3,0,0,,
10223,maris-stella-high,2020,Total,0,270,,1
10224,maris-stella-high,2021,1,53,230,,1
10225,maris-stella-high,2021,2A(1),73,177,,1
10226,maris-stella-high,2021,2A(2),24,104,,1
10227,maris-stella-high,2021,2B,73,60,SC>2,0.821917808219178
10228,maris-stella-high,2021,2C,72,62,SC<1,0.861111111111111
10229,maris-stella-high,2021,2C(S),0,0,,
10230,maris-stella-high,2021,3,0,0,,
10231,maris-stella-high,2021,Total,0,270,,1
10232,maris-stella-high,2022,1,82,210,,1
10233,maris-stella-high,2022,2A(1),106,128,,1
10234,maris-stella-high,2022,2A(2),0,0,,
10235,maris-stella-high,2022,2B,45,27,SC<1,0.6
10236,maris-stella-high,2022,2C,93,56,SC<1,0.602150537634409
10237,maris-stella-high,2022,2C(S),0,0,,
10238,maris-stella-high,2022,3,0,0,,
10239,maris-stella-high,2022,Total,0,270,,1
10240,maris-stella-high,2023,1,70,210,,1
10241,maris-stella-high,2023,2A(1),122,140,,1
10242,maris-stella-high,2023,2A(2),0,0,,
10243,maris-stella-high,2023,2B,30,26,SC1-2,0.866666666666667
10244,maris-stella-high,2023,2C,77,55,SC<1,0.714285714285714
10245,maris-stella-high,2023,2C(S),0,0,,
10246,maris-stella-high,2023,3,0,0,,
10247,maris-stella-high,2023,Total,0,270,,1
10248,marsiling,2009,1,0,0,,
10249,marsiling,2009,2A(1),0,0,,
10250,marsiling,2009,2A(2),0,0,,
10251,marsiling,2009,2B,2,86,,1
10252,marsiling,2009,2C,68,169,,1
10253,marsiling,2009,2C(S),20,102,,1
10254,marsiling,2009,3,0,80,,1
10255,marsiling,2009,Total,0,270,,1
10256,marsiling,2010,1,0,0,,
10257,marsiling,2010,2A(1),0,0,,
10258,marsiling,2010,2A(2),0,0,,
10259,marsiling,2010,2B,0,101,,1
10260,marsiling,2010,2C,80,201,,1
10261,marsiling,2010,2C(S),20,124,,1
10262,marsiling,2010,3,0,73,,1
10263,marsiling,2010,Total,0,270,,1
10264,marsiling,2011,1,0,0,,
10265,marsiling,2011,2A(1),0,0,,
10266,marsiling,2011,2A(2),0,0,,
10267,marsiling,2011,2B,1,92,,1
10268,marsiling,2011,2C,77,182,,1
10269,marsiling,2011,2C(S),18,105,,1
10270,marsiling,2011,3,0,80,,1
10271,marsiling,2011,Total,0,270,,1
10272,marsiling,2012,1,0,0,,
10273,marsiling,2012,2A(1),0,0,,
10274,marsiling,2012,2A(2),0,0,,
10275,marsiling,2012,2B,0,82,,1
10276,marsiling,2012,2C,93,163,,1
10277,marsiling,2012,2C(S),12,73,,1
10278,marsiling,2012,3,0,50,,1
10279,marsiling,2012,Total,0,240,,1
10280,marsiling,2013,1,0,0,,
10281,marsiling,2013,2A(1),0,0,,
10282,marsiling,2013,2A(2),0,0,,
10283,marsiling,2013,2B,0,79,,1
10284,marsiling,2013,2C,66,157,,1
10285,marsiling,2013,2C(S),17,92,,1
10286,marsiling,2013,3,0,33,,1
10287,marsiling,2013,Total,0,240,,1
10288,marsiling,2014,1,0,0,,
10289,marsiling,2014,2A(1),0,0,,
10290,marsiling,2014,2A(2),0,0,,
10291,marsiling,2014,2B,0,81,,1
10292,marsiling,2014,2C,57,162,,1
10293,marsiling,2014,2C(S),7,105,,1
10294,marsiling,2014,3,0,98,,1
10295,marsiling,2014,Total,0,240,,1
10296,marsiling,2015,1,0,0,,
10297,marsiling,2015,2A(1),0,0,,
10298,marsiling,2015,2A(2),0,0,,
10299,marsiling,2015,2B,0,73,,1
10300,marsiling,2015,2C,57,146,,1
10301,marsiling,2015,2C(S),7,90,,1
10302,marsiling,2015,3,0,83,,1
10303,marsiling,2015,Total,0,210,,1
10304,marsiling,2016,1,0,0,,
10305,marsiling,2016,2A(1),0,0,,
10306,marsiling,2016,2A(2),0,0,,
10307,marsiling,2016,2B,2,68,,1
10308,marsiling,2016,2C,59,134,,1
10309,marsiling,2016,2C(S),10,76,,1
10310,marsiling,2016,3,0,66,,1
10311,marsiling,2016,Total,0,180,,1
10312,marsiling,2017,1,0,0,,
10313,marsiling,2017,2A(1),0,0,,
10314,marsiling,2017,2A(2),0,0,,
10315,marsiling,2017,2B,0,61,,1
10316,marsiling,2017,2C,44,122,,1
10317,marsiling,2017,2C(S),10,79,,1
10318,marsiling,2017,3,0,69,,1
10319,marsiling,2017,Total,0,180,,1
10320,marsiling,2018,1,0,0,,
10321,marsiling,2018,2A(1),0,0,,
10322,marsiling,2018,2A(2),0,0,,
10323,marsiling,2018,2B,0,96,,1
10324,marsiling,2018,2C,47,191,,1
10325,marsiling,2018,2C(S),4,144,,1
10326,marsiling,2018,3,0,140,,1
10327,marsiling,2018,Total,0,240,,1
10328,marsiling,2019,1,63,140,,1
10329,marsiling,2019,2A(1),0,77,,1
10330,marsiling,2019,2A(2),10,77,,1
10331,marsiling,2019,2B,0,54,,1
10332,marsiling,2019,2C,69,107,,1
10333,marsiling,2019,2C(S),7,38,,1
10334,marsiling,2019,3,0,31,,1
10335,marsiling,2019,Total,0,180,,1
10336,marsiling,2020,1,55,170,,1
10337,marsiling,2020,2A(1),0,115,,1
10338,marsiling,2020,2A(2),8,115,,1
10339,marsiling,2020,2B,0,74,,1
10340,marsiling,2020,2C,77,147,,1
10341,marsiling,2020,2C(S),3,72,,1
10342,marsiling,2020,3,0,69,,1
10343,marsiling,2020,Total,0,210,,1
10344,marsiling,2021,1,64,170,,1
10345,marsiling,2021,2A(1),0,106,,1
10346,marsiling,2021,2A(2),14,107,,1
10347,marsiling,2021,2B,0,67,,1
10348,marsiling,2021,2C,78,134,,1
10349,marsiling,2021,2C(S),12,56,,1
10350,marsiling,2021,3,0,44,,1
10351,marsiling,2021,Total,0,210,,1
10352,marsiling,2022,1,62,150,,1
10353,marsiling,2022,2A(1),11,88,,1
10354,marsiling,2022,2A(2),0,0,,
10355,marsiling,2022,2B,0,46,,1
10356,marsiling,2022,2C,82,137,,1
10357,marsiling,2022,2C(S),18,55,,1
10358,marsiling,2022,3,0,37,,1
10359,marsiling,2022,Total,0,210,,1
10360,marsiling,2023,1,52,150,,1
10361,marsiling,2023,2A(1),15,98,,1
10362,marsiling,2023,2A(2),0,0,,
10363,marsiling,2023,2B,0,48,,1
10364,marsiling,2023,2C,74,143,,1
10365,marsiling,2023,2C(S),4,69,,1
10366,marsiling,2023,3,0,65,,1
10367,marsiling,2023,Total,0,210,,1
10368,marymount-convent,2009,1,0,0,,
10369,marymount-convent,2009,2A(1),0,0,,
10370,marymount-convent,2009,2A(2),0,0,,
10371,marymount-convent,2009,2B,18,96,,1
10372,marymount-convent,2009,2C,86,177,,1
10373,marymount-convent,2009,2C(S),82,91,,1
10374,marymount-convent,2009,3,0,8,,1
10375,marymount-convent,2009,Total,0,240,,1
10376,marymount-convent,2010,1,0,0,,
10377,marymount-convent,2010,2A(1),0,0,,
10378,marymount-convent,2010,2A(2),0,0,,
10379,marymount-convent,2010,2B,18,85,,1
10380,marymount-convent,2010,2C,112,151,,1
10381,marymount-convent,2010,2C(S),78,42,,0.538461538461538
10382,marymount-convent,2010,3,0,0,,
10383,marymount-convent,2010,Total,0,240,,1
10384,marymount-convent,2011,1,0,0,,
10385,marymount-convent,2011,2A(1),0,0,,
10386,marymount-convent,2011,2A(2),0,0,,
10387,marymount-convent,2011,2B,21,93,,1
10388,marymount-convent,2011,2C,112,165,,1
10389,marymount-convent,2011,2C(S),83,53,,0.63855421686747
10390,marymount-convent,2011,3,0,0,,
10391,marymount-convent,2011,Total,0,240,,1
10392,marymount-convent,2012,1,0,0,,
10393,marymount-convent,2012,2A(1),0,0,,
10394,marymount-convent,2012,2A(2),0,0,,
10395,marymount-convent,2012,2B,30,89,,1
10396,marymount-convent,2012,2C,128,148,,1
10397,marymount-convent,2012,2C(S),44,24,,0.545454545454545
10398,marymount-convent,2012,3,0,0,,
10399,marymount-convent,2012,Total,0,240,,1
10400,marymount-convent,2013,1,0,0,,
10401,marymount-convent,2013,2A(1),0,0,,
10402,marymount-convent,2013,2A(2),0,0,,
10403,marymount-convent,2013,2B,17,85,,1
10404,marymount-convent,2013,2C,127,152,,1
10405,marymount-convent,2013,2C(S),41,25,,0.609756097560976
10406,marymount-convent,2013,3,0,0,,
10407,marymount-convent,2013,Total,0,240,,1
10408,marymount-convent,2014,1,0,0,,
10409,marymount-convent,2014,2A(1),0,0,,
10410,marymount-convent,2014,2A(2),0,0,,
10411,marymount-convent,2014,2B,31,96,,1
10412,marymount-convent,2014,2C,121,161,,1
10413,marymount-convent,2014,2C(S),59,42,,0.711864406779661
10414,marymount-convent,2014,3,0,0,,
10415,marymount-convent,2014,Total,0,240,,1
10416,marymount-convent,2015,1,0,0,,
10417,marymount-convent,2015,2A(1),0,0,,
10418,marymount-convent,2015,2A(2),0,0,,
10419,marymount-convent,2015,2B,25,93,,1
10420,marymount-convent,2015,2C,81,165,,1
10421,marymount-convent,2015,2C(S),42,84,,1
10422,marymount-convent,2015,3,0,42,,1
10423,marymount-convent,2015,Total,0,240,,1
10424,marymount-convent,2016,1,0,0,,
10425,marymount-convent,2016,2A(1),0,0,,
10426,marymount-convent,2016,2A(2),0,0,,
10427,marymount-convent,2016,2B,16,67,,1
10428,marymount-convent,2016,2C,49,119,,1
10429,marymount-convent,2016,2C(S),30,70,,1
10430,marymount-convent,2016,3,0,40,,1
10431,marymount-convent,2016,Total,0,210,,1
10432,marymount-convent,2017,1,0,0,,
10433,marymount-convent,2017,2A(1),0,0,,
10434,marymount-convent,2017,2A(2),0,0,,
10435,marymount-convent,2017,2B,10,77,,1
10436,marymount-convent,2017,2C,72,143,,1
10437,marymount-convent,2017,2C(S),55,71,,1
10438,marymount-convent,2017,3,0,16,,1
10439,marymount-convent,2017,Total,0,210,,1
10440,marymount-convent,2018,1,0,0,,
10441,marymount-convent,2018,2A(1),0,0,,
10442,marymount-convent,2018,2A(2),0,0,,
10443,marymount-convent,2018,2B,19,74,,1
10444,marymount-convent,2018,2C,121,132,,1
10445,marymount-convent,2018,2C(S),27,11,,0.407407407407407
10446,marymount-convent,2018,3,0,0,,
10447,marymount-convent,2018,Total,0,210,,1
10448,marymount-convent,2019,1,37,170,,1
10449,marymount-convent,2019,2A(1),1,133,,1
10450,marymount-convent,2019,2A(2),7,132,,1
10451,marymount-convent,2019,2B,11,83,,1
10452,marymount-convent,2019,2C,66,156,,1
10453,marymount-convent,2019,2C(S),75,90,,1
10454,marymount-convent,2019,3,0,15,,1
10455,marymount-convent,2019,Total,0,210,,1
10456,marymount-convent,2020,1,41,200,,1
10457,marymount-convent,2020,2A(1),2,159,,1
10458,marymount-convent,2020,2A(2),6,157,,1
10459,marymount-convent,2020,2B,9,96,,1
10460,marymount-convent,2020,2C,72,183,,1
10461,marymount-convent,2020,2C(S),155,111,SC>2,0.716129032258065
10462,marymount-convent,2020,3,0,0,,
10463,marymount-convent,2020,Total,0,240,,1
10464,marymount-convent,2021,1,44,200,,1
10465,marymount-convent,2021,2A(1),1,156,,1
10466,marymount-convent,2021,2A(2),6,155,,1
10467,marymount-convent,2021,2B,25,95,,1
10468,marymount-convent,2021,2C,93,166,,1
10469,marymount-convent,2021,2C(S),92,74,SC>2,0.804347826086957
10470,marymount-convent,2021,3,0,0,,
10471,marymount-convent,2021,Total,0,240,,1
10472,marymount-convent,2022,1,32,180,,1
10473,marymount-convent,2022,2A(1),7,148,,1
10474,marymount-convent,2022,2A(2),0,0,,
10475,marymount-convent,2022,2B,13,67,,1
10476,marymount-convent,2022,2C,68,188,,1
10477,marymount-convent,2022,2C(S),101,120,,1
10478,marymount-convent,2022,3,0,19,,1
10479,marymount-convent,2022,Total,0,240,,1
10480,marymount-convent,2023,1,38,180,,1
10481,marymount-convent,2023,2A(1),9,143,,1
10482,marymount-convent,2023,2A(2),0,0,,
10483,marymount-convent,2023,2B,7,65,,1
10484,marymount-convent,2023,2C,56,188,,1
10485,marymount-convent,2023,2C(S),62,132,,1
10486,marymount-convent,2023,3,0,70,,1
10487,marymount-convent,2023,Total,0,240,,1
10488,mayflower,2009,1,0,0,,
10489,mayflower,2009,2A(1),0,0,,
10490,mayflower,2009,2A(2),0,0,,
10491,mayflower,2009,2B,0,77,,1
10492,mayflower,2009,2C,45,154,,1
10493,mayflower,2009,2C(S),23,109,,1
10494,mayflower,2009,3,0,85,,1
10495,mayflower,2009,Total,0,210,,1
10496,mayflower,2010,1,0,0,,
10497,mayflower,2010,2A(1),0,0,,
10498,mayflower,2010,2A(2),0,0,,
10499,mayflower,2010,2B,2,67,,1
10500,mayflower,2010,2C,93,131,,1
10501,mayflower,2010,2C(S),38,39,,1
10502,mayflower,2010,3,0,0,,
10503,mayflower,2010,Total,0,210,,1
10504,mayflower,2011,1,0,0,,
10505,mayflower,2011,2A(1),0,0,,
10506,mayflower,2011,2A(2),0,0,,
10507,mayflower,2011,2B,1,79,,1
10508,mayflower,2011,2C,68,157,,1
10509,mayflower,2011,2C(S),89,90,,1
10510,mayflower,2011,3,0,0,,
10511,mayflower,2011,Total,0,240,,1
10512,mayflower,2012,1,0,0,,
10513,mayflower,2012,2A(1),0,0,,
10514,mayflower,2012,2A(2),0,0,,
10515,mayflower,2012,2B,1,73,,1
10516,mayflower,2012,2C,111,144,,1
10517,mayflower,2012,2C(S),43,35,,0.813953488372093
10518,mayflower,2012,3,0,0,,
10519,mayflower,2012,Total,0,240,,1
10520,mayflower,2013,1,0,0,,
10521,mayflower,2013,2A(1),0,0,,
10522,mayflower,2013,2A(2),0,0,,
10523,mayflower,2013,2B,1,82,,1
10524,mayflower,2013,2C,102,162,,1
10525,mayflower,2013,2C(S),30,63,,1
10526,mayflower,2013,3,0,28,,1
10527,mayflower,2013,Total,0,240,,1
10528,mayflower,2014,1,0,0,,
10529,mayflower,2014,2A(1),0,0,,
10530,mayflower,2014,2A(2),0,0,,
10531,mayflower,2014,2B,1,83,,1
10532,mayflower,2014,2C,73,165,,1
10533,mayflower,2014,2C(S),26,93,,1
10534,mayflower,2014,3,0,67,,1
10535,mayflower,2014,Total,0,240,,1
10536,mayflower,2015,1,0,0,,
10537,mayflower,2015,2A(1),0,0,,
10538,mayflower,2015,2A(2),0,0,,
10539,mayflower,2015,2B,1,61,,1
10540,mayflower,2015,2C,76,121,,1
10541,mayflower,2015,2C(S),19,45,,1
10542,mayflower,2015,3,0,26,,1
10543,mayflower,2015,Total,0,210,,1
10544,mayflower,2016,1,0,0,,
10545,mayflower,2016,2A(1),0,0,,
10546,mayflower,2016,2A(2),0,0,,
10547,mayflower,2016,2B,1,59,,1
10548,mayflower,2016,2C,44,120,,1
10549,mayflower,2016,2C(S),11,76,,1
10550,mayflower,2016,3,0,65,,1
10551,mayflower,2016,Total,0,180,,1
10552,mayflower,2017,1,0,0,,
10553,mayflower,2017,2A(1),0,0,,
10554,mayflower,2017,2A(2),0,0,,
10555,mayflower,2017,2B,2,61,,1
10556,mayflower,2017,2C,52,121,,1
10557,mayflower,2017,2C(S),28,69,,1
10558,mayflower,2017,3,0,41,,1
10559,mayflower,2017,Total,0,180,,1
10560,mayflower,2018,1,0,0,,
10561,mayflower,2018,2A(1),0,0,,
10562,mayflower,2018,2A(2),0,0,,
10563,mayflower,2018,2B,0,61,,1
10564,mayflower,2018,2C,62,123,,1
10565,mayflower,2018,2C(S),57,61,,1
10566,mayflower,2018,3,0,4,,1
10567,mayflower,2018,Total,0,180,,1
10568,mayflower,2019,1,40,140,,1
10569,mayflower,2019,2A(1),0,100,,1
10570,mayflower,2019,2A(2),15,100,,1
10571,mayflower,2019,2B,0,63,,1
10572,mayflower,2019,2C,43,126,,1
10573,mayflower,2019,2C(S),30,83,,1
10574,mayflower,2019,3,0,53,,1
10575,mayflower,2019,Total,0,180,,1
10576,mayflower,2020,1,39,140,,1
10577,mayflower,2020,2A(1),1,101,,1
10578,mayflower,2020,2A(2),9,100,,1
10579,mayflower,2020,2B,0,66,,1
10580,mayflower,2020,2C,30,132,,1
10581,mayflower,2020,2C(S),41,102,,1
10582,mayflower,2020,3,0,61,,1
10583,mayflower,2020,Total,0,180,,1
10584,mayflower,2021,1,47,150,,1
10585,mayflower,2021,2A(1),0,103,,1
10586,mayflower,2021,2A(2),11,103,,1
10587,mayflower,2021,2B,0,66,,1
10588,mayflower,2021,2C,34,132,,1
10589,mayflower,2021,2C(S),53,98,,1
10590,mayflower,2021,3,0,45,,1
10591,mayflower,2021,Total,0,190,,1
10592,mayflower,2022,1,55,130,,1
10593,mayflower,2022,2A(1),20,75,,1
10594,mayflower,2022,2A(2),0,0,,
10595,mayflower,2022,2B,0,38,,1
10596,mayflower,2022,2C,38,115,,1
10597,mayflower,2022,2C(S),59,77,,1
10598,mayflower,2022,3,0,18,,1
10599,mayflower,2022,Total,0,190,,1
10600,mayflower,2023,1,37,120,,1
10601,mayflower,2023,2A(1),23,83,,1
10602,mayflower,2023,2A(2),0,0,,
10603,mayflower,2023,2B,0,40,,1
10604,mayflower,2023,2C,30,121,,1
10605,mayflower,2023,2C(S),46,91,,1
10606,mayflower,2023,3,0,45,,1
10607,mayflower,2023,Total,0,180,,1
10608,mee-toh,2009,1,0,0,,
10609,mee-toh,2009,2A(1),0,0,,
10610,mee-toh,2009,2A(2),0,0,,
10611,mee-toh,2009,2B,57,67,,1
10612,mee-toh,2009,2C,179,77,,0.430167597765363
10613,mee-toh,2009,2C(S),0,0,,
10614,mee-toh,2009,3,0,0,,
10615,mee-toh,2009,Total,0,300,,1
10616,mee-toh,2010,1,0,0,,
10617,mee-toh,2010,2A(1),0,0,,
10618,mee-toh,2010,2A(2),0,0,,
10619,mee-toh,2010,2B,74,82,,1
10620,mee-toh,2010,2C,174,90,,0.517241379310345
10621,mee-toh,2010,2C(S),0,0,,
10622,mee-toh,2010,3,0,0,,
10623,mee-toh,2010,Total,0,300,,1
10624,mee-toh,2011,1,0,0,,
10625,mee-toh,2011,2A(1),0,0,,
10626,mee-toh,2011,2A(2),0,0,,
10627,mee-toh,2011,2B,73,76,,1
10628,mee-toh,2011,2C,157,82,,0.522292993630573
10629,mee-toh,2011,2C(S),0,0,,
10630,mee-toh,2011,3,0,0,,
10631,mee-toh,2011,Total,0,300,,1
10632,mee-toh,2012,1,0,0,,
10633,mee-toh,2012,2A(1),0,0,,
10634,mee-toh,2012,2A(2),0,0,,
10635,mee-toh,2012,2B,58,62,,1
10636,mee-toh,2012,2C,152,66,,0.434210526315789
10637,mee-toh,2012,2C(S),0,0,,
10638,mee-toh,2012,3,0,0,,
10639,mee-toh,2012,Total,0,300,,1
10640,mee-toh,2013,1,0,0,,
10641,mee-toh,2013,2A(1),0,0,,
10642,mee-toh,2013,2A(2),0,0,,
10643,mee-toh,2013,2B,62,69,,1
10644,mee-toh,2013,2C,114,75,,0.657894736842105
10645,mee-toh,2013,2C(S),0,0,,
10646,mee-toh,2013,3,0,0,,
10647,mee-toh,2013,Total,0,300,,1
10648,mee-toh,2014,1,0,0,,
10649,mee-toh,2014,2A(1),0,0,,
10650,mee-toh,2014,2A(2),0,0,,
10651,mee-toh,2014,2B,61,58,,0.950819672131148
10652,mee-toh,2014,2C,123,56,,0.455284552845528
10653,mee-toh,2014,2C(S),0,0,,
10654,mee-toh,2014,3,0,0,,
10655,mee-toh,2014,Total,0,300,,1
10656,mee-toh,2015,1,0,0,,
10657,mee-toh,2015,2A(1),0,0,,
10658,mee-toh,2015,2A(2),0,0,,
10659,mee-toh,2015,2B,52,67,,1
10660,mee-toh,2015,2C,135,82,,0.607407407407407
10661,mee-toh,2015,2C(S),0,0,,
10662,mee-toh,2015,3,0,0,,
10663,mee-toh,2015,Total,0,300,,1
10664,mee-toh,2016,1,0,0,,
10665,mee-toh,2016,2A(1),0,0,,
10666,mee-toh,2016,2A(2),0,0,,
10667,mee-toh,2016,2B,44,77,,1
10668,mee-toh,2016,2C,149,113,,0.758389261744966
10669,mee-toh,2016,2C(S),0,0,,
10670,mee-toh,2016,3,0,0,,
10671,mee-toh,2016,Total,0,300,,1
10672,mee-toh,2017,1,0,0,,
10673,mee-toh,2017,2A(1),0,0,,
10674,mee-toh,2017,2A(2),0,0,,
10675,mee-toh,2017,2B,45,81,,1
10676,mee-toh,2017,2C,170,119,,0.7
10677,mee-toh,2017,2C(S),0,0,,
10678,mee-toh,2017,3,0,0,,
10679,mee-toh,2017,Total,0,300,,1
10680,mee-toh,2018,1,0,0,,
10681,mee-toh,2018,2A(1),0,0,,
10682,mee-toh,2018,2A(2),0,0,,
10683,mee-toh,2018,2B,66,83,,1
10684,mee-toh,2018,2C,206,102,,0.495145631067961
10685,mee-toh,2018,2C(S),0,0,,
10686,mee-toh,2018,3,0,0,,
10687,mee-toh,2018,Total,0,360,,1
10688,mee-toh,2019,1,109,280,,1
10689,mee-toh,2019,2A(1),5,171,,1
10690,mee-toh,2019,2A(2),21,166,,1
10691,mee-toh,2019,2B,54,93,,1
10692,mee-toh,2019,2C,199,133,SC<1,0.668341708542714
10693,mee-toh,2019,2C(S),0,0,,
10694,mee-toh,2019,3,0,0,,
10695,mee-toh,2019,Total,0,320,,1
10696,mee-toh,2020,1,151,280,,1
10697,mee-toh,2020,2A(1),7,129,,1
10698,mee-toh,2020,2A(2),22,122,,1
10699,mee-toh,2020,2B,50,70,,1
10700,mee-toh,2020,2C,160,90,SC<1,0.5625
10701,mee-toh,2020,2C(S),0,0,,
10702,mee-toh,2020,3,0,0,,
10703,mee-toh,2020,Total,0,320,,1
10704,mee-toh,2021,1,141,280,,1
10705,mee-toh,2021,2A(1),7,139,,1
10706,mee-toh,2021,2A(2),30,133,,1
10707,mee-toh,2021,2B,64,72,,1
10708,mee-toh,2021,2C,152,80,SC<1,0.526315789473684
10709,mee-toh,2021,2C(S),0,0,,
10710,mee-toh,2021,3,0,0,,
10711,mee-toh,2021,Total,0,320,,1
10712,mee-toh,2022,1,117,240,,1
10713,mee-toh,2022,2A(1),34,123,,1
10714,mee-toh,2022,2A(2),0,0,,
10715,mee-toh,2022,2B,50,50,,1
10716,mee-toh,2022,2C,150,101,SC<1,0.673333333333333
10717,mee-toh,2022,2C(S),0,0,,
10718,mee-toh,2022,3,0,0,,
10719,mee-toh,2022,Total,0,300,,1
10720,mee-toh,2023,1,108,240,,1
10721,mee-toh,2023,2A(1),28,132,,1
10722,mee-toh,2023,2A(2),0,0,,
10723,mee-toh,2023,2B,49,55,,1
10724,mee-toh,2023,2C,145,116,SC<1,0.8
10725,mee-toh,2023,2C(S),0,0,,
10726,mee-toh,2023,3,0,0,,
10727,mee-toh,2023,Total,0,300,,1
10728,meridian,2009,1,0,0,,
10729,meridian,2009,2A(1),0,0,,
10730,meridian,2009,2A(2),0,0,,
10731,meridian,2009,2B,3,65,,1
10732,meridian,2009,2C,69,127,,1
10733,meridian,2009,2C(S),6,58,,1
10734,meridian,2009,3,0,51,,1
10735,meridian,2009,Total,0,210,,1
10736,meridian,2010,1,0,0,,
10737,meridian,2010,2A(1),0,0,,
10738,meridian,2010,2A(2),0,0,,
10739,meridian,2010,2B,1,70,,1
10740,meridian,2010,2C,82,138,,1
10741,meridian,2010,2C(S),6,56,,1
10742,meridian,2010,3,0,48,,1
10743,meridian,2010,Total,0,210,,1
10744,meridian,2011,1,0,0,,
10745,meridian,2011,2A(1),0,0,,
10746,meridian,2011,2A(2),0,0,,
10747,meridian,2011,2B,0,67,,1
10748,meridian,2011,2C,52,136,,1
10749,meridian,2011,2C(S),7,86,,1
10750,meridian,2011,3,0,32,,1
10751,meridian,2011,Total,0,210,,1
10752,meridian,2012,1,0,0,,
10753,meridian,2012,2A(1),0,0,,
10754,meridian,2012,2A(2),0,0,,
10755,meridian,2012,2B,0,61,,1
10756,meridian,2012,2C,52,121,,1
10757,meridian,2012,2C(S),2,70,,1
10758,meridian,2012,3,0,48,,1
10759,meridian,2012,Total,0,180,,1
10760,meridian,2013,1,0,0,,
10761,meridian,2013,2A(1),0,0,,
10762,meridian,2013,2A(2),0,0,,
10763,meridian,2013,2B,0,62,,1
10764,meridian,2013,2C,57,123,,1
10765,meridian,2013,2C(S),6,67,,1
10766,meridian,2013,3,0,44,,1
10767,meridian,2013,Total,0,180,,1
10768,meridian,2014,1,0,0,,
10769,meridian,2014,2A(1),0,0,,
10770,meridian,2014,2A(2),0,0,,
10771,meridian,2014,2B,1,77,,1
10772,meridian,2014,2C,52,153,,1
10773,meridian,2014,2C(S),4,102,,1
10774,meridian,2014,3,0,98,,1
10775,meridian,2014,Total,0,210,,1
10776,meridian,2015,1,0,0,,
10777,meridian,2015,2A(1),0,0,,
10778,meridian,2015,2A(2),0,0,,
10779,meridian,2015,2B,0,49,,1
10780,meridian,2015,2C,36,97,,1
10781,meridian,2015,2C(S),2,61,,1
10782,meridian,2015,3,0,59,,1
10783,meridian,2015,Total,0,150,,1
10784,meridian,2016,1,0,0,,
10785,meridian,2016,2A(1),0,0,,
10786,meridian,2016,2A(2),0,0,,
10787,meridian,2016,2B,0,34,,1
10788,meridian,2016,2C,36,68,,1
10789,meridian,2016,2C(S),1,32,,1
10790,meridian,2016,3,0,31,,1
10791,meridian,2016,Total,0,120,,1
10792,meridian,2017,1,0,0,,
10793,meridian,2017,2A(1),0,0,,
10794,meridian,2017,2A(2),0,0,,
10795,meridian,2017,2B,0,69,,1
10796,meridian,2017,2C,30,138,,1
10797,meridian,2017,2C(S),8,108,,1
10798,meridian,2017,3,0,100,,1
10799,meridian,2017,Total,0,180,,1
10800,meridian,2018,1,0,0,,
10801,meridian,2018,2A(1),0,0,,
10802,meridian,2018,2A(2),0,0,,
10803,meridian,2018,2B,0,67,,1
10804,meridian,2018,2C,33,134,,1
10805,meridian,2018,2C(S),17,101,,1
10806,meridian,2018,3,0,84,,1
10807,meridian,2018,Total,0,180,,1
10808,meridian,2019,1,25,110,,1
10809,meridian,2019,2A(1),0,85,,1
10810,meridian,2019,2A(2),2,86,,1
10811,meridian,2019,2B,0,62,,1
10812,meridian,2019,2C,22,124,,1
10813,meridian,2019,2C(S),5,102,,1
10814,meridian,2019,3,0,97,,1
10815,meridian,2019,Total,0,150,,1
10816,meridian,2020,1,27,170,,1
10817,meridian,2020,2A(1),0,143,,1
10818,meridian,2020,2A(2),5,143,,1
10819,meridian,2020,2B,0,89,,1
10820,meridian,2020,2C,31,178,,1
10821,meridian,2020,2C(S),12,148,,1
10822,meridian,2020,3,0,136,,1
10823,meridian,2020,Total,0,210,,1
10824,meridian,2021,1,35,150,,1
10825,meridian,2021,2A(1),0,115,,1
10826,meridian,2021,2A(2),4,115,,1
10827,meridian,2021,2B,0,76,,1
10828,meridian,2021,2C,24,153,,1
10829,meridian,2021,2C(S),5,129,,1
10830,meridian,2021,3,0,124,,1
10831,meridian,2021,Total,0,190,,1
10832,meridian,2022,1,59,130,,1
10833,meridian,2022,2A(1),25,71,,1
10834,meridian,2022,2A(2),0,0,,
10835,meridian,2022,2B,0,35,,1
10836,meridian,2022,2C,22,108,,1
10837,meridian,2022,2C(S),9,86,,1
10838,meridian,2022,3,0,77,,1
10839,meridian,2022,Total,0,190,,1
10840,meridian,2023,1,29,150,,1
10841,meridian,2023,2A(1),26,121,,1
10842,meridian,2023,2A(2),0,0,,
10843,meridian,2023,2B,0,52,,1
10844,meridian,2023,2C,22,157,,1
10845,meridian,2023,2C(S),14,135,,1
10846,meridian,2023,3,0,121,,1
10847,meridian,2023,Total,0,210,,1
10848,methodist-girls,2009,1,0,0,,
10849,methodist-girls,2009,2A(1),0,0,,
10850,methodist-girls,2009,2A(2),0,0,,
10851,methodist-girls,2009,2B,64,37,,0.578125
10852,methodist-girls,2009,2C,42,37,,0.880952380952381
10853,methodist-girls,2009,2C(S),0,0,,
10854,methodist-girls,2009,3,0,0,,
10855,methodist-girls,2009,Total,0,210,,1
10856,methodist-girls,2010,1,0,0,,
10857,methodist-girls,2010,2A(1),0,0,,
10858,methodist-girls,2010,2A(2),0,0,,
10859,methodist-girls,2010,2B,59,38,,0.644067796610169
10860,methodist-girls,2010,2C,42,37,,0.880952380952381
10861,methodist-girls,2010,2C(S),0,0,,
10862,methodist-girls,2010,3,0,0,,
10863,methodist-girls,2010,Total,0,210,,1
10864,methodist-girls,2011,1,0,0,,
10865,methodist-girls,2011,2A(1),0,0,,
10866,methodist-girls,2011,2A(2),0,0,,
10867,methodist-girls,2011,2B,50,35,,0.7
10868,methodist-girls,2011,2C,51,35,,0.686274509803922
10869,methodist-girls,2011,2C(S),0,0,,
10870,methodist-girls,2011,3,0,0,,
10871,methodist-girls,2011,Total,0,210,,1
10872,methodist-girls,2012,1,0,0,,
10873,methodist-girls,2012,2A(1),0,0,,
10874,methodist-girls,2012,2A(2),0,0,,
10875,methodist-girls,2012,2B,45,28,,0.622222222222222
10876,methodist-girls,2012,2C,35,28,,0.8
10877,methodist-girls,2012,2C(S),0,0,,
10878,methodist-girls,2012,3,0,0,,
10879,methodist-girls,2012,Total,0,210,,1
10880,methodist-girls,2013,1,0,0,,
10881,methodist-girls,2013,2A(1),0,0,,
10882,methodist-girls,2013,2A(2),0,0,,
10883,methodist-girls,2013,2B,57,40,,0.701754385964912
10884,methodist-girls,2013,2C,48,38,,0.791666666666667
10885,methodist-girls,2013,2C(S),0,0,,
10886,methodist-girls,2013,3,0,0,,
10887,methodist-girls,2013,Total,0,210,,1
10888,methodist-girls,2014,1,0,0,,
10889,methodist-girls,2014,2A(1),0,0,,
10890,methodist-girls,2014,2A(2),0,0,,
10891,methodist-girls,2014,2B,44,28,,0.636363636363636
10892,methodist-girls,2014,2C,40,28,,0.7
10893,methodist-girls,2014,2C(S),0,0,,
10894,methodist-girls,2014,3,0,0,,
10895,methodist-girls,2014,Total,0,210,,1
10896,methodist-girls,2015,1,0,0,,
10897,methodist-girls,2015,2A(1),0,0,,
10898,methodist-girls,2015,2A(2),0,0,,
10899,methodist-girls,2015,2B,41,26,,0.634146341463415
10900,methodist-girls,2015,2C,28,26,,0.928571428571429
10901,methodist-girls,2015,2C(S),0,0,,
10902,methodist-girls,2015,3,0,0,,
10903,methodist-girls,2015,Total,0,210,,1
10904,methodist-girls,2016,1,0,0,,
10905,methodist-girls,2016,2A(1),0,0,,
10906,methodist-girls,2016,2A(2),0,0,,
10907,methodist-girls,2016,2B,60,44,,0.733333333333333
10908,methodist-girls,2016,2C,78,44,,0.564102564102564
10909,methodist-girls,2016,2C(S),0,0,,
10910,methodist-girls,2016,3,0,0,,
10911,methodist-girls,2016,Total,0,210,,1
10912,methodist-girls,2017,1,0,0,,
10913,methodist-girls,2017,2A(1),0,0,,
10914,methodist-girls,2017,2A(2),0,0,,
10915,methodist-girls,2017,2B,47,31,,0.659574468085106
10916,methodist-girls,2017,2C,33,31,,0.939393939393939
10917,methodist-girls,2017,2C(S),0,0,,
10918,methodist-girls,2017,3,0,0,,
10919,methodist-girls,2017,Total,0,210,,1
10920,methodist-girls,2018,1,0,0,,
10921,methodist-girls,2018,2A(1),0,0,,
10922,methodist-girls,2018,2A(2),0,0,,
10923,methodist-girls,2018,2B,47,31,,0.659574468085106
10924,methodist-girls,2018,2C,34,30,,0.882352941176471
10925,methodist-girls,2018,2C(S),0,0,,
10926,methodist-girls,2018,3,0,0,,
10927,methodist-girls,2018,Total,0,210,,1
10928,methodist-girls,2019,1,62,170,,1
10929,methodist-girls,2019,2A(1),85,108,,1
10930,methodist-girls,2019,2A(2),22,23,,1
10931,methodist-girls,2019,2B,40,21,SC<1,0.525
10932,methodist-girls,2019,2C,32,21,SC<1,0.65625
10933,methodist-girls,2019,2C(S),0,0,,
10934,methodist-girls,2019,3,0,0,,
10935,methodist-girls,2019,Total,0,210,,1
10936,methodist-girls,2020,1,64,170,,1
10937,methodist-girls,2020,2A(1),79,106,,1
10938,methodist-girls,2020,2A(2),14,27,,1
10939,methodist-girls,2020,2B,39,27,SC<1,0.692307692307692
10940,methodist-girls,2020,2C,39,26,SC<1,0.666666666666667
10941,methodist-girls,2020,2C(S),0,0,,
10942,methodist-girls,2020,3,0,0,,
10943,methodist-girls,2020,Total,0,210,,1
10944,methodist-girls,2021,1,78,170,,1
10945,methodist-girls,2021,2A(1),69,92,,1
10946,methodist-girls,2021,2A(2),9,23,,1
10947,methodist-girls,2021,2B,45,27,SC<1,0.6
10948,methodist-girls,2021,2C,51,27,SC<1,0.529411764705882
10949,methodist-girls,2021,2C(S),0,0,,
10950,methodist-girls,2021,3,0,0,,
10951,methodist-girls,2021,Total,0,210,,1
10952,methodist-girls,2022,1,81,150,,1
10953,methodist-girls,2022,2A(1),89,69,SC>2,0.775280898876405
10954,methodist-girls,2022,2A(2),0,0,,
10955,methodist-girls,2022,2B,79,20,SC<1,0.253164556962025
10956,methodist-girls,2022,2C,70,40,SC<1,0.571428571428571
10957,methodist-girls,2022,2C(S),0,0,,
10958,methodist-girls,2022,3,0,0,,
10959,methodist-girls,2022,Total,0,210,,1
10960,methodist-girls,2023,1,64,150,,1
10961,methodist-girls,2023,2A(1),83,86,,1
10962,methodist-girls,2023,2A(2),0,0,,
10963,methodist-girls,2023,2B,38,21,SC<1,0.552631578947368
10964,methodist-girls,2023,2C,63,43,SC<1,0.682539682539683
10965,methodist-girls,2023,2C(S),0,0,,
10966,methodist-girls,2023,3,0,0,,
10967,methodist-girls,2023,Total,0,210,,1
10968,montfort-junior,2009,1,0,0,,
10969,montfort-junior,2009,2A(1),0,0,,
10970,montfort-junior,2009,2A(2),0,0,,
10971,montfort-junior,2009,2B,8,100,,1
10972,montfort-junior,2009,2C,55,193,,1
10973,montfort-junior,2009,2C(S),31,140,,1
10974,montfort-junior,2009,3,0,93,,1
10975,montfort-junior,2009,Total,0,240,,1
10976,montfort-junior,2010,1,0,0,,
10977,montfort-junior,2010,2A(1),0,0,,
10978,montfort-junior,2010,2A(2),0,0,,
10979,montfort-junior,2010,2B,16,95,,1
10980,montfort-junior,2010,2C,57,174,,1
10981,montfort-junior,2010,2C(S),36,119,,1
10982,montfort-junior,2010,3,0,67,,1
10983,montfort-junior,2010,Total,0,240,,1
10984,montfort-junior,2011,1,0,0,,
10985,montfort-junior,2011,2A(1),0,0,,
10986,montfort-junior,2011,2A(2),0,0,,
10987,montfort-junior,2011,2B,7,85,,1
10988,montfort-junior,2011,2C,48,162,,1
10989,montfort-junior,2011,2C(S),50,115,,1
10990,montfort-junior,2011,3,0,60,,1
10991,montfort-junior,2011,Total,0,210,,1
10992,montfort-junior,2012,1,0,0,,
10993,montfort-junior,2012,2A(1),0,0,,
10994,montfort-junior,2012,2A(2),0,0,,
10995,montfort-junior,2012,2B,10,83,,1
10996,montfort-junior,2012,2C,58,155,,1
10997,montfort-junior,2012,2C(S),17,99,,1
10998,montfort-junior,2012,3,0,55,,1
10999,montfort-junior,2012,Total,0,210,,1
11000,montfort-junior,2013,1,0,0,,
11001,montfort-junior,2013,2A(1),0,0,,
11002,montfort-junior,2013,2A(2),0,0,,
11003,montfort-junior,2013,2B,14,90,,1
11004,montfort-junior,2013,2C,53,165,,1
11005,montfort-junior,2013,2C(S),18,112,,1
11006,montfort-junior,2013,3,0,29,,1
11007,montfort-junior,2013,Total,0,210,,1
11008,montfort-junior,2014,1,0,0,,
11009,montfort-junior,2014,2A(1),0,0,,
11010,montfort-junior,2014,2A(2),0,0,,
11011,montfort-junior,2014,2B,11,92,,1
11012,montfort-junior,2014,2C,37,172,,1
11013,montfort-junior,2014,2C(S),13,135,,1
11014,montfort-junior,2014,3,0,122,,1
11015,montfort-junior,2014,Total,0,210,,1
11016,montfort-junior,2015,1,0,0,,
11017,montfort-junior,2015,2A(1),0,0,,
11018,montfort-junior,2015,2A(2),0,0,,
11019,montfort-junior,2015,2B,9,73,,1
11020,montfort-junior,2015,2C,22,138,,1
11021,montfort-junior,2015,2C(S),8,116,,1
11022,montfort-junior,2015,3,0,108,,1
11023,montfort-junior,2015,Total,0,180,,1
11024,montfort-junior,2016,1,0,0,,
11025,montfort-junior,2016,2A(1),0,0,,
11026,montfort-junior,2016,2A(2),0,0,,
11027,montfort-junior,2016,2B,6,49,,1
11028,montfort-junior,2016,2C,20,92,,1
11029,montfort-junior,2016,2C(S),4,72,,1
11030,montfort-junior,2016,3,0,68,,1
11031,montfort-junior,2016,Total,0,120,,1
11032,montfort-junior,2017,1,0,0,,
11033,montfort-junior,2017,2A(1),0,0,,
11034,montfort-junior,2017,2A(2),0,0,,
11035,montfort-junior,2017,2B,5,63,,1
11036,montfort-junior,2017,2C,24,120,,1
11037,montfort-junior,2017,2C(S),12,96,,1
11038,montfort-junior,2017,3,0,84,,1
11039,montfort-junior,2017,Total,0,150,,1
11040,montfort-junior,2018,1,0,0,,
11041,montfort-junior,2018,2A(1),0,0,,
11042,montfort-junior,2018,2A(2),0,0,,
11043,montfort-junior,2018,2B,15,48,,1
11044,montfort-junior,2018,2C,43,82,,1
11045,montfort-junior,2018,2C(S),46,41,,0.891304347826087
11046,montfort-junior,2018,3,0,0,,
11047,montfort-junior,2018,Total,0,120,,1
11048,montfort-junior,2019,1,13,80,,1
11049,montfort-junior,2019,2A(1),0,67,,1
11050,montfort-junior,2019,2A(2),7,69,,1
11051,montfort-junior,2019,2B,15,51,,1
11052,montfort-junior,2019,2C,45,87,,1
11053,montfort-junior,2019,2C(S),24,42,,1
11054,montfort-junior,2019,3,0,18,,1
11055,montfort-junior,2019,Total,0,120,,1
11056,montfort-junior,2020,1,18,80,,1
11057,montfort-junior,2020,2A(1),1,62,,1
11058,montfort-junior,2020,2A(2),10,61,,1
11059,montfort-junior,2020,2B,5,46,,1
11060,montfort-junior,2020,2C,63,86,,1
11061,montfort-junior,2020,2C(S),37,23,SC1-2,0.621621621621622
11062,montfort-junior,2020,3,0,0,,
11063,montfort-junior,2020,Total,0,120,,1
11064,montfort-junior,2021,1,20,140,,1
11065,montfort-junior,2021,2A(1),2,120,,1
11066,montfort-junior,2021,2A(2),7,118,,1
11067,montfort-junior,2021,2B,14,76,,1
11068,montfort-junior,2021,2C,45,137,,1
11069,montfort-junior,2021,2C(S),50,94,,1
11070,montfort-junior,2021,3,0,44,,1
11071,montfort-junior,2021,Total,0,180,,1
11072,montfort-junior,2022,1,26,90,,1
11073,montfort-junior,2022,2A(1),9,64,,1
11074,montfort-junior,2022,2A(2),0,0,,
11075,montfort-junior,2022,2B,15,38,,1
11076,montfort-junior,2022,2C,29,101,,1
11077,montfort-junior,2022,2C(S),64,72,,1
11078,montfort-junior,2022,3,0,8,,1
11079,montfort-junior,2022,Total,0,150,,1
11080,montfort-junior,2023,1,22,90,,1
11081,montfort-junior,2023,2A(1),7,68,,1
11082,montfort-junior,2023,2A(2),0,0,,
11083,montfort-junior,2023,2B,8,40,,1
11084,montfort-junior,2023,2C,25,113,,1
11085,montfort-junior,2023,2C(S),38,88,,1
11086,montfort-junior,2023,3,0,50,,1
11087,montfort-junior,2023,Total,0,150,,1
11088,nan-chiau,2009,1,0,0,,
11089,nan-chiau,2009,2A(1),0,0,,
11090,nan-chiau,2009,2A(2),0,0,,
11091,nan-chiau,2009,2B,79,75,,0.949367088607595
11092,nan-chiau,2009,2C,191,73,,0.382198952879581
11093,nan-chiau,2009,2C(S),0,0,,
11094,nan-chiau,2009,3,0,0,,
11095,nan-chiau,2009,Total,0,300,,1
11096,nan-chiau,2010,1,0,0,,
11097,nan-chiau,2010,2A(1),0,0,,
11098,nan-chiau,2010,2A(2),0,0,,
11099,nan-chiau,2010,2B,79,65,,0.822784810126582
11100,nan-chiau,2010,2C,204,65,,0.318627450980392
11101,nan-chiau,2010,2C(S),0,0,,
11102,nan-chiau,2010,3,0,0,,
11103,nan-chiau,2010,Total,0,300,,1
11104,nan-chiau,2011,1,0,0,,
11105,nan-chiau,2011,2A(1),0,0,,
11106,nan-chiau,2011,2A(2),0,0,,
11107,nan-chiau,2011,2B,83,68,,0.819277108433735
11108,nan-chiau,2011,2C,181,69,,0.38121546961326
11109,nan-chiau,2011,2C(S),0,0,,
11110,nan-chiau,2011,3,0,0,,
11111,nan-chiau,2011,Total,0,300,,1
11112,nan-chiau,2012,1,0,0,,
11113,nan-chiau,2012,2A(1),0,0,,
11114,nan-chiau,2012,2A(2),0,0,,
11115,nan-chiau,2012,2B,83,58,,0.698795180722892
11116,nan-chiau,2012,2C,180,58,,0.322222222222222
11117,nan-chiau,2012,2C(S),0,0,,
11118,nan-chiau,2012,3,0,0,,
11119,nan-chiau,2012,Total,0,300,,1
11120,nan-chiau,2013,1,0,0,,
11121,nan-chiau,2013,2A(1),0,0,,
11122,nan-chiau,2013,2A(2),0,0,,
11123,nan-chiau,2013,2B,68,53,,0.779411764705882
11124,nan-chiau,2013,2C,175,52,,0.297142857142857
11125,nan-chiau,2013,2C(S),0,0,,
11126,nan-chiau,2013,3,0,0,,
11127,nan-chiau,2013,Total,0,300,,1
11128,nan-chiau,2014,1,0,0,,
11129,nan-chiau,2014,2A(1),0,0,,
11130,nan-chiau,2014,2A(2),0,0,,
11131,nan-chiau,2014,2B,96,64,,0.666666666666667
11132,nan-chiau,2014,2C,163,64,,0.392638036809816
11133,nan-chiau,2014,2C(S),0,0,,
11134,nan-chiau,2014,3,0,0,,
11135,nan-chiau,2014,Total,0,300,,1
11136,nan-chiau,2015,1,0,0,,
11137,nan-chiau,2015,2A(1),0,0,,
11138,nan-chiau,2015,2A(2),0,0,,
11139,nan-chiau,2015,2B,80,61,,0.7625
11140,nan-chiau,2015,2C,166,61,,0.367469879518072
11141,nan-chiau,2015,2C(S),0,0,,
11142,nan-chiau,2015,3,0,0,,
11143,nan-chiau,2015,Total,0,300,,1
11144,nan-chiau,2016,1,0,0,,
11145,nan-chiau,2016,2A(1),0,0,,
11146,nan-chiau,2016,2A(2),0,0,,
11147,nan-chiau,2016,2B,67,70,,1
11148,nan-chiau,2016,2C,183,74,,0.404371584699454
11149,nan-chiau,2016,2C(S),0,0,,
11150,nan-chiau,2016,3,0,0,,
11151,nan-chiau,2016,Total,0,300,,1
11152,nan-chiau,2017,1,0,0,,
11153,nan-chiau,2017,2A(1),0,0,,
11154,nan-chiau,2017,2A(2),0,0,,
11155,nan-chiau,2017,2B,76,70,,0.921052631578947
11156,nan-chiau,2017,2C,203,72,,0.354679802955665
11157,nan-chiau,2017,2C(S),0,0,,
11158,nan-chiau,2017,3,0,0,,
11159,nan-chiau,2017,Total,0,300,,1
11160,nan-chiau,2018,1,0,0,,
11161,nan-chiau,2018,2A(1),0,0,,
11162,nan-chiau,2018,2A(2),0,0,,
11163,nan-chiau,2018,2B,67,53,,0.791044776119403
11164,nan-chiau,2018,2C,203,52,,0.25615763546798
11165,nan-chiau,2018,2C(S),0,0,,
11166,nan-chiau,2018,3,0,0,,
11167,nan-chiau,2018,Total,0,300,,1
11168,nan-chiau,2019,1,144,260,,1
11169,nan-chiau,2019,2A(1),12,116,,1
11170,nan-chiau,2019,2A(2),26,104,,1
11171,nan-chiau,2019,2B,70,60,SC<1,0.857142857142857
11172,nan-chiau,2019,2C,235,61,SC<1,0.259574468085106
11173,nan-chiau,2019,2C(S),0,0,,
11174,nan-chiau,2019,3,0,0,,
11175,nan-chiau,2019,Total,0,300,,1
11176,nan-chiau,2020,1,118,260,,1
11177,nan-chiau,2020,2A(1),14,142,,1
11178,nan-chiau,2020,2A(2),24,128,,1
11179,nan-chiau,2020,2B,81,72,SC<1,0.888888888888889
11180,nan-chiau,2020,2C,225,72,SC<1,0.32
11181,nan-chiau,2020,2C(S),0,0,,
11182,nan-chiau,2020,3,0,0,,
11183,nan-chiau,2020,Total,0,300,,1
11184,nan-chiau,2021,1,134,260,,1
11185,nan-chiau,2021,2A(1),20,126,,1
11186,nan-chiau,2021,2A(2),23,106,,1
11187,nan-chiau,2021,2B,88,62,SC<1,0.704545454545455
11188,nan-chiau,2021,2C,204,64,SC<1,0.313725490196078
11189,nan-chiau,2021,2C(S),0,0,,
11190,nan-chiau,2021,3,0,0,,
11191,nan-chiau,2021,Total,0,300,,1
11192,nan-chiau,2022,1,143,240,,1
11193,nan-chiau,2022,2A(1),35,97,,1
11194,nan-chiau,2022,2A(2),0,0,,
11195,nan-chiau,2022,2B,79,41,SC<1,0.518987341772152
11196,nan-chiau,2022,2C,274,81,SC<1,0.295620437956204
11197,nan-chiau,2022,2C(S),0,0,,
11198,nan-chiau,2022,3,0,0,,
11199,nan-chiau,2022,Total,0,300,,1
11200,nan-chiau,2023,1,131,240,,1
11201,nan-chiau,2023,2A(1),38,109,,1
11202,nan-chiau,2023,2A(2),0,0,,
11203,nan-chiau,2023,2B,123,45,SC<1,0.365853658536585
11204,nan-chiau,2023,2C,264,89,SC<1,0.337121212121212
11205,nan-chiau,2023,2C(S),0,0,,
11206,nan-chiau,2023,3,0,0,,
11207,nan-chiau,2023,Total,0,300,,1
11208,nan-hua,2009,1,0,0,,
11209,nan-hua,2009,2A(1),0,0,,
11210,nan-hua,2009,2A(2),0,0,,
11211,nan-hua,2009,2B,42,42,,1
11212,nan-hua,2009,2C,100,43,,0.43
11213,nan-hua,2009,2C(S),0,0,,
11214,nan-hua,2009,3,0,0,,
11215,nan-hua,2009,Total,0,240,,1
11216,nan-hua,2010,1,0,0,,
11217,nan-hua,2010,2A(1),0,0,,
11218,nan-hua,2010,2A(2),0,0,,
11219,nan-hua,2010,2B,40,36,,0.9
11220,nan-hua,2010,2C,84,35,,0.416666666666667
11221,nan-hua,2010,2C(S),0,0,,
11222,nan-hua,2010,3,0,0,,
11223,nan-hua,2010,Total,0,240,,1
11224,nan-hua,2011,1,0,0,,
11225,nan-hua,2011,2A(1),0,0,,
11226,nan-hua,2011,2A(2),0,0,,
11227,nan-hua,2011,2B,38,28,,0.736842105263158
11228,nan-hua,2011,2C,84,28,,0.333333333333333
11229,nan-hua,2011,2C(S),0,0,,
11230,nan-hua,2011,3,0,0,,
11231,nan-hua,2011,Total,0,240,,1
11232,nan-hua,2012,1,0,0,,
11233,nan-hua,2012,2A(1),0,0,,
11234,nan-hua,2012,2A(2),0,0,,
11235,nan-hua,2012,2B,35,16,,0.457142857142857
11236,nan-hua,2012,2C,63,16,,0.253968253968254
11237,nan-hua,2012,2C(S),0,0,,
11238,nan-hua,2012,3,0,0,,
11239,nan-hua,2012,Total,0,240,,1
11240,nan-hua,2013,1,0,0,,
11241,nan-hua,2013,2A(1),0,0,,
11242,nan-hua,2013,2A(2),0,0,,
11243,nan-hua,2013,2B,30,15,,0.5
11244,nan-hua,2013,2C,72,15,,0.208333333333333
11245,nan-hua,2013,2C(S),0,0,,
11246,nan-hua,2013,3,0,0,,
11247,nan-hua,2013,Total,0,240,,1
11248,nan-hua,2014,1,0,0,,
11249,nan-hua,2014,2A(1),0,0,,
11250,nan-hua,2014,2A(2),0,0,,
11251,nan-hua,2014,2B,28,20,,0.714285714285714
11252,nan-hua,2014,2C,64,21,,0.328125
11253,nan-hua,2014,2C(S),0,0,,
11254,nan-hua,2014,3,0,0,,
11255,nan-hua,2014,Total,0,240,,1
11256,nan-hua,2015,1,0,0,,
11257,nan-hua,2015,2A(1),0,0,,
11258,nan-hua,2015,2A(2),0,0,,
11259,nan-hua,2015,2B,27,20,,0.740740740740741
11260,nan-hua,2015,2C,54,21,,0.388888888888889
11261,nan-hua,2015,2C(S),0,0,,
11262,nan-hua,2015,3,0,0,,
11263,nan-hua,2015,Total,0,240,,1
11264,nan-hua,2016,1,0,0,,
11265,nan-hua,2016,2A(1),0,0,,
11266,nan-hua,2016,2A(2),0,0,,
11267,nan-hua,2016,2B,10,25,,1
11268,nan-hua,2016,2C,81,45,,0.555555555555556
11269,nan-hua,2016,2C(S),0,0,,
11270,nan-hua,2016,3,0,0,,
11271,nan-hua,2016,Total,0,240,,1
11272,nan-hua,2017,1,0,0,,
11273,nan-hua,2017,2A(1),0,0,,
11274,nan-hua,2017,2A(2),0,0,,
11275,nan-hua,2017,2B,15,20,,1
11276,nan-hua,2017,2C,94,26,,0.276595744680851
11277,nan-hua,2017,2C(S),0,0,,
11278,nan-hua,2017,3,0,0,,
11279,nan-hua,2017,Total,0,240,,1
11280,nan-hua,2018,1,0,0,,
11281,nan-hua,2018,2A(1),0,0,,
11282,nan-hua,2018,2A(2),0,0,,
11283,nan-hua,2018,2B,16,23,,1
11284,nan-hua,2018,2C,87,32,,0.367816091954023
11285,nan-hua,2018,2C(S),0,0,,
11286,nan-hua,2018,3,0,0,,
11287,nan-hua,2018,Total,0,240,,1
11288,nan-hua,2019,1,108,200,,1
11289,nan-hua,2019,2A(1),84,92,,1
11290,nan-hua,2019,2A(2),22,8,,0.363636363636364
11291,nan-hua,2019,2B,27,20,SC<1,0.740740740740741
11292,nan-hua,2019,2C,96,20,SC<1,0.208333333333333
11293,nan-hua,2019,2C(S),0,0,,
11294,nan-hua,2019,3,0,0,,
11295,nan-hua,2019,Total,0,240,,1
11296,nan-hua,2020,1,123,200,,1
11297,nan-hua,2020,2A(1),84,77,SC>2,0.916666666666667
11298,nan-hua,2020,2A(2),0,0,,
11299,nan-hua,2020,2B,19,20,,1
11300,nan-hua,2020,2C,115,22,SC<1,0.191304347826087
11301,nan-hua,2020,2C(S),0,0,,
11302,nan-hua,2020,3,0,0,,
11303,nan-hua,2020,Total,0,240,,1
11304,nan-hua,2021,1,107,200,,1
11305,nan-hua,2021,2A(1),88,93,,1
11306,nan-hua,2021,2A(2),21,5,SC<1,0.238095238095238
11307,nan-hua,2021,2B,34,21,SC<1,0.617647058823529
11308,nan-hua,2021,2C,141,21,SC<1,0.148936170212766
11309,nan-hua,2021,2C(S),0,0,,
11310,nan-hua,2021,3,0,0,,
11311,nan-hua,2021,Total,0,240,,1
11312,nan-hua,2022,1,104,180,,1
11313,nan-hua,2022,2A(1),111,77,SC<2#,0.693693693693694
11314,nan-hua,2022,2A(2),0,0,,
11315,nan-hua,2022,2B,38,20,SC<1,0.526315789473684
11316,nan-hua,2022,2C,191,40,SC<1,0.209424083769634
11317,nan-hua,2022,2C(S),0,0,,
11318,nan-hua,2022,3,0,0,,
11319,nan-hua,2022,Total,0,240,,1
11320,nan-hua,2023,1,116,180,,1
11321,nan-hua,2023,2A(1),96,65,SC1-2,0.677083333333333
11322,nan-hua,2023,2A(2),0,0,,
11323,nan-hua,2023,2B,34,20,SC<1,0.588235294117647
11324,nan-hua,2023,2C,192,40,SC<1,0.208333333333333
11325,nan-hua,2023,2C(S),0,0,,
11326,nan-hua,2023,3,0,0,,
11327,nan-hua,2023,Total,0,240,,1
11328,nanyang,2009,1,0,0,,
11329,nanyang,2009,2A(1),0,0,,
11330,nanyang,2009,2A(2),0,0,,
11331,nanyang,2009,2B,47,47,,1
11332,nanyang,2009,2C,55,47,,0.854545454545454
11333,nanyang,2009,2C(S),0,0,,
11334,nanyang,2009,3,0,0,,
11335,nanyang,2009,Total,0,390,,1
11336,nanyang,2010,1,0,0,,
11337,nanyang,2010,2A(1),0,0,,
11338,nanyang,2010,2A(2),0,0,,
11339,nanyang,2010,2B,51,36,,0.705882352941177
11340,nanyang,2010,2C,68,36,,0.529411764705882
11341,nanyang,2010,2C(S),0,0,,
11342,nanyang,2010,3,0,0,,
11343,nanyang,2010,Total,0,390,,1
11344,nanyang,2011,1,0,0,,
11345,nanyang,2011,2A(1),0,0,,
11346,nanyang,2011,2A(2),0,0,,
11347,nanyang,2011,2B,45,28,,0.622222222222222
11348,nanyang,2011,2C,53,30,,0.566037735849057
11349,nanyang,2011,2C(S),0,0,,
11350,nanyang,2011,3,0,0,,
11351,nanyang,2011,Total,0,390,,1
11352,nanyang,2012,1,0,0,,
11353,nanyang,2012,2A(1),0,0,,
11354,nanyang,2012,2A(2),0,0,,
11355,nanyang,2012,2B,33,25,,0.757575757575758
11356,nanyang,2012,2C,33,25,,0.757575757575758
11357,nanyang,2012,2C(S),0,0,,
11358,nanyang,2012,3,0,0,,
11359,nanyang,2012,Total,0,390,,1
11360,nanyang,2013,1,0,0,,
11361,nanyang,2013,2A(1),0,0,,
11362,nanyang,2013,2A(2),0,0,,
11363,nanyang,2013,2B,36,25,,0.694444444444444
11364,nanyang,2013,2C,48,25,,0.520833333333333
11365,nanyang,2013,2C(S),0,0,,
11366,nanyang,2013,3,0,0,,
11367,nanyang,2013,Total,0,390,,1
11368,nanyang,2014,1,0,0,,
11369,nanyang,2014,2A(1),0,0,,
11370,nanyang,2014,2A(2),0,0,,
11371,nanyang,2014,2B,32,23,,0.71875
11372,nanyang,2014,2C,30,23,,0.766666666666667
11373,nanyang,2014,2C(S),0,0,,
11374,nanyang,2014,3,0,0,,
11375,nanyang,2014,Total,0,390,,1
11376,nanyang,2015,1,0,0,,
11377,nanyang,2015,2A(1),0,0,,
11378,nanyang,2015,2A(2),0,0,,
11379,nanyang,2015,2B,29,20,,0.689655172413793
11380,nanyang,2015,2C,45,21,,0.466666666666667
11381,nanyang,2015,2C(S),0,0,,
11382,nanyang,2015,3,0,0,,
11383,nanyang,2015,Total,0,390,,1
11384,nanyang,2016,1,0,0,,
11385,nanyang,2016,2A(1),0,0,,
11386,nanyang,2016,2A(2),0,0,,
11387,nanyang,2016,2B,26,20,,0.769230769230769
11388,nanyang,2016,2C,49,21,,0.428571428571428
11389,nanyang,2016,2C(S),0,0,,
11390,nanyang,2016,3,0,0,,
11391,nanyang,2016,Total,0,390,,1
11392,nanyang,2017,1,0,0,,
11393,nanyang,2017,2A(1),0,0,,
11394,nanyang,2017,2A(2),0,0,,
11395,nanyang,2017,2B,20,20,,1
11396,nanyang,2017,2C,36,20,,0.555555555555556
11397,nanyang,2017,2C(S),0,0,,
11398,nanyang,2017,3,0,0,,
11399,nanyang,2017,Total,0,390,,1
11400,nanyang,2018,1,0,0,,
11401,nanyang,2018,2A(1),0,0,,
11402,nanyang,2018,2A(2),0,0,,
11403,nanyang,2018,2B,35,20,,0.571428571428571
11404,nanyang,2018,2C,56,20,,0.357142857142857
11405,nanyang,2018,2C(S),0,0,,
11406,nanyang,2018,3,0,0,,
11407,nanyang,2018,Total,0,390,,1
11408,nanyang,2019,1,194,350,,1
11409,nanyang,2019,2A(1),148,158,,1
11410,nanyang,2019,2A(2),34,11,,0.323529411764706
11411,nanyang,2019,2B,30,21,SC<1,0.7
11412,nanyang,2019,2C,37,21,SC<1,0.567567567567568
11413,nanyang,2019,2C(S),0,0,,
11414,nanyang,2019,3,0,0,,
11415,nanyang,2019,Total,0,390,,1
11416,nanyang,2020,1,182,350,,1
11417,nanyang,2020,2A(1),140,168,,1
11418,nanyang,2020,2A(2),44,28,SC>2,0.636363636363636
11419,nanyang,2020,2B,48,21,SC<1,0.4375
11420,nanyang,2020,2C,78,20,SC<1,0.256410256410256
11421,nanyang,2020,2C(S),0,0,,
11422,nanyang,2020,3,0,0,,
11423,nanyang,2020,Total,0,390,,1
11424,nanyang,2021,1,210,350,,1
11425,nanyang,2021,2A(1),150,140,SC>2,0.933333333333333
11426,nanyang,2021,2A(2),0,0,,
11427,nanyang,2021,2B,31,20,SC<1,0.645161290322581
11428,nanyang,2021,2C,61,20,SC<1,0.327868852459016
11429,nanyang,2021,2C(S),0,0,,
11430,nanyang,2021,3,0,0,,
11431,nanyang,2021,Total,0,390,,1
11432,nanyang,2022,1,175,330,,1
11433,nanyang,2022,2A(1),185,156,SC>2,0.843243243243243
11434,nanyang,2022,2A(2),0,0,,
11435,nanyang,2022,2B,37,20,SC<1,0.540540540540541
11436,nanyang,2022,2C,89,41,SC<1,0.460674157303371
11437,nanyang,2022,2C(S),0,0,,
11438,nanyang,2022,3,0,0,,
11439,nanyang,2022,Total,0,390,,1
11440,nanyang,2023,1,182,330,,1
11441,nanyang,2023,2A(1),171,149,SC>2,0.871345029239766
11442,nanyang,2023,2A(2),0,0,,
11443,nanyang,2023,2B,43,20,SC<1,0.465116279069767
11444,nanyang,2023,2C,76,44,SC<1,0.578947368421053
11445,nanyang,2023,2C(S),0,0,,
11446,nanyang,2023,3,0,0,,
11447,nanyang,2023,Total,0,390,,1
11448,naval-base,2009,1,0,0,,
11449,naval-base,2009,2A(1),0,0,,
11450,naval-base,2009,2A(2),0,0,,
11451,naval-base,2009,2B,3,77,,1
11452,naval-base,2009,2C,37,152,,1
11453,naval-base,2009,2C(S),16,115,,1
11454,naval-base,2009,3,0,97,,1
11455,naval-base,2009,Total,0,210,,1
11456,naval-base,2010,1,0,0,,
11457,naval-base,2010,2A(1),0,0,,
11458,naval-base,2010,2A(2),0,0,,
11459,naval-base,2010,2B,0,81,,1
11460,naval-base,2010,2C,37,161,,1
11461,naval-base,2010,2C(S),14,124,,1
11462,naval-base,2010,3,0,42,,1
11463,naval-base,2010,Total,0,210,,1
11464,naval-base,2011,1,0,0,,
11465,naval-base,2011,2A(1),0,0,,
11466,naval-base,2011,2A(2),0,0,,
11467,naval-base,2011,2B,0,75,,1
11468,naval-base,2011,2C,39,149,,1
11469,naval-base,2011,2C(S),34,110,,1
11470,naval-base,2011,3,0,44,,1
11471,naval-base,2011,Total,0,210,,1
11472,naval-base,2012,1,0,0,,
11473,naval-base,2012,2A(1),0,0,,
11474,naval-base,2012,2A(2),0,0,,
11475,naval-base,2012,2B,1,64,,1
11476,naval-base,2012,2C,54,126,,1
11477,naval-base,2012,2C(S),12,72,,1
11478,naval-base,2012,3,0,52,,1
11479,naval-base,2012,Total,0,180,,1
11480,naval-base,2013,1,0,0,,
11481,naval-base,2013,2A(1),0,0,,
11482,naval-base,2013,2A(2),0,0,,
11483,naval-base,2013,2B,1,61,,1
11484,naval-base,2013,2C,53,120,,1
11485,naval-base,2013,2C(S),11,68,,1
11486,naval-base,2013,3,0,35,,1
11487,naval-base,2013,Total,0,180,,1
11488,naval-base,2014,1,0,0,,
11489,naval-base,2014,2A(1),0,0,,
11490,naval-base,2014,2A(2),0,0,,
11491,naval-base,2014,2B,0,80,,1
11492,naval-base,2014,2C,39,160,,1
11493,naval-base,2014,2C(S),18,121,,1
11494,naval-base,2014,3,0,103,,1
11495,naval-base,2014,Total,0,210,,1
11496,naval-base,2015,1,0,0,,
11497,naval-base,2015,2A(1),0,0,,
11498,naval-base,2015,2A(2),0,0,,
11499,naval-base,2015,2B,0,63,,1
11500,naval-base,2015,2C,46,126,,1
11501,naval-base,2015,2C(S),29,80,,1
11502,naval-base,2015,3,0,51,,1
11503,naval-base,2015,Total,0,180,,1
11504,naval-base,2016,1,0,0,,
11505,naval-base,2016,2A(1),0,0,,
11506,naval-base,2016,2A(2),0,0,,
11507,naval-base,2016,2B,0,68,,1
11508,naval-base,2016,2C,59,137,,1
11509,naval-base,2016,2C(S),46,78,,1
11510,naval-base,2016,3,0,32,,1
11511,naval-base,2016,Total,0,180,,1
11512,naval-base,2017,1,0,0,,
11513,naval-base,2017,2A(1),0,0,,
11514,naval-base,2017,2A(2),0,0,,
11515,naval-base,2017,2B,0,74,,1
11516,naval-base,2017,2C,72,148,,1
11517,naval-base,2017,2C(S),80,76,,0.95
11518,naval-base,2017,3,0,0,,
11519,naval-base,2017,Total,0,210,,1
11520,naval-base,2018,1,0,0,,
11521,naval-base,2018,2A(1),0,0,,
11522,naval-base,2018,2A(2),0,0,,
11523,naval-base,2018,2B,0,66,,1
11524,naval-base,2018,2C,132,132,,1
11525,naval-base,2018,2C(S),0,0,,
11526,naval-base,2018,3,0,0,,
11527,naval-base,2018,Total,0,240,,1
11528,naval-base,2019,1,69,200,,1
11529,naval-base,2019,2A(1),0,131,,1
11530,naval-base,2019,2A(2),23,131,,1
11531,naval-base,2019,2B,2,74,,1
11532,naval-base,2019,2C,112,146,,1
11533,naval-base,2019,2C(S),81,34,SC<1,0.419753086419753
11534,naval-base,2019,3,0,0,,
11535,naval-base,2019,Total,0,240,,1
11536,naval-base,2020,1,95,240,,1
11537,naval-base,2020,2A(1),0,145,,1
11538,naval-base,2020,2A(2),23,145,,1
11539,naval-base,2020,2B,2,81,,1
11540,naval-base,2020,2C,116,160,,1
11541,naval-base,2020,2C(S),73,45,SC<1,0.616438356164384
11542,naval-base,2020,3,0,0,,
11543,naval-base,2020,Total,0,280,,1
11544,naval-base,2021,1,118,240,,1
11545,naval-base,2021,2A(1),0,122,,1
11546,naval-base,2021,2A(2),66,122,,1
11547,naval-base,2021,2B,0,48,,1
11548,naval-base,2021,2C,108,96,SC<1,0.888888888888889
11549,naval-base,2021,2C(S),0,0,,
11550,naval-base,2021,3,0,0,,
11551,naval-base,2021,Total,0,280,,1
11552,naval-base,2022,1,115,220,,1
11553,naval-base,2022,2A(1),61,106,,1
11554,naval-base,2022,2A(2),0,0,,
11555,naval-base,2022,2B,1,35,,1
11556,naval-base,2022,2C,116,105,PR<1,0.905172413793103
11557,naval-base,2022,2C(S),0,0,,
11558,naval-base,2022,3,0,0,,
11559,naval-base,2022,Total,0,280,,1
11560,naval-base,2023,1,114,180,,1
11561,naval-base,2023,2A(1),100,66,SC<1,0.66
11562,naval-base,2023,2A(2),0,0,,
11563,naval-base,2023,2B,2,20,,1
11564,naval-base,2023,2C,89,58,SC<1,0.651685393258427
11565,naval-base,2023,2C(S),0,0,,
11566,naval-base,2023,3,0,0,,
11567,naval-base,2023,Total,0,240,,1
11568,new-town,2009,1,0,0,,
11569,new-town,2009,2A(1),0,0,,
11570,new-town,2009,2A(2),0,0,,
11571,new-town,2009,2B,0,97,,1
11572,new-town,2009,2C,99,194,,1
11573,new-town,2009,2C(S),25,96,,1
11574,new-town,2009,3,0,66,,1
11575,new-town,2009,Total,0,270,,1
11576,new-town,2010,1,0,0,,
11577,new-town,2010,2A(1),0,0,,
11578,new-town,2010,2A(2),0,0,,
11579,new-town,2010,2B,1,83,,1
11580,new-town,2010,2C,77,164,,1
11581,new-town,2010,2C(S),37,88,,1
11582,new-town,2010,3,0,46,,1
11583,new-town,2010,Total,0,240,,1
11584,new-town,2011,1,0,0,,
11585,new-town,2011,2A(1),0,0,,
11586,new-town,2011,2A(2),0,0,,
11587,new-town,2011,2B,0,83,,1
11588,new-town,2011,2C,103,165,,1
11589,new-town,2011,2C(S),37,62,,1
11590,new-town,2011,3,0,23,,1
11591,new-town,2011,Total,0,240,,1
11592,new-town,2012,1,0,0,,
11593,new-town,2012,2A(1),0,0,,
11594,new-town,2012,2A(2),0,0,,
11595,new-town,2012,2B,4,74,,1
11596,new-town,2012,2C,101,144,,1
11597,new-town,2012,2C(S),54,51,,0.944444444444444
11598,new-town,2012,3,0,0,,
11599,new-town,2012,Total,0,240,,1
11600,new-town,2013,1,0,0,,
11601,new-town,2013,2A(1),0,0,,
11602,new-town,2013,2A(2),0,0,,
11603,new-town,2013,2B,2,77,,1
11604,new-town,2013,2C,107,152,,1
11605,new-town,2013,2C(S),34,45,,1
11606,new-town,2013,3,0,0,,
11607,new-town,2013,Total,0,240,,1
11608,new-town,2014,1,0,0,,
11609,new-town,2014,2A(1),0,0,,
11610,new-town,2014,2A(2),0,0,,
11611,new-town,2014,2B,0,78,,1
11612,new-town,2014,2C,95,155,,1
11613,new-town,2014,2C(S),41,62,,1
11614,new-town,2014,3,0,21,,1
11615,new-town,2014,Total,0,240,,1
11616,new-town,2015,1,0,0,,
11617,new-town,2015,2A(1),0,0,,
11618,new-town,2015,2A(2),0,0,,
11619,new-town,2015,2B,0,73,,1
11620,new-town,2015,2C,90,147,,1
11621,new-town,2015,2C(S),36,59,,1
11622,new-town,2015,3,0,23,,1
11623,new-town,2015,Total,0,240,,1
11624,new-town,2016,1,0,0,,
11625,new-town,2016,2A(1),0,0,,
11626,new-town,2016,2A(2),0,0,,
11627,new-town,2016,2B,0,81,,1
11628,new-town,2016,2C,46,161,,1
11629,new-town,2016,2C(S),23,115,,1
11630,new-town,2016,3,0,92,,1
11631,new-town,2016,Total,0,240,,1
11632,new-town,2017,1,0,0,,
11633,new-town,2017,2A(1),0,0,,
11634,new-town,2017,2A(2),0,0,,
11635,new-town,2017,2B,0,76,,1
11636,new-town,2017,2C,55,152,,1
11637,new-town,2017,2C(S),13,97,,1
11638,new-town,2017,3,0,84,,1
11639,new-town,2017,Total,0,210,,1
11640,new-town,2018,1,0,0,,
11641,new-town,2018,2A(1),0,0,,
11642,new-town,2018,2A(2),0,0,,
11643,new-town,2018,2B,0,88,,1
11644,new-town,2018,2C,45,176,,1
11645,new-town,2018,2C(S),42,131,,1
11646,new-town,2018,3,0,89,,1
11647,new-town,2018,Total,0,240,,1
11648,new-town,2019,1,42,170,,1
11649,new-town,2019,2A(1),0,128,,1
11650,new-town,2019,2A(2),4,128,,1
11651,new-town,2019,2B,1,82,,1
11652,new-town,2019,2C,26,165,,1
11653,new-town,2019,2C(S),28,139,,1
11654,new-town,2019,3,0,111,,1
11655,new-town,2019,Total,0,210,,1
11656,new-town,2020,1,45,230,,1
11657,new-town,2020,2A(1),0,185,,1
11658,new-town,2020,2A(2),6,185,,1
11659,new-town,2020,2B,0,110,,1
11660,new-town,2020,2C,27,220,,1
11661,new-town,2020,2C(S),62,194,,1
11662,new-town,2020,3,0,132,,1
11663,new-town,2020,Total,0,270,,1
11664,new-town,2021,1,37,230,,1
11665,new-town,2021,2A(1),0,193,,1
11666,new-town,2021,2A(2),8,193,,1
11667,new-town,2021,2B,0,113,,1
11668,new-town,2021,2C,24,225,,1
11669,new-town,2021,2C(S),31,201,,1
11670,new-town,2021,3,0,170,,1
11671,new-town,2021,Total,0,270,,1
11672,new-town,2022,1,33,150,,1
11673,new-town,2022,2A(1),4,117,,1
11674,new-town,2022,2A(2),0,0,,
11675,new-town,2022,2B,0,58,,1
11676,new-town,2022,2C,20,173,,1
11677,new-town,2022,2C(S),33,153,,1
11678,new-town,2022,3,0,120,,1
11679,new-town,2022,Total,0,210,,1
11680,new-town,2023,1,37,150,,1
11681,new-town,2023,2A(1),9,113,,1
11682,new-town,2023,2A(2),0,0,,
11683,new-town,2023,2B,0,55,,1
11684,new-town,2023,2C,19,164,,1
11685,new-town,2023,2C(S),41,145,,1
11686,new-town,2023,3,0,104,,1
11687,new-town,2023,Total,0,210,,1
11688,ngee-ann,2009,1,0,0,,
11689,ngee-ann,2009,2A(1),0,0,,
11690,ngee-ann,2009,2A(2),0,0,,
11691,ngee-ann,2009,2B,9,68,,1
11692,ngee-ann,2009,2C,124,128,,1
11693,ngee-ann,2009,2C(S),4,4,,1
11694,ngee-ann,2009,3,0,0,,
11695,ngee-ann,2009,Total,0,240,,1
11696,ngee-ann,2010,1,0,0,,
11697,ngee-ann,2010,2A(1),0,0,,
11698,ngee-ann,2010,2A(2),0,0,,
11699,ngee-ann,2010,2B,16,69,,1
11700,ngee-ann,2010,2C,136,123,,0.904411764705882
11701,ngee-ann,2010,2C(S),0,0,,
11702,ngee-ann,2010,3,0,0,,
11703,ngee-ann,2010,Total,0,240,,1
11704,ngee-ann,2011,1,0,0,,
11705,ngee-ann,2011,2A(1),0,0,,
11706,ngee-ann,2011,2A(2),0,0,,
11707,ngee-ann,2011,2B,24,64,,1
11708,ngee-ann,2011,2C,112,105,,0.9375
11709,ngee-ann,2011,2C(S),0,0,,
11710,ngee-ann,2011,3,0,0,,
11711,ngee-ann,2011,Total,0,240,,1
11712,ngee-ann,2012,1,0,0,,
11713,ngee-ann,2012,2A(1),0,0,,
11714,ngee-ann,2012,2A(2),0,0,,
11715,ngee-ann,2012,2B,19,67,,1
11716,ngee-ann,2012,2C,114,114,,1
11717,ngee-ann,2012,2C(S),12,4,,0.333333333333333
11718,ngee-ann,2012,3,0,0,,
11719,ngee-ann,2012,Total,0,240,,1
11720,ngee-ann,2013,1,0,0,,
11721,ngee-ann,2013,2A(1),0,0,,
11722,ngee-ann,2013,2A(2),0,0,,
11723,ngee-ann,2013,2B,29,59,,1
11724,ngee-ann,2013,2C,112,88,,0.785714285714286
11725,ngee-ann,2013,2C(S),0,0,,
11726,ngee-ann,2013,3,0,0,,
11727,ngee-ann,2013,Total,0,240,,1
11728,ngee-ann,2014,1,0,0,,
11729,ngee-ann,2014,2A(1),0,0,,
11730,ngee-ann,2014,2A(2),0,0,,
11731,ngee-ann,2014,2B,35,48,,1
11732,ngee-ann,2014,2C,88,62,,0.704545454545455
11733,ngee-ann,2014,2C(S),0,0,,
11734,ngee-ann,2014,3,0,0,,
11735,ngee-ann,2014,Total,0,240,,1
11736,ngee-ann,2015,1,0,0,,
11737,ngee-ann,2015,2A(1),0,0,,
11738,ngee-ann,2015,2A(2),0,0,,
11739,ngee-ann,2015,2B,31,54,,1
11740,ngee-ann,2015,2C,83,79,,0.951807228915663
11741,ngee-ann,2015,2C(S),0,0,,
11742,ngee-ann,2015,3,0,0,,
11743,ngee-ann,2015,Total,0,240,,1
11744,ngee-ann,2016,1,0,0,,
11745,ngee-ann,2016,2A(1),0,0,,
11746,ngee-ann,2016,2A(2),0,0,,
11747,ngee-ann,2016,2B,19,54,,1
11748,ngee-ann,2016,2C,101,92,,0.910891089108911
11749,ngee-ann,2016,2C(S),0,0,,
11750,ngee-ann,2016,3,0,0,,
11751,ngee-ann,2016,Total,0,240,,1
11752,ngee-ann,2017,1,0,0,,
11753,ngee-ann,2017,2A(1),0,0,,
11754,ngee-ann,2017,2A(2),0,0,,
11755,ngee-ann,2017,2B,21,53,,1
11756,ngee-ann,2017,2C,92,87,,0.945652173913044
11757,ngee-ann,2017,2C(S),0,0,,
11758,ngee-ann,2017,3,0,0,,
11759,ngee-ann,2017,Total,0,240,,1
11760,ngee-ann,2018,1,0,0,,
11761,ngee-ann,2018,2A(1),0,0,,
11762,ngee-ann,2018,2A(2),0,0,,
11763,ngee-ann,2018,2B,23,47,,1
11764,ngee-ann,2018,2C,98,75,,0.76530612244898
11765,ngee-ann,2018,2C(S),0,0,,
11766,ngee-ann,2018,3,0,0,,
11767,ngee-ann,2018,Total,0,240,,1
11768,ngee-ann,2019,1,80,200,,1
11769,ngee-ann,2019,2A(1),0,121,,1
11770,ngee-ann,2019,2A(2),33,122,,1
11771,ngee-ann,2019,2B,16,66,,1
11772,ngee-ann,2019,2C,108,118,,1
11773,ngee-ann,2019,2C(S),15,11,SC1-2,0.733333333333333
11774,ngee-ann,2019,3,0,0,,
11775,ngee-ann,2019,Total,0,240,,1
11776,ngee-ann,2020,1,85,200,,1
11777,ngee-ann,2020,2A(1),0,115,,1
11778,ngee-ann,2020,2A(2),26,115,,1
11779,ngee-ann,2020,2B,24,65,,1
11780,ngee-ann,2020,2C,116,107,PR>2,0.922413793103448
11781,ngee-ann,2020,2C(S),0,0,,
11782,ngee-ann,2020,3,0,0,,
11783,ngee-ann,2020,Total,0,240,,1
11784,ngee-ann,2021,1,86,200,,1
11785,ngee-ann,2021,2A(1),2,114,,1
11786,ngee-ann,2021,2A(2),31,112,,1
11787,ngee-ann,2021,2B,3,61,,1
11788,ngee-ann,2021,2C,141,120,PR<1,0.851063829787234
11789,ngee-ann,2021,2C(S),0,0,,
11790,ngee-ann,2021,3,0,0,,
11791,ngee-ann,2021,Total,0,240,,1
11792,ngee-ann,2022,1,86,180,,1
11793,ngee-ann,2022,2A(1),28,95,,1
11794,ngee-ann,2022,2A(2),0,0,,
11795,ngee-ann,2022,2B,4,42,,1
11796,ngee-ann,2022,2C,128,123,PR<2#,0.9609375
11797,ngee-ann,2022,2C(S),0,0,,
11798,ngee-ann,2022,3,0,0,,
11799,ngee-ann,2022,Total,0,240,,1
11800,ngee-ann,2023,1,86,180,,1
11801,ngee-ann,2023,2A(1),34,94,,1
11802,ngee-ann,2023,2A(2),0,0,,
11803,ngee-ann,2023,2B,2,40,,1
11804,ngee-ann,2023,2C,122,122,,1
11805,ngee-ann,2023,2C(S),0,0,,
11806,ngee-ann,2023,3,0,0,,
11807,ngee-ann,2023,Total,0,240,,1
11808,north-spring,2009,1,0,0,,
11809,north-spring,2009,2A(1),0,0,,
11810,north-spring,2009,2A(2),0,0,,
11811,north-spring,2009,2B,0,81,,1
11812,north-spring,2009,2C,46,162,,1
11813,north-spring,2009,2C(S),70,116,,1
11814,north-spring,2009,3,0,40,,1
11815,north-spring,2009,Total,0,240,,1
11816,north-spring,2010,1,0,0,,
11817,north-spring,2010,2A(1),0,0,,
11818,north-spring,2010,2A(2),0,0,,
11819,north-spring,2010,2B,1,78,,1
11820,north-spring,2010,2C,44,155,,1
11821,north-spring,2010,2C(S),60,112,,1
11822,north-spring,2010,3,0,44,,1
11823,north-spring,2010,Total,0,240,,1
11824,north-spring,2011,1,0,0,,
11825,north-spring,2011,2A(1),0,0,,
11826,north-spring,2011,2A(2),0,0,,
11827,north-spring,2011,2B,0,98,,1
11828,north-spring,2011,2C,58,197,,1
11829,north-spring,2011,2C(S),52,139,,1
11830,north-spring,2011,3,0,48,,1
11831,north-spring,2011,Total,0,270,,1
11832,north-spring,2012,1,0,0,,
11833,north-spring,2012,2A(1),0,0,,
11834,north-spring,2012,2A(2),0,0,,
11835,north-spring,2012,2B,0,68,,1
11836,north-spring,2012,2C,51,136,,1
11837,north-spring,2012,2C(S),56,89,,1
11838,north-spring,2012,3,0,22,,1
11839,north-spring,2012,Total,0,210,,1
11840,north-spring,2013,1,0,0,,
11841,north-spring,2013,2A(1),0,0,,
11842,north-spring,2013,2A(2),0,0,,
11843,north-spring,2013,2B,0,66,,1
11844,north-spring,2013,2C,48,132,,1
11845,north-spring,2013,2C(S),46,84,,1
11846,north-spring,2013,3,0,27,,1
11847,north-spring,2013,Total,0,210,,1
11848,north-spring,2014,1,0,0,,
11849,north-spring,2014,2A(1),0,0,,
11850,north-spring,2014,2A(2),0,0,,
11851,north-spring,2014,2B,0,81,,1
11852,north-spring,2014,2C,54,161,,1
11853,north-spring,2014,2C(S),42,107,,1
11854,north-spring,2014,3,0,65,,1
11855,north-spring,2014,Total,0,240,,1
11856,north-spring,2015,1,0,0,,
11857,north-spring,2015,2A(1),0,0,,
11858,north-spring,2015,2A(2),0,0,,
11859,north-spring,2015,2B,0,85,,1
11860,north-spring,2015,2C,52,171,,1
11861,north-spring,2015,2C(S),29,119,,1
11862,north-spring,2015,3,0,90,,1
11863,north-spring,2015,Total,0,240,,1
11864,north-spring,2016,1,0,0,,
11865,north-spring,2016,2A(1),0,0,,
11866,north-spring,2016,2A(2),0,0,,
11867,north-spring,2016,2B,0,89,,1
11868,north-spring,2016,2C,64,177,,1
11869,north-spring,2016,2C(S),14,113,,1
11870,north-spring,2016,3,0,99,,1
11871,north-spring,2016,Total,0,240,,1
11872,north-spring,2017,1,0,0,,
11873,north-spring,2017,2A(1),0,0,,
11874,north-spring,2017,2A(2),0,0,,
11875,north-spring,2017,2B,0,69,,1
11876,north-spring,2017,2C,63,138,,1
11877,north-spring,2017,2C(S),24,75,,1
11878,north-spring,2017,3,0,51,,1
11879,north-spring,2017,Total,0,210,,1
11880,north-spring,2018,1,0,0,,
11881,north-spring,2018,2A(1),0,0,,
11882,north-spring,2018,2A(2),0,0,,
11883,north-spring,2018,2B,0,102,,1
11884,north-spring,2018,2C,70,203,,1
11885,north-spring,2018,2C(S),87,133,,1
11886,north-spring,2018,3,0,46,,1
11887,north-spring,2018,Total,0,270,,1
11888,north-spring,2019,1,69,170,,1
11889,north-spring,2019,2A(1),0,101,,1
11890,north-spring,2019,2A(2),8,101,,1
11891,north-spring,2019,2B,0,67,,1
11892,north-spring,2019,2C,56,134,,1
11893,north-spring,2019,2C(S),31,78,,1
11894,north-spring,2019,3,0,47,,1
11895,north-spring,2019,Total,0,210,,1
11896,north-spring,2020,1,62,200,,1
11897,north-spring,2020,2A(1),0,138,,1
11898,north-spring,2020,2A(2),5,138,,1
11899,north-spring,2020,2B,0,87,,1
11900,north-spring,2020,2C,84,174,,1
11901,north-spring,2020,2C(S),41,90,,1
11902,north-spring,2020,3,0,49,,1
11903,north-spring,2020,Total,0,240,,1
11904,north-spring,2021,1,68,200,,1
11905,north-spring,2021,2A(1),0,132,,1
11906,north-spring,2021,2A(2),7,132,,1
11907,north-spring,2021,2B,0,83,,1
11908,north-spring,2021,2C,54,166,,1
11909,north-spring,2021,2C(S),38,112,,1
11910,north-spring,2021,3,0,74,,1
11911,north-spring,2021,Total,0,240,,1
11912,north-spring,2022,1,65,150,,1
11913,north-spring,2022,2A(1),7,85,,1
11914,north-spring,2022,2A(2),0,0,,
11915,north-spring,2022,2B,0,46,,1
11916,north-spring,2022,2C,37,139,,1
11917,north-spring,2022,2C(S),50,102,,1
11918,north-spring,2022,3,0,52,,1
11919,north-spring,2022,Total,0,210,,1
11920,north-spring,2023,1,52,180,,1
11921,north-spring,2023,2A(1),15,128,,1
11922,north-spring,2023,2A(2),0,0,,
11923,north-spring,2023,2B,0,58,,1
11924,north-spring,2023,2C,38,173,,1
11925,north-spring,2023,2C(S),49,135,,1
11926,north-spring,2023,3,0,86,,1
11927,north-spring,2023,Total,0,240,,1
11928,north-view,2009,1,0,0,,
11929,north-view,2009,2A(1),0,0,,
11930,north-view,2009,2A(2),0,0,,
11931,north-view,2009,2B,0,65,,1
11932,north-view,2009,2C,45,130,,1
11933,north-view,2009,2C(S),10,85,,1
11934,north-view,2009,3,0,74,,1
11935,north-view,2009,Total,0,180,,1
11936,north-view,2010,1,0,0,,
11937,north-view,2010,2A(1),0,0,,
11938,north-view,2010,2A(2),0,0,,
11939,north-view,2010,2B,0,57,,1
11940,north-view,2010,2C,66,113,,1
11941,north-view,2010,2C(S),13,48,,1
11942,north-view,2010,3,0,33,,1
11943,north-view,2010,Total,0,180,,1
11944,north-view,2011,1,0,0,,
11945,north-view,2011,2A(1),0,0,,
11946,north-view,2011,2A(2),0,0,,
11947,north-view,2011,2B,2,61,,1
11948,north-view,2011,2C,69,120,,1
11949,north-view,2011,2C(S),17,51,,1
11950,north-view,2011,3,0,31,,1
11951,north-view,2011,Total,0,180,,1
11952,north-view,2012,1,0,0,,
11953,north-view,2012,2A(1),0,0,,
11954,north-view,2012,2A(2),0,0,,
11955,north-view,2012,2B,0,63,,1
11956,north-view,2012,2C,92,126,,1
11957,north-view,2012,2C(S),20,34,,1
11958,north-view,2012,3,0,13,,1
11959,north-view,2012,Total,0,180,,1
11960,north-view,2013,1,0,0,,
11961,north-view,2013,2A(1),0,0,,
11962,north-view,2013,2A(2),0,0,,
11963,north-view,2013,2B,0,56,,1
11964,north-view,2013,2C,111,112,,1
11965,north-view,2013,2C(S),2,1,,0.5
11966,north-view,2013,3,0,0,,
11967,north-view,2013,Total,0,180,,1
11968,north-view,2014,1,0,0,,
11969,north-view,2014,2A(1),0,0,,
11970,north-view,2014,2A(2),0,0,,
11971,north-view,2014,2B,0,61,,1
11972,north-view,2014,2C,108,121,,1
11973,north-view,2014,2C(S),15,13,,0.866666666666667
11974,north-view,2014,3,0,0,,
11975,north-view,2014,Total,0,180,,1
11976,north-view,2015,1,0,0,,
11977,north-view,2015,2A(1),0,0,,
11978,north-view,2015,2A(2),0,0,,
11979,north-view,2015,2B,0,55,,1
11980,north-view,2015,2C,103,109,,1
11981,north-view,2015,2C(S),13,7,,0.538461538461538
11982,north-view,2015,3,0,0,,
11983,north-view,2015,Total,0,180,,1
11984,north-view,2016,1,0,0,,
11985,north-view,2016,2A(1),0,0,,
11986,north-view,2016,2A(2),0,0,,
11987,north-view,2016,2B,0,52,,1
11988,north-view,2016,2C,106,103,,0.971698113207547
11989,north-view,2016,2C(S),0,0,,
11990,north-view,2016,3,0,0,,
11991,north-view,2016,Total,0,180,,1
11992,north-view,2017,1,0,0,,
11993,north-view,2017,2A(1),0,0,,
11994,north-view,2017,2A(2),0,0,,
11995,north-view,2017,2B,2,54,,1
11996,north-view,2017,2C,89,107,,1
11997,north-view,2017,2C(S),35,19,,0.542857142857143
11998,north-view,2017,3,0,0,,
11999,north-view,2017,Total,0,180,,1
12000,north-view,2018,1,0,0,,
12001,north-view,2018,2A(1),0,0,,
12002,north-view,2018,2A(2),0,0,,
12003,north-view,2018,2B,1,42,,1
12004,north-view,2018,2C,101,82,,0.811881188118812
12005,north-view,2018,2C(S),0,0,,
12006,north-view,2018,3,0,0,,
12007,north-view,2018,Total,0,180,,1
12008,north-view,2019,1,80,140,,1
12009,north-view,2019,2A(1),0,60,,1
12010,north-view,2019,2A(2),13,60,,1
12011,north-view,2019,2B,1,44,,1
12012,north-view,2019,2C,90,87,PR<1,0.966666666666667
12013,north-view,2019,2C(S),0,0,,
12014,north-view,2019,3,0,0,,
12015,north-view,2019,Total,0,180,,1
12016,north-view,2020,1,87,180,,1
12017,north-view,2020,2A(1),0,93,,1
12018,north-view,2020,2A(2),15,93,,1
12019,north-view,2020,2B,1,59,,1
12020,north-view,2020,2C,102,117,,1
12021,north-view,2020,2C(S),34,15,SC<1,0.441176470588235
12022,north-view,2020,3,0,0,,
12023,north-view,2020,Total,0,220,,1
12024,north-view,2021,1,78,200,,1
12025,north-view,2021,2A(1),1,122,,1
12026,north-view,2021,2A(2),15,121,,1
12027,north-view,2021,2B,0,73,,1
12028,north-view,2021,2C,104,147,,1
12029,north-view,2021,2C(S),87,43,SC<1,0.494252873563218
12030,north-view,2021,3,0,0,,
12031,north-view,2021,Total,0,240,,1
12032,north-view,2022,1,81,180,,1
12033,north-view,2022,2A(1),15,99,,1
12034,north-view,2022,2A(2),0,0,,
12035,north-view,2022,2B,0,48,,1
12036,north-view,2022,2C,119,144,,1
12037,north-view,2022,2C(S),58,26,SC<1,0.448275862068966
12038,north-view,2022,3,0,0,,
12039,north-view,2022,Total,0,240,,1
12040,north-view,2023,1,93,180,,1
12041,north-view,2023,2A(1),68,87,,1
12042,north-view,2023,2A(2),0,0,,
12043,north-view,2023,2B,0,26,,1
12044,north-view,2023,2C,95,80,SC<1,0.842105263157895
12045,north-view,2023,2C(S),0,0,,
12046,north-view,2023,3,0,0,,
12047,north-view,2023,Total,0,240,,1
12048,north-vista,2009,1,0,0,,
12049,north-vista,2009,2A(1),0,0,,
12050,north-vista,2009,2A(2),0,0,,
12051,north-vista,2009,2B,1,110,,1
12052,north-vista,2009,2C,203,218,,1
12053,north-vista,2009,2C(S),26,16,,0.615384615384615
12054,north-vista,2009,3,0,0,,
12055,north-vista,2009,Total,0,270,,1
12056,north-vista,2010,1,0,0,,
12057,north-vista,2010,2A(1),0,0,,
12058,north-vista,2010,2A(2),0,0,,
12059,north-vista,2010,2B,6,95,,1
12060,north-vista,2010,2C,177,184,,1
12061,north-vista,2010,2C(S),12,7,,0.583333333333333
12062,north-vista,2010,3,0,0,,
12063,north-vista,2010,Total,0,270,,1
12064,north-vista,2011,1,0,0,,
12065,north-vista,2011,2A(1),0,0,,
12066,north-vista,2011,2A(2),0,0,,
12067,north-vista,2011,2B,8,100,,1
12068,north-vista,2011,2C,185,194,,1
12069,north-vista,2011,2C(S),16,9,,0.5625
12070,north-vista,2011,3,0,0,,
12071,north-vista,2011,Total,0,270,,1
12072,north-vista,2012,1,0,0,,
12073,north-vista,2012,2A(1),0,0,,
12074,north-vista,2012,2A(2),0,0,,
12075,north-vista,2012,2B,9,46,,1
12076,north-vista,2012,2C,114,82,,0.719298245614035
12077,north-vista,2012,2C(S),0,0,,
12078,north-vista,2012,3,0,0,,
12079,north-vista,2012,Total,0,210,,1
12080,north-vista,2013,1,0,0,,
12081,north-vista,2013,2A(1),0,0,,
12082,north-vista,2013,2A(2),0,0,,
12083,north-vista,2013,2B,11,55,,1
12084,north-vista,2013,2C,122,99,,0.811475409836066
12085,north-vista,2013,2C(S),0,0,,
12086,north-vista,2013,3,0,0,,
12087,north-vista,2013,Total,0,210,,1
12088,north-vista,2014,1,0,0,,
12089,north-vista,2014,2A(1),0,0,,
12090,north-vista,2014,2A(2),0,0,,
12091,north-vista,2014,2B,8,64,,1
12092,north-vista,2014,2C,100,119,,1
12093,north-vista,2014,2C(S),15,20,,1
12094,north-vista,2014,3,0,5,,1
12095,north-vista,2014,Total,0,240,,1
12096,north-vista,2015,1,0,0,,
12097,north-vista,2015,2A(1),0,0,,
12098,north-vista,2015,2A(2),0,0,,
12099,north-vista,2015,2B,10,69,,1
12100,north-vista,2015,2C,127,129,,1
12101,north-vista,2015,2C(S),3,2,,0.666666666666667
12102,north-vista,2015,3,0,0,,
12103,north-vista,2015,Total,0,240,,1
12104,north-vista,2016,1,0,0,,
12105,north-vista,2016,2A(1),0,0,,
12106,north-vista,2016,2A(2),0,0,,
12107,north-vista,2016,2B,7,82,,1
12108,north-vista,2016,2C,108,160,,1
12109,north-vista,2016,2C(S),18,52,,1
12110,north-vista,2016,3,0,34,,1
12111,north-vista,2016,Total,0,240,,1
12112,north-vista,2017,1,0,0,,
12113,north-vista,2017,2A(1),0,0,,
12114,north-vista,2017,2A(2),0,0,,
12115,north-vista,2017,2B,6,84,,1
12116,north-vista,2017,2C,88,162,,1
12117,north-vista,2017,2C(S),20,74,,1
12118,north-vista,2017,3,0,54,,1
12119,north-vista,2017,Total,0,240,,1
12120,north-vista,2018,1,0,0,,
12121,north-vista,2018,2A(1),0,0,,
12122,north-vista,2018,2A(2),0,0,,
12123,north-vista,2018,2B,5,81,,1
12124,north-vista,2018,2C,110,157,,1
12125,north-vista,2018,2C(S),49,47,,0.959183673469388
12126,north-vista,2018,3,0,0,,
12127,north-vista,2018,Total,0,270,,1
12128,north-vista,2019,1,79,200,,1
12129,north-vista,2019,2A(1),1,121,,1
12130,north-vista,2019,2A(2),3,120,,1
12131,north-vista,2019,2B,1,79,,1
12132,north-vista,2019,2C,56,158,,1
12133,north-vista,2019,2C(S),28,103,,1
12134,north-vista,2019,3,0,75,,1
12135,north-vista,2019,Total,0,240,,1
12136,north-vista,2020,1,98,200,,1
12137,north-vista,2020,2A(1),0,102,,1
12138,north-vista,2020,2A(2),7,102,,1
12139,north-vista,2020,2B,1,68,,1
12140,north-vista,2020,2C,79,134,,1
12141,north-vista,2020,2C(S),46,55,,1
12142,north-vista,2020,3,0,9,,1
12143,north-vista,2020,Total,0,240,,1
12144,north-vista,2021,1,74,230,,1
12145,north-vista,2021,2A(1),0,157,,1
12146,north-vista,2021,2A(2),52,157,,1
12147,north-vista,2021,2B,1,73,,1
12148,north-vista,2021,2C,64,145,,1
12149,north-vista,2021,2C(S),47,81,,1
12150,north-vista,2021,3,0,34,,1
12151,north-vista,2021,Total,0,270,,1
12152,north-vista,2022,1,79,180,,1
12153,north-vista,2022,2A(1),44,101,,1
12154,north-vista,2022,2A(2),0,0,,
12155,north-vista,2022,2B,0,39,,1
12156,north-vista,2022,2C,43,117,,1
12157,north-vista,2022,2C(S),49,74,,1
12158,north-vista,2022,3,0,25,,1
12159,north-vista,2022,Total,0,240,,1
12160,north-vista,2023,1,57,180,,1
12161,north-vista,2023,2A(1),35,123,,1
12162,north-vista,2023,2A(2),0,0,,
12163,north-vista,2023,2B,1,49,,1
12164,north-vista,2023,2C,55,148,,1
12165,north-vista,2023,2C(S),50,94,,1
12166,north-vista,2023,3,0,44,,1
12167,north-vista,2023,Total,0,240,,1
12168,northland,2009,1,0,0,,
12169,northland,2009,2A(1),0,0,,
12170,northland,2009,2A(2),0,0,,
12171,northland,2009,2B,51,72,,1
12172,northland,2009,2C,153,92,,0.601307189542484
12173,northland,2009,2C(S),0,0,,
12174,northland,2009,3,0,0,,
12175,northland,2009,Total,0,270,,1
12176,northland,2010,1,0,0,,
12177,northland,2010,2A(1),0,0,,
12178,northland,2010,2A(2),0,0,,
12179,northland,2010,2B,35,57,,1
12180,northland,2010,2C,137,79,,0.576642335766423
12181,northland,2010,2C(S),0,0,,
12182,northland,2010,3,0,0,,
12183,northland,2010,Total,0,240,,1
12184,northland,2011,1,0,0,,
12185,northland,2011,2A(1),0,0,,
12186,northland,2011,2A(2),0,0,,
12187,northland,2011,2B,54,44,,0.814814814814815
12188,northland,2011,2C,146,44,,0.301369863013699
12189,northland,2011,2C(S),0,0,,
12190,northland,2011,3,0,0,,
12191,northland,2011,Total,0,240,,1
12192,northland,2012,1,0,0,,
12193,northland,2012,2A(1),0,0,,
12194,northland,2012,2A(2),0,0,,
12195,northland,2012,2B,47,47,,1
12196,northland,2012,2C,99,47,,0.474747474747475
12197,northland,2012,2C(S),0,0,,
12198,northland,2012,3,0,0,,
12199,northland,2012,Total,0,240,,1
12200,northland,2013,1,0,0,,
12201,northland,2013,2A(1),0,0,,
12202,northland,2013,2A(2),0,0,,
12203,northland,2013,2B,25,52,,1
12204,northland,2013,2C,112,78,,0.696428571428571
12205,northland,2013,2C(S),0,0,,
12206,northland,2013,3,0,0,,
12207,northland,2013,Total,0,240,,1
12208,northland,2014,1,0,0,,
12209,northland,2014,2A(1),0,0,,
12210,northland,2014,2A(2),0,0,,
12211,northland,2014,2B,27,52,,1
12212,northland,2014,2C,156,76,,0.487179487179487
12213,northland,2014,2C(S),0,0,,
12214,northland,2014,3,0,0,,
12215,northland,2014,Total,0,240,,1
12216,northland,2015,1,0,0,,
12217,northland,2015,2A(1),0,0,,
12218,northland,2015,2A(2),0,0,,
12219,northland,2015,2B,26,53,,1
12220,northland,2015,2C,160,80,,0.5
12221,northland,2015,2C(S),0,0,,
12222,northland,2015,3,0,0,,
12223,northland,2015,Total,0,240,,1
12224,northland,2016,1,0,0,,
12225,northland,2016,2A(1),0,0,,
12226,northland,2016,2A(2),0,0,,
12227,northland,2016,2B,25,41,,1
12228,northland,2016,2C,160,57,,0.35625
12229,northland,2016,2C(S),0,0,,
12230,northland,2016,3,0,0,,
12231,northland,2016,Total,0,240,,1
12232,northland,2017,1,0,0,,
12233,northland,2017,2A(1),0,0,,
12234,northland,2017,2A(2),0,0,,
12235,northland,2017,2B,24,38,,1
12236,northland,2017,2C,200,51,,0.255
12237,northland,2017,2C(S),0,0,,
12238,northland,2017,3,0,0,,
12239,northland,2017,Total,0,240,,1
12240,northland,2018,1,0,0,,
12241,northland,2018,2A(1),0,0,,
12242,northland,2018,2A(2),0,0,,
12243,northland,2018,2B,24,27,,1
12244,northland,2018,2C,194,32,,0.164948453608247
12245,northland,2018,2C(S),0,0,,
12246,northland,2018,3,0,0,,
12247,northland,2018,Total,0,240,,1
12248,northland,2019,1,88,200,,1
12249,northland,2019,2A(1),20,112,,1
12250,northland,2019,2A(2),26,92,,1
12251,northland,2019,2B,25,53,,1
12252,northland,2019,2C,243,83,SC<1,0.34156378600823
12253,northland,2019,2C(S),0,0,,
12254,northland,2019,3,0,0,,
12255,northland,2019,Total,0,240,,1
12256,northland,2020,1,98,200,,1
12257,northland,2020,2A(1),21,102,,1
12258,northland,2020,2A(2),46,81,,1
12259,northland,2020,2B,28,38,,1
12260,northland,2020,2C,215,49,SC<1,0.227906976744186
12261,northland,2020,2C(S),0,0,,
12262,northland,2020,3,0,0,,
12263,northland,2020,Total,0,240,,1
12264,northland,2021,1,109,200,,1
12265,northland,2021,2A(1),21,91,,1
12266,northland,2021,2A(2),56,70,,1
12267,northland,2021,2B,36,27,SC<1,0.75
12268,northland,2021,2C,191,28,SC<1,0.146596858638743
12269,northland,2021,2C(S),0,0,,
12270,northland,2021,3,0,0,,
12271,northland,2021,Total,0,240,,1
12272,northland,2022,1,120,180,,1
12273,northland,2022,2A(1),62,60,SC>2,0.967741935483871
12274,northland,2022,2A(2),0,0,,
12275,northland,2022,2B,22,20,SC<1#,0.909090909090909
12276,northland,2022,2C,199,42,SC<1,0.211055276381909
12277,northland,2022,2C(S),0,0,,
12278,northland,2022,3,0,0,,
12279,northland,2022,Total,0,240,,1
12280,northland,2023,1,104,180,,1
12281,northland,2023,2A(1),72,76,,1
12282,northland,2023,2A(2),0,0,,
12283,northland,2023,2B,22,21,SC<2#,0.954545454545455
12284,northland,2023,2C,200,44,SC<1,0.22
12285,northland,2023,2C(S),0,0,,
12286,northland,2023,3,0,0,,
12287,northland,2023,Total,0,240,,1
12288,northoaks,2013,1,0,0,,
12289,northoaks,2013,2A(1),0,0,,
12290,northoaks,2013,2A(2),0,0,,
12291,northoaks,2013,2B,0,105,,1
12292,northoaks,2013,2C,71,210,,1
12293,northoaks,2013,2C(S),34,140,,1
12294,northoaks,2013,3,0,28,,1
12295,northoaks,2013,Total,0,210,,1
12296,northoaks,2014,1,0,0,,
12297,northoaks,2014,2A(1),0,0,,
12298,northoaks,2014,2A(2),0,0,,
12299,northoaks,2014,2B,0,101,,1
12300,northoaks,2014,2C,65,201,,1
12301,northoaks,2014,2C(S),17,136,,1
12302,northoaks,2014,3,0,119,,1
12303,northoaks,2014,Total,0,210,,1
12304,northoaks,2015,1,0,0,,
12305,northoaks,2015,2A(1),0,0,,
12306,northoaks,2015,2A(2),0,0,,
12307,northoaks,2015,2B,0,73,,1
12308,northoaks,2015,2C,65,145,,1
12309,northoaks,2015,2C(S),16,80,,1
12310,northoaks,2015,3,0,64,,1
12311,northoaks,2015,Total,0,180,,1
12312,northoaks,2016,1,0,0,,
12313,northoaks,2016,2A(1),0,0,,
12314,northoaks,2016,2A(2),0,0,,
12315,northoaks,2016,2B,0,57,,1
12316,northoaks,2016,2C,46,114,,1
12317,northoaks,2016,2C(S),5,68,,1
12318,northoaks,2016,3,0,63,,1
12319,northoaks,2016,Total,0,150,,1
12320,northoaks,2017,1,0,0,,
12321,northoaks,2017,2A(1),0,0,,
12322,northoaks,2017,2A(2),0,0,,
12323,northoaks,2017,2B,0,71,,1
12324,northoaks,2017,2C,49,142,,1
12325,northoaks,2017,2C(S),8,93,,1
12326,northoaks,2017,3,0,85,,1
12327,northoaks,2017,Total,0,180,,1
12328,northoaks,2018,1,0,0,,
12329,northoaks,2018,2A(1),0,0,,
12330,northoaks,2018,2A(2),0,0,,
12331,northoaks,2018,2B,0,88,,1
12332,northoaks,2018,2C,33,175,,1
12333,northoaks,2018,2C(S),14,142,,1
12334,northoaks,2018,3,0,128,,1
12335,northoaks,2018,Total,0,240,,1
12336,northoaks,2019,1,45,200,,1
12337,northoaks,2019,2A(1),0,155,,1
12338,northoaks,2019,2A(2),11,156,,1
12339,northoaks,2019,2B,0,93,,1
12340,northoaks,2019,2C,26,185,,1
12341,northoaks,2019,2C(S),8,159,,1
12342,northoaks,2019,3,0,151,,1
12343,northoaks,2019,Total,0,240,,1
12344,northoaks,2020,1,50,200,,1
12345,northoaks,2020,2A(1),0,150,,1
12346,northoaks,2020,2A(2),13,150,,1
12347,northoaks,2020,2B,0,89,,1
12348,northoaks,2020,2C,7,179,,1
12349,northoaks,2020,2C(S),22,173,,1
12350,northoaks,2020,3,0,151,,1
12351,northoaks,2020,Total,0,240,,1
12352,northoaks,2021,1,58,170,,1
12353,northoaks,2021,2A(1),0,112,,1
12354,northoaks,2021,2A(2),12,112,,1
12355,northoaks,2021,2B,0,70,,1
12356,northoaks,2021,2C,17,140,,1
12357,northoaks,2021,2C(S),17,123,,1
12358,northoaks,2021,3,0,106,,1
12359,northoaks,2021,Total,0,210,,1
12360,northoaks,2022,1,29,160,,1
12361,northoaks,2022,2A(1),5,131,,1
12362,northoaks,2022,2A(2),0,0,,
12363,northoaks,2022,2B,0,62,,1
12364,northoaks,2022,2C,14,186,,1
12365,northoaks,2022,2C(S),13,172,,1
12366,northoaks,2022,3,0,159,,1
12367,northoaks,2022,Total,0,220,,1
12368,northoaks,2023,1,35,120,,1
12369,northoaks,2023,2A(1),9,85,,1
12370,northoaks,2023,2A(2),0,0,,
12371,northoaks,2023,2B,0,45,,1
12372,northoaks,2023,2C,20,137,,1
12373,northoaks,2023,2C(S),3,117,,1
12374,northoaks,2023,3,0,114,,1
12375,northoaks,2023,Total,0,180,,1
12376,northshore,2020,1,0,170,,1
12377,northshore,2020,2A(1),0,170,,1
12378,northshore,2020,2A(2),0,170,,1
12379,northshore,2020,2B,0,105,,1
12380,northshore,2020,2C,47,210,,1
12381,northshore,2020,2C(S),36,164,,1
12382,northshore,2020,3,0,128,,1
12383,northshore,2020,Total,0,210,,1
12384,northshore,2021,1,6,200,,1
12385,northshore,2021,2A(1),0,194,,1
12386,northshore,2021,2A(2),0,194,,1
12387,northshore,2021,2B,1,117,,1
12388,northshore,2021,2C,93,233,,1
12389,northshore,2021,2C(S),79,140,,1
12390,northshore,2021,3,0,61,,1
12391,northshore,2021,Total,0,240,,1
12392,northshore,2022,1,33,180,,1
12393,northshore,2022,2A(1),31,147,,1
12394,northshore,2022,2A(2),0,0,,
12395,northshore,2022,2B,1,59,,1
12396,northshore,2022,2C,75,175,,1
12397,northshore,2022,2C(S),87,100,,1
12398,northshore,2022,3,0,13,,1
12399,northshore,2022,Total,0,240,,1
12400,northshore,2023,1,52,220,,1
12401,northshore,2023,2A(1),69,168,,1
12402,northshore,2023,2A(2),0,0,,
12403,northshore,2023,2B,1,53,,1
12404,northshore,2023,2C,110,159,,1
12405,northshore,2023,2C(S),12,49,,1
12406,northshore,2023,3,0,37,,1
12407,northshore,2023,Total,0,280,,1
12408,oasis,2015,1,0,0,,
12409,oasis,2015,2A(1),0,0,,
12410,oasis,2015,2A(2),0,0,,
12411,oasis,2015,2B,1,105,,1
12412,oasis,2015,2C,118,209,,1
12413,oasis,2015,2C(S),77,91,,1
12414,oasis,2015,3,0,14,,1
12415,oasis,2015,Total,0,210,,1
12416,oasis,2016,1,0,0,,
12417,oasis,2016,2A(1),0,0,,
12418,oasis,2016,2A(2),0,0,,
12419,oasis,2016,2B,0,109,,1
12420,oasis,2016,2C,186,217,,1
12421,oasis,2016,2C(S),27,32,,1
12422,oasis,2016,3,0,5,,1
12423,oasis,2016,Total,0,240,,1
12424,oasis,2017,1,0,0,,
12425,oasis,2017,2A(1),0,0,,
12426,oasis,2017,2A(2),0,0,,
12427,oasis,2017,2B,0,0,,
12428,oasis,2017,2C,169,170,,1
12429,oasis,2017,2C(S),22,22,,1
12430,oasis,2017,3,0,0,,
12431,oasis,2017,Total,0,270,,1
12432,oasis,2018,1,0,0,,
12433,oasis,2018,2A(1),0,0,,
12434,oasis,2018,2A(2),0,0,,
12435,oasis,2018,2B,0,119,,1
12436,oasis,2018,2C,137,237,,1
12437,oasis,2018,2C(S),44,100,,1
12438,oasis,2018,3,0,56,,1
12439,oasis,2018,Total,0,320,,1
12440,oasis,2019,1,107,240,,1
12441,oasis,2019,2A(1),0,133,,1
12442,oasis,2019,2A(2),59,133,,1
12443,oasis,2019,2B,0,57,,1
12444,oasis,2019,2C,115,114,SC#,0.991304347826087
12445,oasis,2019,2C(S),0,0,,
12446,oasis,2019,3,0,0,,
12447,oasis,2019,Total,0,280,,1
12448,oasis,2020,1,124,240,,1
12449,oasis,2020,2A(1),0,116,,1
12450,oasis,2020,2A(2),76,116,,1
12451,oasis,2020,2B,2,40,,1
12452,oasis,2020,2C,108,81,SC<1,0.75
12453,oasis,2020,2C(S),0,0,,
12454,oasis,2020,3,0,0,,
12455,oasis,2020,Total,0,280,,1
12456,oasis,2021,1,124,240,,1
12457,oasis,2021,2A(1),1,116,,1
12458,oasis,2021,2A(2),69,115,,1
12459,oasis,2021,2B,0,43,,1
12460,oasis,2021,2C,97,86,SC<1#,0.88659793814433
12461,oasis,2021,2C(S),0,0,,
12462,oasis,2021,3,0,0,,
12463,oasis,2021,Total,0,280,,1
12464,oasis,2022,1,136,190,,1
12465,oasis,2022,2A(1),71,54,SC<1,0.76056338028169
12466,oasis,2022,2A(2),0,0,,
12467,oasis,2022,2B,0,20,,1
12468,oasis,2022,2C,80,60,SC<1,0.75
12469,oasis,2022,2C(S),0,0,,
12470,oasis,2022,3,0,0,,
12471,oasis,2022,Total,0,250,,1
12472,oasis,2023,1,110,180,,1
12473,oasis,2023,2A(1),68,70,,1
12474,oasis,2023,2A(2),0,0,,
12475,oasis,2023,2B,2,21,,1
12476,oasis,2023,2C,63,61,SC<2#,0.968253968253968
12477,oasis,2023,2C(S),0,0,,
12478,oasis,2023,3,0,0,,
12479,oasis,2023,Total,0,240,,1
12480,opera-estate,2009,1,0,0,,
12481,opera-estate,2009,2A(1),0,0,,
12482,opera-estate,2009,2A(2),0,0,,
12483,opera-estate,2009,2B,0,67,,1
12484,opera-estate,2009,2C,14,135,,1
12485,opera-estate,2009,2C(S),11,121,,1
12486,opera-estate,2009,3,0,72,,1
12487,opera-estate,2009,Total,0,180,,1
12488,opera-estate,2010,1,0,0,,
12489,opera-estate,2010,2A(1),0,0,,
12490,opera-estate,2010,2A(2),0,0,,
12491,opera-estate,2010,2B,1,70,,1
12492,opera-estate,2010,2C,31,140,,1
12493,opera-estate,2010,2C(S),16,109,,1
12494,opera-estate,2010,3,0,40,,1
12495,opera-estate,2010,Total,0,180,,1
12496,opera-estate,2011,1,0,0,,
12497,opera-estate,2011,2A(1),0,0,,
12498,opera-estate,2011,2A(2),0,0,,
12499,opera-estate,2011,2B,0,68,,1
12500,opera-estate,2011,2C,30,137,,1
12501,opera-estate,2011,2C(S),71,107,,1
12502,opera-estate,2011,3,0,8,,1
12503,opera-estate,2011,Total,0,180,,1
12504,opera-estate,2012,1,0,0,,
12505,opera-estate,2012,2A(1),0,0,,
12506,opera-estate,2012,2A(2),0,0,,
12507,opera-estate,2012,2B,0,62,,1
12508,opera-estate,2012,2C,45,124,,1
12509,opera-estate,2012,2C(S),64,82,,1
12510,opera-estate,2012,3,0,8,,1
12511,opera-estate,2012,Total,0,180,,1
12512,opera-estate,2013,1,0,0,,
12513,opera-estate,2013,2A(1),0,0,,
12514,opera-estate,2013,2A(2),0,0,,
12515,opera-estate,2013,2B,1,60,,1
12516,opera-estate,2013,2C,82,119,,1
12517,opera-estate,2013,2C(S),47,39,,0.829787234042553
12518,opera-estate,2013,3,0,0,,
12519,opera-estate,2013,Total,0,180,,1
12520,opera-estate,2014,1,0,0,,
12521,opera-estate,2014,2A(1),0,0,,
12522,opera-estate,2014,2A(2),0,0,,
12523,opera-estate,2014,2B,4,51,,1
12524,opera-estate,2014,2C,88,97,,1
12525,opera-estate,2014,2C(S),16,10,,0.625
12526,opera-estate,2014,3,0,0,,
12527,opera-estate,2014,Total,0,180,,1
12528,opera-estate,2015,1,0,0,,
12529,opera-estate,2015,2A(1),0,0,,
12530,opera-estate,2015,2A(2),0,0,,
12531,opera-estate,2015,2B,5,53,,1
12532,opera-estate,2015,2C,80,101,,1
12533,opera-estate,2015,2C(S),16,21,,1
12534,opera-estate,2015,3,0,5,,1
12535,opera-estate,2015,Total,0,180,,1
12536,opera-estate,2016,1,0,0,,
12537,opera-estate,2016,2A(1),0,0,,
12538,opera-estate,2016,2A(2),0,0,,
12539,opera-estate,2016,2B,12,56,,1
12540,opera-estate,2016,2C,71,104,,1
12541,opera-estate,2016,2C(S),9,34,,1
12542,opera-estate,2016,3,0,25,,1
12543,opera-estate,2016,Total,0,180,,1
12544,opera-estate,2017,1,0,0,,
12545,opera-estate,2017,2A(1),0,0,,
12546,opera-estate,2017,2A(2),0,0,,
12547,opera-estate,2017,2B,10,50,,1
12548,opera-estate,2017,2C,73,94,,1
12549,opera-estate,2017,2C(S),8,21,,1
12550,opera-estate,2017,3,0,13,,1
12551,opera-estate,2017,Total,0,150,,1
12552,opera-estate,2018,1,0,0,,
12553,opera-estate,2018,2A(1),0,0,,
12554,opera-estate,2018,2A(2),0,0,,
12555,opera-estate,2018,2B,12,49,,1
12556,opera-estate,2018,2C,64,87,,1
12557,opera-estate,2018,2C(S),17,23,,1
12558,opera-estate,2018,3,0,6,,1
12559,opera-estate,2018,Total,0,180,,1
12560,opera-estate,2019,1,61,110,,1
12561,opera-estate,2019,2A(1),0,50,,1
12562,opera-estate,2019,2A(2),8,50,,1
12563,opera-estate,2019,2B,9,42,,1
12564,opera-estate,2019,2C,91,75,PR>2,0.824175824175824
12565,opera-estate,2019,2C(S),0,0,,
12566,opera-estate,2019,3,0,0,,
12567,opera-estate,2019,Total,0,150,,1
12568,opera-estate,2020,1,56,110,,1
12569,opera-estate,2020,2A(1),3,54,,1
12570,opera-estate,2020,2A(2),14,51,,1
12571,opera-estate,2020,2B,1,39,,1
12572,opera-estate,2020,2C,83,76,PR1-2,0.91566265060241
12573,opera-estate,2020,2C(S),11,9,SC>2,0.818181818181818
12574,opera-estate,2020,3,0,0,,
12575,opera-estate,2020,Total,0,150,,1
12576,opera-estate,2021,1,62,150,,1
12577,opera-estate,2021,2A(1),0,88,,1
12578,opera-estate,2021,2A(2),16,88,,1
12579,opera-estate,2021,2B,0,56,,1
12580,opera-estate,2021,2C,77,112,PR>2,1
12581,opera-estate,2021,2C(S),31,37,,1
12582,opera-estate,2021,3,0,6,,1
12583,opera-estate,2021,Total,0,190,,1
12584,opera-estate,2022,1,74,130,,1
12585,opera-estate,2022,2A(1),8,56,,1
12586,opera-estate,2022,2A(2),0,0,,
12587,opera-estate,2022,2B,1,36,,1
12588,opera-estate,2022,2C,70,107,PR>2,1
12589,opera-estate,2022,2C(S),43,43,,1
12590,opera-estate,2022,3,0,0,,
12591,opera-estate,2022,Total,0,190,,1
12592,opera-estate,2023,1,60,120,,1
12593,opera-estate,2023,2A(1),18,60,,1
12594,opera-estate,2023,2A(2),0,0,,
12595,opera-estate,2023,2B,1,34,,1
12596,opera-estate,2023,2C,74,101,PR>2,1
12597,opera-estate,2023,2C(S),33,34,,1
12598,opera-estate,2023,3,0,1,,1
12599,opera-estate,2023,Total,0,180,,1
12600,palm-view,2012,1,0,0,,
12601,palm-view,2012,2A(1),0,0,,
12602,palm-view,2012,2A(2),0,0,,
12603,palm-view,2012,2B,0,105,,1
12604,palm-view,2012,2C,74,210,,1
12605,palm-view,2012,2C(S),75,136,,1
12606,palm-view,2012,3,0,60,,1
12607,palm-view,2012,Total,0,210,,1
12608,palm-view,2013,1,0,0,,
12609,palm-view,2013,2A(1),0,0,,
12610,palm-view,2013,2A(2),0,0,,
12611,palm-view,2013,2B,1,109,,1
12612,palm-view,2013,2C,125,217,,1
12613,palm-view,2013,2C(S),104,92,,0.884615384615385
12614,palm-view,2013,3,0,0,,
12615,palm-view,2013,Total,0,240,,1
12616,palm-view,2014,1,0,0,,
12617,palm-view,2014,2A(1),0,0,,
12618,palm-view,2014,2A(2),0,0,,
12619,palm-view,2014,2B,1,100,,1
12620,palm-view,2014,2C,158,199,,1
12621,palm-view,2014,2C(S),35,41,,1
12622,palm-view,2014,3,0,6,,1
12623,palm-view,2014,Total,0,240,,1
12624,palm-view,2015,1,0,0,,
12625,palm-view,2015,2A(1),0,0,,
12626,palm-view,2015,2A(2),0,0,,
12627,palm-view,2015,2B,6,79,,1
12628,palm-view,2015,2C,119,153,,1
12629,palm-view,2015,2C(S),39,34,,0.871794871794872
12630,palm-view,2015,3,0,0,,
12631,palm-view,2015,Total,0,240,,1
12632,palm-view,2016,1,0,0,,
12633,palm-view,2016,2A(1),0,0,,
12634,palm-view,2016,2A(2),0,0,,
12635,palm-view,2016,2B,4,80,,1
12636,palm-view,2016,2C,119,156,,1
12637,palm-view,2016,2C(S),33,38,,1
12638,palm-view,2016,3,0,5,,1
12639,palm-view,2016,Total,0,240,,1
12640,palm-view,2017,1,0,0,,
12641,palm-view,2017,2A(1),0,0,,
12642,palm-view,2017,2A(2),0,0,,
12643,palm-view,2017,2B,4,67,,1
12644,palm-view,2017,2C,104,131,,1
12645,palm-view,2017,2C(S),24,27,,1
12646,palm-view,2017,3,0,3,,1
12647,palm-view,2017,Total,0,240,,1
12648,palm-view,2018,1,0,0,,
12649,palm-view,2018,2A(1),0,0,,
12650,palm-view,2018,2A(2),0,0,,
12651,palm-view,2018,2B,8,72,,1
12652,palm-view,2018,2C,139,137,,0.985611510791367
12653,palm-view,2018,2C(S),0,0,,
12654,palm-view,2018,3,0,0,,
12655,palm-view,2018,Total,0,270,,1
12656,palm-view,2019,1,94,200,,1
12657,palm-view,2019,2A(1),0,106,,1
12658,palm-view,2019,2A(2),4,106,,1
12659,palm-view,2019,2B,2,71,,1
12660,palm-view,2019,2C,97,143,,1
12661,palm-view,2019,2C(S),46,46,,1
12662,palm-view,2019,3,0,0,,
12663,palm-view,2019,Total,0,240,,1
12664,palm-view,2020,1,105,240,,1
12665,palm-view,2020,2A(1),0,135,,1
12666,palm-view,2020,2A(2),3,135,,1
12667,palm-view,2020,2B,10,86,,1
12668,palm-view,2020,2C,100,162,,1
12669,palm-view,2020,2C(S),79,62,SC1-2,0.784810126582278
12670,palm-view,2020,3,0,0,,
12671,palm-view,2020,Total,0,280,,1
12672,palm-view,2021,1,96,240,,1
12673,palm-view,2021,2A(1),0,144,,1
12674,palm-view,2021,2A(2),10,144,,1
12675,palm-view,2021,2B,3,87,,1
12676,palm-view,2021,2C,89,172,,1
12677,palm-view,2021,2C(S),61,86,,1
12678,palm-view,2021,3,0,25,,1
12679,palm-view,2021,Total,0,280,,1
12680,palm-view,2022,1,93,180,,1
12681,palm-view,2022,2A(1),9,88,,1
12682,palm-view,2022,2A(2),0,0,,
12683,palm-view,2022,2B,1,46,,1
12684,palm-view,2022,2C,56,138,,1
12685,palm-view,2022,2C(S),59,82,,1
12686,palm-view,2022,3,0,23,,1
12687,palm-view,2022,Total,0,240,,1
12688,palm-view,2023,1,102,180,,1
12689,palm-view,2023,2A(1),8,78,,1
12690,palm-view,2023,2A(2),0,0,,
12691,palm-view,2023,2B,0,43,,1
12692,palm-view,2023,2C,76,130,,1
12693,palm-view,2023,2C(S),67,54,SC1-2,0.805970149253731
12694,palm-view,2023,3,0,0,,
12695,palm-view,2023,Total,0,240,,1
12696,park-view,2009,1,0,0,,
12697,park-view,2009,2A(1),0,0,,
12698,park-view,2009,2A(2),0,0,,
12699,park-view,2009,2B,0,54,,1
12700,park-view,2009,2C,72,108,,1
12701,park-view,2009,2C(S),14,36,,1
12702,park-view,2009,3,0,20,,1
12703,park-view,2009,Total,0,180,,1
12704,park-view,2010,1,0,0,,
12705,park-view,2010,2A(1),0,0,,
12706,park-view,2010,2A(2),0,0,,
12707,park-view,2010,2B,0,60,,1
12708,park-view,2010,2C,53,119,,1
12709,park-view,2010,2C(S),1,67,,1
12710,park-view,2010,3,0,48,,1
12711,park-view,2010,Total,0,180,,1
12712,park-view,2011,1,0,0,,
12713,park-view,2011,2A(1),0,0,,
12714,park-view,2011,2A(2),0,0,,
12715,park-view,2011,2B,1,58,,1
12716,park-view,2011,2C,54,115,,1
12717,park-view,2011,2C(S),7,62,,1
12718,park-view,2011,3,0,31,,1
12719,park-view,2011,Total,0,180,,1
12720,park-view,2012,1,0,0,,
12721,park-view,2012,2A(1),0,0,,
12722,park-view,2012,2A(2),0,0,,
12723,park-view,2012,2B,0,58,,1
12724,park-view,2012,2C,46,115,,1
12725,park-view,2012,2C(S),3,69,,1
12726,park-view,2012,3,0,48,,1
12727,park-view,2012,Total,0,180,,1
12728,park-view,2013,1,0,0,,
12729,park-view,2013,2A(1),0,0,,
12730,park-view,2013,2A(2),0,0,,
12731,park-view,2013,2B,1,58,,1
12732,park-view,2013,2C,72,114,,1
12733,park-view,2013,2C(S),5,42,,1
12734,park-view,2013,3,0,31,,1
12735,park-view,2013,Total,0,180,,1
12736,park-view,2014,1,0,0,,
12737,park-view,2014,2A(1),0,0,,
12738,park-view,2014,2A(2),0,0,,
12739,park-view,2014,2B,0,61,,1
12740,park-view,2014,2C,75,121,,1
12741,park-view,2014,2C(S),4,46,,1
12742,park-view,2014,3,0,42,,1
12743,park-view,2014,Total,0,180,,1
12744,park-view,2015,1,0,0,,
12745,park-view,2015,2A(1),0,0,,
12746,park-view,2015,2A(2),0,0,,
12747,park-view,2015,2B,1,68,,1
12748,park-view,2015,2C,42,135,,1
12749,park-view,2015,2C(S),3,93,,1
12750,park-view,2015,3,0,90,,1
12751,park-view,2015,Total,0,180,,1
12752,park-view,2016,1,0,0,,
12753,park-view,2016,2A(1),0,0,,
12754,park-view,2016,2A(2),0,0,,
12755,park-view,2016,2B,0,48,,1
12756,park-view,2016,2C,39,96,,1
12757,park-view,2016,2C(S),2,58,,1
12758,park-view,2016,3,0,56,,1
12759,park-view,2016,Total,0,150,,1
12760,park-view,2017,1,0,0,,
12761,park-view,2017,2A(1),0,0,,
12762,park-view,2017,2A(2),0,0,,
12763,park-view,2017,2B,0,72,,1
12764,park-view,2017,2C,47,143,,1
12765,park-view,2017,2C(S),28,97,,1
12766,park-view,2017,3,0,69,,1
12767,park-view,2017,Total,0,180,,1
12768,park-view,2018,1,0,0,,
12769,park-view,2018,2A(1),0,0,,
12770,park-view,2018,2A(2),0,0,,
12771,park-view,2018,2B,2,67,,1
12772,park-view,2018,2C,66,133,,1
12773,park-view,2018,2C(S),44,67,,1
12774,park-view,2018,3,0,23,,1
12775,park-view,2018,Total,0,180,,1
12776,park-view,2019,1,41,110,,1
12777,park-view,2019,2A(1),0,69,,1
12778,park-view,2019,2A(2),6,69,,1
12779,park-view,2019,2B,0,52,,1
12780,park-view,2019,2C,61,103,,1
12781,park-view,2019,2C(S),23,42,,1
12782,park-view,2019,3,0,19,,1
12783,park-view,2019,Total,0,150,,1
12784,park-view,2020,1,48,140,,1
12785,park-view,2020,2A(1),0,92,,1
12786,park-view,2020,2A(2),7,92,,1
12787,park-view,2020,2B,0,63,,1
12788,park-view,2020,2C,95,125,,1
12789,park-view,2020,2C(S),35,32,SC#,0.914285714285714
12790,park-view,2020,3,0,0,,
12791,park-view,2020,Total,0,180,,1
12792,park-view,2021,1,53,140,,1
12793,park-view,2021,2A(1),0,87,,1
12794,park-view,2021,2A(2),10,88,,1
12795,park-view,2021,2B,0,59,,1
12796,park-view,2021,2C,83,118,,1
12797,park-view,2021,2C(S),23,35,,1
12798,park-view,2021,3,0,12,,1
12799,park-view,2021,Total,0,180,,1
12800,park-view,2022,1,62,120,,1
12801,park-view,2022,2A(1),10,58,,1
12802,park-view,2022,2A(2),0,0,,
12803,park-view,2022,2B,1,36,,1
12804,park-view,2022,2C,58,108,,1
12805,park-view,2022,2C(S),38,50,,1
12806,park-view,2022,3,0,12,,1
12807,park-view,2022,Total,0,180,,1
12808,park-view,2023,1,64,120,,1
12809,park-view,2023,2A(1),13,56,,1
12810,park-view,2023,2A(2),0,0,,
12811,park-view,2023,2B,2,34,,1
12812,park-view,2023,2C,66,101,,1
12813,park-view,2023,2C(S),37,35,PR<1#,0.945945945945946
12814,park-view,2023,3,0,0,,
12815,park-view,2023,Total,0,180,,1
12816,pasir-ris,2009,1,0,0,,
12817,pasir-ris,2009,2A(1),0,0,,
12818,pasir-ris,2009,2A(2),0,0,,
12819,pasir-ris,2009,2B,20,48,,1
12820,pasir-ris,2009,2C,100,76,,0.76
12821,pasir-ris,2009,2C(S),0,0,,
12822,pasir-ris,2009,3,0,0,,
12823,pasir-ris,2009,Total,0,210,,1
12824,pasir-ris,2010,1,0,0,,
12825,pasir-ris,2010,2A(1),0,0,,
12826,pasir-ris,2010,2A(2),0,0,,
12827,pasir-ris,2010,2B,22,41,,1
12828,pasir-ris,2010,2C,78,60,,0.769230769230769
12829,pasir-ris,2010,2C(S),0,0,,
12830,pasir-ris,2010,3,0,0,,
12831,pasir-ris,2010,Total,0,180,,1
12832,pasir-ris,2011,1,0,0,,
12833,pasir-ris,2011,2A(1),0,0,,
12834,pasir-ris,2011,2A(2),0,0,,
12835,pasir-ris,2011,2B,26,38,,1
12836,pasir-ris,2011,2C,91,50,,0.549450549450549
12837,pasir-ris,2011,2C(S),0,0,,
12838,pasir-ris,2011,3,0,0,,
12839,pasir-ris,2011,Total,0,180,,1
12840,pasir-ris,2012,1,0,0,,
12841,pasir-ris,2012,2A(1),0,0,,
12842,pasir-ris,2012,2A(2),0,0,,
12843,pasir-ris,2012,2B,27,50,,1
12844,pasir-ris,2012,2C,77,73,,0.948051948051948
12845,pasir-ris,2012,2C(S),0,0,,
12846,pasir-ris,2012,3,0,0,,
12847,pasir-ris,2012,Total,0,180,,1
12848,pasir-ris,2013,1,0,0,,
12849,pasir-ris,2013,2A(1),0,0,,
12850,pasir-ris,2013,2A(2),0,0,,
12851,pasir-ris,2013,2B,30,42,,1
12852,pasir-ris,2013,2C,80,53,,0.6625
12853,pasir-ris,2013,2C(S),0,0,,
12854,pasir-ris,2013,3,0,0,,
12855,pasir-ris,2013,Total,0,180,,1
12856,pasir-ris,2014,1,0,0,,
12857,pasir-ris,2014,2A(1),0,0,,
12858,pasir-ris,2014,2A(2),0,0,,
12859,pasir-ris,2014,2B,41,31,,0.75609756097561
12860,pasir-ris,2014,2C,70,31,,0.442857142857143
12861,pasir-ris,2014,2C(S),0,0,,
12862,pasir-ris,2014,3,0,0,,
12863,pasir-ris,2014,Total,0,180,,1
12864,pasir-ris,2015,1,0,0,,
12865,pasir-ris,2015,2A(1),0,0,,
12866,pasir-ris,2015,2A(2),0,0,,
12867,pasir-ris,2015,2B,23,37,,1
12868,pasir-ris,2015,2C,70,52,,0.742857142857143
12869,pasir-ris,2015,2C(S),0,0,,
12870,pasir-ris,2015,3,0,0,,
12871,pasir-ris,2015,Total,0,180,,1
12872,pasir-ris,2016,1,0,0,,
12873,pasir-ris,2016,2A(1),0,0,,
12874,pasir-ris,2016,2A(2),0,0,,
12875,pasir-ris,2016,2B,23,46,,1
12876,pasir-ris,2016,2C,89,70,,0.786516853932584
12877,pasir-ris,2016,2C(S),0,0,,
12878,pasir-ris,2016,3,0,0,,
12879,pasir-ris,2016,Total,0,180,,1
12880,pasir-ris,2017,1,0,0,,
12881,pasir-ris,2017,2A(1),0,0,,
12882,pasir-ris,2017,2A(2),0,0,,
12883,pasir-ris,2017,2B,28,49,,1
12884,pasir-ris,2017,2C,90,69,,0.766666666666667
12885,pasir-ris,2017,2C(S),0,0,,
12886,pasir-ris,2017,3,0,0,,
12887,pasir-ris,2017,Total,0,180,,1
12888,pasir-ris,2018,1,0,0,,
12889,pasir-ris,2018,2A(1),0,0,,
12890,pasir-ris,2018,2A(2),0,0,,
12891,pasir-ris,2018,2B,27,34,,1
12892,pasir-ris,2018,2C,70,42,,0.6
12893,pasir-ris,2018,2C(S),0,0,,
12894,pasir-ris,2018,3,0,0,,
12895,pasir-ris,2018,Total,0,180,,1
12896,pasir-ris,2019,1,87,140,,1
12897,pasir-ris,2019,2A(1),0,53,,1
12898,pasir-ris,2019,2A(2),26,53,,1
12899,pasir-ris,2019,2B,22,34,,1
12900,pasir-ris,2019,2C,58,45,SC<1,0.775862068965517
12901,pasir-ris,2019,2C(S),0,0,,
12902,pasir-ris,2019,3,0,0,,
12903,pasir-ris,2019,Total,0,180,,1
12904,pasir-ris,2020,1,93,140,,1
12905,pasir-ris,2020,2A(1),0,47,,1
12906,pasir-ris,2020,2A(2),31,47,,1
12907,pasir-ris,2020,2B,24,29,,1
12908,pasir-ris,2020,2C,81,33,SC<1,0.407407407407407
12909,pasir-ris,2020,2C(S),0,0,,
12910,pasir-ris,2020,3,0,0,,
12911,pasir-ris,2020,Total,0,180,,1
12912,pasir-ris,2021,1,82,140,,1
12913,pasir-ris,2021,2A(1),1,59,,1
12914,pasir-ris,2021,2A(2),44,58,,1
12915,pasir-ris,2021,2B,22,28,,1
12916,pasir-ris,2021,2C,54,33,SC<1,0.611111111111111
12917,pasir-ris,2021,2C(S),0,0,,
12918,pasir-ris,2021,3,0,0,,
12919,pasir-ris,2021,Total,0,180,,1
12920,pasir-ris,2022,1,83,120,,1
12921,pasir-ris,2022,2A(1),33,37,,1
12922,pasir-ris,2022,2A(2),0,0,,
12923,pasir-ris,2022,2B,22,21,SC<1,0.954545454545455
12924,pasir-ris,2022,2C,80,43,SC<1,0.5375
12925,pasir-ris,2022,2C(S),0,0,,
12926,pasir-ris,2022,3,0,0,,
12927,pasir-ris,2022,Total,0,180,,1
12928,pasir-ris,2023,1,81,120,,1
12929,pasir-ris,2023,2A(1),32,39,,1
12930,pasir-ris,2023,2A(2),0,0,,
12931,pasir-ris,2023,2B,23,23,,1
12932,pasir-ris,2023,2C,76,47,SC<1,0.618421052631579
12933,pasir-ris,2023,2C(S),0,0,,
12934,pasir-ris,2023,3,0,0,,
12935,pasir-ris,2023,Total,0,180,,1
12936,paya-lebar-methodist-girls,2009,1,0,0,,
12937,paya-lebar-methodist-girls,2009,2A(1),0,0,,
12938,paya-lebar-methodist-girls,2009,2A(2),0,0,,
12939,paya-lebar-methodist-girls,2009,2B,87,85,,0.977011494252874
12940,paya-lebar-methodist-girls,2009,2C,103,85,,0.825242718446602
12941,paya-lebar-methodist-girls,2009,2C(S),0,0,,
12942,paya-lebar-methodist-girls,2009,3,0,0,,
12943,paya-lebar-methodist-girls,2009,Total,0,270,,1
12944,paya-lebar-methodist-girls,2010,1,0,0,,
12945,paya-lebar-methodist-girls,2010,2A(1),0,0,,
12946,paya-lebar-methodist-girls,2010,2A(2),0,0,,
12947,paya-lebar-methodist-girls,2010,2B,95,83,,0.873684210526316
12948,paya-lebar-methodist-girls,2010,2C,109,82,,0.752293577981651
12949,paya-lebar-methodist-girls,2010,2C(S),0,0,,
12950,paya-lebar-methodist-girls,2010,3,0,0,,
12951,paya-lebar-methodist-girls,2010,Total,0,270,,1
12952,paya-lebar-methodist-girls,2011,1,0,0,,
12953,paya-lebar-methodist-girls,2011,2A(1),0,0,,
12954,paya-lebar-methodist-girls,2011,2A(2),0,0,,
12955,paya-lebar-methodist-girls,2011,2B,76,86,,1
12956,paya-lebar-methodist-girls,2011,2C,106,97,,0.915094339622642
12957,paya-lebar-methodist-girls,2011,2C(S),0,0,,
12958,paya-lebar-methodist-girls,2011,3,0,0,,
12959,paya-lebar-methodist-girls,2011,Total,0,270,,1
12960,paya-lebar-methodist-girls,2012,1,0,0,,
12961,paya-lebar-methodist-girls,2012,2A(1),0,0,,
12962,paya-lebar-methodist-girls,2012,2A(2),0,0,,
12963,paya-lebar-methodist-girls,2012,2B,61,82,,1
12964,paya-lebar-methodist-girls,2012,2C,119,103,,0.865546218487395
12965,paya-lebar-methodist-girls,2012,2C(S),0,0,,
12966,paya-lebar-methodist-girls,2012,3,0,0,,
12967,paya-lebar-methodist-girls,2012,Total,0,270,,1
12968,paya-lebar-methodist-girls,2013,1,0,0,,
12969,paya-lebar-methodist-girls,2013,2A(1),0,0,,
12970,paya-lebar-methodist-girls,2013,2A(2),0,0,,
12971,paya-lebar-methodist-girls,2013,2B,75,73,,0.973333333333333
12972,paya-lebar-methodist-girls,2013,2C,84,71,,0.845238095238095
12973,paya-lebar-methodist-girls,2013,2C(S),0,0,,
12974,paya-lebar-methodist-girls,2013,3,0,0,,
12975,paya-lebar-methodist-girls,2013,Total,0,270,,1
12976,paya-lebar-methodist-girls,2014,1,0,0,,
12977,paya-lebar-methodist-girls,2014,2A(1),0,0,,
12978,paya-lebar-methodist-girls,2014,2A(2),0,0,,
12979,paya-lebar-methodist-girls,2014,2B,57,67,,1
12980,paya-lebar-methodist-girls,2014,2C,97,77,,0.793814432989691
12981,paya-lebar-methodist-girls,2014,2C(S),0,0,,
12982,paya-lebar-methodist-girls,2014,3,0,0,,
12983,paya-lebar-methodist-girls,2014,Total,0,270,,1
12984,paya-lebar-methodist-girls,2015,1,0,0,,
12985,paya-lebar-methodist-girls,2015,2A(1),0,0,,
12986,paya-lebar-methodist-girls,2015,2A(2),0,0,,
12987,paya-lebar-methodist-girls,2015,2B,55,74,,1
12988,paya-lebar-methodist-girls,2015,2C,111,95,,0.855855855855856
12989,paya-lebar-methodist-girls,2015,2C(S),0,0,,
12990,paya-lebar-methodist-girls,2015,3,0,0,,
12991,paya-lebar-methodist-girls,2015,Total,0,270,,1
12992,paya-lebar-methodist-girls,2016,1,0,0,,
12993,paya-lebar-methodist-girls,2016,2A(1),0,0,,
12994,paya-lebar-methodist-girls,2016,2A(2),0,0,,
12995,paya-lebar-methodist-girls,2016,2B,54,79,,1
12996,paya-lebar-methodist-girls,2016,2C,115,110,,0.956521739130435
12997,paya-lebar-methodist-girls,2016,2C(S),0,0,,
12998,paya-lebar-methodist-girls,2016,3,0,0,,
12999,paya-lebar-methodist-girls,2016,Total,0,270,,1
13000,paya-lebar-methodist-girls,2017,1,0,0,,
13001,paya-lebar-methodist-girls,2017,2A(1),0,0,,
13002,paya-lebar-methodist-girls,2017,2A(2),0,0,,
13003,paya-lebar-methodist-girls,2017,2B,62,75,,1
13004,paya-lebar-methodist-girls,2017,2C,116,90,,0.775862068965517
13005,paya-lebar-methodist-girls,2017,2C(S),0,0,,
13006,paya-lebar-methodist-girls,2017,3,0,0,,
13007,paya-lebar-methodist-girls,2017,Total,0,270,,1
13008,paya-lebar-methodist-girls,2018,1,0,0,,
13009,paya-lebar-methodist-girls,2018,2A(1),0,0,,
13010,paya-lebar-methodist-girls,2018,2A(2),0,0,,
13011,paya-lebar-methodist-girls,2018,2B,54,61,,1
13012,paya-lebar-methodist-girls,2018,2C,93,69,,0.741935483870968
13013,paya-lebar-methodist-girls,2018,2C(S),0,0,,
13014,paya-lebar-methodist-girls,2018,3,0,0,,
13015,paya-lebar-methodist-girls,2018,Total,0,270,,1
13016,paya-lebar-methodist-girls,2019,1,61,230,,1
13017,paya-lebar-methodist-girls,2019,2A(1),36,169,,1
13018,paya-lebar-methodist-girls,2019,2A(2),23,133,,1
13019,paya-lebar-methodist-girls,2019,2B,65,75,,1
13020,paya-lebar-methodist-girls,2019,2C,108,88,SC1-2,0.814814814814815
13021,paya-lebar-methodist-girls,2019,2C(S),0,0,,
13022,paya-lebar-methodist-girls,2019,3,0,0,,
13023,paya-lebar-methodist-girls,2019,Total,0,270,,1
13024,paya-lebar-methodist-girls,2020,1,63,230,,1
13025,paya-lebar-methodist-girls,2020,2A(1),49,167,,1
13026,paya-lebar-methodist-girls,2020,2A(2),23,118,,1
13027,paya-lebar-methodist-girls,2020,2B,56,68,,1
13028,paya-lebar-methodist-girls,2020,2C,109,81,SC<1#,0.743119266055046
13029,paya-lebar-methodist-girls,2020,2C(S),0,0,,
13030,paya-lebar-methodist-girls,2020,3,0,0,,
13031,paya-lebar-methodist-girls,2020,Total,0,270,,1
13032,paya-lebar-methodist-girls,2021,1,73,230,,1
13033,paya-lebar-methodist-girls,2021,2A(1),56,157,,1
13034,paya-lebar-methodist-girls,2021,2A(2),29,101,,1
13035,paya-lebar-methodist-girls,2021,2B,51,56,,1
13036,paya-lebar-methodist-girls,2021,2C,105,62,SC<1,0.59047619047619
13037,paya-lebar-methodist-girls,2021,2C(S),0,0,,
13038,paya-lebar-methodist-girls,2021,3,0,0,,
13039,paya-lebar-methodist-girls,2021,Total,0,270,,1
13040,paya-lebar-methodist-girls,2022,1,79,210,,1
13041,paya-lebar-methodist-girls,2022,2A(1),69,131,,1
13042,paya-lebar-methodist-girls,2022,2A(2),0,0,,
13043,paya-lebar-methodist-girls,2022,2B,47,41,SC>2,0.872340425531915
13044,paya-lebar-methodist-girls,2022,2C,110,81,SC<1#,0.736363636363636
13045,paya-lebar-methodist-girls,2022,2C(S),0,0,,
13046,paya-lebar-methodist-girls,2022,3,0,0,,
13047,paya-lebar-methodist-girls,2022,Total,0,270,,1
13048,paya-lebar-methodist-girls,2023,1,64,210,,1
13049,paya-lebar-methodist-girls,2023,2A(1),70,146,,1
13050,paya-lebar-methodist-girls,2023,2A(2),0,0,,
13051,paya-lebar-methodist-girls,2023,2B,35,46,,1
13052,paya-lebar-methodist-girls,2023,2C,120,103,SC1-2,0.858333333333333
13053,paya-lebar-methodist-girls,2023,2C(S),0,0,,
13054,paya-lebar-methodist-girls,2023,3,0,0,,
13055,paya-lebar-methodist-girls,2023,Total,0,270,,1
13056,pei-chun-public,2009,1,0,0,,
13057,pei-chun-public,2009,2A(1),0,0,,
13058,pei-chun-public,2009,2A(2),0,0,,
13059,pei-chun-public,2009,2B,63,62,,0.984126984126984
13060,pei-chun-public,2009,2C,119,65,,0.546218487394958
13061,pei-chun-public,2009,2C(S),0,0,,
13062,pei-chun-public,2009,3,0,0,,
13063,pei-chun-public,2009,Total,0,360,,1
13064,pei-chun-public,2010,1,0,0,,
13065,pei-chun-public,2010,2A(1),0,0,,
13066,pei-chun-public,2010,2A(2),0,0,,
13067,pei-chun-public,2010,2B,59,47,,0.796610169491525
13068,pei-chun-public,2010,2C,98,47,,0.479591836734694
13069,pei-chun-public,2010,2C(S),0,0,,
13070,pei-chun-public,2010,3,0,0,,
13071,pei-chun-public,2010,Total,0,360,,1
13072,pei-chun-public,2011,1,0,0,,
13073,pei-chun-public,2011,2A(1),0,0,,
13074,pei-chun-public,2011,2A(2),0,0,,
13075,pei-chun-public,2011,2B,67,61,,0.91044776119403
13076,pei-chun-public,2011,2C,114,61,,0.535087719298246
13077,pei-chun-public,2011,2C(S),0,0,,
13078,pei-chun-public,2011,3,0,0,,
13079,pei-chun-public,2011,Total,0,360,,1
13080,pei-chun-public,2012,1,0,0,,
13081,pei-chun-public,2012,2A(1),0,0,,
13082,pei-chun-public,2012,2A(2),0,0,,
13083,pei-chun-public,2012,2B,51,39,,0.764705882352941
13084,pei-chun-public,2012,2C,73,38,,0.520547945205479
13085,pei-chun-public,2012,2C(S),0,0,,
13086,pei-chun-public,2012,3,0,0,,
13087,pei-chun-public,2012,Total,0,360,,1
13088,pei-chun-public,2013,1,0,0,,
13089,pei-chun-public,2013,2A(1),0,0,,
13090,pei-chun-public,2013,2A(2),0,0,,
13091,pei-chun-public,2013,2B,45,38,,0.844444444444444
13092,pei-chun-public,2013,2C,55,38,,0.690909090909091
13093,pei-chun-public,2013,2C(S),0,0,,
13094,pei-chun-public,2013,3,0,0,,
13095,pei-chun-public,2013,Total,0,360,,1
13096,pei-chun-public,2014,1,0,0,,
13097,pei-chun-public,2014,2A(1),0,0,,
13098,pei-chun-public,2014,2A(2),0,0,,
13099,pei-chun-public,2014,2B,40,34,,0.85
13100,pei-chun-public,2014,2C,65,34,,0.523076923076923
13101,pei-chun-public,2014,2C(S),0,0,,
13102,pei-chun-public,2014,3,0,0,,
13103,pei-chun-public,2014,Total,0,360,,1
13104,pei-chun-public,2015,1,0,0,,
13105,pei-chun-public,2015,2A(1),0,0,,
13106,pei-chun-public,2015,2A(2),0,0,,
13107,pei-chun-public,2015,2B,36,52,,1
13108,pei-chun-public,2015,2C,76,73,,0.960526315789474
13109,pei-chun-public,2015,2C(S),0,0,,
13110,pei-chun-public,2015,3,0,0,,
13111,pei-chun-public,2015,Total,0,360,,1
13112,pei-chun-public,2016,1,0,0,,
13113,pei-chun-public,2016,2A(1),0,0,,
13114,pei-chun-public,2016,2A(2),0,0,,
13115,pei-chun-public,2016,2B,28,57,,1
13116,pei-chun-public,2016,2C,97,92,,0.948453608247423
13117,pei-chun-public,2016,2C(S),0,0,,
13118,pei-chun-public,2016,3,0,0,,
13119,pei-chun-public,2016,Total,0,360,,1
13120,pei-chun-public,2017,1,0,0,,
13121,pei-chun-public,2017,2A(1),0,0,,
13122,pei-chun-public,2017,2A(2),0,0,,
13123,pei-chun-public,2017,2B,17,38,,1
13124,pei-chun-public,2017,2C,68,64,,0.941176470588235
13125,pei-chun-public,2017,2C(S),0,0,,
13126,pei-chun-public,2017,3,0,0,,
13127,pei-chun-public,2017,Total,0,330,,1
13128,pei-chun-public,2018,1,0,0,,
13129,pei-chun-public,2018,2A(1),0,0,,
13130,pei-chun-public,2018,2A(2),0,0,,
13131,pei-chun-public,2018,2B,23,21,,0.91304347826087
13132,pei-chun-public,2018,2C,50,24,,0.48
13133,pei-chun-public,2018,2C(S),0,0,,
13134,pei-chun-public,2018,3,0,0,,
13135,pei-chun-public,2018,Total,0,300,,1
13136,pei-chun-public,2019,1,125,260,,1
13137,pei-chun-public,2019,2A(1),75,135,,1
13138,pei-chun-public,2019,2A(2),46,60,,1
13139,pei-chun-public,2019,2B,30,28,SC1-2,0.933333333333333
13140,pei-chun-public,2019,2C,64,33,SC<1,0.515625
13141,pei-chun-public,2019,2C(S),0,0,,
13142,pei-chun-public,2019,3,0,0,,
13143,pei-chun-public,2019,Total,0,300,,1
13144,pei-chun-public,2020,1,149,260,,1
13145,pei-chun-public,2020,2A(1),78,111,,1
13146,pei-chun-public,2020,2A(2),38,33,SC>2,0.868421052631579
13147,pei-chun-public,2020,2B,30,22,SC<1,0.733333333333333
13148,pei-chun-public,2020,2C,68,21,SC<1,0.308823529411765
13149,pei-chun-public,2020,2C(S),0,0,,
13150,pei-chun-public,2020,3,0,0,,
13151,pei-chun-public,2020,Total,0,300,,1
13152,pei-chun-public,2021,1,130,260,,1
13153,pei-chun-public,2021,2A(1),99,130,,1
13154,pei-chun-public,2021,2A(2),39,31,SC>2,0.794871794871795
13155,pei-chun-public,2021,2B,26,21,SC1-2,0.807692307692308
13156,pei-chun-public,2021,2C,43,21,SC<1,0.488372093023256
13157,pei-chun-public,2021,2C(S),0,0,,
13158,pei-chun-public,2021,3,0,0,,
13159,pei-chun-public,2021,Total,0,300,,1
13160,pei-chun-public,2022,1,134,240,,1
13161,pei-chun-public,2022,2A(1),129,106,SC>2,0.821705426356589
13162,pei-chun-public,2022,2A(2),0,0,,
13163,pei-chun-public,2022,2B,27,20,SC<1,0.740740740740741
13164,pei-chun-public,2022,2C,83,45,SC<1,0.542168674698795
13165,pei-chun-public,2022,2C(S),0,0,,
13166,pei-chun-public,2022,3,0,0,,
13167,pei-chun-public,2022,Total,0,300,,1
13168,pei-chun-public,2023,1,113,240,,1
13169,pei-chun-public,2023,2A(1),116,127,,1
13170,pei-chun-public,2023,2A(2),0,0,,
13171,pei-chun-public,2023,2B,29,24,SC<1,0.827586206896552
13172,pei-chun-public,2023,2C,81,52,SC<1,0.641975308641975
13173,pei-chun-public,2023,2C(S),0,0,,
13174,pei-chun-public,2023,3,0,0,,
13175,pei-chun-public,2023,Total,0,300,,1
13176,pei-hwa-presbyterian,2009,1,0,0,,
13177,pei-hwa-presbyterian,2009,2A(1),0,0,,
13178,pei-hwa-presbyterian,2009,2A(2),0,0,,
13179,pei-hwa-presbyterian,2009,2B,78,78,,1
13180,pei-hwa-presbyterian,2009,2C,88,79,,0.897727272727273
13181,pei-hwa-presbyterian,2009,2C(S),0,0,,
13182,pei-hwa-presbyterian,2009,3,0,0,,
13183,pei-hwa-presbyterian,2009,Total,0,360,,1
13184,pei-hwa-presbyterian,2010,1,0,0,,
13185,pei-hwa-presbyterian,2010,2A(1),0,0,,
13186,pei-hwa-presbyterian,2010,2A(2),0,0,,
13187,pei-hwa-presbyterian,2010,2B,68,44,,0.647058823529412
13188,pei-hwa-presbyterian,2010,2C,67,44,,0.656716417910448
13189,pei-hwa-presbyterian,2010,2C(S),0,0,,
13190,pei-hwa-presbyterian,2010,3,0,0,,
13191,pei-hwa-presbyterian,2010,Total,0,330,,1
13192,pei-hwa-presbyterian,2011,1,0,0,,
13193,pei-hwa-presbyterian,2011,2A(1),0,0,,
13194,pei-hwa-presbyterian,2011,2A(2),0,0,,
13195,pei-hwa-presbyterian,2011,2B,70,44,,0.628571428571429
13196,pei-hwa-presbyterian,2011,2C,58,43,,0.741379310344828
13197,pei-hwa-presbyterian,2011,2C(S),0,0,,
13198,pei-hwa-presbyterian,2011,3,0,0,,
13199,pei-hwa-presbyterian,2011,Total,0,300,,1
13200,pei-hwa-presbyterian,2012,1,0,0,,
13201,pei-hwa-presbyterian,2012,2A(1),0,0,,
13202,pei-hwa-presbyterian,2012,2A(2),0,0,,
13203,pei-hwa-presbyterian,2012,2B,40,28,,0.7
13204,pei-hwa-presbyterian,2012,2C,42,27,,0.642857142857143
13205,pei-hwa-presbyterian,2012,2C(S),0,0,,
13206,pei-hwa-presbyterian,2012,3,0,0,,
13207,pei-hwa-presbyterian,2012,Total,0,300,,1
13208,pei-hwa-presbyterian,2013,1,0,0,,
13209,pei-hwa-presbyterian,2013,2A(1),0,0,,
13210,pei-hwa-presbyterian,2013,2A(2),0,0,,
13211,pei-hwa-presbyterian,2013,2B,52,34,,0.653846153846154
13212,pei-hwa-presbyterian,2013,2C,54,33,,0.611111111111111
13213,pei-hwa-presbyterian,2013,2C(S),0,0,,
13214,pei-hwa-presbyterian,2013,3,0,0,,
13215,pei-hwa-presbyterian,2013,Total,0,300,,1
13216,pei-hwa-presbyterian,2014,1,0,0,,
13217,pei-hwa-presbyterian,2014,2A(1),0,0,,
13218,pei-hwa-presbyterian,2014,2A(2),0,0,,
13219,pei-hwa-presbyterian,2014,2B,41,40,,0.975609756097561
13220,pei-hwa-presbyterian,2014,2C,52,40,,0.769230769230769
13221,pei-hwa-presbyterian,2014,2C(S),0,0,,
13222,pei-hwa-presbyterian,2014,3,0,0,,
13223,pei-hwa-presbyterian,2014,Total,0,300,,1
13224,pei-hwa-presbyterian,2015,1,0,0,,
13225,pei-hwa-presbyterian,2015,2A(1),0,0,,
13226,pei-hwa-presbyterian,2015,2A(2),0,0,,
13227,pei-hwa-presbyterian,2015,2B,48,50,,1
13228,pei-hwa-presbyterian,2015,2C,69,56,,0.811594202898551
13229,pei-hwa-presbyterian,2015,2C(S),0,0,,
13230,pei-hwa-presbyterian,2015,3,0,0,,
13231,pei-hwa-presbyterian,2015,Total,0,300,,1
13232,pei-hwa-presbyterian,2016,1,0,0,,
13233,pei-hwa-presbyterian,2016,2A(1),0,0,,
13234,pei-hwa-presbyterian,2016,2A(2),0,0,,
13235,pei-hwa-presbyterian,2016,2B,47,33,,0.702127659574468
13236,pei-hwa-presbyterian,2016,2C,44,41,,0.931818181818182
13237,pei-hwa-presbyterian,2016,2C(S),0,0,,
13238,pei-hwa-presbyterian,2016,3,0,0,,
13239,pei-hwa-presbyterian,2016,Total,0,270,,1
13240,pei-hwa-presbyterian,2017,1,0,0,,
13241,pei-hwa-presbyterian,2017,2A(1),0,0,,
13242,pei-hwa-presbyterian,2017,2A(2),0,0,,
13243,pei-hwa-presbyterian,2017,2B,49,39,,0.795918367346939
13244,pei-hwa-presbyterian,2017,2C,62,45,,0.725806451612903
13245,pei-hwa-presbyterian,2017,2C(S),0,0,,
13246,pei-hwa-presbyterian,2017,3,0,0,,
13247,pei-hwa-presbyterian,2017,Total,0,270,,1
13248,pei-hwa-presbyterian,2018,1,0,0,,
13249,pei-hwa-presbyterian,2018,2A(1),0,0,,
13250,pei-hwa-presbyterian,2018,2A(2),0,0,,
13251,pei-hwa-presbyterian,2018,2B,36,22,,0.611111111111111
13252,pei-hwa-presbyterian,2018,2C,47,27,,0.574468085106383
13253,pei-hwa-presbyterian,2018,2C(S),0,0,,
13254,pei-hwa-presbyterian,2018,3,0,0,,
13255,pei-hwa-presbyterian,2018,Total,0,270,,1
13256,pei-hwa-presbyterian,2019,1,116,184,,1
13257,pei-hwa-presbyterian,2019,2A(1),44,68,,1
13258,pei-hwa-presbyterian,2019,2A(2),44,24,,0.545454545454545
13259,pei-hwa-presbyterian,2019,2B,41,20,SC<2#,0.48780487804878
13260,pei-hwa-presbyterian,2019,2C,51,21,SC<1,0.411764705882353
13261,pei-hwa-presbyterian,2019,2C(S),0,0,,
13262,pei-hwa-presbyterian,2019,3,0,0,,
13263,pei-hwa-presbyterian,2019,Total,0,224,,1
13264,pei-hwa-presbyterian,2020,1,118,184,,1
13265,pei-hwa-presbyterian,2020,2A(1),69,67,SC>2,0.971014492753623
13266,pei-hwa-presbyterian,2020,2A(2),0,0,,
13267,pei-hwa-presbyterian,2020,2B,29,20,SC>2,0.689655172413793
13268,pei-hwa-presbyterian,2020,2C,63,21,SC<1,0.333333333333333
13269,pei-hwa-presbyterian,2020,2C(S),0,0,,
13270,pei-hwa-presbyterian,2020,3,0,0,,
13271,pei-hwa-presbyterian,2020,Total,0,224,,1
13272,pei-hwa-presbyterian,2021,1,113,184,,1
13273,pei-hwa-presbyterian,2021,2A(1),86,71,SC>2,0.825581395348837
13274,pei-hwa-presbyterian,2021,2A(2),0,0,,
13275,pei-hwa-presbyterian,2021,2B,31,21,SC>2,0.67741935483871
13276,pei-hwa-presbyterian,2021,2C,53,21,SC<1,0.39622641509434
13277,pei-hwa-presbyterian,2021,2C(S),0,0,,
13278,pei-hwa-presbyterian,2021,3,0,0,,
13279,pei-hwa-presbyterian,2021,Total,0,224,,1
13280,pei-hwa-presbyterian,2022,1,121,164,,1
13281,pei-hwa-presbyterian,2022,2A(1),112,44,SC1-2,0.392857142857143
13282,pei-hwa-presbyterian,2022,2A(2),0,0,,
13283,pei-hwa-presbyterian,2022,2B,37,20,SC<1,0.540540540540541
13284,pei-hwa-presbyterian,2022,2C,87,41,SC<1,0.471264367816092
13285,pei-hwa-presbyterian,2022,2C(S),0,0,,
13286,pei-hwa-presbyterian,2022,3,0,0,,
13287,pei-hwa-presbyterian,2022,Total,0,224,,1
13288,pei-hwa-presbyterian,2023,1,102,164,,1
13289,pei-hwa-presbyterian,2023,2A(1),93,62,SC>2,0.666666666666667
13290,pei-hwa-presbyterian,2023,2A(2),0,0,,
13291,pei-hwa-presbyterian,2023,2B,32,20,SC<1,0.625
13292,pei-hwa-presbyterian,2023,2C,75,40,SC<1,0.533333333333333
13293,pei-hwa-presbyterian,2023,2C(S),0,0,,
13294,pei-hwa-presbyterian,2023,3,0,0,,
13295,pei-hwa-presbyterian,2023,Total,0,224,,1
13296,pei-tong,2009,1,0,0,,
13297,pei-tong,2009,2A(1),0,0,,
13298,pei-tong,2009,2A(2),0,0,,
13299,pei-tong,2009,2B,0,91,,1
13300,pei-tong,2009,2C,75,183,,1
13301,pei-tong,2009,2C(S),54,108,,1
13302,pei-tong,2009,3,0,52,,1
13303,pei-tong,2009,Total,0,240,,1
13304,pei-tong,2010,1,0,0,,
13305,pei-tong,2010,2A(1),0,0,,
13306,pei-tong,2010,2A(2),0,0,,
13307,pei-tong,2010,2B,2,88,,1
13308,pei-tong,2010,2C,61,175,,1
13309,pei-tong,2010,2C(S),82,114,,1
13310,pei-tong,2010,3,0,30,,1
13311,pei-tong,2010,Total,0,240,,1
13312,pei-tong,2011,1,0,0,,
13313,pei-tong,2011,2A(1),0,0,,
13314,pei-tong,2011,2A(2),0,0,,
13315,pei-tong,2011,2B,2,76,,1
13316,pei-tong,2011,2C,59,151,,1
13317,pei-tong,2011,2C(S),53,92,,1
13318,pei-tong,2011,3,0,35,,1
13319,pei-tong,2011,Total,0,240,,1
13320,pei-tong,2012,1,0,0,,
13321,pei-tong,2012,2A(1),0,0,,
13322,pei-tong,2012,2A(2),0,0,,
13323,pei-tong,2012,2B,0,73,,1
13324,pei-tong,2012,2C,103,146,,1
13325,pei-tong,2012,2C(S),55,45,,0.818181818181818
13326,pei-tong,2012,3,0,0,,
13327,pei-tong,2012,Total,0,240,,1
13328,pei-tong,2013,1,0,0,,
13329,pei-tong,2013,2A(1),0,0,,
13330,pei-tong,2013,2A(2),0,0,,
13331,pei-tong,2013,2B,6,77,,1
13332,pei-tong,2013,2C,84,147,,1
13333,pei-tong,2013,2C(S),46,64,,1
13334,pei-tong,2013,3,0,0,,
13335,pei-tong,2013,Total,0,240,,1
13336,pei-tong,2014,1,0,0,,
13337,pei-tong,2014,2A(1),0,0,,
13338,pei-tong,2014,2A(2),0,0,,
13339,pei-tong,2014,2B,3,67,,1
13340,pei-tong,2014,2C,81,131,,1
13341,pei-tong,2014,2C(S),56,51,,0.910714285714286
13342,pei-tong,2014,3,0,0,,
13343,pei-tong,2014,Total,0,240,,1
13344,pei-tong,2015,1,0,0,,
13345,pei-tong,2015,2A(1),0,0,,
13346,pei-tong,2015,2A(2),0,0,,
13347,pei-tong,2015,2B,2,66,,1
13348,pei-tong,2015,2C,70,129,,1
13349,pei-tong,2015,2C(S),34,59,,1
13350,pei-tong,2015,3,0,25,,1
13351,pei-tong,2015,Total,0,240,,1
13352,pei-tong,2016,1,0,0,,
13353,pei-tong,2016,2A(1),0,0,,
13354,pei-tong,2016,2A(2),0,0,,
13355,pei-tong,2016,2B,3,55,,1
13356,pei-tong,2016,2C,68,107,,1
13357,pei-tong,2016,2C(S),27,39,,1
13358,pei-tong,2016,3,0,12,,1
13359,pei-tong,2016,Total,0,210,,1
13360,pei-tong,2017,1,0,0,,
13361,pei-tong,2017,2A(1),0,0,,
13362,pei-tong,2017,2A(2),0,0,,
13363,pei-tong,2017,2B,0,78,,1
13364,pei-tong,2017,2C,54,158,,1
13365,pei-tong,2017,2C(S),44,104,,1
13366,pei-tong,2017,3,0,60,,1
13367,pei-tong,2017,Total,0,240,,1
13368,pei-tong,2018,1,0,0,,
13369,pei-tong,2018,2A(1),0,0,,
13370,pei-tong,2018,2A(2),0,0,,
13371,pei-tong,2018,2B,0,82,,1
13372,pei-tong,2018,2C,58,165,,1
13373,pei-tong,2018,2C(S),74,107,,1
13374,pei-tong,2018,3,0,33,,1
13375,pei-tong,2018,Total,0,240,,1
13376,pei-tong,2019,1,62,200,,1
13377,pei-tong,2019,2A(1),1,138,,1
13378,pei-tong,2019,2A(2),10,138,,1
13379,pei-tong,2019,2B,0,84,,1
13380,pei-tong,2019,2C,36,169,,1
13381,pei-tong,2019,2C(S),34,133,,1
13382,pei-tong,2019,3,0,99,,1
13383,pei-tong,2019,Total,0,240,,1
13384,pei-tong,2020,1,66,200,,1
13385,pei-tong,2020,2A(1),0,134,,1
13386,pei-tong,2020,2A(2),28,134,,1
13387,pei-tong,2020,2B,0,73,,1
13388,pei-tong,2020,2C,29,147,,1
13389,pei-tong,2020,2C(S),78,118,,1
13390,pei-tong,2020,3,0,40,,1
13391,pei-tong,2020,Total,0,240,,1
13392,pei-tong,2021,1,52,240,,1
13393,pei-tong,2021,2A(1),5,188,,1
13394,pei-tong,2021,2A(2),35,183,,1
13395,pei-tong,2021,2B,0,94,,1
13396,pei-tong,2021,2C,39,188,,1
13397,pei-tong,2021,2C(S),79,150,,1
13398,pei-tong,2021,3,0,71,,1
13399,pei-tong,2021,Total,0,280,,1
13400,pei-tong,2022,1,64,220,,1
13401,pei-tong,2022,2A(1),43,156,,1
13402,pei-tong,2022,2A(2),0,0,,
13403,pei-tong,2022,2B,0,58,,1
13404,pei-tong,2022,2C,34,175,,1
13405,pei-tong,2022,2C(S),94,143,,1
13406,pei-tong,2022,3,0,49,,1
13407,pei-tong,2022,Total,0,280,,1
13408,pei-tong,2023,1,60,220,,1
13409,pei-tong,2023,2A(1),25,160,,1
13410,pei-tong,2023,2A(2),0,0,,
13411,pei-tong,2023,2B,0,65,,1
13412,pei-tong,2023,2C,29,196,,1
13413,pei-tong,2023,2C(S),84,167,,1
13414,pei-tong,2023,3,0,83,,1
13415,pei-tong,2023,Total,0,280,,1
13416,peiying,2009,1,0,0,,
13417,peiying,2009,2A(1),0,0,,
13418,peiying,2009,2A(2),0,0,,
13419,peiying,2009,2B,1,56,,1
13420,peiying,2009,2C,63,111,,1
13421,peiying,2009,2C(S),23,48,,1
13422,peiying,2009,3,0,25,,1
13423,peiying,2009,Total,0,180,,1
13424,peiying,2010,1,0,0,,
13425,peiying,2010,2A(1),0,0,,
13426,peiying,2010,2A(2),0,0,,
13427,peiying,2010,2B,0,56,,1
13428,peiying,2010,2C,67,111,,1
13429,peiying,2010,2C(S),33,45,,1
13430,peiying,2010,3,0,9,,1
13431,peiying,2010,Total,0,180,,1
13432,peiying,2011,1,0,0,,
13433,peiying,2011,2A(1),0,0,,
13434,peiying,2011,2A(2),0,0,,
13435,peiying,2011,2B,2,57,,1
13436,peiying,2011,2C,68,112,,1
13437,peiying,2011,2C(S),40,44,,1
13438,peiying,2011,3,0,0,,
13439,peiying,2011,Total,0,180,,1
13440,peiying,2012,1,0,0,,
13441,peiying,2012,2A(1),0,0,,
13442,peiying,2012,2A(2),0,0,,
13443,peiying,2012,2B,1,56,,1
13444,peiying,2012,2C,85,111,,1
13445,peiying,2012,2C(S),18,27,,1
13446,peiying,2012,3,0,9,,1
13447,peiying,2012,Total,0,180,,1
13448,peiying,2013,1,0,0,,
13449,peiying,2013,2A(1),0,0,,
13450,peiying,2013,2A(2),0,0,,
13451,peiying,2013,2B,0,64,,1
13452,peiying,2013,2C,65,127,,1
13453,peiying,2013,2C(S),20,62,,1
13454,peiying,2013,3,0,36,,1
13455,peiying,2013,Total,0,180,,1
13456,peiying,2014,1,0,0,,
13457,peiying,2014,2A(1),0,0,,
13458,peiying,2014,2A(2),0,0,,
13459,peiying,2014,2B,0,53,,1
13460,peiying,2014,2C,68,107,,1
13461,peiying,2014,2C(S),33,39,,1
13462,peiying,2014,3,0,6,,1
13463,peiying,2014,Total,0,180,,1
13464,peiying,2015,1,0,0,,
13465,peiying,2015,2A(1),0,0,,
13466,peiying,2015,2A(2),0,0,,
13467,peiying,2015,2B,0,52,,1
13468,peiying,2015,2C,50,105,,1
13469,peiying,2015,2C(S),25,55,,1
13470,peiying,2015,3,0,30,,1
13471,peiying,2015,Total,0,180,,1
13472,peiying,2016,1,0,0,,
13473,peiying,2016,2A(1),0,0,,
13474,peiying,2016,2A(2),0,0,,
13475,peiying,2016,2B,0,56,,1
13476,peiying,2016,2C,52,113,,1
13477,peiying,2016,2C(S),28,61,,1
13478,peiying,2016,3,0,33,,1
13479,peiying,2016,Total,0,180,,1
13480,peiying,2017,1,0,0,,
13481,peiying,2017,2A(1),0,0,,
13482,peiying,2017,2A(2),0,0,,
13483,peiying,2017,2B,0,56,,1
13484,peiying,2017,2C,50,112,,1
13485,peiying,2017,2C(S),40,62,,1
13486,peiying,2017,3,0,22,,1
13487,peiying,2017,Total,0,180,,1
13488,peiying,2018,1,0,0,,
13489,peiying,2018,2A(1),0,0,,
13490,peiying,2018,2A(2),0,0,,
13491,peiying,2018,2B,1,71,,1
13492,peiying,2018,2C,46,141,,1
13493,peiying,2018,2C(S),105,95,,0.904761904761905
13494,peiying,2018,3,0,0,,
13495,peiying,2018,Total,0,210,,1
13496,peiying,2019,1,56,140,,1
13497,peiying,2019,2A(1),0,84,,1
13498,peiying,2019,2A(2),10,84,,1
13499,peiying,2019,2B,0,58,,1
13500,peiying,2019,2C,41,115,,1
13501,peiying,2019,2C(S),56,74,,1
13502,peiying,2019,3,0,18,,1
13503,peiying,2019,Total,0,180,,1
13504,peiying,2020,1,81,150,,1
13505,peiying,2020,2A(1),0,69,,1
13506,peiying,2020,2A(2),16,69,,1
13507,peiying,2020,2B,0,47,,1
13508,peiying,2020,2C,44,93,,1
13509,peiying,2020,2C(S),45,49,,1
13510,peiying,2020,3,0,4,,1
13511,peiying,2020,Total,0,190,,1
13512,peiying,2021,1,76,180,,1
13513,peiying,2021,2A(1),0,104,,1
13514,peiying,2021,2A(2),18,104,,1
13515,peiying,2021,2B,0,63,,1
13516,peiying,2021,2C,44,126,,1
13517,peiying,2021,2C(S),93,84,SC<2#,0.903225806451613
13518,peiying,2021,3,0,0,,
13519,peiying,2021,Total,0,220,,1
13520,peiying,2022,1,66,130,,1
13521,peiying,2022,2A(1),17,64,,1
13522,peiying,2022,2A(2),0,0,,
13523,peiying,2022,2B,0,36,,1
13524,peiying,2022,2C,45,107,,1
13525,peiying,2022,2C(S),82,62,SC1-2,0.75609756097561
13526,peiying,2022,3,0,0,,
13527,peiying,2022,Total,0,190,,1
13528,peiying,2023,1,70,160,,1
13529,peiying,2023,2A(1),29,90,,1
13530,peiying,2023,2A(2),0,0,,
13531,peiying,2023,2B,0,40,,1
13532,peiying,2023,2C,49,121,,1
13533,peiying,2023,2C(S),105,73,SC1-2,0.695238095238095
13534,peiying,2023,3,0,0,,
13535,peiying,2023,Total,0,220,,1
13536,pioneer,2009,1,0,0,,
13537,pioneer,2009,2A(1),0,0,,
13538,pioneer,2009,2A(2),0,0,,
13539,pioneer,2009,2B,1,79,,1
13540,pioneer,2009,2C,92,157,,1
13541,pioneer,2009,2C(S),86,65,,0.755813953488372
13542,pioneer,2009,3,0,0,,
13543,pioneer,2009,Total,0,270,,1
13544,pioneer,2010,1,0,0,,
13545,pioneer,2010,2A(1),0,0,,
13546,pioneer,2010,2A(2),0,0,,
13547,pioneer,2010,2B,0,74,,1
13548,pioneer,2010,2C,101,147,,1
13549,pioneer,2010,2C(S),85,48,,0.564705882352941
13550,pioneer,2010,3,0,0,,
13551,pioneer,2010,Total,0,270,,1
13552,pioneer,2011,1,0,0,,
13553,pioneer,2011,2A(1),0,0,,
13554,pioneer,2011,2A(2),0,0,,
13555,pioneer,2011,2B,1,77,,1
13556,pioneer,2011,2C,70,154,,1
13557,pioneer,2011,2C(S),54,84,,1
13558,pioneer,2011,3,0,11,,1
13559,pioneer,2011,Total,0,270,,1
13560,pioneer,2012,1,0,0,,
13561,pioneer,2012,2A(1),0,0,,
13562,pioneer,2012,2A(2),0,0,,
13563,pioneer,2012,2B,0,72,,1
13564,pioneer,2012,2C,74,144,,1
13565,pioneer,2012,2C(S),68,71,,1
13566,pioneer,2012,3,0,0,,
13567,pioneer,2012,Total,0,240,,1
13568,pioneer,2013,1,0,0,,
13569,pioneer,2013,2A(1),0,0,,
13570,pioneer,2013,2A(2),0,0,,
13571,pioneer,2013,2B,0,76,,1
13572,pioneer,2013,2C,84,152,,1
13573,pioneer,2013,2C(S),75,70,,0.933333333333333
13574,pioneer,2013,3,0,0,,
13575,pioneer,2013,Total,0,240,,1
13576,pioneer,2014,1,0,0,,
13577,pioneer,2014,2A(1),0,0,,
13578,pioneer,2014,2A(2),0,0,,
13579,pioneer,2014,2B,0,74,,1
13580,pioneer,2014,2C,87,147,,1
13581,pioneer,2014,2C(S),60,60,,1
13582,pioneer,2014,3,0,0,,
13583,pioneer,2014,Total,0,240,,1
13584,pioneer,2015,1,0,0,,
13585,pioneer,2015,2A(1),0,0,,
13586,pioneer,2015,2A(2),0,0,,
13587,pioneer,2015,2B,0,79,,1
13588,pioneer,2015,2C,39,157,,1
13589,pioneer,2015,2C(S),37,118,,1
13590,pioneer,2015,3,0,81,,1
13591,pioneer,2015,Total,0,240,,1
13592,pioneer,2016,1,0,0,,
13593,pioneer,2016,2A(1),0,0,,
13594,pioneer,2016,2A(2),0,0,,
13595,pioneer,2016,2B,0,72,,1
13596,pioneer,2016,2C,27,145,,1
13597,pioneer,2016,2C(S),9,119,,1
13598,pioneer,2016,3,0,110,,1
13599,pioneer,2016,Total,0,210,,1
13600,pioneer,2017,1,0,0,,
13601,pioneer,2017,2A(1),0,0,,
13602,pioneer,2017,2A(2),0,0,,
13603,pioneer,2017,2B,0,36,,1
13604,pioneer,2017,2C,62,73,,1
13605,pioneer,2017,2C(S),20,11,,0.55
13606,pioneer,2017,3,0,0,,
13607,pioneer,2017,Total,0,150,,1
13608,pioneer,2018,1,0,0,,
13609,pioneer,2018,2A(1),0,0,,
13610,pioneer,2018,2A(2),0,0,,
13611,pioneer,2018,2B,0,57,,1
13612,pioneer,2018,2C,51,115,,1
13613,pioneer,2018,2C(S),51,64,,1
13614,pioneer,2018,3,0,13,,1
13615,pioneer,2018,Total,0,180,,1
13616,pioneer,2019,1,40,140,,1
13617,pioneer,2019,2A(1),0,100,,1
13618,pioneer,2019,2A(2),10,101,,1
13619,pioneer,2019,2B,0,66,,1
13620,pioneer,2019,2C,19,131,,1
13621,pioneer,2019,2C(S),27,112,,1
13622,pioneer,2019,3,0,85,,1
13623,pioneer,2019,Total,0,180,,1
13624,pioneer,2020,1,53,110,,1
13625,pioneer,2020,2A(1),0,57,,1
13626,pioneer,2020,2A(2),6,57,,1
13627,pioneer,2020,2B,0,46,,1
13628,pioneer,2020,2C,20,93,,1
13629,pioneer,2020,2C(S),35,74,PR1-2,1
13630,pioneer,2020,3,0,39,,1
13631,pioneer,2020,Total,0,150,,1
13632,poi-ching,2009,1,0,0,,
13633,poi-ching,2009,2A(1),0,0,,
13634,poi-ching,2009,2A(2),0,0,,
13635,poi-ching,2009,2B,26,64,,1
13636,poi-ching,2009,2C,111,101,,0.90990990990991
13637,poi-ching,2009,2C(S),0,0,,
13638,poi-ching,2009,3,0,0,,
13639,poi-ching,2009,Total,0,270,,1
13640,poi-ching,2010,1,0,0,,
13641,poi-ching,2010,2A(1),0,0,,
13642,poi-ching,2010,2A(2),0,0,,
13643,poi-ching,2010,2B,31,68,,1
13644,poi-ching,2010,2C,120,106,,0.883333333333333
13645,poi-ching,2010,2C(S),0,0,,
13646,poi-ching,2010,3,0,0,,
13647,poi-ching,2010,Total,0,270,,1
13648,poi-ching,2011,1,0,0,,
13649,poi-ching,2011,2A(1),0,0,,
13650,poi-ching,2011,2A(2),0,0,,
13651,poi-ching,2011,2B,33,55,,1
13652,poi-ching,2011,2C,83,78,,0.939759036144578
13653,poi-ching,2011,2C(S),0,0,,
13654,poi-ching,2011,3,0,0,,
13655,poi-ching,2011,Total,0,240,,1
13656,poi-ching,2012,1,0,0,,
13657,poi-ching,2012,2A(1),0,0,,
13658,poi-ching,2012,2A(2),0,0,,
13659,poi-ching,2012,2B,29,63,,1
13660,poi-ching,2012,2C,106,97,,0.915094339622642
13661,poi-ching,2012,2C(S),0,0,,
13662,poi-ching,2012,3,0,0,,
13663,poi-ching,2012,Total,0,240,,1
13664,poi-ching,2013,1,0,0,,
13665,poi-ching,2013,2A(1),0,0,,
13666,poi-ching,2013,2A(2),0,0,,
13667,poi-ching,2013,2B,46,57,,1
13668,poi-ching,2013,2C,96,67,,0.697916666666667
13669,poi-ching,2013,2C(S),0,0,,
13670,poi-ching,2013,3,0,0,,
13671,poi-ching,2013,Total,0,240,,1
13672,poi-ching,2014,1,0,0,,
13673,poi-ching,2014,2A(1),0,0,,
13674,poi-ching,2014,2A(2),0,0,,
13675,poi-ching,2014,2B,31,53,,1
13676,poi-ching,2014,2C,104,75,,0.721153846153846
13677,poi-ching,2014,2C(S),0,0,,
13678,poi-ching,2014,3,0,0,,
13679,poi-ching,2014,Total,0,240,,1
13680,poi-ching,2015,1,0,0,,
13681,poi-ching,2015,2A(1),0,0,,
13682,poi-ching,2015,2A(2),0,0,,
13683,poi-ching,2015,2B,34,58,,1
13684,poi-ching,2015,2C,120,81,,0.675
13685,poi-ching,2015,2C(S),0,0,,
13686,poi-ching,2015,3,0,0,,
13687,poi-ching,2015,Total,0,240,,1
13688,poi-ching,2016,1,0,0,,
13689,poi-ching,2016,2A(1),0,0,,
13690,poi-ching,2016,2A(2),0,0,,
13691,poi-ching,2016,2B,34,68,,1
13692,poi-ching,2016,2C,111,104,,0.936936936936937
13693,poi-ching,2016,2C(S),0,0,,
13694,poi-ching,2016,3,0,0,,
13695,poi-ching,2016,Total,0,240,,1
13696,poi-ching,2017,1,0,0,,
13697,poi-ching,2017,2A(1),0,0,,
13698,poi-ching,2017,2A(2),0,0,,
13699,poi-ching,2017,2B,36,52,,1
13700,poi-ching,2017,2C,106,68,,0.641509433962264
13701,poi-ching,2017,2C(S),0,0,,
13702,poi-ching,2017,3,0,0,,
13703,poi-ching,2017,Total,0,240,,1
13704,poi-ching,2018,1,0,0,,
13705,poi-ching,2018,2A(1),0,0,,
13706,poi-ching,2018,2A(2),0,0,,
13707,poi-ching,2018,2B,37,48,,1
13708,poi-ching,2018,2C,158,59,,0.373417721518987
13709,poi-ching,2018,2C(S),0,0,,
13710,poi-ching,2018,3,0,0,,
13711,poi-ching,2018,Total,0,240,,1
13712,poi-ching,2019,1,81,200,,1
13713,poi-ching,2019,2A(1),3,119,,1
13714,poi-ching,2019,2A(2),17,116,,1
13715,poi-ching,2019,2B,24,70,,1
13716,poi-ching,2019,2C,150,115,SC<1,0.766666666666667
13717,poi-ching,2019,2C(S),0,0,,
13718,poi-ching,2019,3,0,0,,
13719,poi-ching,2019,Total,0,240,,1
13720,poi-ching,2020,1,116,200,,1
13721,poi-ching,2020,2A(1),6,84,,1
13722,poi-ching,2020,2A(2),13,79,,1
13723,poi-ching,2020,2B,36,53,,1
13724,poi-ching,2020,2C,172,70,SC<1,0.406976744186047
13725,poi-ching,2020,2C(S),0,0,,
13726,poi-ching,2020,3,0,0,,
13727,poi-ching,2020,Total,0,240,,1
13728,poi-ching,2021,1,88,200,,1
13729,poi-ching,2021,2A(1),11,112,,1
13730,poi-ching,2021,2A(2),19,101,,1
13731,poi-ching,2021,2B,44,61,,1
13732,poi-ching,2021,2C,195,79,SC<1,0.405128205128205
13733,poi-ching,2021,2C(S),0,0,,
13734,poi-ching,2021,3,0,0,,
13735,poi-ching,2021,Total,0,240,,1
13736,poi-ching,2022,1,83,180,,1
13737,poi-ching,2022,2A(1),29,98,,1
13738,poi-ching,2022,2A(2),0,0,,
13739,poi-ching,2022,2B,27,43,,1
13740,poi-ching,2022,2C,197,104,SC<1,0.527918781725888
13741,poi-ching,2022,2C(S),0,0,,
13742,poi-ching,2022,3,0,0,,
13743,poi-ching,2022,Total,0,240,,1
13744,poi-ching,2023,1,95,180,,1
13745,poi-ching,2023,2A(1),23,85,,1
13746,poi-ching,2023,2A(2),0,0,,
13747,poi-ching,2023,2B,45,41,SC1-2,0.911111111111111
13748,poi-ching,2023,2C,197,82,SC<1,0.416243654822335
13749,poi-ching,2023,2C(S),0,0,,
13750,poi-ching,2023,3,0,0,,
13751,poi-ching,2023,Total,0,240,,1
13752,princess-elizabeth,2009,1,0,0,,
13753,princess-elizabeth,2009,2A(1),0,0,,
13754,princess-elizabeth,2009,2A(2),0,0,,
13755,princess-elizabeth,2009,2B,8,56,,1
13756,princess-elizabeth,2009,2C,175,106,,0.605714285714286
13757,princess-elizabeth,2009,2C(S),0,0,,
13758,princess-elizabeth,2009,3,0,0,,
13759,princess-elizabeth,2009,Total,0,240,,1
13760,princess-elizabeth,2010,1,0,0,,
13761,princess-elizabeth,2010,2A(1),0,0,,
13762,princess-elizabeth,2010,2A(2),0,0,,
13763,princess-elizabeth,2010,2B,3,19,,1
13764,princess-elizabeth,2010,2C,138,36,,0.260869565217391
13765,princess-elizabeth,2010,2C(S),0,0,,
13766,princess-elizabeth,2010,3,0,0,,
13767,princess-elizabeth,2010,Total,0,210,,1
13768,princess-elizabeth,2011,1,0,0,,
13769,princess-elizabeth,2011,2A(1),0,0,,
13770,princess-elizabeth,2011,2A(2),0,0,,
13771,princess-elizabeth,2011,2B,5,28,,1
13772,princess-elizabeth,2011,2C,117,53,,0.452991452991453
13773,princess-elizabeth,2011,2C(S),0,0,,
13774,princess-elizabeth,2011,3,0,0,,
13775,princess-elizabeth,2011,Total,0,210,,1
13776,princess-elizabeth,2012,1,0,0,,
13777,princess-elizabeth,2012,2A(1),0,0,,
13778,princess-elizabeth,2012,2A(2),0,0,,
13779,princess-elizabeth,2012,2B,3,64,,1
13780,princess-elizabeth,2012,2C,153,124,,0.810457516339869
13781,princess-elizabeth,2012,2C(S),0,0,,
13782,princess-elizabeth,2012,3,0,0,,
13783,princess-elizabeth,2012,Total,0,240,,1
13784,princess-elizabeth,2013,1,0,0,,
13785,princess-elizabeth,2013,2A(1),0,0,,
13786,princess-elizabeth,2013,2A(2),0,0,,
13787,princess-elizabeth,2013,2B,7,57,,1
13788,princess-elizabeth,2013,2C,126,107,,0.849206349206349
13789,princess-elizabeth,2013,2C(S),0,0,,
13790,princess-elizabeth,2013,3,0,0,,
13791,princess-elizabeth,2013,Total,0,240,,1
13792,princess-elizabeth,2014,1,0,0,,
13793,princess-elizabeth,2014,2A(1),0,0,,
13794,princess-elizabeth,2014,2A(2),0,0,,
13795,princess-elizabeth,2014,2B,0,46,,1
13796,princess-elizabeth,2014,2C,116,92,,0.793103448275862
13797,princess-elizabeth,2014,2C(S),0,0,,
13798,princess-elizabeth,2014,3,0,0,,
13799,princess-elizabeth,2014,Total,0,240,,1
13800,princess-elizabeth,2015,1,0,0,,
13801,princess-elizabeth,2015,2A(1),0,0,,
13802,princess-elizabeth,2015,2A(2),0,0,,
13803,princess-elizabeth,2015,2B,1,48,,1
13804,princess-elizabeth,2015,2C,103,96,,0.932038834951456
13805,princess-elizabeth,2015,2C(S),0,0,,
13806,princess-elizabeth,2015,3,0,0,,
13807,princess-elizabeth,2015,Total,0,240,,1
13808,princess-elizabeth,2016,1,0,0,,
13809,princess-elizabeth,2016,2A(1),0,0,,
13810,princess-elizabeth,2016,2A(2),0,0,,
13811,princess-elizabeth,2016,2B,0,44,,1
13812,princess-elizabeth,2016,2C,110,91,,0.827272727272727
13813,princess-elizabeth,2016,2C(S),0,0,,
13814,princess-elizabeth,2016,3,0,0,,
13815,princess-elizabeth,2016,Total,0,210,,1
13816,princess-elizabeth,2017,1,0,0,,
13817,princess-elizabeth,2017,2A(1),0,0,,
13818,princess-elizabeth,2017,2A(2),0,0,,
13819,princess-elizabeth,2017,2B,2,36,,1
13820,princess-elizabeth,2017,2C,114,71,,0.62280701754386
13821,princess-elizabeth,2017,2C(S),0,0,,
13822,princess-elizabeth,2017,3,0,0,,
13823,princess-elizabeth,2017,Total,0,210,,1
13824,princess-elizabeth,2018,1,0,0,,
13825,princess-elizabeth,2018,2A(1),0,0,,
13826,princess-elizabeth,2018,2A(2),0,0,,
13827,princess-elizabeth,2018,2B,1,34,,1
13828,princess-elizabeth,2018,2C,163,68,,0.417177914110429
13829,princess-elizabeth,2018,2C(S),0,0,,
13830,princess-elizabeth,2018,3,0,0,,
13831,princess-elizabeth,2018,Total,0,210,,1
13832,princess-elizabeth,2019,1,68,160,,1
13833,princess-elizabeth,2019,2A(1),0,92,,1
13834,princess-elizabeth,2019,2A(2),52,92,,1
13835,princess-elizabeth,2019,2B,0,40,,1
13836,princess-elizabeth,2019,2C,205,82,SC<1,0.4
13837,princess-elizabeth,2019,2C(S),0,0,,
13838,princess-elizabeth,2019,3,0,0,,
13839,princess-elizabeth,2019,Total,0,200,,1
13840,princess-elizabeth,2020,1,120,160,,1
13841,princess-elizabeth,2020,2A(1),0,40,,1
13842,princess-elizabeth,2020,2A(2),50,40,SC>2,0.8
13843,princess-elizabeth,2020,2B,2,20,,1
13844,princess-elizabeth,2020,2C,226,38,SC<1,0.168141592920354
13845,princess-elizabeth,2020,2C(S),0,0,,
13846,princess-elizabeth,2020,3,0,0,,
13847,princess-elizabeth,2020,Total,0,200,,1
13848,princess-elizabeth,2021,1,92,160,,1
13849,princess-elizabeth,2021,2A(1),13,68,,1
13850,princess-elizabeth,2021,2A(2),44,55,,1
13851,princess-elizabeth,2021,2B,7,26,,1
13852,princess-elizabeth,2021,2C,236,45,SC<1,0.190677966101695
13853,princess-elizabeth,2021,2C(S),0,0,,
13854,princess-elizabeth,2021,3,0,0,,
13855,princess-elizabeth,2021,Total,0,200,,1
13856,princess-elizabeth,2022,1,98,140,,1
13857,princess-elizabeth,2022,2A(1),60,42,SC1-2,0.7
13858,princess-elizabeth,2022,2A(2),0,0,,
13859,princess-elizabeth,2022,2B,5,20,,1
13860,princess-elizabeth,2022,2C,278,55,SC<1,0.197841726618705
13861,princess-elizabeth,2022,2C(S),0,0,,
13862,princess-elizabeth,2022,3,0,0,,
13863,princess-elizabeth,2022,Total,0,200,,1
13864,princess-elizabeth,2023,1,87,140,,1
13865,princess-elizabeth,2023,2A(1),89,53,SC<1,0.595505617977528
13866,princess-elizabeth,2023,2A(2),0,0,,
13867,princess-elizabeth,2023,2B,12,20,,1
13868,princess-elizabeth,2023,2C,283,48,SC<1,0.169611307420495
13869,princess-elizabeth,2023,2C(S),0,0,,
13870,princess-elizabeth,2023,3,0,0,,
13871,princess-elizabeth,2023,Total,0,200,,1
13872,punggol,2009,1,0,0,,
13873,punggol,2009,2A(1),0,0,,
13874,punggol,2009,2A(2),0,0,,
13875,punggol,2009,2B,4,67,,1
13876,punggol,2009,2C,108,129,,1
13877,punggol,2009,2C(S),38,21,,0.552631578947368
13878,punggol,2009,3,0,0,,
13879,punggol,2009,Total,0,240,,1
13880,punggol,2010,1,0,0,,
13881,punggol,2010,2A(1),0,0,,
13882,punggol,2010,2A(2),0,0,,
13883,punggol,2010,2B,0,68,,1
13884,punggol,2010,2C,87,137,,1
13885,punggol,2010,2C(S),58,53,,0.913793103448276
13886,punggol,2010,3,0,0,,
13887,punggol,2010,Total,0,240,,1
13888,punggol,2011,1,0,0,,
13889,punggol,2011,2A(1),0,0,,
13890,punggol,2011,2A(2),0,0,,
13891,punggol,2011,2B,1,61,,1
13892,punggol,2011,2C,100,120,,1
13893,punggol,2011,2C(S),41,20,,0.48780487804878
13894,punggol,2011,3,0,0,,
13895,punggol,2011,Total,0,210,,1
13896,punggol,2012,1,0,0,,
13897,punggol,2012,2A(1),0,0,,
13898,punggol,2012,2A(2),0,0,,
13899,punggol,2012,2B,1,64,,1
13900,punggol,2012,2C,82,128,,1
13901,punggol,2012,2C(S),24,46,,1
13902,punggol,2012,3,0,21,,1
13903,punggol,2012,Total,0,210,,1
13904,punggol,2013,1,0,0,,
13905,punggol,2013,2A(1),0,0,,
13906,punggol,2013,2A(2),0,0,,
13907,punggol,2013,2B,0,58,,1
13908,punggol,2013,2C,112,116,,1
13909,punggol,2013,2C(S),6,6,,1
13910,punggol,2013,3,0,0,,
13911,punggol,2013,Total,0,210,,1
13912,punggol,2014,1,0,0,,
13913,punggol,2014,2A(1),0,0,,
13914,punggol,2014,2A(2),0,0,,
13915,punggol,2014,2B,1,64,,1
13916,punggol,2014,2C,101,127,,1
13917,punggol,2014,2C(S),28,27,,0.964285714285714
13918,punggol,2014,3,0,0,,
13919,punggol,2014,Total,0,210,,1
13920,punggol,2015,1,0,0,,
13921,punggol,2015,2A(1),0,0,,
13922,punggol,2015,2A(2),0,0,,
13923,punggol,2015,2B,1,62,,1
13924,punggol,2015,2C,124,123,,0.991935483870968
13925,punggol,2015,2C(S),0,0,,
13926,punggol,2015,3,0,0,,
13927,punggol,2015,Total,0,210,,1
13928,punggol,2016,1,0,0,,
13929,punggol,2016,2A(1),0,0,,
13930,punggol,2016,2A(2),0,0,,
13931,punggol,2016,2B,3,68,,1
13932,punggol,2016,2C,106,133,,1
13933,punggol,2016,2C(S),10,27,,1
13934,punggol,2016,3,0,17,,1
13935,punggol,2016,Total,0,210,,1
13936,punggol,2017,1,0,0,,
13937,punggol,2017,2A(1),0,0,,
13938,punggol,2017,2A(2),0,0,,
13939,punggol,2017,2B,1,57,,1
13940,punggol,2017,2C,121,114,,0.942148760330578
13941,punggol,2017,2C(S),0,0,,
13942,punggol,2017,3,0,0,,
13943,punggol,2017,Total,0,210,,1
13944,punggol,2018,1,0,0,,
13945,punggol,2018,2A(1),0,0,,
13946,punggol,2018,2A(2),0,0,,
13947,punggol,2018,2B,6,58,,1
13948,punggol,2018,2C,149,110,,0.738255033557047
13949,punggol,2018,2C(S),0,0,,
13950,punggol,2018,3,0,0,,
13951,punggol,2018,Total,0,210,,1
13952,punggol,2019,1,74,170,,1
13953,punggol,2019,2A(1),0,96,,1
13954,punggol,2019,2A(2),9,96,,1
13955,punggol,2019,2B,3,64,,1
13956,punggol,2019,2C,141,125,SC1-2,0.886524822695035
13957,punggol,2019,2C(S),0,0,,
13958,punggol,2019,3,0,0,,
13959,punggol,2019,Total,0,210,,1
13960,punggol,2020,1,68,160,,1
13961,punggol,2020,2A(1),0,92,,1
13962,punggol,2020,2A(2),15,92,,1
13963,punggol,2020,2B,12,59,,1
13964,punggol,2020,2C,124,106,SC1-2,0.854838709677419
13965,punggol,2020,2C(S),0,0,,
13966,punggol,2020,3,0,0,,
13967,punggol,2020,Total,0,200,,1
13968,punggol,2021,1,91,150,,1
13969,punggol,2021,2A(1),0,59,,1
13970,punggol,2021,2A(2),20,59,,1
13971,punggol,2021,2B,10,40,,1
13972,punggol,2021,2C,104,70,SC<1,0.673076923076923
13973,punggol,2021,2C(S),0,0,,
13974,punggol,2021,3,0,0,,
13975,punggol,2021,Total,0,190,,1
13976,punggol,2022,1,84,130,,1
13977,punggol,2022,2A(1),22,46,,1
13978,punggol,2022,2A(2),0,0,,
13979,punggol,2022,2B,6,28,,1
13980,punggol,2022,2C,129,78,SC<1,0.604651162790698
13981,punggol,2022,2C(S),0,0,,
13982,punggol,2022,3,0,0,,
13983,punggol,2022,Total,0,190,,1
13984,punggol,2023,1,89,130,,1
13985,punggol,2023,2A(1),17,41,,1
13986,punggol,2023,2A(2),0,0,,
13987,punggol,2023,2B,0,28,,1
13988,punggol,2023,2C,106,86,SC<1,0.811320754716981
13989,punggol,2023,2C(S),0,0,,
13990,punggol,2023,3,0,0,,
13991,punggol,2023,Total,0,190,,1
13992,punggol-cove,2015,1,0,0,,
13993,punggol-cove,2015,2A(1),0,0,,
13994,punggol-cove,2015,2A(2),0,0,,
13995,punggol-cove,2015,2B,1,105,,1
13996,punggol-cove,2015,2C,54,209,,1
13997,punggol-cove,2015,2C(S),49,155,,1
13998,punggol-cove,2015,3,0,106,,1
13999,punggol-cove,2015,Total,0,210,,1
14000,punggol-cove,2016,1,0,0,,
14001,punggol-cove,2016,2A(1),0,0,,
14002,punggol-cove,2016,2A(2),0,0,,
14003,punggol-cove,2016,2B,0,117,,1
14004,punggol-cove,2016,2C,113,233,,1
14005,punggol-cove,2016,2C(S),97,121,,1
14006,punggol-cove,2016,3,0,24,,1
14007,punggol-cove,2016,Total,0,240,,1
14008,punggol-cove,2017,1,0,0,,
14009,punggol-cove,2017,2A(1),0,0,,
14010,punggol-cove,2017,2A(2),0,0,,
14011,punggol-cove,2017,2B,0,131,,1
14012,punggol-cove,2017,2C,144,261,,1
14013,punggol-cove,2017,2C(S),65,117,,1
14014,punggol-cove,2017,3,0,52,,1
14015,punggol-cove,2017,Total,0,300,,1
14016,punggol-cove,2018,1,0,0,,
14017,punggol-cove,2018,2A(1),0,0,,
14018,punggol-cove,2018,2A(2),0,0,,
14019,punggol-cove,2018,2B,0,112,,1
14020,punggol-cove,2018,2C,183,223,,1
14021,punggol-cove,2018,2C(S),46,42,,0.91304347826087
14022,punggol-cove,2018,3,0,0,,
14023,punggol-cove,2018,Total,0,320,,1
14024,punggol-cove,2019,1,97,210,,1
14025,punggol-cove,2019,2A(1),0,113,,1
14026,punggol-cove,2019,2A(2),31,113,,1
14027,punggol-cove,2019,2B,0,61,,1
14028,punggol-cove,2019,2C,110,123,,1
14029,punggol-cove,2019,2C(S),16,13,SC1-2,0.8125
14030,punggol-cove,2019,3,0,0,,
14031,punggol-cove,2019,Total,0,250,,1
14032,punggol-cove,2020,1,122,240,,1
14033,punggol-cove,2020,2A(1),1,118,,1
14034,punggol-cove,2020,2A(2),43,117,,1
14035,punggol-cove,2020,2B,1,57,,1
14036,punggol-cove,2020,2C,103,113,,1
14037,punggol-cove,2020,2C(S),22,10,SC1-2,0.454545454545454
14038,punggol-cove,2020,3,0,0,,
14039,punggol-cove,2020,Total,0,280,,1
14040,punggol-cove,2021,1,116,240,,1
14041,punggol-cove,2021,2A(1),0,124,,1
14042,punggol-cove,2021,2A(2),63,124,,1
14043,punggol-cove,2021,2B,1,51,,1
14044,punggol-cove,2021,2C,96,102,,1
14045,punggol-cove,2021,2C(S),13,6,SC<1,0.461538461538462
14046,punggol-cove,2021,3,0,0,,
14047,punggol-cove,2021,Total,0,280,,1
14048,punggol-cove,2022,1,99,190,,1
14049,punggol-cove,2022,2A(1),58,91,,1
14050,punggol-cove,2022,2A(2),0,0,,
14051,punggol-cove,2022,2B,1,31,,1
14052,punggol-cove,2022,2C,82,93,,1
14053,punggol-cove,2022,2C(S),21,12,SC<1,0.571428571428571
14054,punggol-cove,2022,3,0,0,,
14055,punggol-cove,2022,Total,0,250,,1
14056,punggol-cove,2023,1,102,220,,1
14057,punggol-cove,2023,2A(1),65,118,,1
14058,punggol-cove,2023,2A(2),0,0,,
14059,punggol-cove,2023,2B,1,38,,1
14060,punggol-cove,2023,2C,82,113,,1
14061,punggol-cove,2023,2C(S),34,31,PR<1,0.911764705882353
14062,punggol-cove,2023,3,0,0,,
14063,punggol-cove,2023,Total,0,280,,1
14064,punggol-green,2012,1,0,0,,
14065,punggol-green,2012,2A(1),0,0,,
14066,punggol-green,2012,2A(2),0,0,,
14067,punggol-green,2012,2B,1,105,,1
14068,punggol-green,2012,2C,37,209,,1
14069,punggol-green,2012,2C(S),10,172,,1
14070,punggol-green,2012,3,0,20,,1
14071,punggol-green,2012,Total,0,210,,1
14072,punggol-green,2013,1,0,0,,
14073,punggol-green,2013,2A(1),0,0,,
14074,punggol-green,2013,2A(2),0,0,,
14075,punggol-green,2013,2B,0,117,,1
14076,punggol-green,2013,2C,103,234,,1
14077,punggol-green,2013,2C(S),51,132,,1
14078,punggol-green,2013,3,0,37,,1
14079,punggol-green,2013,Total,0,240,,1
14080,punggol-green,2014,1,0,0,,
14081,punggol-green,2014,2A(1),0,0,,
14082,punggol-green,2014,2A(2),0,0,,
14083,punggol-green,2014,2B,1,136,,1
14084,punggol-green,2014,2C,185,271,,1
14085,punggol-green,2014,2C(S),86,86,,1
14086,punggol-green,2014,3,0,0,,
14087,punggol-green,2014,Total,0,300,,1
14088,punggol-green,2015,1,0,0,,
14089,punggol-green,2015,2A(1),0,0,,
14090,punggol-green,2015,2A(2),0,0,,
14091,punggol-green,2015,2B,0,92,,1
14092,punggol-green,2015,2C,233,183,,0.785407725321888
14093,punggol-green,2015,2C(S),0,0,,
14094,punggol-green,2015,3,0,0,,
14095,punggol-green,2015,Total,0,240,,1
14096,punggol-green,2016,1,0,0,,
14097,punggol-green,2016,2A(1),0,0,,
14098,punggol-green,2016,2A(2),0,0,,
14099,punggol-green,2016,2B,1,78,,1
14100,punggol-green,2016,2C,258,154,,0.596899224806202
14101,punggol-green,2016,2C(S),0,0,,
14102,punggol-green,2016,3,0,0,,
14103,punggol-green,2016,Total,0,240,,1
14104,punggol-green,2017,1,0,0,,
14105,punggol-green,2017,2A(1),0,0,,
14106,punggol-green,2017,2A(2),0,0,,
14107,punggol-green,2017,2B,2,84,,1
14108,punggol-green,2017,2C,263,167,,0.634980988593156
14109,punggol-green,2017,2C(S),0,0,,
14110,punggol-green,2017,3,0,0,,
14111,punggol-green,2017,Total,0,270,,1
14112,punggol-green,2018,1,0,0,,
14113,punggol-green,2018,2A(1),0,0,,
14114,punggol-green,2018,2A(2),0,0,,
14115,punggol-green,2018,2B,2,58,,1
14116,punggol-green,2018,2C,243,114,,0.469135802469136
14117,punggol-green,2018,2C(S),0,0,,
14118,punggol-green,2018,3,0,0,,
14119,punggol-green,2018,Total,0,320,,1
14120,punggol-green,2019,1,136,210,,1
14121,punggol-green,2019,2A(1),0,74,,1
14122,punggol-green,2019,2A(2),64,74,,1
14123,punggol-green,2019,2B,3,25,,1
14124,punggol-green,2019,2C,147,51,SC<1,0.346938775510204
14125,punggol-green,2019,2C(S),0,0,,
14126,punggol-green,2019,3,0,0,,
14127,punggol-green,2019,Total,0,250,,1
14128,punggol-green,2020,1,142,240,,1
14129,punggol-green,2020,2A(1),0,98,,1
14130,punggol-green,2020,2A(2),78,98,,1
14131,punggol-green,2020,2B,3,30,,1
14132,punggol-green,2020,2C,138,59,SC<1,0.427536231884058
14133,punggol-green,2020,2C(S),0,0,,
14134,punggol-green,2020,3,0,0,,
14135,punggol-green,2020,Total,0,280,,1
14136,punggol-green,2021,1,118,210,,1
14137,punggol-green,2021,2A(1),0,92,,1
14138,punggol-green,2021,2A(2),96,92,SC1-2,0.958333333333333
14139,punggol-green,2021,2B,3,20,,1
14140,punggol-green,2021,2C,97,37,SC<1,0.381443298969072
14141,punggol-green,2021,2C(S),0,0,,
14142,punggol-green,2021,3,0,0,,
14143,punggol-green,2021,Total,0,250,,1
14144,punggol-green,2022,1,122,190,,1
14145,punggol-green,2022,2A(1),99,68,SC<1,0.686868686868687
14146,punggol-green,2022,2A(2),0,0,,
14147,punggol-green,2022,2B,4,20,,1
14148,punggol-green,2022,2C,127,56,SC<1,0.440944881889764
14149,punggol-green,2022,2C(S),0,0,,
14150,punggol-green,2022,3,0,0,,
14151,punggol-green,2022,Total,0,250,,1
14152,punggol-green,2023,1,107,180,,1
14153,punggol-green,2023,2A(1),98,73,SC<1,0.744897959183674
14154,punggol-green,2023,2A(2),0,0,,
14155,punggol-green,2023,2B,4,21,,1
14156,punggol-green,2023,2C,110,58,SC<1,0.527272727272727
14157,punggol-green,2023,2C(S),0,0,,
14158,punggol-green,2023,3,0,0,,
14159,punggol-green,2023,Total,0,240,,1
14160,punggol-view,2012,1,0,0,,
14161,punggol-view,2012,2A(1),0,0,,
14162,punggol-view,2012,2A(2),0,0,,
14163,punggol-view,2012,2B,0,105,,1
14164,punggol-view,2012,2C,120,210,,1
14165,punggol-view,2012,2C(S),60,91,,1
14166,punggol-view,2012,3,0,30,,1
14167,punggol-view,2012,Total,0,210,,1
14168,punggol-view,2013,1,0,0,,
14169,punggol-view,2013,2A(1),0,0,,
14170,punggol-view,2013,2A(2),0,0,,
14171,punggol-view,2013,2B,2,100,,1
14172,punggol-view,2013,2C,198,197,,0.994949494949495
14173,punggol-view,2013,2C(S),0,0,,
14174,punggol-view,2013,3,0,0,,
14175,punggol-view,2013,Total,0,210,,1
14176,punggol-view,2014,1,0,0,,
14177,punggol-view,2014,2A(1),0,0,,
14178,punggol-view,2014,2A(2),0,0,,
14179,punggol-view,2014,2B,3,101,,1
14180,punggol-view,2014,2C,207,198,,0.956521739130435
14181,punggol-view,2014,2C(S),0,0,,
14182,punggol-view,2014,3,0,0,,
14183,punggol-view,2014,Total,0,270,,1
14184,punggol-view,2015,1,0,0,,
14185,punggol-view,2015,2A(1),0,0,,
14186,punggol-view,2015,2A(2),0,0,,
14187,punggol-view,2015,2B,6,81,,1
14188,punggol-view,2015,2C,180,155,,0.861111111111111
14189,punggol-view,2015,2C(S),0,0,,
14190,punggol-view,2015,3,0,0,,
14191,punggol-view,2015,Total,0,240,,1
14192,punggol-view,2016,1,0,0,,
14193,punggol-view,2016,2A(1),0,0,,
14194,punggol-view,2016,2A(2),0,0,,
14195,punggol-view,2016,2B,3,71,,1
14196,punggol-view,2016,2C,165,139,,0.842424242424242
14197,punggol-view,2016,2C(S),0,0,,
14198,punggol-view,2016,3,0,0,,
14199,punggol-view,2016,Total,0,240,,1
14200,punggol-view,2017,1,0,0,,
14201,punggol-view,2017,2A(1),0,0,,
14202,punggol-view,2017,2A(2),0,0,,
14203,punggol-view,2017,2B,1,74,,1
14204,punggol-view,2017,2C,154,146,,0.948051948051948
14205,punggol-view,2017,2C(S),0,0,,
14206,punggol-view,2017,3,0,0,,
14207,punggol-view,2017,Total,0,270,,1
14208,punggol-view,2018,1,0,0,,
14209,punggol-view,2018,2A(1),0,0,,
14210,punggol-view,2018,2A(2),0,0,,
14211,punggol-view,2018,2B,3,79,,1
14212,punggol-view,2018,2C,157,157,,1
14213,punggol-view,2018,2C(S),0,0,,
14214,punggol-view,2018,3,0,0,,
14215,punggol-view,2018,Total,0,320,,1
14216,punggol-view,2019,1,112,240,,1
14217,punggol-view,2019,2A(1),0,129,,1
14218,punggol-view,2019,2A(2),50,129,,1
14219,punggol-view,2019,2B,2,60,,1
14220,punggol-view,2019,2C,105,121,,1
14221,punggol-view,2019,2C(S),25,17,SC<1,0.68
14222,punggol-view,2019,3,0,0,,
14223,punggol-view,2019,Total,0,280,,1
14224,punggol-view,2020,1,124,200,,1
14225,punggol-view,2020,2A(1),0,76,,1
14226,punggol-view,2020,2A(2),73,76,,1
14227,punggol-view,2020,2B,0,22,,1
14228,punggol-view,2020,2C,58,44,SC<1,0.758620689655172
14229,punggol-view,2020,2C(S),0,0,,
14230,punggol-view,2020,3,0,0,,
14231,punggol-view,2020,Total,0,240,,1
14232,punggol-view,2021,1,112,240,,1
14233,punggol-view,2021,2A(1),1,128,,1
14234,punggol-view,2021,2A(2),91,127,,1
14235,punggol-view,2021,2B,1,39,,1
14236,punggol-view,2021,2C,66,76,,1
14237,punggol-view,2021,2C(S),27,11,SC<1,0.407407407407407
14238,punggol-view,2021,3,0,0,,
14239,punggol-view,2021,Total,0,280,,1
14240,punggol-view,2022,1,125,190,,1
14241,punggol-view,2022,2A(1),82,65,SC1-2,0.792682926829268
14242,punggol-view,2022,2A(2),0,0,,
14243,punggol-view,2022,2B,0,20,,1
14244,punggol-view,2022,2C,74,61,PR<1,0.824324324324324
14245,punggol-view,2022,2C(S),0,0,,
14246,punggol-view,2022,3,0,0,,
14247,punggol-view,2022,Total,0,250,,1
14248,punggol-view,2023,1,98,180,,1
14249,punggol-view,2023,2A(1),51,82,,1
14250,punggol-view,2023,2A(2),0,0,,
14251,punggol-view,2023,2B,1,30,,1
14252,punggol-view,2023,2C,51,92,,1
14253,punggol-view,2023,2C(S),51,41,SC1-2,0.803921568627451
14254,punggol-view,2023,3,0,0,,
14255,punggol-view,2023,Total,0,240,,1
14256,qifa,2009,1,0,0,,
14257,qifa,2009,2A(1),0,0,,
14258,qifa,2009,2A(2),0,0,,
14259,qifa,2009,2B,1,69,,1
14260,qifa,2009,2C,80,137,,1
14261,qifa,2009,2C(S),36,58,,1
14262,qifa,2009,3,0,21,,1
14263,qifa,2009,Total,0,210,,1
14264,qifa,2010,1,0,0,,
14265,qifa,2010,2A(1),0,0,,
14266,qifa,2010,2A(2),0,0,,
14267,qifa,2010,2B,2,51,,1
14268,qifa,2010,2C,119,100,,0.840336134453782
14269,qifa,2010,2C(S),0,0,,
14270,qifa,2010,3,0,0,,
14271,qifa,2010,Total,0,210,,1
14272,qifa,2011,1,0,0,,
14273,qifa,2011,2A(1),0,0,,
14274,qifa,2011,2A(2),0,0,,
14275,qifa,2011,2B,7,60,,1
14276,qifa,2011,2C,101,115,,1
14277,qifa,2011,2C(S),18,15,,0.833333333333333
14278,qifa,2011,3,0,0,,
14279,qifa,2011,Total,0,210,,1
14280,qifa,2012,1,0,0,,
14281,qifa,2012,2A(1),0,0,,
14282,qifa,2012,2A(2),0,0,,
14283,qifa,2012,2B,6,66,,1
14284,qifa,2012,2C,126,125,,0.992063492063492
14285,qifa,2012,2C(S),0,0,,
14286,qifa,2012,3,0,0,,
14287,qifa,2012,Total,0,210,,1
14288,qifa,2013,1,0,0,,
14289,qifa,2013,2A(1),0,0,,
14290,qifa,2013,2A(2),0,0,,
14291,qifa,2013,2B,1,68,,1
14292,qifa,2013,2C,131,134,,1
14293,qifa,2013,2C(S),7,4,,0.571428571428571
14294,qifa,2013,3,0,0,,
14295,qifa,2013,Total,0,240,,1
14296,qifa,2014,1,0,0,,
14297,qifa,2014,2A(1),0,0,,
14298,qifa,2014,2A(2),0,0,,
14299,qifa,2014,2B,8,62,,1
14300,qifa,2014,2C,122,117,,0.959016393442623
14301,qifa,2014,2C(S),0,0,,
14302,qifa,2014,3,0,0,,
14303,qifa,2014,Total,0,240,,1
14304,qifa,2015,1,0,0,,
14305,qifa,2015,2A(1),0,0,,
14306,qifa,2015,2A(2),0,0,,
14307,qifa,2015,2B,9,65,,1
14308,qifa,2015,2C,130,122,,0.938461538461538
14309,qifa,2015,2C(S),0,0,,
14310,qifa,2015,3,0,0,,
14311,qifa,2015,Total,0,240,,1
14312,qifa,2016,1,0,0,,
14313,qifa,2016,2A(1),0,0,,
14314,qifa,2016,2A(2),0,0,,
14315,qifa,2016,2B,9,48,,1
14316,qifa,2016,2C,112,90,,0.803571428571429
14317,qifa,2016,2C(S),0,0,,
14318,qifa,2016,3,0,0,,
14319,qifa,2016,Total,0,210,,1
14320,qifa,2017,1,0,0,,
14321,qifa,2017,2A(1),0,0,,
14322,qifa,2017,2A(2),0,0,,
14323,qifa,2017,2B,8,58,,1
14324,qifa,2017,2C,122,109,,0.89344262295082
14325,qifa,2017,2C(S),0,0,,
14326,qifa,2017,3,0,0,,
14327,qifa,2017,Total,0,240,,1
14328,qifa,2018,1,0,0,,
14329,qifa,2018,2A(1),0,0,,
14330,qifa,2018,2A(2),0,0,,
14331,qifa,2018,2B,26,54,,1
14332,qifa,2018,2C,106,84,,0.792452830188679
14333,qifa,2018,2C(S),0,0,,
14334,qifa,2018,3,0,0,,
14335,qifa,2018,Total,0,240,,1
14336,qifa,2019,1,80,200,,1
14337,qifa,2019,2A(1),0,120,,1
14338,qifa,2019,2A(2),23,120,,1
14339,qifa,2019,2B,19,69,,1
14340,qifa,2019,2C,126,120,PR<1,0.952380952380952
14341,qifa,2019,2C(S),0,0,,
14342,qifa,2019,3,0,0,,
14343,qifa,2019,Total,0,240,,1
14344,qifa,2020,1,106,200,,1
14345,qifa,2020,2A(1),0,94,,1
14346,qifa,2020,2A(2),42,94,,1
14347,qifa,2020,2B,22,46,,1
14348,qifa,2020,2C,97,70,SC1-2,0.721649484536082
14349,qifa,2020,2C(S),0,0,,
14350,qifa,2020,3,0,0,,
14351,qifa,2020,Total,0,240,,1
14352,qifa,2021,1,101,240,,1
14353,qifa,2021,2A(1),0,139,,1
14354,qifa,2021,2A(2),54,139,,1
14355,qifa,2021,2B,14,63,,1
14356,qifa,2021,2C,141,112,SC>2,0.794326241134752
14357,qifa,2021,2C(S),0,0,,
14358,qifa,2021,3,0,0,,
14359,qifa,2021,Total,0,280,,1
14360,qifa,2022,1,104,220,,1
14361,qifa,2022,2A(1),43,116,,1
14362,qifa,2022,2A(2),0,0,,
14363,qifa,2022,2B,22,44,,1
14364,qifa,2022,2C,131,111,SC1-2,0.847328244274809
14365,qifa,2022,2C(S),0,0,,
14366,qifa,2022,3,0,0,,
14367,qifa,2022,Total,0,280,,1
14368,qifa,2023,1,95,220,,1
14369,qifa,2023,2A(1),48,125,,1
14370,qifa,2023,2A(2),0,0,,
14371,qifa,2023,2B,17,46,,1
14372,qifa,2023,2C,130,124,PR1-2,0.953846153846154
14373,qifa,2023,2C(S),0,0,,
14374,qifa,2023,3,0,0,,
14375,qifa,2023,Total,0,280,,1
14376,qihua,2009,1,0,0,,
14377,qihua,2009,2A(1),0,0,,
14378,qihua,2009,2A(2),0,0,,
14379,qihua,2009,2B,0,90,,1
14380,qihua,2009,2C,82,181,,1
14381,qihua,2009,2C(S),86,99,,1
14382,qihua,2009,3,0,0,,
14383,qihua,2009,Total,0,300,,1
14384,qihua,2010,1,0,0,,
14385,qihua,2010,2A(1),0,0,,
14386,qihua,2010,2A(2),0,0,,
14387,qihua,2010,2B,0,78,,1
14388,qihua,2010,2C,90,155,,1
14389,qihua,2010,2C(S),68,68,,1
14390,qihua,2010,3,0,0,,
14391,qihua,2010,Total,0,270,,1
14392,qihua,2011,1,0,0,,
14393,qihua,2011,2A(1),0,0,,
14394,qihua,2011,2A(2),0,0,,
14395,qihua,2011,2B,0,83,,1
14396,qihua,2011,2C,103,167,,1
14397,qihua,2011,2C(S),87,65,,0.747126436781609
14398,qihua,2011,3,0,0,,
14399,qihua,2011,Total,0,270,,1
14400,qihua,2012,1,0,0,,
14401,qihua,2012,2A(1),0,0,,
14402,qihua,2012,2A(2),0,0,,
14403,qihua,2012,2B,0,68,,1
14404,qihua,2012,2C,102,135,,1
14405,qihua,2012,2C(S),18,34,,1
14406,qihua,2012,3,0,0,,
14407,qihua,2012,Total,0,240,,1
14408,qihua,2013,1,0,0,,
14409,qihua,2013,2A(1),0,0,,
14410,qihua,2013,2A(2),0,0,,
14411,qihua,2013,2B,1,65,,1
14412,qihua,2013,2C,80,129,,1
14413,qihua,2013,2C(S),29,51,,1
14414,qihua,2013,3,0,11,,1
14415,qihua,2013,Total,0,240,,1
14416,qihua,2014,1,0,0,,
14417,qihua,2014,2A(1),0,0,,
14418,qihua,2014,2A(2),0,0,,
14419,qihua,2014,2B,0,69,,1
14420,qihua,2014,2C,79,139,,1
14421,qihua,2014,2C(S),25,61,,1
14422,qihua,2014,3,0,36,,1
14423,qihua,2014,Total,0,240,,1
14424,qihua,2015,1,0,0,,
14425,qihua,2015,2A(1),0,0,,
14426,qihua,2015,2A(2),0,0,,
14427,qihua,2015,2B,2,65,,1
14428,qihua,2015,2C,64,127,,1
14429,qihua,2015,2C(S),10,63,,1
14430,qihua,2015,3,0,53,,1
14431,qihua,2015,Total,0,240,,1
14432,qihua,2016,1,0,0,,
14433,qihua,2016,2A(1),0,0,,
14434,qihua,2016,2A(2),0,0,,
14435,qihua,2016,2B,0,65,,1
14436,qihua,2016,2C,47,130,,1
14437,qihua,2016,2C(S),7,83,,1
14438,qihua,2016,3,0,76,,1
14439,qihua,2016,Total,0,210,,1
14440,qihua,2017,1,0,0,,
14441,qihua,2017,2A(1),0,0,,
14442,qihua,2017,2A(2),0,0,,
14443,qihua,2017,2B,0,64,,1
14444,qihua,2017,2C,57,128,,1
14445,qihua,2017,2C(S),15,73,,1
14446,qihua,2017,3,0,58,,1
14447,qihua,2017,Total,0,210,,1
14448,qihua,2018,1,0,0,,
14449,qihua,2018,2A(1),0,0,,
14450,qihua,2018,2A(2),0,0,,
14451,qihua,2018,2B,0,83,,1
14452,qihua,2018,2C,67,167,,1
14453,qihua,2018,2C(S),29,100,,1
14454,qihua,2018,3,0,71,,1
14455,qihua,2018,Total,0,240,,1
14456,qihua,2019,1,68,140,,1
14457,qihua,2019,2A(1),1,72,,1
14458,qihua,2019,2A(2),17,72,,1
14459,qihua,2019,2B,0,48,,1
14460,qihua,2019,2C,67,95,,1
14461,qihua,2019,2C(S),30,28,SC#,0.933333333333333
14462,qihua,2019,3,0,0,,
14463,qihua,2019,Total,0,180,,1
14464,qihua,2020,1,57,170,,1
14465,qihua,2020,2A(1),1,113,,1
14466,qihua,2020,2A(2),15,112,,1
14467,qihua,2020,2B,4,69,,1
14468,qihua,2020,2C,69,133,,1
14469,qihua,2020,2C(S),25,65,,1
14470,qihua,2020,3,0,40,,1
14471,qihua,2020,Total,0,210,,1
14472,qihua,2021,1,79,200,,1
14473,qihua,2021,2A(1),1,121,,1
14474,qihua,2021,2A(2),23,120,,1
14475,qihua,2021,2B,0,69,,1
14476,qihua,2021,2C,52,137,,1
14477,qihua,2021,2C(S),12,85,,1
14478,qihua,2021,3,0,73,,1
14479,qihua,2021,Total,0,240,,1
14480,qihua,2022,1,59,180,,1
14481,qihua,2022,2A(1),19,121,,1
14482,qihua,2022,2A(2),0,0,,
14483,qihua,2022,2B,5,54,,1
14484,qihua,2022,2C,56,158,,1
14485,qihua,2022,2C(S),14,102,,1
14486,qihua,2022,3,0,88,,1
14487,qihua,2022,Total,0,240,,1
14488,qihua,2023,1,60,120,,1
14489,qihua,2023,2A(1),25,60,,1
14490,qihua,2023,2A(2),0,0,,
14491,qihua,2023,2B,0,32,,1
14492,qihua,2023,2C,42,95,,1
14493,qihua,2023,2C(S),6,53,,1
14494,qihua,2023,3,0,47,,1
14495,qihua,2023,Total,0,180,,1
14496,queenstown,2009,1,0,0,,
14497,queenstown,2009,2A(1),0,0,,
14498,queenstown,2009,2A(2),0,0,,
14499,queenstown,2009,2B,4,62,,1
14500,queenstown,2009,2C,61,122,,1
14501,queenstown,2009,2C(S),37,62,,1
14502,queenstown,2009,3,0,15,,1
14503,queenstown,2009,Total,0,210,,1
14504,queenstown,2010,1,0,0,,
14505,queenstown,2010,2A(1),0,0,,
14506,queenstown,2010,2A(2),0,0,,
14507,queenstown,2010,2B,1,61,,1
14508,queenstown,2010,2C,69,121,,1
14509,queenstown,2010,2C(S),27,54,,1
14510,queenstown,2010,3,0,24,,1
14511,queenstown,2010,Total,0,210,,1
14512,queenstown,2011,1,0,0,,
14513,queenstown,2011,2A(1),0,0,,
14514,queenstown,2011,2A(2),0,0,,
14515,queenstown,2011,2B,0,71,,1
14516,queenstown,2011,2C,77,142,,1
14517,queenstown,2011,2C(S),13,65,,1
14518,queenstown,2011,3,0,49,,1
14519,queenstown,2011,Total,0,210,,1
14520,queenstown,2012,1,0,0,,
14521,queenstown,2012,2A(1),0,0,,
14522,queenstown,2012,2A(2),0,0,,
14523,queenstown,2012,2B,0,80,,1
14524,queenstown,2012,2C,88,159,,1
14525,queenstown,2012,2C(S),41,74,,1
14526,queenstown,2012,3,0,11,,1
14527,queenstown,2012,Total,0,240,,1
14528,queenstown,2013,1,0,0,,
14529,queenstown,2013,2A(1),0,0,,
14530,queenstown,2013,2A(2),0,0,,
14531,queenstown,2013,2B,0,78,,1
14532,queenstown,2013,2C,84,156,,1
14533,queenstown,2013,2C(S),16,75,,1
14534,queenstown,2013,3,0,39,,1
14535,queenstown,2013,Total,0,240,,1
14536,queenstown,2014,1,0,0,,
14537,queenstown,2014,2A(1),0,0,,
14538,queenstown,2014,2A(2),0,0,,
14539,queenstown,2014,2B,0,79,,1
14540,queenstown,2014,2C,84,158,,1
14541,queenstown,2014,2C(S),39,74,,1
14542,queenstown,2014,3,0,35,,1
14543,queenstown,2014,Total,0,240,,1
14544,queenstown,2015,1,0,0,,
14545,queenstown,2015,2A(1),0,0,,
14546,queenstown,2015,2A(2),0,0,,
14547,queenstown,2015,2B,1,87,,1
14548,queenstown,2015,2C,94,173,,1
14549,queenstown,2015,2C(S),33,79,,1
14550,queenstown,2015,3,0,46,,1
14551,queenstown,2015,Total,0,240,,1
14552,queenstown,2016,1,0,0,,
14553,queenstown,2016,2A(1),0,0,,
14554,queenstown,2016,2A(2),0,0,,
14555,queenstown,2016,2B,0,77,,1
14556,queenstown,2016,2C,120,155,,1
14557,queenstown,2016,2C(S),30,35,,1
14558,queenstown,2016,3,0,5,,1
14559,queenstown,2016,Total,0,240,,1
14560,queenstown,2017,1,0,0,,
14561,queenstown,2017,2A(1),0,0,,
14562,queenstown,2017,2A(2),0,0,,
14563,queenstown,2017,2B,0,82,,1
14564,queenstown,2017,2C,100,167,,1
14565,queenstown,2017,2C(S),50,67,,1
14566,queenstown,2017,3,0,17,,1
14567,queenstown,2017,Total,0,240,,1
14568,queenstown,2018,1,0,0,,
14569,queenstown,2018,2A(1),0,0,,
14570,queenstown,2018,2A(2),0,0,,
14571,queenstown,2018,2B,0,72,,1
14572,queenstown,2018,2C,172,143,,0.831395348837209
14573,queenstown,2018,2C(S),0,0,,
14574,queenstown,2018,3,0,0,,
14575,queenstown,2018,Total,0,240,,1
14576,queenstown,2019,1,99,200,,1
14577,queenstown,2019,2A(1),0,101,,1
14578,queenstown,2019,2A(2),21,101,,1
14579,queenstown,2019,2B,0,60,,1
14580,queenstown,2019,2C,132,121,SC>2,0.916666666666667
14581,queenstown,2019,2C(S),0,0,,
14582,queenstown,2019,3,0,0,,
14583,queenstown,2019,Total,0,240,,1
14584,queenstown,2020,1,77,200,,1
14585,queenstown,2020,2A(1),0,123,,1
14586,queenstown,2020,2A(2),14,123,,1
14587,queenstown,2020,2B,2,75,,1
14588,queenstown,2020,2C,154,148,PR1-2,0.961038961038961
14589,queenstown,2020,2C(S),0,0,,
14590,queenstown,2020,3,0,0,,
14591,queenstown,2020,Total,0,240,,1
14592,queenstown,2021,1,93,200,,1
14593,queenstown,2021,2A(1),0,107,,1
14594,queenstown,2021,2A(2),27,107,,1
14595,queenstown,2021,2B,1,60,,1
14596,queenstown,2021,2C,112,119,,1
14597,queenstown,2021,2C(S),13,7,SC1-2,0.538461538461538
14598,queenstown,2021,3,0,0,,
14599,queenstown,2021,Total,0,240,,1
14600,queenstown,2022,1,76,150,,1
14601,queenstown,2022,2A(1),16,74,,1
14602,queenstown,2022,2A(2),0,0,,
14603,queenstown,2022,2B,0,40,,1
14604,queenstown,2022,2C,115,121,,1
14605,queenstown,2022,2C(S),24,6,SC<1,0.25
14606,queenstown,2022,3,0,0,,
14607,queenstown,2022,Total,0,210,,1
14608,queenstown,2023,1,76,150,,1
14609,queenstown,2023,2A(1),28,75,,1
14610,queenstown,2023,2A(2),0,0,,
14611,queenstown,2023,2B,1,36,,1
14612,queenstown,2023,2C,123,106,PR<1,0.861788617886179
14613,queenstown,2023,2C(S),0,0,,
14614,queenstown,2023,3,0,0,,
14615,queenstown,2023,Total,0,210,,1
14616,radin-mas,2009,1,0,0,,
14617,radin-mas,2009,2A(1),0,0,,
14618,radin-mas,2009,2A(2),0,0,,
14619,radin-mas,2009,2B,23,43,,1
14620,radin-mas,2009,2C,128,65,,0.5078125
14621,radin-mas,2009,2C(S),0,0,,
14622,radin-mas,2009,3,0,0,,
14623,radin-mas,2009,Total,0,240,,1
14624,radin-mas,2010,1,0,0,,
14625,radin-mas,2010,2A(1),0,0,,
14626,radin-mas,2010,2A(2),0,0,,
14627,radin-mas,2010,2B,30,59,,1
14628,radin-mas,2010,2C,126,88,,0.698412698412698
14629,radin-mas,2010,2C(S),0,0,,
14630,radin-mas,2010,3,0,0,,
14631,radin-mas,2010,Total,0,240,,1
14632,radin-mas,2011,1,0,0,,
14633,radin-mas,2011,2A(1),0,0,,
14634,radin-mas,2011,2A(2),0,0,,
14635,radin-mas,2011,2B,40,60,,1
14636,radin-mas,2011,2C,118,81,,0.686440677966102
14637,radin-mas,2011,2C(S),0,0,,
14638,radin-mas,2011,3,0,0,,
14639,radin-mas,2011,Total,0,240,,1
14640,radin-mas,2012,1,0,0,,
14641,radin-mas,2012,2A(1),0,0,,
14642,radin-mas,2012,2A(2),0,0,,
14643,radin-mas,2012,2B,63,51,,0.80952380952381
14644,radin-mas,2012,2C,84,50,,0.595238095238095
14645,radin-mas,2012,2C(S),0,0,,
14646,radin-mas,2012,3,0,0,,
14647,radin-mas,2012,Total,0,240,,1
14648,radin-mas,2013,1,0,0,,
14649,radin-mas,2013,2A(1),0,0,,
14650,radin-mas,2013,2A(2),0,0,,
14651,radin-mas,2013,2B,32,41,,1
14652,radin-mas,2013,2C,74,50,,0.675675675675676
14653,radin-mas,2013,2C(S),0,0,,
14654,radin-mas,2013,3,0,0,,
14655,radin-mas,2013,Total,0,240,,1
14656,radin-mas,2014,1,0,0,,
14657,radin-mas,2014,2A(1),0,0,,
14658,radin-mas,2014,2A(2),0,0,,
14659,radin-mas,2014,2B,22,20,,0.909090909090909
14660,radin-mas,2014,2C,53,20,,0.377358490566038
14661,radin-mas,2014,2C(S),0,0,,
14662,radin-mas,2014,3,0,0,,
14663,radin-mas,2014,Total,0,240,,1
14664,radin-mas,2015,1,0,0,,
14665,radin-mas,2015,2A(1),0,0,,
14666,radin-mas,2015,2A(2),0,0,,
14667,radin-mas,2015,2B,20,45,,1
14668,radin-mas,2015,2C,94,72,,0.765957446808511
14669,radin-mas,2015,2C(S),0,0,,
14670,radin-mas,2015,3,0,0,,
14671,radin-mas,2015,Total,0,240,,1
14672,radin-mas,2016,1,0,0,,
14673,radin-mas,2016,2A(1),0,0,,
14674,radin-mas,2016,2A(2),0,0,,
14675,radin-mas,2016,2B,16,48,,1
14676,radin-mas,2016,2C,100,86,,0.86
14677,radin-mas,2016,2C(S),0,0,,
14678,radin-mas,2016,3,0,0,,
14679,radin-mas,2016,Total,0,240,,1
14680,radin-mas,2017,1,0,0,,
14681,radin-mas,2017,2A(1),0,0,,
14682,radin-mas,2017,2A(2),0,0,,
14683,radin-mas,2017,2B,17,31,,1
14684,radin-mas,2017,2C,57,48,,0.842105263157895
14685,radin-mas,2017,2C(S),0,0,,
14686,radin-mas,2017,3,0,0,,
14687,radin-mas,2017,Total,0,240,,1
14688,radin-mas,2018,1,0,0,,
14689,radin-mas,2018,2A(1),0,0,,
14690,radin-mas,2018,2A(2),0,0,,
14691,radin-mas,2018,2B,18,21,,1
14692,radin-mas,2018,2C,63,26,,0.412698412698413
14693,radin-mas,2018,2C(S),0,0,,
14694,radin-mas,2018,3,0,0,,
14695,radin-mas,2018,Total,0,210,,1
14696,radin-mas,2019,1,83,160,,1
14697,radin-mas,2019,2A(1),26,77,,1
14698,radin-mas,2019,2A(2),25,51,,1
14699,radin-mas,2019,2B,16,33,,1
14700,radin-mas,2019,2C,86,52,SC<1,0.604651162790698
14701,radin-mas,2019,2C(S),0,0,,
14702,radin-mas,2019,3,0,0,,
14703,radin-mas,2019,Total,0,200,,1
14704,radin-mas,2020,1,115,160,,1
14705,radin-mas,2020,2A(1),28,45,,1
14706,radin-mas,2020,2A(2),31,18,SC1-2,0.580645161290323
14707,radin-mas,2020,2B,21,21,,1
14708,radin-mas,2020,2C,75,23,SC<1,0.306666666666667
14709,radin-mas,2020,2C(S),0,0,,
14710,radin-mas,2020,3,0,0,,
14711,radin-mas,2020,Total,0,200,,1
14712,radin-mas,2021,1,82,160,,1
14713,radin-mas,2021,2A(1),30,78,,1
14714,radin-mas,2021,2A(2),39,48,,1
14715,radin-mas,2021,2B,12,25,,1
14716,radin-mas,2021,2C,76,39,SC<1,0.513157894736842
14717,radin-mas,2021,2C(S),0,0,,
14718,radin-mas,2021,3,0,0,,
14719,radin-mas,2021,Total,0,200,,1
14720,radin-mas,2022,1,85,140,,1
14721,radin-mas,2022,2A(1),62,55,SC>2,0.887096774193548
14722,radin-mas,2022,2A(2),0,0,,
14723,radin-mas,2022,2B,20,20,,1
14724,radin-mas,2022,2C,82,40,SC<1,0.48780487804878
14725,radin-mas,2022,2C(S),0,0,,
14726,radin-mas,2022,3,0,0,,
14727,radin-mas,2022,Total,0,200,,1
14728,radin-mas,2023,1,70,140,,1
14729,radin-mas,2023,2A(1),56,71,,1
14730,radin-mas,2023,2A(2),0,0,,
14731,radin-mas,2023,2B,22,25,,1
14732,radin-mas,2023,2C,81,54,SC<1,0.666666666666667
14733,radin-mas,2023,2C(S),0,0,,
14734,radin-mas,2023,3,0,0,,
14735,radin-mas,2023,Total,0,200,,1
14736,raffles-girls,2009,1,0,0,,
14737,raffles-girls,2009,2A(1),0,0,,
14738,raffles-girls,2009,2A(2),0,0,,
14739,raffles-girls,2009,2B,47,67,,1
14740,raffles-girls,2009,2C,140,86,,0.614285714285714
14741,raffles-girls,2009,2C(S),0,0,,
14742,raffles-girls,2009,3,0,0,,
14743,raffles-girls,2009,Total,0,300,,1
14744,raffles-girls,2010,1,0,0,,
14745,raffles-girls,2010,2A(1),0,0,,
14746,raffles-girls,2010,2A(2),0,0,,
14747,raffles-girls,2010,2B,62,60,,0.967741935483871
14748,raffles-girls,2010,2C,76,61,,0.802631578947368
14749,raffles-girls,2010,2C(S),0,0,,
14750,raffles-girls,2010,3,0,0,,
14751,raffles-girls,2010,Total,0,300,,1
14752,raffles-girls,2011,1,0,0,,
14753,raffles-girls,2011,2A(1),0,0,,
14754,raffles-girls,2011,2A(2),0,0,,
14755,raffles-girls,2011,2B,49,42,,0.857142857142857
14756,raffles-girls,2011,2C,46,42,,0.91304347826087
14757,raffles-girls,2011,2C(S),0,0,,
14758,raffles-girls,2011,3,0,0,,
14759,raffles-girls,2011,Total,0,270,,1
14760,raffles-girls,2012,1,0,0,,
14761,raffles-girls,2012,2A(1),0,0,,
14762,raffles-girls,2012,2A(2),0,0,,
14763,raffles-girls,2012,2B,42,42,,1
14764,raffles-girls,2012,2C,46,42,,0.91304347826087
14765,raffles-girls,2012,2C(S),0,0,,
14766,raffles-girls,2012,3,0,0,,
14767,raffles-girls,2012,Total,0,270,,1
14768,raffles-girls,2013,1,0,0,,
14769,raffles-girls,2013,2A(1),0,0,,
14770,raffles-girls,2013,2A(2),0,0,,
14771,raffles-girls,2013,2B,26,42,,1
14772,raffles-girls,2013,2C,69,58,,0.840579710144927
14773,raffles-girls,2013,2C(S),0,0,,
14774,raffles-girls,2013,3,0,0,,
14775,raffles-girls,2013,Total,0,270,,1
14776,raffles-girls,2014,1,0,0,,
14777,raffles-girls,2014,2A(1),0,0,,
14778,raffles-girls,2014,2A(2),0,0,,
14779,raffles-girls,2014,2B,21,62,,1
14780,raffles-girls,2014,2C,143,102,,0.713286713286713
14781,raffles-girls,2014,2C(S),0,0,,
14782,raffles-girls,2014,3,0,0,,
14783,raffles-girls,2014,Total,0,270,,1
14784,raffles-girls,2015,1,0,0,,
14785,raffles-girls,2015,2A(1),0,0,,
14786,raffles-girls,2015,2A(2),0,0,,
14787,raffles-girls,2015,2B,20,52,,1
14788,raffles-girls,2015,2C,114,90,,0.789473684210526
14789,raffles-girls,2015,2C(S),0,0,,
14790,raffles-girls,2015,3,0,0,,
14791,raffles-girls,2015,Total,0,270,,1
14792,raffles-girls,2016,1,0,0,,
14793,raffles-girls,2016,2A(1),0,0,,
14794,raffles-girls,2016,2A(2),0,0,,
14795,raffles-girls,2016,2B,22,62,,1
14796,raffles-girls,2016,2C,135,107,,0.792592592592593
14797,raffles-girls,2016,2C(S),0,0,,
14798,raffles-girls,2016,3,0,0,,
14799,raffles-girls,2016,Total,0,270,,1
14800,raffles-girls,2017,1,0,0,,
14801,raffles-girls,2017,2A(1),0,0,,
14802,raffles-girls,2017,2A(2),0,0,,
14803,raffles-girls,2017,2B,25,67,,1
14804,raffles-girls,2017,2C,142,111,,0.78169014084507
14805,raffles-girls,2017,2C(S),0,0,,
14806,raffles-girls,2017,3,0,0,,
14807,raffles-girls,2017,Total,0,270,,1
14808,raffles-girls,2018,1,0,0,,
14809,raffles-girls,2018,2A(1),0,0,,
14810,raffles-girls,2018,2A(2),0,0,,
14811,raffles-girls,2018,2B,26,70,,1
14812,raffles-girls,2018,2C,164,114,,0.695121951219512
14813,raffles-girls,2018,2C(S),0,0,,
14814,raffles-girls,2018,3,0,0,,
14815,raffles-girls,2018,Total,0,270,,1
14816,raffles-girls,2019,1,63,230,,1
14817,raffles-girls,2019,2A(1),39,167,,1
14818,raffles-girls,2019,2A(2),23,130,,1
14819,raffles-girls,2019,2B,24,74,,1
14820,raffles-girls,2019,2C,172,123,SC>2,0.715116279069767
14821,raffles-girls,2019,2C(S),0,0,,
14822,raffles-girls,2019,3,0,0,,
14823,raffles-girls,2019,Total,0,270,,1
14824,raffles-girls,2020,1,89,230,,1
14825,raffles-girls,2020,2A(1),48,141,,1
14826,raffles-girls,2020,2A(2),29,93,,1
14827,raffles-girls,2020,2B,28,52,,1
14828,raffles-girls,2020,2C,176,77,SC<1,0.4375
14829,raffles-girls,2020,2C(S),0,0,,
14830,raffles-girls,2020,3,0,0,,
14831,raffles-girls,2020,Total,0,270,,1
14832,raffles-girls,2021,1,64,230,,1
14833,raffles-girls,2021,2A(1),45,166,,1
14834,raffles-girls,2021,2A(2),26,121,,1
14835,raffles-girls,2021,2B,39,68,,1
14836,raffles-girls,2021,2C,116,97,SC>2,0.836206896551724
14837,raffles-girls,2021,2C(S),0,0,,
14838,raffles-girls,2021,3,0,0,,
14839,raffles-girls,2021,Total,0,270,,1
14840,raffles-girls,2022,1,89,210,,1
14841,raffles-girls,2022,2A(1),52,121,,1
14842,raffles-girls,2022,2A(2),0,0,,
14843,raffles-girls,2022,2B,39,43,,1
14844,raffles-girls,2022,2C,125,90,SC<1,0.72
14845,raffles-girls,2022,2C(S),0,0,,
14846,raffles-girls,2022,3,0,0,,
14847,raffles-girls,2022,Total,0,270,,1
14848,raffles-girls,2023,1,61,210,,1
14849,raffles-girls,2023,2A(1),66,151,,1
14850,raffles-girls,2023,2A(2),0,0,,
14851,raffles-girls,2023,2B,33,48,,1
14852,raffles-girls,2023,2C,130,113,SC>2,0.869230769230769
14853,raffles-girls,2023,2C(S),0,0,,
14854,raffles-girls,2023,3,0,0,,
14855,raffles-girls,2023,Total,0,270,,1
14856,red-swastika,2009,1,0,0,,
14857,red-swastika,2009,2A(1),0,0,,
14858,red-swastika,2009,2A(2),0,0,,
14859,red-swastika,2009,2B,32,35,,1
14860,red-swastika,2009,2C,86,41,,0.476744186046512
14861,red-swastika,2009,2C(S),0,0,,
14862,red-swastika,2009,3,0,0,,
14863,red-swastika,2009,Total,0,270,,1
14864,red-swastika,2010,1,0,0,,
14865,red-swastika,2010,2A(1),0,0,,
14866,red-swastika,2010,2A(2),0,0,,
14867,red-swastika,2010,2B,28,34,,1
14868,red-swastika,2010,2C,99,41,,0.414141414141414
14869,red-swastika,2010,2C(S),0,0,,
14870,red-swastika,2010,3,0,0,,
14871,red-swastika,2010,Total,0,270,,1
14872,red-swastika,2011,1,0,0,,
14873,red-swastika,2011,2A(1),0,0,,
14874,red-swastika,2011,2A(2),0,0,,
14875,red-swastika,2011,2B,29,22,,0.758620689655172
14876,red-swastika,2011,2C,75,22,,0.293333333333333
14877,red-swastika,2011,2C(S),0,0,,
14878,red-swastika,2011,3,0,0,,
14879,red-swastika,2011,Total,0,240,,1
14880,red-swastika,2012,1,0,0,,
14881,red-swastika,2012,2A(1),0,0,,
14882,red-swastika,2012,2A(2),0,0,,
14883,red-swastika,2012,2B,18,14,,0.777777777777778
14884,red-swastika,2012,2C,40,14,,0.35
14885,red-swastika,2012,2C(S),0,0,,
14886,red-swastika,2012,3,0,0,,
14887,red-swastika,2012,Total,0,240,,1
14888,red-swastika,2013,1,0,0,,
14889,red-swastika,2013,2A(1),0,0,,
14890,red-swastika,2013,2A(2),0,0,,
14891,red-swastika,2013,2B,16,12,,0.75
14892,red-swastika,2013,2C,46,11,,0.239130434782609
14893,red-swastika,2013,2C(S),0,0,,
14894,red-swastika,2013,3,0,0,,
14895,red-swastika,2013,Total,0,240,,1
14896,red-swastika,2014,1,0,0,,
14897,red-swastika,2014,2A(1),0,0,,
14898,red-swastika,2014,2A(2),0,0,,
14899,red-swastika,2014,2B,16,26,,1
14900,red-swastika,2014,2C,79,36,,0.455696202531646
14901,red-swastika,2014,2C(S),0,0,,
14902,red-swastika,2014,3,0,0,,
14903,red-swastika,2014,Total,0,240,,1
14904,red-swastika,2015,1,0,0,,
14905,red-swastika,2015,2A(1),0,0,,
14906,red-swastika,2015,2A(2),0,0,,
14907,red-swastika,2015,2B,14,21,,1
14908,red-swastika,2015,2C,51,29,,0.568627450980392
14909,red-swastika,2015,2C(S),0,0,,
14910,red-swastika,2015,3,0,0,,
14911,red-swastika,2015,Total,0,240,,1
14912,red-swastika,2016,1,0,0,,
14913,red-swastika,2016,2A(1),0,0,,
14914,red-swastika,2016,2A(2),0,0,,
14915,red-swastika,2016,2B,13,43,,1
14916,red-swastika,2016,2C,83,76,,0.91566265060241
14917,red-swastika,2016,2C(S),0,0,,
14918,red-swastika,2016,3,0,0,,
14919,red-swastika,2016,Total,0,240,,1
14920,red-swastika,2017,1,0,0,,
14921,red-swastika,2017,2A(1),0,0,,
14922,red-swastika,2017,2A(2),0,0,,
14923,red-swastika,2017,2B,11,21,,1
14924,red-swastika,2017,2C,58,33,,0.568965517241379
14925,red-swastika,2017,2C(S),0,0,,
14926,red-swastika,2017,3,0,0,,
14927,red-swastika,2017,Total,0,240,,1
14928,red-swastika,2018,1,0,0,,
14929,red-swastika,2018,2A(1),0,0,,
14930,red-swastika,2018,2A(2),0,0,,
14931,red-swastika,2018,2B,15,21,,1
14932,red-swastika,2018,2C,74,29,,0.391891891891892
14933,red-swastika,2018,2C(S),0,0,,
14934,red-swastika,2018,3,0,0,,
14935,red-swastika,2018,Total,0,240,,1
14936,red-swastika,2019,1,92,200,,1
14937,red-swastika,2019,2A(1),79,108,,1
14938,red-swastika,2019,2A(2),32,29,,0.90625
14939,red-swastika,2019,2B,10,21,,1
14940,red-swastika,2019,2C,59,33,SC<1,0.559322033898305
14941,red-swastika,2019,2C(S),0,0,,
14942,red-swastika,2019,3,0,0,,
14943,red-swastika,2019,Total,0,240,,1
14944,red-swastika,2020,1,108,200,,1
14945,red-swastika,2020,2A(1),73,92,,1
14946,red-swastika,2020,2A(2),25,19,SC>2,0.76
14947,red-swastika,2020,2B,11,21,,1
14948,red-swastika,2020,2C,65,30,SC<1,0.461538461538462
14949,red-swastika,2020,2C(S),0,0,,
14950,red-swastika,2020,3,0,0,,
14951,red-swastika,2020,Total,0,240,,1
14952,red-swastika,2021,1,94,200,,1
14953,red-swastika,2021,2A(1),87,106,,1
14954,red-swastika,2021,2A(2),15,19,,1
14955,red-swastika,2021,2B,19,22,,1
14956,red-swastika,2021,2C,77,25,SC<1,0.324675324675325
14957,red-swastika,2021,2C(S),0,0,,
14958,red-swastika,2021,3,0,0,,
14959,red-swastika,2021,Total,0,240,,1
14960,red-swastika,2022,1,116,180,,1
14961,red-swastika,2022,2A(1),94,64,SC>2,0.680851063829787
14962,red-swastika,2022,2A(2),0,0,,
14963,red-swastika,2022,2B,26,20,SC<1,0.769230769230769
14964,red-swastika,2022,2C,81,42,SC<1,0.518518518518518
14965,red-swastika,2022,2C(S),0,0,,
14966,red-swastika,2022,3,0,0,,
14967,red-swastika,2022,Total,0,240,,1
14968,red-swastika,2023,1,94,180,,1
14969,red-swastika,2023,2A(1),112,86,SC>2,0.767857142857143
14970,red-swastika,2023,2A(2),0,0,,
14971,red-swastika,2023,2B,22,20,PR<1,0.909090909090909
14972,red-swastika,2023,2C,89,42,SC<1,0.47191011235955
14973,red-swastika,2023,2C(S),0,0,,
14974,red-swastika,2023,3,0,0,,
14975,red-swastika,2023,Total,0,240,,1
14976,river-valley,2009,1,0,0,,
14977,river-valley,2009,2A(1),0,0,,
14978,river-valley,2009,2A(2),0,0,,
14979,river-valley,2009,2B,32,60,,1
14980,river-valley,2009,2C,102,92,,0.901960784313726
14981,river-valley,2009,2C(S),0,0,,
14982,river-valley,2009,3,0,0,,
14983,river-valley,2009,Total,0,240,,1
14984,river-valley,2010,1,0,0,,
14985,river-valley,2010,2A(1),0,0,,
14986,river-valley,2010,2A(2),0,0,,
14987,river-valley,2010,2B,39,41,,1
14988,river-valley,2010,2C,51,42,,0.823529411764706
14989,river-valley,2010,2C(S),0,0,,
14990,river-valley,2010,3,0,0,,
14991,river-valley,2010,Total,0,240,,1
14992,river-valley,2011,1,0,0,,
14993,river-valley,2011,2A(1),0,0,,
14994,river-valley,2011,2A(2),0,0,,
14995,river-valley,2011,2B,42,54,,1
14996,river-valley,2011,2C,78,69,,0.884615384615385
14997,river-valley,2011,2C(S),0,0,,
14998,river-valley,2011,3,0,0,,
14999,river-valley,2011,Total,0,240,,1
15000,river-valley,2012,1,0,0,,
15001,river-valley,2012,2A(1),0,0,,
15002,river-valley,2012,2A(2),0,0,,
15003,river-valley,2012,2B,55,47,,0.854545454545454
15004,river-valley,2012,2C,54,46,,0.851851851851852
15005,river-valley,2012,2C(S),0,0,,
15006,river-valley,2012,3,0,0,,
15007,river-valley,2012,Total,0,240,,1
15008,river-valley,2013,1,0,0,,
15009,river-valley,2013,2A(1),0,0,,
15010,river-valley,2013,2A(2),0,0,,
15011,river-valley,2013,2B,42,42,,1
15012,river-valley,2013,2C,53,42,,0.792452830188679
15013,river-valley,2013,2C(S),0,0,,
15014,river-valley,2013,3,0,0,,
15015,river-valley,2013,Total,0,240,,1
15016,river-valley,2014,1,0,0,,
15017,river-valley,2014,2A(1),0,0,,
15018,river-valley,2014,2A(2),0,0,,
15019,river-valley,2014,2B,22,43,,1
15020,river-valley,2014,2C,78,64,,0.82051282051282
15021,river-valley,2014,2C(S),0,0,,
15022,river-valley,2014,3,0,0,,
15023,river-valley,2014,Total,0,240,,1
15024,river-valley,2015,1,0,0,,
15025,river-valley,2015,2A(1),0,0,,
15026,river-valley,2015,2A(2),0,0,,
15027,river-valley,2015,2B,21,40,,1
15028,river-valley,2015,2C,77,66,,0.857142857142857
15029,river-valley,2015,2C(S),0,0,,
15030,river-valley,2015,3,0,0,,
15031,river-valley,2015,Total,0,240,,1
15032,river-valley,2016,1,0,0,,
15033,river-valley,2016,2A(1),0,0,,
15034,river-valley,2016,2A(2),0,0,,
15035,river-valley,2016,2B,22,54,,1
15036,river-valley,2016,2C,120,92,,0.766666666666667
15037,river-valley,2016,2C(S),0,0,,
15038,river-valley,2016,3,0,0,,
15039,river-valley,2016,Total,0,240,,1
15040,river-valley,2017,1,0,0,,
15041,river-valley,2017,2A(1),0,0,,
15042,river-valley,2017,2A(2),0,0,,
15043,river-valley,2017,2B,16,54,,1
15044,river-valley,2017,2C,117,98,,0.837606837606838
15045,river-valley,2017,2C(S),0,0,,
15046,river-valley,2017,3,0,0,,
15047,river-valley,2017,Total,0,240,,1
15048,river-valley,2018,1,0,0,,
15049,river-valley,2018,2A(1),0,0,,
15050,river-valley,2018,2A(2),0,0,,
15051,river-valley,2018,2B,20,42,,1
15052,river-valley,2018,2C,83,68,,0.819277108433735
15053,river-valley,2018,2C(S),0,0,,
15054,river-valley,2018,3,0,0,,
15055,river-valley,2018,Total,0,240,,1
15056,river-valley,2019,1,100,170,,1
15057,river-valley,2019,2A(1),0,70,,1
15058,river-valley,2019,2A(2),45,70,,1
15059,river-valley,2019,2B,23,33,,1
15060,river-valley,2019,2C,60,48,SC<1,0.8
15061,river-valley,2019,2C(S),0,0,,
15062,river-valley,2019,3,0,0,,
15063,river-valley,2019,Total,0,210,,1
15064,river-valley,2020,1,111,170,,1
15065,river-valley,2020,2A(1),1,60,,1
15066,river-valley,2020,2A(2),39,59,,1
15067,river-valley,2020,2B,27,31,,1
15068,river-valley,2020,2C,62,35,SC<1,0.564516129032258
15069,river-valley,2020,2C(S),0,0,,
15070,river-valley,2020,3,0,0,,
15071,river-valley,2020,Total,0,210,,1
15072,river-valley,2021,1,92,170,,1
15073,river-valley,2021,2A(1),0,78,,1
15074,river-valley,2021,2A(2),46,79,,1
15075,river-valley,2021,2B,27,38,,1
15076,river-valley,2021,2C,72,49,SC1-2,0.680555555555556
15077,river-valley,2021,2C(S),0,0,,
15078,river-valley,2021,3,0,0,,
15079,river-valley,2021,Total,0,210,,1
15080,river-valley,2022,1,85,150,,1
15081,river-valley,2022,2A(1),49,65,,1
15082,river-valley,2022,2A(2),0,0,,
15083,river-valley,2022,2B,20,26,,1
15084,river-valley,2022,2C,91,59,SC<1,0.648351648351648
15085,river-valley,2022,2C(S),0,0,,
15086,river-valley,2022,3,0,0,,
15087,river-valley,2022,Total,0,210,,1
15088,river-valley,2023,1,84,150,,1
15089,river-valley,2023,2A(1),52,67,,1
15090,river-valley,2023,2A(2),0,0,,
15091,river-valley,2023,2B,16,25,,1
15092,river-valley,2023,2C,73,60,SC1-2,0.821917808219178
15093,river-valley,2023,2C(S),0,0,,
15094,river-valley,2023,3,0,0,,
15095,river-valley,2023,Total,0,210,,1
15096,riverside,2012,1,0,0,,
15097,riverside,2012,2A(1),0,0,,
15098,riverside,2012,2A(2),0,0,,
15099,riverside,2012,2B,1,120,,1
15100,riverside,2012,2C,219,239,,1
15101,riverside,2012,2C(S),24,21,,0.875
15102,riverside,2012,3,0,0,,
15103,riverside,2012,Total,0,240,,1
15104,riverside,2013,1,0,0,,
15105,riverside,2013,2A(1),0,0,,
15106,riverside,2013,2A(2),0,0,,
15107,riverside,2013,2B,2,109,,1
15108,riverside,2013,2C,224,216,,0.964285714285714
15109,riverside,2013,2C(S),0,0,,
15110,riverside,2013,3,0,0,,
15111,riverside,2013,Total,0,240,,1
15112,riverside,2014,1,0,0,,
15113,riverside,2014,2A(1),0,0,,
15114,riverside,2014,2A(2),0,0,,
15115,riverside,2014,2B,4,96,,1
15116,riverside,2014,2C,194,188,,0.969072164948454
15117,riverside,2014,2C(S),0,0,,
15118,riverside,2014,3,0,0,,
15119,riverside,2014,Total,0,240,,1
15120,riverside,2015,1,0,0,,
15121,riverside,2015,2A(1),0,0,,
15122,riverside,2015,2A(2),0,0,,
15123,riverside,2015,2B,6,84,,1
15124,riverside,2015,2C,162,162,,1
15125,riverside,2015,2C(S),0,0,,
15126,riverside,2015,3,0,0,,
15127,riverside,2015,Total,0,240,,1
15128,riverside,2016,1,0,0,,
15129,riverside,2016,2A(1),0,0,,
15130,riverside,2016,2A(2),0,0,,
15131,riverside,2016,2B,0,64,,1
15132,riverside,2016,2C,133,128,,0.962406015037594
15133,riverside,2016,2C(S),0,0,,
15134,riverside,2016,3,0,0,,
15135,riverside,2016,Total,0,210,,1
15136,riverside,2017,1,0,0,,
15137,riverside,2017,2A(1),0,0,,
15138,riverside,2017,2A(2),0,0,,
15139,riverside,2017,2B,0,54,,1
15140,riverside,2017,2C,124,107,,0.862903225806452
15141,riverside,2017,2C(S),0,0,,
15142,riverside,2017,3,0,0,,
15143,riverside,2017,Total,0,210,,1
15144,riverside,2018,1,0,0,,
15145,riverside,2018,2A(1),0,0,,
15146,riverside,2018,2A(2),0,0,,
15147,riverside,2018,2B,0,33,,1
15148,riverside,2018,2C,109,65,,0.596330275229358
15149,riverside,2018,2C(S),0,0,,
15150,riverside,2018,3,0,0,,
15151,riverside,2018,Total,0,210,,1
15152,riverside,2019,1,98,170,,1
15153,riverside,2019,2A(1),0,72,,1
15154,riverside,2019,2A(2),66,72,,1
15155,riverside,2019,2B,0,23,,1
15156,riverside,2019,2C,87,46,SC<1,0.528735632183908
15157,riverside,2019,2C(S),0,0,,
15158,riverside,2019,3,0,0,,
15159,riverside,2019,Total,0,210,,1
15160,riverside,2020,1,104,170,,1
15161,riverside,2020,2A(1),0,66,,1
15162,riverside,2020,2A(2),53,66,,1
15163,riverside,2020,2B,1,27,,1
15164,riverside,2020,2C,89,52,SC<1,0.584269662921348
15165,riverside,2020,2C(S),0,0,,
15166,riverside,2020,3,0,0,,
15167,riverside,2020,Total,0,210,,1
15168,riverside,2021,1,81,170,,1
15169,riverside,2021,2A(1),0,89,,1
15170,riverside,2021,2A(2),82,89,,1
15171,riverside,2021,2B,1,24,,1
15172,riverside,2021,2C,88,46,SC<1,0.522727272727273
15173,riverside,2021,2C(S),0,0,,
15174,riverside,2021,3,0,0,,
15175,riverside,2021,Total,0,210,,1
15176,riverside,2022,1,103,150,,1
15177,riverside,2022,2A(1),72,47,SC<1,0.652777777777778
15178,riverside,2022,2A(2),0,0,,
15179,riverside,2022,2B,2,20,,1
15180,riverside,2022,2C,83,58,SC<1,0.698795180722892
15181,riverside,2022,2C(S),0,0,,
15182,riverside,2022,3,0,0,,
15183,riverside,2022,Total,0,210,,1
15184,riverside,2023,1,87,150,,1
15185,riverside,2023,2A(1),70,63,PR<1,0.9
15186,riverside,2023,2A(2),0,0,,
15187,riverside,2023,2B,1,20,,1
15188,riverside,2023,2C,90,59,SC<1,0.655555555555556
15189,riverside,2023,2C(S),0,0,,
15190,riverside,2023,3,0,0,,
15191,riverside,2023,Total,0,210,,1
15192,rivervale,2009,1,0,0,,
15193,rivervale,2009,2A(1),0,0,,
15194,rivervale,2009,2A(2),0,0,,
15195,rivervale,2009,2B,20,42,,1
15196,rivervale,2009,2C,180,63,,0.35
15197,rivervale,2009,2C(S),0,0,,
15198,rivervale,2009,3,0,0,,
15199,rivervale,2009,Total,0,210,,1
15200,rivervale,2010,1,0,0,,
15201,rivervale,2010,2A(1),0,0,,
15202,rivervale,2010,2A(2),0,0,,
15203,rivervale,2010,2B,40,54,,1
15204,rivervale,2010,2C,144,68,,0.472222222222222
15205,rivervale,2010,2C(S),0,0,,
15206,rivervale,2010,3,0,0,,
15207,rivervale,2010,Total,0,210,,1
15208,rivervale,2011,1,0,0,,
15209,rivervale,2011,2A(1),0,0,,
15210,rivervale,2011,2A(2),0,0,,
15211,rivervale,2011,2B,32,60,,1
15212,rivervale,2011,2C,163,88,,0.539877300613497
15213,rivervale,2011,2C(S),0,0,,
15214,rivervale,2011,3,0,0,,
15215,rivervale,2011,Total,0,240,,1
15216,rivervale,2012,1,0,0,,
15217,rivervale,2012,2A(1),0,0,,
15218,rivervale,2012,2A(2),0,0,,
15219,rivervale,2012,2B,34,52,,1
15220,rivervale,2012,2C,147,70,,0.476190476190476
15221,rivervale,2012,2C(S),0,0,,
15222,rivervale,2012,3,0,0,,
15223,rivervale,2012,Total,0,240,,1
15224,rivervale,2013,1,0,0,,
15225,rivervale,2013,2A(1),0,0,,
15226,rivervale,2013,2A(2),0,0,,
15227,rivervale,2013,2B,36,60,,1
15228,rivervale,2013,2C,159,83,,0.522012578616352
15229,rivervale,2013,2C(S),0,0,,
15230,rivervale,2013,3,0,0,,
15231,rivervale,2013,Total,0,240,,1
15232,rivervale,2014,1,0,0,,
15233,rivervale,2014,2A(1),0,0,,
15234,rivervale,2014,2A(2),0,0,,
15235,rivervale,2014,2B,34,59,,1
15236,rivervale,2014,2C,144,83,,0.576388888888889
15237,rivervale,2014,2C(S),0,0,,
15238,rivervale,2014,3,0,0,,
15239,rivervale,2014,Total,0,240,,1
15240,rivervale,2015,1,0,0,,
15241,rivervale,2015,2A(1),0,0,,
15242,rivervale,2015,2A(2),0,0,,
15243,rivervale,2015,2B,34,61,,1
15244,rivervale,2015,2C,137,87,,0.635036496350365
15245,rivervale,2015,2C(S),0,0,,
15246,rivervale,2015,3,0,0,,
15247,rivervale,2015,Total,0,240,,1
15248,rivervale,2016,1,0,0,,
15249,rivervale,2016,2A(1),0,0,,
15250,rivervale,2016,2A(2),0,0,,
15251,rivervale,2016,2B,21,73,,1
15252,rivervale,2016,2C,140,126,,0.9
15253,rivervale,2016,2C(S),0,0,,
15254,rivervale,2016,3,0,0,,
15255,rivervale,2016,Total,0,240,,1
15256,rivervale,2017,1,0,0,,
15257,rivervale,2017,2A(1),0,0,,
15258,rivervale,2017,2A(2),0,0,,
15259,rivervale,2017,2B,20,72,,1
15260,rivervale,2017,2C,141,124,,0.879432624113475
15261,rivervale,2017,2C(S),0,0,,
15262,rivervale,2017,3,0,0,,
15263,rivervale,2017,Total,0,240,,1
15264,rivervale,2018,1,0,0,,
15265,rivervale,2018,2A(1),0,0,,
15266,rivervale,2018,2A(2),0,0,,
15267,rivervale,2018,2B,23,48,,1
15268,rivervale,2018,2C,143,72,,0.503496503496504
15269,rivervale,2018,2C(S),0,0,,
15270,rivervale,2018,3,0,0,,
15271,rivervale,2018,Total,0,240,,1
15272,rivervale,2019,1,99,200,,1
15273,rivervale,2019,2A(1),0,101,,1
15274,rivervale,2019,2A(2),18,101,,1
15275,rivervale,2019,2B,17,62,,1
15276,rivervale,2019,2C,115,107,SC<1,0.930434782608696
15277,rivervale,2019,2C(S),0,0,,
15278,rivervale,2019,3,0,0,,
15279,rivervale,2019,Total,0,240,,1
15280,rivervale,2020,1,87,200,,1
15281,rivervale,2020,2A(1),0,114,,1
15282,rivervale,2020,2A(2),9,114,,1
15283,rivervale,2020,2B,21,73,,1
15284,rivervale,2020,2C,143,125,SC<1,0.874125874125874
15285,rivervale,2020,2C(S),0,0,,
15286,rivervale,2020,3,0,0,,
15287,rivervale,2020,Total,0,240,,1
15288,rivervale,2021,1,92,200,,1
15289,rivervale,2021,2A(1),0,108,,1
15290,rivervale,2021,2A(2),20,108,,1
15291,rivervale,2021,2B,21,65,,1
15292,rivervale,2021,2C,136,108,SC<1,0.794117647058823
15293,rivervale,2021,2C(S),0,0,,
15294,rivervale,2021,3,0,0,,
15295,rivervale,2021,Total,0,240,,1
15296,rivervale,2022,1,103,150,,1
15297,rivervale,2022,2A(1),14,47,,1
15298,rivervale,2022,2A(2),0,0,,
15299,rivervale,2022,2B,12,31,,1
15300,rivervale,2022,2C,126,81,SC<1,0.642857142857143
15301,rivervale,2022,2C(S),0,0,,
15302,rivervale,2022,3,0,0,,
15303,rivervale,2022,Total,0,210,,1
15304,rivervale,2023,1,96,140,,1
15305,rivervale,2023,2A(1),20,44,,1
15306,rivervale,2023,2A(2),0,0,,
15307,rivervale,2023,2B,14,28,,1
15308,rivervale,2023,2C,133,70,SC<1,0.526315789473684
15309,rivervale,2023,2C(S),0,0,,
15310,rivervale,2023,3,0,0,,
15311,rivervale,2023,Total,0,200,,1
15312,rosyth,2009,1,0,0,,
15313,rosyth,2009,2A(1),0,0,,
15314,rosyth,2009,2A(2),0,0,,
15315,rosyth,2009,2B,53,67,,1
15316,rosyth,2009,2C,173,81,,0.468208092485549
15317,rosyth,2009,2C(S),0,0,,
15318,rosyth,2009,3,0,0,,
15319,rosyth,2009,Total,0,330,,1
15320,rosyth,2010,1,0,0,,
15321,rosyth,2010,2A(1),0,0,,
15322,rosyth,2010,2A(2),0,0,,
15323,rosyth,2010,2B,57,56,,0.982456140350877
15324,rosyth,2010,2C,163,56,,0.343558282208589
15325,rosyth,2010,2C(S),0,0,,
15326,rosyth,2010,3,0,0,,
15327,rosyth,2010,Total,0,330,,1
15328,rosyth,2011,1,0,0,,
15329,rosyth,2011,2A(1),0,0,,
15330,rosyth,2011,2A(2),0,0,,
15331,rosyth,2011,2B,41,25,,0.609756097560976
15332,rosyth,2011,2C,108,24,,0.222222222222222
15333,rosyth,2011,2C(S),0,0,,
15334,rosyth,2011,3,0,0,,
15335,rosyth,2011,Total,0,300,,1
15336,rosyth,2012,1,0,0,,
15337,rosyth,2012,2A(1),0,0,,
15338,rosyth,2012,2A(2),0,0,,
15339,rosyth,2012,2B,47,43,,0.914893617021277
15340,rosyth,2012,2C,113,43,,0.380530973451327
15341,rosyth,2012,2C(S),0,0,,
15342,rosyth,2012,3,0,0,,
15343,rosyth,2012,Total,0,300,,1
15344,rosyth,2013,1,0,0,,
15345,rosyth,2013,2A(1),0,0,,
15346,rosyth,2013,2A(2),0,0,,
15347,rosyth,2013,2B,38,31,,0.815789473684211
15348,rosyth,2013,2C,120,30,,0.25
15349,rosyth,2013,2C(S),0,0,,
15350,rosyth,2013,3,0,0,,
15351,rosyth,2013,Total,0,300,,1
15352,rosyth,2014,1,0,0,,
15353,rosyth,2014,2A(1),0,0,,
15354,rosyth,2014,2A(2),0,0,,
15355,rosyth,2014,2B,44,28,,0.636363636363636
15356,rosyth,2014,2C,95,28,,0.294736842105263
15357,rosyth,2014,2C(S),0,0,,
15358,rosyth,2014,3,0,0,,
15359,rosyth,2014,Total,0,300,,1
15360,rosyth,2015,1,0,0,,
15361,rosyth,2015,2A(1),0,0,,
15362,rosyth,2015,2A(2),0,0,,
15363,rosyth,2015,2B,39,37,,0.948717948717949
15364,rosyth,2015,2C,90,37,,0.411111111111111
15365,rosyth,2015,2C(S),0,0,,
15366,rosyth,2015,3,0,0,,
15367,rosyth,2015,Total,0,300,,1
15368,rosyth,2016,1,0,0,,
15369,rosyth,2016,2A(1),0,0,,
15370,rosyth,2016,2A(2),0,0,,
15371,rosyth,2016,2B,27,46,,1
15372,rosyth,2016,2C,87,66,,0.758620689655172
15373,rosyth,2016,2C(S),0,0,,
15374,rosyth,2016,3,0,0,,
15375,rosyth,2016,Total,0,300,,1
15376,rosyth,2017,1,0,0,,
15377,rosyth,2017,2A(1),0,0,,
15378,rosyth,2017,2A(2),0,0,,
15379,rosyth,2017,2B,26,25,,0.961538461538462
15380,rosyth,2017,2C,86,27,,0.313953488372093
15381,rosyth,2017,2C(S),0,0,,
15382,rosyth,2017,3,0,0,,
15383,rosyth,2017,Total,0,300,,1
15384,rosyth,2018,1,0,0,,
15385,rosyth,2018,2A(1),0,0,,
15386,rosyth,2018,2A(2),0,0,,
15387,rosyth,2018,2B,25,21,,0.84
15388,rosyth,2018,2C,100,21,,0.21
15389,rosyth,2018,2C(S),0,0,,
15390,rosyth,2018,3,0,0,,
15391,rosyth,2018,Total,0,300,,1
15392,rosyth,2019,1,143,230,,1
15393,rosyth,2019,2A(1),65,88,,1
15394,rosyth,2019,2A(2),36,25,,0.694444444444444
15395,rosyth,2019,2B,28,20,SC<1,0.714285714285714
15396,rosyth,2019,2C,76,20,SC<1,0.263157894736842
15397,rosyth,2019,2C(S),0,0,,
15398,rosyth,2019,3,0,0,,
15399,rosyth,2019,Total,0,270,,1
15400,rosyth,2020,1,144,230,,1
15401,rosyth,2020,2A(1),89,87,SC>2,0.97752808988764
15402,rosyth,2020,2A(2),0,0,,
15403,rosyth,2020,2B,33,21,SC<1,0.636363636363636
15404,rosyth,2020,2C,94,20,SC<1,0.212765957446809
15405,rosyth,2020,2C(S),0,0,,
15406,rosyth,2020,3,0,0,,
15407,rosyth,2020,Total,0,270,,1
15408,rosyth,2021,1,149,230,,1
15409,rosyth,2021,2A(1),102,81,SC>2,0.794117647058823
15410,rosyth,2021,2A(2),0,0,,
15411,rosyth,2021,2B,31,21,SC<1,0.67741935483871
15412,rosyth,2021,2C,101,22,SC<1,0.217821782178218
15413,rosyth,2021,2C(S),0,0,,
15414,rosyth,2021,3,0,0,,
15415,rosyth,2021,Total,0,270,,1
15416,rosyth,2022,1,137,210,,1
15417,rosyth,2022,2A(1),113,73,SC1-2,0.646017699115044
15418,rosyth,2022,2A(2),0,0,,
15419,rosyth,2022,2B,24,20,SC<1,0.833333333333333
15420,rosyth,2022,2C,125,41,SC<1,0.328
15421,rosyth,2022,2C(S),0,0,,
15422,rosyth,2022,3,0,0,,
15423,rosyth,2022,Total,0,270,,1
15424,rosyth,2023,1,135,210,,1
15425,rosyth,2023,2A(1),120,75,SC1-2,0.625
15426,rosyth,2023,2A(2),0,0,,
15427,rosyth,2023,2B,23,20,SC<1,0.869565217391304
15428,rosyth,2023,2C,142,41,SC<1,0.288732394366197
15429,rosyth,2023,2C(S),0,0,,
15430,rosyth,2023,3,0,0,,
15431,rosyth,2023,Total,0,270,,1
15432,rulang,2009,1,0,0,,
15433,rulang,2009,2A(1),0,0,,
15434,rulang,2009,2A(2),0,0,,
15435,rulang,2009,2B,54,52,,0.962962962962963
15436,rulang,2009,2C,146,52,,0.356164383561644
15437,rulang,2009,2C(S),0,0,,
15438,rulang,2009,3,0,0,,
15439,rulang,2009,Total,0,300,,1
15440,rulang,2010,1,0,0,,
15441,rulang,2010,2A(1),0,0,,
15442,rulang,2010,2A(2),0,0,,
15443,rulang,2010,2B,52,46,,0.884615384615385
15444,rulang,2010,2C,129,45,,0.348837209302326
15445,rulang,2010,2C(S),0,0,,
15446,rulang,2010,3,0,0,,
15447,rulang,2010,Total,0,300,,1
15448,rulang,2011,1,0,0,,
15449,rulang,2011,2A(1),0,0,,
15450,rulang,2011,2A(2),0,0,,
15451,rulang,2011,2B,35,19,,0.542857142857143
15452,rulang,2011,2C,92,21,,0.228260869565217
15453,rulang,2011,2C(S),0,0,,
15454,rulang,2011,3,0,0,,
15455,rulang,2011,Total,0,270,,1
15456,rulang,2012,1,0,0,,
15457,rulang,2012,2A(1),0,0,,
15458,rulang,2012,2A(2),0,0,,
15459,rulang,2012,2B,17,10,,0.588235294117647
15460,rulang,2012,2C,60,9,,0.15
15461,rulang,2012,2C(S),0,0,,
15462,rulang,2012,3,0,0,,
15463,rulang,2012,Total,0,270,,1
15464,rulang,2013,1,0,0,,
15465,rulang,2013,2A(1),0,0,,
15466,rulang,2013,2A(2),0,0,,
15467,rulang,2013,2B,22,30,,1
15468,rulang,2013,2C,88,38,,0.431818181818182
15469,rulang,2013,2C(S),0,0,,
15470,rulang,2013,3,0,0,,
15471,rulang,2013,Total,0,270,,1
15472,rulang,2014,1,0,0,,
15473,rulang,2014,2A(1),0,0,,
15474,rulang,2014,2A(2),0,0,,
15475,rulang,2014,2B,30,29,,0.966666666666667
15476,rulang,2014,2C,98,28,,0.285714285714286
15477,rulang,2014,2C(S),0,0,,
15478,rulang,2014,3,0,0,,
15479,rulang,2014,Total,0,270,,1
15480,rulang,2015,1,0,0,,
15481,rulang,2015,2A(1),0,0,,
15482,rulang,2015,2A(2),0,0,,
15483,rulang,2015,2B,27,22,,0.814814814814815
15484,rulang,2015,2C,54,21,,0.388888888888889
15485,rulang,2015,2C(S),0,0,,
15486,rulang,2015,3,0,0,,
15487,rulang,2015,Total,0,270,,1
15488,rulang,2016,1,0,0,,
15489,rulang,2016,2A(1),0,0,,
15490,rulang,2016,2A(2),0,0,,
15491,rulang,2016,2B,27,28,,1
15492,rulang,2016,2C,73,29,,0.397260273972603
15493,rulang,2016,2C(S),0,0,,
15494,rulang,2016,3,0,0,,
15495,rulang,2016,Total,0,270,,1
15496,rulang,2017,1,0,0,,
15497,rulang,2017,2A(1),0,0,,
15498,rulang,2017,2A(2),0,0,,
15499,rulang,2017,2B,24,39,,1
15500,rulang,2017,2C,76,55,,0.723684210526316
15501,rulang,2017,2C(S),0,0,,
15502,rulang,2017,3,0,0,,
15503,rulang,2017,Total,0,270,,1
15504,rulang,2018,1,0,0,,
15505,rulang,2018,2A(1),0,0,,
15506,rulang,2018,2A(2),0,0,,
15507,rulang,2018,2B,29,28,,0.96551724137931
15508,rulang,2018,2C,91,29,,0.318681318681319
15509,rulang,2018,2C(S),0,0,,
15510,rulang,2018,3,0,0,,
15511,rulang,2018,Total,0,270,,1
15512,rulang,2019,1,119,230,,1
15513,rulang,2019,2A(1),50,111,,1
15514,rulang,2019,2A(2),57,61,,1
15515,rulang,2019,2B,25,22,SC>2,0.88
15516,rulang,2019,2C,84,24,SC<1,0.285714285714286
15517,rulang,2019,2C(S),0,0,,
15518,rulang,2019,3,0,0,,
15519,rulang,2019,Total,0,270,,1
15520,rulang,2020,1,148,230,,1
15521,rulang,2020,2A(1),60,82,,1
15522,rulang,2020,2A(2),62,22,SC1-2,0.354838709677419
15523,rulang,2020,2B,30,20,SC<1,0.666666666666667
15524,rulang,2020,2C,74,20,SC<1,0.27027027027027
15525,rulang,2020,2C(S),0,0,,
15526,rulang,2020,3,0,0,,
15527,rulang,2020,Total,0,270,,1
15528,rulang,2021,1,134,230,,1
15529,rulang,2021,2A(1),71,96,,1
15530,rulang,2021,2A(2),61,26,SC<1,0.426229508196721
15531,rulang,2021,2B,24,20,SC<1,0.833333333333333
15532,rulang,2021,2C,92,20,SC<1,0.217391304347826
15533,rulang,2021,2C(S),0,0,,
15534,rulang,2021,3,0,0,,
15535,rulang,2021,Total,0,270,,1
15536,rulang,2022,1,120,210,,1
15537,rulang,2022,2A(1),107,90,SC>2,0.841121495327103
15538,rulang,2022,2A(2),0,0,,
15539,rulang,2022,2B,34,20,SC<1,0.588235294117647
15540,rulang,2022,2C,95,40,SC<1,0.421052631578947
15541,rulang,2022,2C(S),0,0,,
15542,rulang,2022,3,0,0,,
15543,rulang,2022,Total,0,270,,1
15544,rulang,2023,1,122,210,,1
15545,rulang,2023,2A(1),102,88,SC>2,0.862745098039216
15546,rulang,2023,2A(2),0,0,,
15547,rulang,2023,2B,26,20,SC<1,0.769230769230769
15548,rulang,2023,2C,112,41,SC<1,0.366071428571428
15549,rulang,2023,2C(S),0,0,,
15550,rulang,2023,3,0,0,,
15551,rulang,2023,Total,0,270,,1
15552,sembawang,2009,1,0,0,,
15553,sembawang,2009,2A(1),0,0,,
15554,sembawang,2009,2A(2),0,0,,
15555,sembawang,2009,2B,2,80,,1
15556,sembawang,2009,2C,65,158,,1
15557,sembawang,2009,2C(S),27,93,,1
15558,sembawang,2009,3,0,61,,1
15559,sembawang,2009,Total,0,240,,1
15560,sembawang,2010,1,0,0,,
15561,sembawang,2010,2A(1),0,0,,
15562,sembawang,2010,2A(2),0,0,,
15563,sembawang,2010,2B,0,81,,1
15564,sembawang,2010,2C,67,161,,1
15565,sembawang,2010,2C(S),42,94,,1
15566,sembawang,2010,3,0,41,,1
15567,sembawang,2010,Total,0,240,,1
15568,sembawang,2011,1,0,0,,
15569,sembawang,2011,2A(1),0,0,,
15570,sembawang,2011,2A(2),0,0,,
15571,sembawang,2011,2B,1,113,,1
15572,sembawang,2011,2C,47,225,,1
15573,sembawang,2011,2C(S),75,179,,1
15574,sembawang,2011,3,0,54,,1
15575,sembawang,2011,Total,0,300,,1
15576,sembawang,2012,1,0,0,,
15577,sembawang,2012,2A(1),0,0,,
15578,sembawang,2012,2A(2),0,0,,
15579,sembawang,2012,2B,1,81,,1
15580,sembawang,2012,2C,76,162,,1
15581,sembawang,2012,2C(S),44,87,,1
15582,sembawang,2012,3,0,33,,1
15583,sembawang,2012,Total,0,240,,1
15584,sembawang,2013,1,0,0,,
15585,sembawang,2013,2A(1),0,0,,
15586,sembawang,2013,2A(2),0,0,,
15587,sembawang,2013,2B,1,72,,1
15588,sembawang,2013,2C,83,143,,1
15589,sembawang,2013,2C(S),19,63,,1
15590,sembawang,2013,3,0,20,,1
15591,sembawang,2013,Total,0,210,,1
15592,sembawang,2014,1,0,0,,
15593,sembawang,2014,2A(1),0,0,,
15594,sembawang,2014,2A(2),0,0,,
15595,sembawang,2014,2B,1,62,,1
15596,sembawang,2014,2C,84,123,,1
15597,sembawang,2014,2C(S),21,40,,1
15598,sembawang,2014,3,0,19,,1
15599,sembawang,2014,Total,0,210,,1
15600,sembawang,2015,1,0,0,,
15601,sembawang,2015,2A(1),0,0,,
15602,sembawang,2015,2A(2),0,0,,
15603,sembawang,2015,2B,0,77,,1
15604,sembawang,2015,2C,46,154,,1
15605,sembawang,2015,2C(S),14,110,,1
15606,sembawang,2015,3,0,96,,1
15607,sembawang,2015,Total,0,210,,1
15608,sembawang,2016,1,0,0,,
15609,sembawang,2016,2A(1),0,0,,
15610,sembawang,2016,2A(2),0,0,,
15611,sembawang,2016,2B,0,60,,1
15612,sembawang,2016,2C,79,119,,1
15613,sembawang,2016,2C(S),19,40,,1
15614,sembawang,2016,3,0,21,,1
15615,sembawang,2016,Total,0,180,,1
15616,sembawang,2017,1,0,0,,
15617,sembawang,2017,2A(1),0,0,,
15618,sembawang,2017,2A(2),0,0,,
15619,sembawang,2017,2B,0,61,,1
15620,sembawang,2017,2C,72,124,,1
15621,sembawang,2017,2C(S),16,52,,1
15622,sembawang,2017,3,0,36,,1
15623,sembawang,2017,Total,0,180,,1
15624,sembawang,2018,1,0,0,,
15625,sembawang,2018,2A(1),0,0,,
15626,sembawang,2018,2A(2),0,0,,
15627,sembawang,2018,2B,2,67,,1
15628,sembawang,2018,2C,90,132,,1
15629,sembawang,2018,2C(S),31,42,,1
15630,sembawang,2018,3,0,11,,1
15631,sembawang,2018,Total,0,210,,1
15632,sembawang,2019,1,59,140,,1
15633,sembawang,2019,2A(1),0,81,,1
15634,sembawang,2019,2A(2),12,81,,1
15635,sembawang,2019,2B,0,55,,1
15636,sembawang,2019,2C,93,109,,1
15637,sembawang,2019,2C(S),17,16,SC>2,0.941176470588235
15638,sembawang,2019,3,0,0,,
15639,sembawang,2019,Total,0,180,,1
15640,sembawang,2020,1,76,150,,1
15641,sembawang,2020,2A(1),0,74,,1
15642,sembawang,2020,2A(2),9,74,,1
15643,sembawang,2020,2B,0,53,,1
15644,sembawang,2020,2C,109,105,PR<1,0.963302752293578
15645,sembawang,2020,2C(S),0,0,,
15646,sembawang,2020,3,0,0,,
15647,sembawang,2020,Total,0,190,,1
15648,sembawang,2021,1,76,150,,1
15649,sembawang,2021,2A(1),0,74,,1
15650,sembawang,2021,2A(2),10,74,,1
15651,sembawang,2021,2B,0,52,,1
15652,sembawang,2021,2C,123,104,SC1-2,0.845528455284553
15653,sembawang,2021,2C(S),0,0,,
15654,sembawang,2021,3,0,0,,
15655,sembawang,2021,Total,0,190,,1
15656,sembawang,2022,1,87,140,,1
15657,sembawang,2022,2A(1),8,53,,1
15658,sembawang,2022,2A(2),0,0,,
15659,sembawang,2022,2B,1,35,,1
15660,sembawang,2022,2C,122,104,SC1-2,0.852459016393443
15661,sembawang,2022,2C(S),0,0,,
15662,sembawang,2022,3,0,0,,
15663,sembawang,2022,Total,0,200,,1
15664,sembawang,2023,1,82,140,,1
15665,sembawang,2023,2A(1),44,58,,1
15666,sembawang,2023,2A(2),0,0,,
15667,sembawang,2023,2B,1,25,,1
15668,sembawang,2023,2C,67,75,,1
15669,sembawang,2023,2C(S),27,8,SC1-2,0.296296296296296
15670,sembawang,2023,3,0,0,,
15671,sembawang,2023,Total,0,200,,1
15672,seng-kang,2009,1,0,0,,
15673,seng-kang,2009,2A(1),0,0,,
15674,seng-kang,2009,2A(2),0,0,,
15675,seng-kang,2009,2B,0,68,,1
15676,seng-kang,2009,2C,57,136,,1
15677,seng-kang,2009,2C(S),63,79,,1
15678,seng-kang,2009,3,0,3,,1
15679,seng-kang,2009,Total,0,240,,1
15680,seng-kang,2010,1,0,0,,
15681,seng-kang,2010,2A(1),0,0,,
15682,seng-kang,2010,2A(2),0,0,,
15683,seng-kang,2010,2B,1,74,,1
15684,seng-kang,2010,2C,64,147,,1
15685,seng-kang,2010,2C(S),65,85,,1
15686,seng-kang,2010,3,0,8,,1
15687,seng-kang,2010,Total,0,240,,1
15688,seng-kang,2011,1,0,0,,
15689,seng-kang,2011,2A(1),0,0,,
15690,seng-kang,2011,2A(2),0,0,,
15691,seng-kang,2011,2B,1,78,,1
15692,seng-kang,2011,2C,38,155,,1
15693,seng-kang,2011,2C(S),42,119,,1
15694,seng-kang,2011,3,0,45,,1
15695,seng-kang,2011,Total,0,240,,1
15696,seng-kang,2012,1,0,0,,
15697,seng-kang,2012,2A(1),0,0,,
15698,seng-kang,2012,2A(2),0,0,,
15699,seng-kang,2012,2B,0,65,,1
15700,seng-kang,2012,2C,69,130,,1
15701,seng-kang,2012,2C(S),38,61,,1
15702,seng-kang,2012,3,0,22,,1
15703,seng-kang,2012,Total,0,210,,1
15704,seng-kang,2013,1,0,0,,
15705,seng-kang,2013,2A(1),0,0,,
15706,seng-kang,2013,2A(2),0,0,,
15707,seng-kang,2013,2B,2,81,,1
15708,seng-kang,2013,2C,122,159,,1
15709,seng-kang,2013,2C(S),39,37,,0.948717948717949
15710,seng-kang,2013,3,0,0,,
15711,seng-kang,2013,Total,0,240,,1
15712,seng-kang,2014,1,0,0,,
15713,seng-kang,2014,2A(1),0,0,,
15714,seng-kang,2014,2A(2),0,0,,
15715,seng-kang,2014,2B,1,72,,1
15716,seng-kang,2014,2C,103,143,,1
15717,seng-kang,2014,2C(S),44,40,,0.909090909090909
15718,seng-kang,2014,3,0,0,,
15719,seng-kang,2014,Total,0,240,,1
15720,seng-kang,2015,1,0,0,,
15721,seng-kang,2015,2A(1),0,0,,
15722,seng-kang,2015,2A(2),0,0,,
15723,seng-kang,2015,2B,0,77,,1
15724,seng-kang,2015,2C,66,155,,1
15725,seng-kang,2015,2C(S),39,89,,1
15726,seng-kang,2015,3,0,50,,1
15727,seng-kang,2015,Total,0,240,,1
15728,seng-kang,2016,1,0,0,,
15729,seng-kang,2016,2A(1),0,0,,
15730,seng-kang,2016,2A(2),0,0,,
15731,seng-kang,2016,2B,1,74,,1
15732,seng-kang,2016,2C,54,147,,1
15733,seng-kang,2016,2C(S),26,93,,1
15734,seng-kang,2016,3,0,67,,1
15735,seng-kang,2016,Total,0,240,,1
15736,seng-kang,2017,1,0,0,,
15737,seng-kang,2017,2A(1),0,0,,
15738,seng-kang,2017,2A(2),0,0,,
15739,seng-kang,2017,2B,0,85,,1
15740,seng-kang,2017,2C,61,172,,1
15741,seng-kang,2017,2C(S),36,111,,1
15742,seng-kang,2017,3,0,75,,1
15743,seng-kang,2017,Total,0,240,,1
15744,seng-kang,2018,1,0,0,,
15745,seng-kang,2018,2A(1),0,0,,
15746,seng-kang,2018,2A(2),0,0,,
15747,seng-kang,2018,2B,0,95,,1
15748,seng-kang,2018,2C,54,189,,1
15749,seng-kang,2018,2C(S),78,135,,1
15750,seng-kang,2018,3,0,57,,1
15751,seng-kang,2018,Total,0,270,,1
15752,seng-kang,2019,1,58,200,,1
15753,seng-kang,2019,2A(1),0,142,,1
15754,seng-kang,2019,2A(2),9,142,,1
15755,seng-kang,2019,2B,0,87,,1
15756,seng-kang,2019,2C,52,173,,1
15757,seng-kang,2019,2C(S),38,121,,1
15758,seng-kang,2019,3,0,83,,1
15759,seng-kang,2019,Total,0,240,,1
15760,seng-kang,2020,1,82,200,,1
15761,seng-kang,2020,2A(1),0,118,,1
15762,seng-kang,2020,2A(2),8,118,,1
15763,seng-kang,2020,2B,0,75,,1
15764,seng-kang,2020,2C,40,152,,1
15765,seng-kang,2020,2C(S),56,114,,1
15766,seng-kang,2020,3,0,58,,1
15767,seng-kang,2020,Total,0,240,,1
15768,seng-kang,2021,1,62,230,,1
15769,seng-kang,2021,2A(1),0,168,,1
15770,seng-kang,2021,2A(2),11,168,,1
15771,seng-kang,2021,2B,0,99,,1
15772,seng-kang,2021,2C,31,198,,1
15773,seng-kang,2021,2C(S),55,167,,1
15774,seng-kang,2021,3,0,112,,1
15775,seng-kang,2021,Total,0,270,,1
15776,seng-kang,2022,1,60,150,,1
15777,seng-kang,2022,2A(1),4,90,,1
15778,seng-kang,2022,2A(2),0,0,,
15779,seng-kang,2022,2B,0,49,,1
15780,seng-kang,2022,2C,19,148,,1
15781,seng-kang,2022,2C(S),68,129,,1
15782,seng-kang,2022,3,0,61,,1
15783,seng-kang,2022,Total,0,210,,1
15784,seng-kang,2023,1,39,150,,1
15785,seng-kang,2023,2A(1),9,111,,1
15786,seng-kang,2023,2A(2),0,0,,
15787,seng-kang,2023,2B,0,54,,1
15788,seng-kang,2023,2C,22,163,,1
15789,seng-kang,2023,2C(S),37,141,,1
15790,seng-kang,2023,3,0,104,,1
15791,seng-kang,2023,Total,0,210,,1
15792,sengkang-green,2012,1,0,0,,
15793,sengkang-green,2012,2A(1),0,0,,
15794,sengkang-green,2012,2A(2),0,0,,
15795,sengkang-green,2012,2B,0,105,,1
15796,sengkang-green,2012,2C,109,210,,1
15797,sengkang-green,2012,2C(S),15,102,,1
15798,sengkang-green,2012,3,0,52,,1
15799,sengkang-green,2012,Total,0,210,,1
15800,sengkang-green,2013,1,0,0,,
15801,sengkang-green,2013,2A(1),0,0,,
15802,sengkang-green,2013,2A(2),0,0,,
15803,sengkang-green,2013,2B,2,113,,1
15804,sengkang-green,2013,2C,230,223,,0.969565217391304
15805,sengkang-green,2013,2C(S),0,0,,
15806,sengkang-green,2013,3,0,0,,
15807,sengkang-green,2013,Total,0,240,,1
15808,sengkang-green,2014,1,0,0,,
15809,sengkang-green,2014,2A(1),0,0,,
15810,sengkang-green,2014,2A(2),0,0,,
15811,sengkang-green,2014,2B,7,100,,1
15812,sengkang-green,2014,2C,256,193,,0.75390625
15813,sengkang-green,2014,2C(S),0,0,,
15814,sengkang-green,2014,3,0,0,,
15815,sengkang-green,2014,Total,0,240,,1
15816,sengkang-green,2015,1,0,0,,
15817,sengkang-green,2015,2A(1),0,0,,
15818,sengkang-green,2015,2A(2),0,0,,
15819,sengkang-green,2015,2B,12,71,,1
15820,sengkang-green,2015,2C,297,130,,0.437710437710438
15821,sengkang-green,2015,2C(S),0,0,,
15822,sengkang-green,2015,3,0,0,,
15823,sengkang-green,2015,Total,0,240,,1
15824,sengkang-green,2016,1,0,0,,
15825,sengkang-green,2016,2A(1),0,0,,
15826,sengkang-green,2016,2A(2),0,0,,
15827,sengkang-green,2016,2B,21,77,,1
15828,sengkang-green,2016,2C,297,133,,0.447811447811448
15829,sengkang-green,2016,2C(S),0,0,,
15830,sengkang-green,2016,3,0,0,,
15831,sengkang-green,2016,Total,0,240,,1
15832,sengkang-green,2017,1,0,0,,
15833,sengkang-green,2017,2A(1),0,0,,
15834,sengkang-green,2017,2A(2),0,0,,
15835,sengkang-green,2017,2B,18,59,,1
15836,sengkang-green,2017,2C,226,102,,0.451327433628319
15837,sengkang-green,2017,2C(S),0,0,,
15838,sengkang-green,2017,3,0,0,,
15839,sengkang-green,2017,Total,0,240,,1
15840,sengkang-green,2018,1,0,0,,
15841,sengkang-green,2018,2A(1),0,0,,
15842,sengkang-green,2018,2A(2),0,0,,
15843,sengkang-green,2018,2B,24,39,,1
15844,sengkang-green,2018,2C,157,54,,0.343949044585987
15845,sengkang-green,2018,2C(S),0,0,,
15846,sengkang-green,2018,3,0,0,,
15847,sengkang-green,2018,Total,0,270,,1
15848,sengkang-green,2019,1,112,230,,1
15849,sengkang-green,2019,2A(1),0,118,,1
15850,sengkang-green,2019,2A(2),73,118,,1
15851,sengkang-green,2019,2B,15,43,,1
15852,sengkang-green,2019,2C,147,70,SC<1,0.476190476190476
15853,sengkang-green,2019,2C(S),0,0,,
15854,sengkang-green,2019,3,0,0,,
15855,sengkang-green,2019,Total,0,270,,1
15856,sengkang-green,2020,1,117,240,,1
15857,sengkang-green,2020,2A(1),0,123,,1
15858,sengkang-green,2020,2A(2),111,123,,1
15859,sengkang-green,2020,2B,17,26,,1
15860,sengkang-green,2020,2C,115,36,SC<1,0.31304347826087
15861,sengkang-green,2020,2C(S),0,0,,
15862,sengkang-green,2020,3,0,0,,
15863,sengkang-green,2020,Total,0,280,,1
15864,sengkang-green,2021,1,116,240,,1
15865,sengkang-green,2021,2A(1),0,124,,1
15866,sengkang-green,2021,2A(2),78,125,,1
15867,sengkang-green,2021,2B,14,44,,1
15868,sengkang-green,2021,2C,117,74,SC<1,0.632478632478632
15869,sengkang-green,2021,2C(S),0,0,,
15870,sengkang-green,2021,3,0,0,,
15871,sengkang-green,2021,Total,0,280,,1
15872,sengkang-green,2022,1,111,220,,1
15873,sengkang-green,2022,2A(1),100,110,,1
15874,sengkang-green,2022,2A(2),0,0,,
15875,sengkang-green,2022,2B,21,23,,1
15876,sengkang-green,2022,2C,120,49,SC<1,0.408333333333333
15877,sengkang-green,2022,2C(S),0,0,,
15878,sengkang-green,2022,3,0,0,,
15879,sengkang-green,2022,Total,0,280,,1
15880,sengkang-green,2023,1,128,220,,1
15881,sengkang-green,2023,2A(1),121,92,SC<1,0.760330578512397
15882,sengkang-green,2023,2A(2),0,0,,
15883,sengkang-green,2023,2B,15,20,,1
15884,sengkang-green,2023,2C,87,45,SC<1,0.517241379310345
15885,sengkang-green,2023,2C(S),0,0,,
15886,sengkang-green,2023,3,0,0,,
15887,sengkang-green,2023,Total,0,280,,1
15888,shuqun,2009,1,0,0,,
15889,shuqun,2009,2A(1),0,0,,
15890,shuqun,2009,2A(2),0,0,,
15891,shuqun,2009,2B,8,87,,1
15892,shuqun,2009,2C,179,168,,0.93854748603352
15893,shuqun,2009,2C(S),0,0,,
15894,shuqun,2009,3,0,0,,
15895,shuqun,2009,Total,0,300,,1
15896,shuqun,2010,1,0,0,,
15897,shuqun,2010,2A(1),0,0,,
15898,shuqun,2010,2A(2),0,0,,
15899,shuqun,2010,2B,9,78,,1
15900,shuqun,2010,2C,194,147,,0.757731958762887
15901,shuqun,2010,2C(S),0,0,,
15902,shuqun,2010,3,0,0,,
15903,shuqun,2010,Total,0,300,,1
15904,shuqun,2011,1,0,0,,
15905,shuqun,2011,2A(1),0,0,,
15906,shuqun,2011,2A(2),0,0,,
15907,shuqun,2011,2B,23,57,,1
15908,shuqun,2011,2C,174,92,,0.528735632183908
15909,shuqun,2011,2C(S),0,0,,
15910,shuqun,2011,3,0,0,,
15911,shuqun,2011,Total,0,270,,1
15912,shuqun,2012,1,0,0,,
15913,shuqun,2012,2A(1),0,0,,
15914,shuqun,2012,2A(2),0,0,,
15915,shuqun,2012,2B,24,58,,1
15916,shuqun,2012,2C,120,91,,0.758333333333333
15917,shuqun,2012,2C(S),0,0,,
15918,shuqun,2012,3,0,0,,
15919,shuqun,2012,Total,0,270,,1
15920,shuqun,2013,1,0,0,,
15921,shuqun,2013,2A(1),0,0,,
15922,shuqun,2013,2A(2),0,0,,
15923,shuqun,2013,2B,34,65,,1
15924,shuqun,2013,2C,116,96,,0.827586206896552
15925,shuqun,2013,2C(S),0,0,,
15926,shuqun,2013,3,0,0,,
15927,shuqun,2013,Total,0,270,,1
15928,shuqun,2014,1,0,0,,
15929,shuqun,2014,2A(1),0,0,,
15930,shuqun,2014,2A(2),0,0,,
15931,shuqun,2014,2B,26,40,,1
15932,shuqun,2014,2C,87,53,,0.609195402298851
15933,shuqun,2014,2C(S),0,0,,
15934,shuqun,2014,3,0,0,,
15935,shuqun,2014,Total,0,240,,1
15936,shuqun,2015,1,0,0,,
15937,shuqun,2015,2A(1),0,0,,
15938,shuqun,2015,2A(2),0,0,,
15939,shuqun,2015,2B,25,64,,1
15940,shuqun,2015,2C,114,104,,0.912280701754386
15941,shuqun,2015,2C(S),0,0,,
15942,shuqun,2015,3,0,0,,
15943,shuqun,2015,Total,0,240,,1
15944,shuqun,2016,1,0,0,,
15945,shuqun,2016,2A(1),0,0,,
15946,shuqun,2016,2A(2),0,0,,
15947,shuqun,2016,2B,20,63,,1
15948,shuqun,2016,2C,122,107,,0.877049180327869
15949,shuqun,2016,2C(S),0,0,,
15950,shuqun,2016,3,0,0,,
15951,shuqun,2016,Total,0,240,,1
15952,shuqun,2017,1,0,0,,
15953,shuqun,2017,2A(1),0,0,,
15954,shuqun,2017,2A(2),0,0,,
15955,shuqun,2017,2B,16,55,,1
15956,shuqun,2017,2C,113,93,,0.823008849557522
15957,shuqun,2017,2C(S),0,0,,
15958,shuqun,2017,3,0,0,,
15959,shuqun,2017,Total,0,240,,1
15960,shuqun,2018,1,0,0,,
15961,shuqun,2018,2A(1),0,0,,
15962,shuqun,2018,2A(2),0,0,,
15963,shuqun,2018,2B,14,52,,1
15964,shuqun,2018,2C,108,91,,0.842592592592593
15965,shuqun,2018,2C(S),0,0,,
15966,shuqun,2018,3,0,0,,
15967,shuqun,2018,Total,0,240,,1
15968,shuqun,2019,1,98,160,,1
15969,shuqun,2019,2A(1),4,62,,1
15970,shuqun,2019,2A(2),40,58,,1
15971,shuqun,2019,2B,18,29,,1
15972,shuqun,2019,2C,77,41,SC<1,0.532467532467532
15973,shuqun,2019,2C(S),0,0,,
15974,shuqun,2019,3,0,0,,
15975,shuqun,2019,Total,0,200,,1
15976,shuqun,2020,1,108,160,,1
15977,shuqun,2020,2A(1),6,52,,1
15978,shuqun,2020,2A(2),42,46,,1
15979,shuqun,2020,2B,13,22,,1
15980,shuqun,2020,2C,86,31,SC<1,0.36046511627907
15981,shuqun,2020,2C(S),0,0,,
15982,shuqun,2020,3,0,0,,
15983,shuqun,2020,Total,0,200,,1
15984,shuqun,2021,1,83,160,,1
15985,shuqun,2021,2A(1),6,77,,1
15986,shuqun,2021,2A(2),47,71,,1
15987,shuqun,2021,2B,9,32,,1
15988,shuqun,2021,2C,97,55,SC<1,0.56701030927835
15989,shuqun,2021,2C(S),0,0,,
15990,shuqun,2021,3,0,0,,
15991,shuqun,2021,Total,0,200,,1
15992,shuqun,2022,1,68,140,,1
15993,shuqun,2022,2A(1),42,72,,1
15994,shuqun,2022,2A(2),0,0,,
15995,shuqun,2022,2B,11,30,,1
15996,shuqun,2022,2C,106,79,SC<1,0.745283018867924
15997,shuqun,2022,2C(S),0,0,,
15998,shuqun,2022,3,0,0,,
15999,shuqun,2022,Total,0,200,,1
16000,shuqun,2023,1,78,140,,1
16001,shuqun,2023,2A(1),49,62,,1
16002,shuqun,2023,2A(2),0,0,,
16003,shuqun,2023,2B,15,25,,1
16004,shuqun,2023,2C,97,60,SC<1,0.618556701030928
16005,shuqun,2023,2C(S),0,0,,
16006,shuqun,2023,3,0,0,,
16007,shuqun,2023,Total,0,200,,1
16008,si-ling,2009,1,0,0,,
16009,si-ling,2009,2A(1),0,0,,
16010,si-ling,2009,2A(2),0,0,,
16011,si-ling,2009,2B,2,86,,1
16012,si-ling,2009,2C,51,172,,1
16013,si-ling,2009,2C(S),20,121,,1
16014,si-ling,2009,3,0,98,,1
16015,si-ling,2009,Total,0,270,,1
16016,si-ling,2010,1,0,0,,
16017,si-ling,2010,2A(1),0,0,,
16018,si-ling,2010,2A(2),0,0,,
16019,si-ling,2010,2B,2,93,,1
16020,si-ling,2010,2C,43,183,,1
16021,si-ling,2010,2C(S),23,146,,1
16022,si-ling,2010,3,0,66,,1
16023,si-ling,2010,Total,0,270,,1
16024,si-ling,2011,1,0,0,,
16025,si-ling,2011,2A(1),0,0,,
16026,si-ling,2011,2A(2),0,0,,
16027,si-ling,2011,2B,3,88,,1
16028,si-ling,2011,2C,62,173,,1
16029,si-ling,2011,2C(S),29,111,,1
16030,si-ling,2011,3,0,58,,1
16031,si-ling,2011,Total,0,270,,1
16032,si-ling,2012,1,0,0,,
16033,si-ling,2012,2A(1),0,0,,
16034,si-ling,2012,2A(2),0,0,,
16035,si-ling,2012,2B,2,76,,1
16036,si-ling,2012,2C,49,150,,1
16037,si-ling,2012,2C(S),33,102,,1
16038,si-ling,2012,3,0,55,,1
16039,si-ling,2012,Total,0,240,,1
16040,si-ling,2013,1,0,0,,
16041,si-ling,2013,2A(1),0,0,,
16042,si-ling,2013,2A(2),0,0,,
16043,si-ling,2013,2B,2,82,,1
16044,si-ling,2013,2C,44,161,,1
16045,si-ling,2013,2C(S),25,119,,1
16046,si-ling,2013,3,0,16,,1
16047,si-ling,2013,Total,0,240,,1
16048,si-ling,2014,1,0,0,,
16049,si-ling,2014,2A(1),0,0,,
16050,si-ling,2014,2A(2),0,0,,
16051,si-ling,2014,2B,0,79,,1
16052,si-ling,2014,2C,39,158,,1
16053,si-ling,2014,2C(S),30,123,,1
16054,si-ling,2014,3,0,93,,1
16055,si-ling,2014,Total,0,240,,1
16056,si-ling,2015,1,0,0,,
16057,si-ling,2015,2A(1),0,0,,
16058,si-ling,2015,2A(2),0,0,,
16059,si-ling,2015,2B,0,71,,1
16060,si-ling,2015,2C,36,142,,1
16061,si-ling,2015,2C(S),4,106,,1
16062,si-ling,2015,3,0,102,,1
16063,si-ling,2015,Total,0,210,,1
16064,si-ling,2016,1,0,0,,
16065,si-ling,2016,2A(1),0,0,,
16066,si-ling,2016,2A(2),0,0,,
16067,si-ling,2016,2B,0,60,,1
16068,si-ling,2016,2C,39,120,,1
16069,si-ling,2016,2C(S),12,81,,1
16070,si-ling,2016,3,0,69,,1
16071,si-ling,2016,Total,0,180,,1
16072,si-ling,2017,1,0,0,,
16073,si-ling,2017,2A(1),0,0,,
16074,si-ling,2017,2A(2),0,0,,
16075,si-ling,2017,2B,0,65,,1
16076,si-ling,2017,2C,29,130,,1
16077,si-ling,2017,2C(S),2,102,,1
16078,si-ling,2017,3,0,100,,1
16079,si-ling,2017,Total,0,180,,1
16080,si-ling,2018,1,0,0,,
16081,si-ling,2018,2A(1),0,0,,
16082,si-ling,2018,2A(2),0,0,,
16083,si-ling,2018,2B,0,71,,1
16084,si-ling,2018,2C,45,144,,1
16085,si-ling,2018,2C(S),7,99,,1
16086,si-ling,2018,3,0,92,,1
16087,si-ling,2018,Total,0,210,,1
16088,si-ling,2019,1,37,110,,1
16089,si-ling,2019,2A(1),0,73,,1
16090,si-ling,2019,2A(2),6,73,,1
16091,si-ling,2019,2B,0,54,,1
16092,si-ling,2019,2C,34,108,,1
16093,si-ling,2019,2C(S),22,75,,1
16094,si-ling,2019,3,0,53,,1
16095,si-ling,2019,Total,0,150,,1
16096,si-ling,2020,1,34,140,,1
16097,si-ling,2020,2A(1),1,108,,1
16098,si-ling,2020,2A(2),11,107,,1
16099,si-ling,2020,2B,0,68,,1
16100,si-ling,2020,2C,16,136,,1
16101,si-ling,2020,2C(S),13,120,,1
16102,si-ling,2020,3,0,107,,1
16103,si-ling,2020,Total,0,180,,1
16104,si-ling,2021,1,38,110,,1
16105,si-ling,2021,2A(1),0,72,,1
16106,si-ling,2021,2A(2),9,72,,1
16107,si-ling,2021,2B,0,52,,1
16108,si-ling,2021,2C,24,103,,1
16109,si-ling,2021,2C(S),8,79,,1
16110,si-ling,2021,3,0,71,,1
16111,si-ling,2021,Total,0,150,,1
16112,si-ling,2022,1,45,90,,1
16113,si-ling,2022,2A(1),8,45,,1
16114,si-ling,2022,2A(2),0,0,,
16115,si-ling,2022,2B,0,32,,1
16116,si-ling,2022,2C,17,97,,1
16117,si-ling,2022,2C(S),12,80,,1
16118,si-ling,2022,3,0,68,,1
16119,si-ling,2022,Total,0,150,,1
16120,si-ling,2023,1,40,90,,1
16121,si-ling,2023,2A(1),10,50,,1
16122,si-ling,2023,2A(2),0,0,,
16123,si-ling,2023,2B,0,33,,1
16124,si-ling,2023,2C,22,100,,1
16125,si-ling,2023,2C(S),1,78,,1
16126,si-ling,2023,3,0,77,,1
16127,si-ling,2023,Total,0,150,,1
16128,singapore-chinese-girls,2009,1,0,0,,
16129,singapore-chinese-girls,2009,2A(1),0,0,,
16130,singapore-chinese-girls,2009,2A(2),0,0,,
16131,singapore-chinese-girls,2009,2B,22,39,,1
16132,singapore-chinese-girls,2009,2C,66,55,,0.833333333333333
16133,singapore-chinese-girls,2009,2C(S),0,0,,
16134,singapore-chinese-girls,2009,3,0,0,,
16135,singapore-chinese-girls,2009,Total,0,200,,1
16136,singapore-chinese-girls,2010,1,0,0,,
16137,singapore-chinese-girls,2010,2A(1),0,0,,
16138,singapore-chinese-girls,2010,2A(2),0,0,,
16139,singapore-chinese-girls,2010,2B,29,39,,1
16140,singapore-chinese-girls,2010,2C,54,48,,0.888888888888889
16141,singapore-chinese-girls,2010,2C(S),0,0,,
16142,singapore-chinese-girls,2010,3,0,0,,
16143,singapore-chinese-girls,2010,Total,0,200,,1
16144,singapore-chinese-girls,2011,1,0,0,,
16145,singapore-chinese-girls,2011,2A(1),0,0,,
16146,singapore-chinese-girls,2011,2A(2),0,0,,
16147,singapore-chinese-girls,2011,2B,37,40,,1
16148,singapore-chinese-girls,2011,2C,51,43,,0.843137254901961
16149,singapore-chinese-girls,2011,2C(S),0,0,,
16150,singapore-chinese-girls,2011,3,0,0,,
16151,singapore-chinese-girls,2011,Total,0,200,,1
16152,singapore-chinese-girls,2012,1,0,0,,
16153,singapore-chinese-girls,2012,2A(1),0,0,,
16154,singapore-chinese-girls,2012,2A(2),0,0,,
16155,singapore-chinese-girls,2012,2B,34,30,,0.882352941176471
16156,singapore-chinese-girls,2012,2C,51,29,,0.568627450980392
16157,singapore-chinese-girls,2012,2C(S),0,0,,
16158,singapore-chinese-girls,2012,3,0,0,,
16159,singapore-chinese-girls,2012,Total,0,200,,1
16160,singapore-chinese-girls,2013,1,0,0,,
16161,singapore-chinese-girls,2013,2A(1),0,0,,
16162,singapore-chinese-girls,2013,2A(2),0,0,,
16163,singapore-chinese-girls,2013,2B,23,22,,0.956521739130435
16164,singapore-chinese-girls,2013,2C,43,22,,0.511627906976744
16165,singapore-chinese-girls,2013,2C(S),0,0,,
16166,singapore-chinese-girls,2013,3,0,0,,
16167,singapore-chinese-girls,2013,Total,0,200,,1
16168,singapore-chinese-girls,2014,1,0,0,,
16169,singapore-chinese-girls,2014,2A(1),0,0,,
16170,singapore-chinese-girls,2014,2A(2),0,0,,
16171,singapore-chinese-girls,2014,2B,31,28,,0.903225806451613
16172,singapore-chinese-girls,2014,2C,39,28,,0.717948717948718
16173,singapore-chinese-girls,2014,2C(S),0,0,,
16174,singapore-chinese-girls,2014,3,0,0,,
16175,singapore-chinese-girls,2014,Total,0,200,,1
16176,singapore-chinese-girls,2015,1,0,0,,
16177,singapore-chinese-girls,2015,2A(1),0,0,,
16178,singapore-chinese-girls,2015,2A(2),0,0,,
16179,singapore-chinese-girls,2015,2B,27,45,,1
16180,singapore-chinese-girls,2015,2C,82,63,,0.768292682926829
16181,singapore-chinese-girls,2015,2C(S),0,0,,
16182,singapore-chinese-girls,2015,3,0,0,,
16183,singapore-chinese-girls,2015,Total,0,200,,1
16184,singapore-chinese-girls,2016,1,0,0,,
16185,singapore-chinese-girls,2016,2A(1),0,0,,
16186,singapore-chinese-girls,2016,2A(2),0,0,,
16187,singapore-chinese-girls,2016,2B,23,37,,1
16188,singapore-chinese-girls,2016,2C,60,51,,0.85
16189,singapore-chinese-girls,2016,2C(S),0,0,,
16190,singapore-chinese-girls,2016,3,0,0,,
16191,singapore-chinese-girls,2016,Total,0,200,,1
16192,singapore-chinese-girls,2017,1,0,0,,
16193,singapore-chinese-girls,2017,2A(1),0,0,,
16194,singapore-chinese-girls,2017,2A(2),0,0,,
16195,singapore-chinese-girls,2017,2B,15,35,,1
16196,singapore-chinese-girls,2017,2C,62,55,,0.887096774193548
16197,singapore-chinese-girls,2017,2C(S),0,0,,
16198,singapore-chinese-girls,2017,3,0,0,,
16199,singapore-chinese-girls,2017,Total,0,200,,1
16200,singapore-chinese-girls,2018,1,0,0,,
16201,singapore-chinese-girls,2018,2A(1),0,0,,
16202,singapore-chinese-girls,2018,2A(2),0,0,,
16203,singapore-chinese-girls,2018,2B,24,29,,1
16204,singapore-chinese-girls,2018,2C,53,34,,0.641509433962264
16205,singapore-chinese-girls,2018,2C(S),0,0,,
16206,singapore-chinese-girls,2018,3,0,0,,
16207,singapore-chinese-girls,2018,Total,0,200,,1
16208,singapore-chinese-girls,2019,1,51,152,,1
16209,singapore-chinese-girls,2019,2A(1),61,101,,1
16210,singapore-chinese-girls,2019,2A(2),12,40,,1
16211,singapore-chinese-girls,2019,2B,31,34,,1
16212,singapore-chinese-girls,2019,2C,48,37,SC<1,0.770833333333333
16213,singapore-chinese-girls,2019,2C(S),0,0,,
16214,singapore-chinese-girls,2019,3,0,0,,
16215,singapore-chinese-girls,2019,Total,0,192,,1
16216,singapore-chinese-girls,2020,1,63,152,,1
16217,singapore-chinese-girls,2020,2A(1),70,89,,1
16218,singapore-chinese-girls,2020,2A(2),12,19,,1
16219,singapore-chinese-girls,2020,2B,31,24,SC>2,0.774193548387097
16220,singapore-chinese-girls,2020,2C,56,23,SC<1,0.410714285714286
16221,singapore-chinese-girls,2020,2C(S),0,0,,
16222,singapore-chinese-girls,2020,3,0,0,,
16223,singapore-chinese-girls,2020,Total,0,192,,1
16224,singapore-chinese-girls,2021,1,61,152,,1
16225,singapore-chinese-girls,2021,2A(1),60,91,,1
16226,singapore-chinese-girls,2021,2A(2),10,31,,1
16227,singapore-chinese-girls,2021,2B,37,31,SC>2,0.837837837837838
16228,singapore-chinese-girls,2021,2C,39,30,SC<1,0.769230769230769
16229,singapore-chinese-girls,2021,2C(S),0,0,,
16230,singapore-chinese-girls,2021,3,0,0,,
16231,singapore-chinese-girls,2021,Total,0,192,,1
16232,singapore-chinese-girls,2022,1,55,132,,1
16233,singapore-chinese-girls,2022,2A(1),79,77,SC#,0.974683544303797
16234,singapore-chinese-girls,2022,2A(2),0,0,,
16235,singapore-chinese-girls,2022,2B,34,20,SC<1,0.588235294117647
16236,singapore-chinese-girls,2022,2C,73,40,SC<1,0.547945205479452
16237,singapore-chinese-girls,2022,2C(S),0,0,,
16238,singapore-chinese-girls,2022,3,0,0,,
16239,singapore-chinese-girls,2022,Total,0,192,,1
16240,singapore-chinese-girls,2023,1,54,132,,1
16241,singapore-chinese-girls,2023,2A(1),75,78,,1
16242,singapore-chinese-girls,2023,2A(2),0,0,,
16243,singapore-chinese-girls,2023,2B,20,21,,1
16244,singapore-chinese-girls,2023,2C,58,43,SC<1,0.741379310344828
16245,singapore-chinese-girls,2023,2C(S),0,0,,
16246,singapore-chinese-girls,2023,3,0,0,,
16247,singapore-chinese-girls,2023,Total,0,192,,1
16248,south-view,2009,1,0,0,,
16249,south-view,2009,2A(1),0,0,,
16250,south-view,2009,2A(2),0,0,,
16251,south-view,2009,2B,67,52,,0.776119402985075
16252,south-view,2009,2C,126,51,,0.404761904761905
16253,south-view,2009,2C(S),0,0,,
16254,south-view,2009,3,0,0,,
16255,south-view,2009,Total,0,330,,1
16256,south-view,2010,1,0,0,,
16257,south-view,2010,2A(1),0,0,,
16258,south-view,2010,2A(2),0,0,,
16259,south-view,2010,2B,42,33,,0.785714285714286
16260,south-view,2010,2C,121,33,,0.272727272727273
16261,south-view,2010,2C(S),0,0,,
16262,south-view,2010,3,0,0,,
16263,south-view,2010,Total,0,300,,1
16264,south-view,2011,1,0,0,,
16265,south-view,2011,2A(1),0,0,,
16266,south-view,2011,2A(2),0,0,,
16267,south-view,2011,2B,17,19,,1
16268,south-view,2011,2C,102,21,,0.205882352941176
16269,south-view,2011,2C(S),0,0,,
16270,south-view,2011,3,0,0,,
16271,south-view,2011,Total,0,270,,1
16272,south-view,2012,1,0,0,,
16273,south-view,2012,2A(1),0,0,,
16274,south-view,2012,2A(2),0,0,,
16275,south-view,2012,2B,19,29,,1
16276,south-view,2012,2C,103,39,,0.378640776699029
16277,south-view,2012,2C(S),0,0,,
16278,south-view,2012,3,0,0,,
16279,south-view,2012,Total,0,270,,1
16280,south-view,2013,1,0,0,,
16281,south-view,2013,2A(1),0,0,,
16282,south-view,2013,2A(2),0,0,,
16283,south-view,2013,2B,24,32,,1
16284,south-view,2013,2C,85,40,,0.470588235294118
16285,south-view,2013,2C(S),0,0,,
16286,south-view,2013,3,0,0,,
16287,south-view,2013,Total,0,270,,1
16288,south-view,2014,1,0,0,,
16289,south-view,2014,2A(1),0,0,,
16290,south-view,2014,2A(2),0,0,,
16291,south-view,2014,2B,27,36,,1
16292,south-view,2014,2C,88,46,,0.522727272727273
16293,south-view,2014,2C(S),0,0,,
16294,south-view,2014,3,0,0,,
16295,south-view,2014,Total,0,270,,1
16296,south-view,2015,1,0,0,,
16297,south-view,2015,2A(1),0,0,,
16298,south-view,2015,2A(2),0,0,,
16299,south-view,2015,2B,26,39,,1
16300,south-view,2015,2C,107,56,,0.523364485981308
16301,south-view,2015,2C(S),0,0,,
16302,south-view,2015,3,0,0,,
16303,south-view,2015,Total,0,270,,1
16304,south-view,2016,1,0,0,,
16305,south-view,2016,2A(1),0,0,,
16306,south-view,2016,2A(2),0,0,,
16307,south-view,2016,2B,14,43,,1
16308,south-view,2016,2C,135,71,,0.525925925925926
16309,south-view,2016,2C(S),0,0,,
16310,south-view,2016,3,0,0,,
16311,south-view,2016,Total,0,270,,1
16312,south-view,2017,1,0,0,,
16313,south-view,2017,2A(1),0,0,,
16314,south-view,2017,2A(2),0,0,,
16315,south-view,2017,2B,19,39,,1
16316,south-view,2017,2C,135,58,,0.42962962962963
16317,south-view,2017,2C(S),0,0,,
16318,south-view,2017,3,0,0,,
16319,south-view,2017,Total,0,270,,1
16320,south-view,2018,1,0,0,,
16321,south-view,2018,2A(1),0,0,,
16322,south-view,2018,2A(2),0,0,,
16323,south-view,2018,2B,21,20,,0.952380952380952
16324,south-view,2018,2C,115,20,,0.173913043478261
16325,south-view,2018,2C(S),0,0,,
16326,south-view,2018,3,0,0,,
16327,south-view,2018,Total,0,270,,1
16328,south-view,2019,1,105,230,,1
16329,south-view,2019,2A(1),21,125,,1
16330,south-view,2019,2A(2),69,104,,1
16331,south-view,2019,2B,23,38,,1
16332,south-view,2019,2C,154,52,SC<1,0.337662337662338
16333,south-view,2019,2C(S),0,0,,
16334,south-view,2019,3,0,0,,
16335,south-view,2019,Total,0,270,,1
16336,south-view,2020,1,130,230,,1
16337,south-view,2020,2A(1),38,100,,1
16338,south-view,2020,2A(2),52,62,,1
16339,south-view,2020,2B,24,25,,1
16340,south-view,2020,2C,139,26,SC<1,0.18705035971223
16341,south-view,2020,2C(S),0,0,,
16342,south-view,2020,3,0,0,,
16343,south-view,2020,Total,0,270,,1
16344,south-view,2021,1,116,230,,1
16345,south-view,2021,2A(1),41,114,,1
16346,south-view,2021,2A(2),79,73,SC>2,0.924050632911392
16347,south-view,2021,2B,23,21,SC1-2,0.91304347826087
16348,south-view,2021,2C,130,20,SC<1,0.153846153846154
16349,south-view,2021,2C(S),0,0,,
16350,south-view,2021,3,0,0,,
16351,south-view,2021,Total,0,270,,1
16352,south-view,2022,1,132,210,,1
16353,south-view,2022,2A(1),95,78,SC1-2,0.821052631578947
16354,south-view,2022,2A(2),0,0,,
16355,south-view,2022,2B,30,20,SC<1,0.666666666666667
16356,south-view,2022,2C,177,40,SC<1,0.225988700564972
16357,south-view,2022,2C(S),0,0,,
16358,south-view,2022,3,0,0,,
16359,south-view,2022,Total,0,270,,1
16360,south-view,2023,1,121,210,,1
16361,south-view,2023,2A(1),105,89,SC1-2,0.847619047619048
16362,south-view,2023,2A(2),0,0,,
16363,south-view,2023,2B,34,20,SC<1,0.588235294117647
16364,south-view,2023,2C,128,40,SC<1,0.3125
16365,south-view,2023,2C(S),0,0,,
16366,south-view,2023,3,0,0,,
16367,south-view,2023,Total,0,270,,1
16368,springdale,2012,1,0,0,,
16369,springdale,2012,2A(1),0,0,,
16370,springdale,2012,2A(2),0,0,,
16371,springdale,2012,2B,3,105,,1
16372,springdale,2012,2C,52,207,,1
16373,springdale,2012,2C(S),116,155,,1
16374,springdale,2012,3,0,34,,1
16375,springdale,2012,Total,0,210,,1
16376,springdale,2013,1,0,0,,
16377,springdale,2013,2A(1),0,0,,
16378,springdale,2013,2A(2),0,0,,
16379,springdale,2013,2B,1,113,,1
16380,springdale,2013,2C,58,225,,1
16381,springdale,2013,2C(S),122,168,,1
16382,springdale,2013,3,0,25,,1
16383,springdale,2013,Total,0,240,,1
16384,springdale,2014,1,0,0,,
16385,springdale,2014,2A(1),0,0,,
16386,springdale,2014,2A(2),0,0,,
16387,springdale,2014,2B,1,113,,1
16388,springdale,2014,2C,90,225,,1
16389,springdale,2014,2C(S),116,135,,1
16390,springdale,2014,3,0,19,,1
16391,springdale,2014,Total,0,270,,1
16392,springdale,2015,1,0,0,,
16393,springdale,2015,2A(1),0,0,,
16394,springdale,2015,2A(2),0,0,,
16395,springdale,2015,2B,2,89,,1
16396,springdale,2015,2C,104,175,,1
16397,springdale,2015,2C(S),88,71,,0.806818181818182
16398,springdale,2015,3,0,0,,
16399,springdale,2015,Total,0,240,,1
16400,springdale,2016,1,0,0,,
16401,springdale,2016,2A(1),0,0,,
16402,springdale,2016,2A(2),0,0,,
16403,springdale,2016,2B,0,82,,1
16404,springdale,2016,2C,110,163,,1
16405,springdale,2016,2C(S),69,53,,0.768115942028985
16406,springdale,2016,3,0,0,,
16407,springdale,2016,Total,0,240,,1
16408,springdale,2017,1,0,0,,
16409,springdale,2017,2A(1),0,0,,
16410,springdale,2017,2A(2),0,0,,
16411,springdale,2017,2B,0,65,,1
16412,springdale,2017,2C,122,131,,1
16413,springdale,2017,2C(S),26,9,,0.346153846153846
16414,springdale,2017,3,0,0,,
16415,springdale,2017,Total,0,240,,1
16416,springdale,2018,1,0,0,,
16417,springdale,2018,2A(1),0,0,,
16418,springdale,2018,2A(2),0,0,,
16419,springdale,2018,2B,0,58,,1
16420,springdale,2018,2C,135,118,,0.874074074074074
16421,springdale,2018,2C(S),0,0,,
16422,springdale,2018,3,0,0,,
16423,springdale,2018,Total,0,270,,1
16424,springdale,2019,1,76,200,,1
16425,springdale,2019,2A(1),0,125,,1
16426,springdale,2019,2A(2),60,125,,1
16427,springdale,2019,2B,1,53,,1
16428,springdale,2019,2C,106,107,,1
16429,springdale,2019,2C(S),6,1,SC<1,0.166666666666667
16430,springdale,2019,3,0,0,,
16431,springdale,2019,Total,0,240,,1
16432,springdale,2020,1,110,240,,1
16433,springdale,2020,2A(1),1,130,,1
16434,springdale,2020,2A(2),63,129,,1
16435,springdale,2020,2B,2,53,,1
16436,springdale,2020,2C,136,106,SC<1,0.779411764705882
16437,springdale,2020,2C(S),0,0,,
16438,springdale,2020,3,0,0,,
16439,springdale,2020,Total,0,280,,1
16440,springdale,2021,1,140,240,,1
16441,springdale,2021,2A(1),0,100,,1
16442,springdale,2021,2A(2),81,100,,1
16443,springdale,2021,2B,2,30,,1
16444,springdale,2021,2C,86,59,SC<1,0.686046511627907
16445,springdale,2021,2C(S),0,0,,
16446,springdale,2021,3,0,0,,
16447,springdale,2021,Total,0,280,,1
16448,springdale,2022,1,121,220,,1
16449,springdale,2022,2A(1),74,99,,1
16450,springdale,2022,2A(2),0,0,,
16451,springdale,2022,2B,0,29,,1
16452,springdale,2022,2C,81,87,,1
16453,springdale,2022,2C(S),22,6,SC<1,0.272727272727273
16454,springdale,2022,3,0,0,,
16455,springdale,2022,Total,0,280,,1
16456,springdale,2023,1,102,220,,1
16457,springdale,2023,2A(1),57,118,,1
16458,springdale,2023,2A(2),0,0,,
16459,springdale,2023,2B,0,40,,1
16460,springdale,2023,2C,68,121,,1
16461,springdale,2023,2C(S),68,53,SC<1,0.779411764705882
16462,springdale,2023,3,0,0,,
16463,springdale,2023,Total,0,280,,1
16464,st-andrew-junior,2009,1,0,0,,
16465,st-andrew-junior,2009,2A(1),0,0,,
16466,st-andrew-junior,2009,2A(2),0,0,,
16467,st-andrew-junior,2009,2B,58,69,,1
16468,st-andrew-junior,2009,2C,105,79,,0.752380952380952
16469,st-andrew-junior,2009,2C(S),0,0,,
16470,st-andrew-junior,2009,3,0,0,,
16471,st-andrew-junior,2009,Total,0,240,,1
16472,st-andrew-junior,2010,1,0,0,,
16473,st-andrew-junior,2010,2A(1),0,0,,
16474,st-andrew-junior,2010,2A(2),0,0,,
16475,st-andrew-junior,2010,2B,79,72,,0.911392405063291
16476,st-andrew-junior,2010,2C,79,71,,0.89873417721519
16477,st-andrew-junior,2010,2C(S),0,0,,
16478,st-andrew-junior,2010,3,0,0,,
16479,st-andrew-junior,2010,Total,0,240,,1
16480,st-andrew-junior,2011,1,0,0,,
16481,st-andrew-junior,2011,2A(1),0,0,,
16482,st-andrew-junior,2011,2A(2),0,0,,
16483,st-andrew-junior,2011,2B,77,63,,0.818181818181818
16484,st-andrew-junior,2011,2C,84,62,,0.738095238095238
16485,st-andrew-junior,2011,2C(S),0,0,,
16486,st-andrew-junior,2011,3,0,0,,
16487,st-andrew-junior,2011,Total,0,240,,1
16488,st-andrew-junior,2012,1,0,0,,
16489,st-andrew-junior,2012,2A(1),0,0,,
16490,st-andrew-junior,2012,2A(2),0,0,,
16491,st-andrew-junior,2012,2B,64,58,,0.90625
16492,st-andrew-junior,2012,2C,70,58,,0.828571428571429
16493,st-andrew-junior,2012,2C(S),0,0,,
16494,st-andrew-junior,2012,3,0,0,,
16495,st-andrew-junior,2012,Total,0,240,,1
16496,st-andrew-junior,2013,1,0,0,,
16497,st-andrew-junior,2013,2A(1),0,0,,
16498,st-andrew-junior,2013,2A(2),0,0,,
16499,st-andrew-junior,2013,2B,67,56,,0.835820895522388
16500,st-andrew-junior,2013,2C,75,55,,0.733333333333333
16501,st-andrew-junior,2013,2C(S),0,0,,
16502,st-andrew-junior,2013,3,0,0,,
16503,st-andrew-junior,2013,Total,0,240,,1
16504,st-andrew-junior,2014,1,0,0,,
16505,st-andrew-junior,2014,2A(1),0,0,,
16506,st-andrew-junior,2014,2A(2),0,0,,
16507,st-andrew-junior,2014,2B,76,54,,0.710526315789474
16508,st-andrew-junior,2014,2C,76,55,,0.723684210526316
16509,st-andrew-junior,2014,2C(S),0,0,,
16510,st-andrew-junior,2014,3,0,0,,
16511,st-andrew-junior,2014,Total,0,240,,1
16512,st-andrew-junior,2015,1,0,0,,
16513,st-andrew-junior,2015,2A(1),0,0,,
16514,st-andrew-junior,2015,2A(2),0,0,,
16515,st-andrew-junior,2015,2B,67,64,,0.955223880597015
16516,st-andrew-junior,2015,2C,77,65,,0.844155844155844
16517,st-andrew-junior,2015,2C(S),0,0,,
16518,st-andrew-junior,2015,3,0,0,,
16519,st-andrew-junior,2015,Total,0,240,,1
16520,st-andrew-junior,2016,1,0,0,,
16521,st-andrew-junior,2016,2A(1),0,0,,
16522,st-andrew-junior,2016,2A(2),0,0,,
16523,st-andrew-junior,2016,2B,67,57,,0.850746268656716
16524,st-andrew-junior,2016,2C,70,63,,0.9
16525,st-andrew-junior,2016,2C(S),0,0,,
16526,st-andrew-junior,2016,3,0,0,,
16527,st-andrew-junior,2016,Total,0,240,,1
16528,st-andrew-junior,2017,1,0,0,,
16529,st-andrew-junior,2017,2A(1),0,0,,
16530,st-andrew-junior,2017,2A(2),0,0,,
16531,st-andrew-junior,2017,2B,73,60,,0.821917808219178
16532,st-andrew-junior,2017,2C,79,61,,0.772151898734177
16533,st-andrew-junior,2017,2C(S),0,0,,
16534,st-andrew-junior,2017,3,0,0,,
16535,st-andrew-junior,2017,Total,0,240,,1
16536,st-andrew-junior,2018,1,0,0,,
16537,st-andrew-junior,2018,2A(1),0,0,,
16538,st-andrew-junior,2018,2A(2),0,0,,
16539,st-andrew-junior,2018,2B,64,51,,0.796875
16540,st-andrew-junior,2018,2C,78,53,,0.67948717948718
16541,st-andrew-junior,2018,2C(S),0,0,,
16542,st-andrew-junior,2018,3,0,0,,
16543,st-andrew-junior,2018,Total,0,240,,1
16544,st-andrew-junior,2019,1,65,200,,1
16545,st-andrew-junior,2019,2A(1),41,135,,1
16546,st-andrew-junior,2019,2A(2),34,94,,1
16547,st-andrew-junior,2019,2B,35,51,,1
16548,st-andrew-junior,2019,2C,104,68,SC1-2,0.653846153846154
16549,st-andrew-junior,2019,2C(S),0,0,,
16550,st-andrew-junior,2019,3,0,0,,
16551,st-andrew-junior,2019,Total,0,240,,1
16552,st-andrew-junior,2020,1,48,200,,1
16553,st-andrew-junior,2020,2A(1),42,152,,1
16554,st-andrew-junior,2020,2A(2),19,110,,1
16555,st-andrew-junior,2020,2B,44,66,,1
16556,st-andrew-junior,2020,2C,122,89,SC1-2,0.729508196721312
16557,st-andrew-junior,2020,2C(S),0,0,,
16558,st-andrew-junior,2020,3,0,0,,
16559,st-andrew-junior,2020,Total,0,240,,1
16560,st-andrew-junior,2021,1,72,200,,1
16561,st-andrew-junior,2021,2A(1),47,129,,1
16562,st-andrew-junior,2021,2A(2),34,82,,1
16563,st-andrew-junior,2021,2B,25,45,,1
16564,st-andrew-junior,2021,2C,105,64,SC<1,0.60952380952381
16565,st-andrew-junior,2021,2C(S),0,0,,
16566,st-andrew-junior,2021,3,0,0,,
16567,st-andrew-junior,2021,Total,0,240,,1
16568,st-andrew-junior,2022,1,62,180,,1
16569,st-andrew-junior,2022,2A(1),66,118,,1
16570,st-andrew-junior,2022,2A(2),0,0,,
16571,st-andrew-junior,2022,2B,31,37,,1
16572,st-andrew-junior,2022,2C,124,82,SC<1,0.661290322580645
16573,st-andrew-junior,2022,2C(S),0,0,,
16574,st-andrew-junior,2022,3,0,0,,
16575,st-andrew-junior,2022,Total,0,240,,1
16576,st-andrew-junior,2023,1,55,180,,1
16577,st-andrew-junior,2023,2A(1),49,125,,1
16578,st-andrew-junior,2023,2A(2),0,0,,
16579,st-andrew-junior,2023,2B,36,45,,1
16580,st-andrew-junior,2023,2C,113,103,SC>2,0.911504424778761
16581,st-andrew-junior,2023,2C(S),0,0,,
16582,st-andrew-junior,2023,3,0,0,,
16583,st-andrew-junior,2023,Total,0,240,,1
16584,st-anthony,2009,1,0,0,,
16585,st-anthony,2009,2A(1),0,0,,
16586,st-anthony,2009,2A(2),0,0,,
16587,st-anthony,2009,2B,46,65,,1
16588,st-anthony,2009,2C,146,88,,0.602739726027397
16589,st-anthony,2009,2C(S),0,0,,
16590,st-anthony,2009,3,0,0,,
16591,st-anthony,2009,Total,0,270,,1
16592,st-anthony,2010,1,0,0,,
16593,st-anthony,2010,2A(1),0,0,,
16594,st-anthony,2010,2A(2),0,0,,
16595,st-anthony,2010,2B,50,78,,1
16596,st-anthony,2010,2C,129,106,,0.821705426356589
16597,st-anthony,2010,2C(S),0,0,,
16598,st-anthony,2010,3,0,0,,
16599,st-anthony,2010,Total,0,270,,1
16600,st-anthony,2011,1,0,0,,
16601,st-anthony,2011,2A(1),0,0,,
16602,st-anthony,2011,2A(2),0,0,,
16603,st-anthony,2011,2B,37,68,,1
16604,st-anthony,2011,2C,124,101,,0.814516129032258
16605,st-anthony,2011,2C(S),0,0,,
16606,st-anthony,2011,3,0,0,,
16607,st-anthony,2011,Total,0,240,,1
16608,st-anthony,2012,1,0,0,,
16609,st-anthony,2012,2A(1),0,0,,
16610,st-anthony,2012,2A(2),0,0,,
16611,st-anthony,2012,2B,29,64,,1
16612,st-anthony,2012,2C,111,100,,0.900900900900901
16613,st-anthony,2012,2C(S),0,0,,
16614,st-anthony,2012,3,0,0,,
16615,st-anthony,2012,Total,0,240,,1
16616,st-anthony,2013,1,0,0,,
16617,st-anthony,2013,2A(1),0,0,,
16618,st-anthony,2013,2A(2),0,0,,
16619,st-anthony,2013,2B,31,59,,1
16620,st-anthony,2013,2C,106,86,,0.811320754716981
16621,st-anthony,2013,2C(S),0,0,,
16622,st-anthony,2013,3,0,0,,
16623,st-anthony,2013,Total,0,240,,1
16624,st-anthony,2014,1,0,0,,
16625,st-anthony,2014,2A(1),0,0,,
16626,st-anthony,2014,2A(2),0,0,,
16627,st-anthony,2014,2B,49,65,,1
16628,st-anthony,2014,2C,96,82,,0.854166666666667
16629,st-anthony,2014,2C(S),0,0,,
16630,st-anthony,2014,3,0,0,,
16631,st-anthony,2014,Total,0,240,,1
16632,st-anthony,2015,1,0,0,,
16633,st-anthony,2015,2A(1),0,0,,
16634,st-anthony,2015,2A(2),0,0,,
16635,st-anthony,2015,2B,43,60,,1
16636,st-anthony,2015,2C,89,77,,0.865168539325843
16637,st-anthony,2015,2C(S),0,0,,
16638,st-anthony,2015,3,0,0,,
16639,st-anthony,2015,Total,0,240,,1
16640,st-anthony,2016,1,0,0,,
16641,st-anthony,2016,2A(1),0,0,,
16642,st-anthony,2016,2A(2),0,0,,
16643,st-anthony,2016,2B,25,58,,1
16644,st-anthony,2016,2C,103,93,,0.902912621359223
16645,st-anthony,2016,2C(S),0,0,,
16646,st-anthony,2016,3,0,0,,
16647,st-anthony,2016,Total,0,240,,1
16648,st-anthony,2017,1,0,0,,
16649,st-anthony,2017,2A(1),0,0,,
16650,st-anthony,2017,2A(2),0,0,,
16651,st-anthony,2017,2B,31,59,,1
16652,st-anthony,2017,2C,107,90,,0.841121495327103
16653,st-anthony,2017,2C(S),0,0,,
16654,st-anthony,2017,3,0,0,,
16655,st-anthony,2017,Total,0,240,,1
16656,st-anthony,2018,1,0,0,,
16657,st-anthony,2018,2A(1),0,0,,
16658,st-anthony,2018,2A(2),0,0,,
16659,st-anthony,2018,2B,31,47,,1
16660,st-anthony,2018,2C,86,65,,0.755813953488372
16661,st-anthony,2018,2C(S),0,0,,
16662,st-anthony,2018,3,0,0,,
16663,st-anthony,2018,Total,0,210,,1
16664,st-anthony,2019,1,77,170,,1
16665,st-anthony,2019,2A(1),10,93,,1
16666,st-anthony,2019,2A(2),25,83,,1
16667,st-anthony,2019,2B,25,49,,1
16668,st-anthony,2019,2C,87,74,SC1-2,0.850574712643678
16669,st-anthony,2019,2C(S),0,0,,
16670,st-anthony,2019,3,0,0,,
16671,st-anthony,2019,Total,0,210,,1
16672,st-anthony,2020,1,106,170,,1
16673,st-anthony,2020,2A(1),9,65,,1
16674,st-anthony,2020,2A(2),23,56,,1
16675,st-anthony,2020,2B,33,37,,1
16676,st-anthony,2020,2C,96,40,SC<1,0.416666666666667
16677,st-anthony,2020,2C(S),0,0,,
16678,st-anthony,2020,3,0,0,,
16679,st-anthony,2020,Total,0,210,,1
16680,st-anthony,2021,1,80,170,,1
16681,st-anthony,2021,2A(1),17,90,,1
16682,st-anthony,2021,2A(2),35,73,,1
16683,st-anthony,2021,2B,29,39,,1
16684,st-anthony,2021,2C,89,51,SC<1,0.573033707865168
16685,st-anthony,2021,2C(S),0,0,,
16686,st-anthony,2021,3,0,0,,
16687,st-anthony,2021,Total,0,210,,1
16688,st-anthony,2022,1,87,160,,1
16689,st-anthony,2022,2A(1),38,73,,1
16690,st-anthony,2022,2A(2),0,0,,
16691,st-anthony,2022,2B,39,32,SC>2,0.82051282051282
16692,st-anthony,2022,2C,105,65,SC<1#,0.619047619047619
16693,st-anthony,2022,2C(S),0,0,,
16694,st-anthony,2022,3,0,0,,
16695,st-anthony,2022,Total,0,220,,1
16696,st-anthony,2023,1,70,180,,1
16697,st-anthony,2023,2A(1),44,110,,1
16698,st-anthony,2023,2A(2),0,0,,
16699,st-anthony,2023,2B,24,42,,1
16700,st-anthony,2023,2C,114,102,SC1-2,0.894736842105263
16701,st-anthony,2023,2C(S),0,0,,
16702,st-anthony,2023,3,0,0,,
16703,st-anthony,2023,Total,0,240,,1
16704,st-anthony-canossian,2009,1,0,0,,
16705,st-anthony-canossian,2009,2A(1),0,0,,
16706,st-anthony-canossian,2009,2A(2),0,0,,
16707,st-anthony-canossian,2009,2B,38,93,,1
16708,st-anthony-canossian,2009,2C,90,149,,1
16709,st-anthony-canossian,2009,2C(S),31,59,,1
16710,st-anthony-canossian,2009,3,0,22,,1
16711,st-anthony-canossian,2009,Total,0,240,,1
16712,st-anthony-canossian,2010,1,0,0,,
16713,st-anthony-canossian,2010,2A(1),0,0,,
16714,st-anthony-canossian,2010,2A(2),0,0,,
16715,st-anthony-canossian,2010,2B,28,73,,1
16716,st-anthony-canossian,2010,2C,92,118,,1
16717,st-anthony-canossian,2010,2C(S),30,26,,0.866666666666667
16718,st-anthony-canossian,2010,3,0,0,,
16719,st-anthony-canossian,2010,Total,0,210,,1
16720,st-anthony-canossian,2011,1,0,0,,
16721,st-anthony-canossian,2011,2A(1),0,0,,
16722,st-anthony-canossian,2011,2A(2),0,0,,
16723,st-anthony-canossian,2011,2B,31,78,,1
16724,st-anthony-canossian,2011,2C,86,125,,1
16725,st-anthony-canossian,2011,2C(S),53,39,,0.735849056603774
16726,st-anthony-canossian,2011,3,0,0,,
16727,st-anthony-canossian,2011,Total,0,210,,1
16728,st-anthony-canossian,2012,1,0,0,,
16729,st-anthony-canossian,2012,2A(1),0,0,,
16730,st-anthony-canossian,2012,2A(2),0,0,,
16731,st-anthony-canossian,2012,2B,40,66,,1
16732,st-anthony-canossian,2012,2C,95,91,,0.957894736842105
16733,st-anthony-canossian,2012,2C(S),0,0,,
16734,st-anthony-canossian,2012,3,0,0,,
16735,st-anthony-canossian,2012,Total,0,210,,1
16736,st-anthony-canossian,2013,1,0,0,,
16737,st-anthony-canossian,2013,2A(1),0,0,,
16738,st-anthony-canossian,2013,2A(2),0,0,,
16739,st-anthony-canossian,2013,2B,34,76,,1
16740,st-anthony-canossian,2013,2C,110,119,,1
16741,st-anthony-canossian,2013,2C(S),15,12,,0.8
16742,st-anthony-canossian,2013,3,0,0,,
16743,st-anthony-canossian,2013,Total,0,210,,1
16744,st-anthony-canossian,2014,1,0,0,,
16745,st-anthony-canossian,2014,2A(1),0,0,,
16746,st-anthony-canossian,2014,2A(2),0,0,,
16747,st-anthony-canossian,2014,2B,36,78,,1
16748,st-anthony-canossian,2014,2C,92,120,,1
16749,st-anthony-canossian,2014,2C(S),26,28,,1
16750,st-anthony-canossian,2014,3,0,2,,1
16751,st-anthony-canossian,2014,Total,0,210,,1
16752,st-anthony-canossian,2015,1,0,0,,
16753,st-anthony-canossian,2015,2A(1),0,0,,
16754,st-anthony-canossian,2015,2A(2),0,0,,
16755,st-anthony-canossian,2015,2B,22,73,,1
16756,st-anthony-canossian,2015,2C,56,124,,1
16757,st-anthony-canossian,2015,2C(S),24,68,,1
16758,st-anthony-canossian,2015,3,0,44,,1
16759,st-anthony-canossian,2015,Total,0,210,,1
16760,st-anthony-canossian,2016,1,0,0,,
16761,st-anthony-canossian,2016,2A(1),0,0,,
16762,st-anthony-canossian,2016,2A(2),0,0,,
16763,st-anthony-canossian,2016,2B,23,79,,1
16764,st-anthony-canossian,2016,2C,59,136,,1
16765,st-anthony-canossian,2016,2C(S),5,77,,1
16766,st-anthony-canossian,2016,3,0,72,,1
16767,st-anthony-canossian,2016,Total,0,210,,1
16768,st-anthony-canossian,2017,1,0,0,,
16769,st-anthony-canossian,2017,2A(1),0,0,,
16770,st-anthony-canossian,2017,2A(2),0,0,,
16771,st-anthony-canossian,2017,2B,28,58,,1
16772,st-anthony-canossian,2017,2C,72,89,,1
16773,st-anthony-canossian,2017,2C(S),18,18,,1
16774,st-anthony-canossian,2017,3,0,0,,
16775,st-anthony-canossian,2017,Total,0,180,,1
16776,st-anthony-canossian,2018,1,0,0,,
16777,st-anthony-canossian,2018,2A(1),0,0,,
16778,st-anthony-canossian,2018,2A(2),0,0,,
16779,st-anthony-canossian,2018,2B,18,91,,1
16780,st-anthony-canossian,2018,2C,79,165,,1
16781,st-anthony-canossian,2018,2C(S),64,86,,1
16782,st-anthony-canossian,2018,3,0,22,,1
16783,st-anthony-canossian,2018,Total,0,240,,1
16784,st-anthony-canossian,2019,1,35,170,,1
16785,st-anthony-canossian,2019,2A(1),2,135,,1
16786,st-anthony-canossian,2019,2A(2),5,133,,1
16787,st-anthony-canossian,2019,2B,20,84,,1
16788,st-anthony-canossian,2019,2C,61,148,,1
16789,st-anthony-canossian,2019,2C(S),23,87,,1
16790,st-anthony-canossian,2019,3,0,64,,1
16791,st-anthony-canossian,2019,Total,0,210,,1
16792,st-anthony-canossian,2020,1,51,200,,1
16793,st-anthony-canossian,2020,2A(1),3,149,,1
16794,st-anthony-canossian,2020,2A(2),9,146,,1
16795,st-anthony-canossian,2020,2B,12,89,,1
16796,st-anthony-canossian,2020,2C,38,167,,1
16797,st-anthony-canossian,2020,2C(S),51,129,,1
16798,st-anthony-canossian,2020,3,0,78,,1
16799,st-anthony-canossian,2020,Total,0,240,,1
16800,st-anthony-canossian,2021,1,58,200,,1
16801,st-anthony-canossian,2021,2A(1),1,142,,1
16802,st-anthony-canossian,2021,2A(2),9,141,,1
16803,st-anthony-canossian,2021,2B,12,86,,1
16804,st-anthony-canossian,2021,2C,37,161,,1
16805,st-anthony-canossian,2021,2C(S),54,124,,1
16806,st-anthony-canossian,2021,3,0,70,,1
16807,st-anthony-canossian,2021,Total,0,240,,1
16808,st-anthony-canossian,2022,1,31,180,,1
16809,st-anthony-canossian,2022,2A(1),9,149,,1
16810,st-anthony-canossian,2022,2A(2),0,0,,
16811,st-anthony-canossian,2022,2B,6,67,,1
16812,st-anthony-canossian,2022,2C,41,194,,1
16813,st-anthony-canossian,2022,2C(S),51,153,,1
16814,st-anthony-canossian,2022,3,0,102,,1
16815,st-anthony-canossian,2022,Total,0,240,,1
16816,st-anthony-canossian,2023,1,26,150,,1
16817,st-anthony-canossian,2023,2A(1),11,124,,1
16818,st-anthony-canossian,2023,2A(2),0,0,,
16819,st-anthony-canossian,2023,2B,8,58,,1
16820,st-anthony-canossian,2023,2C,36,165,,1
16821,st-anthony-canossian,2023,2C(S),33,129,,1
16822,st-anthony-canossian,2023,3,0,96,,1
16823,st-anthony-canossian,2023,Total,0,210,,1
16824,st-gabriel,2009,1,0,0,,
16825,st-gabriel,2009,2A(1),0,0,,
16826,st-gabriel,2009,2A(2),0,0,,
16827,st-gabriel,2009,2B,10,69,,1
16828,st-gabriel,2009,2C,87,129,,1
16829,st-gabriel,2009,2C(S),68,42,,0.617647058823529
16830,st-gabriel,2009,3,0,0,,
16831,st-gabriel,2009,Total,0,180,,1
16832,st-gabriel,2010,1,0,0,,
16833,st-gabriel,2010,2A(1),0,0,,
16834,st-gabriel,2010,2A(2),0,0,,
16835,st-gabriel,2010,2B,23,51,,1
16836,st-gabriel,2010,2C,84,79,,0.94047619047619
16837,st-gabriel,2010,2C(S),0,0,,
16838,st-gabriel,2010,3,0,0,,
16839,st-gabriel,2010,Total,0,150,,1
16840,st-gabriel,2011,1,0,0,,
16841,st-gabriel,2011,2A(1),0,0,,
16842,st-gabriel,2011,2A(2),0,0,,
16843,st-gabriel,2011,2B,26,50,,1
16844,st-gabriel,2011,2C,99,74,,0.747474747474748
16845,st-gabriel,2011,2C(S),0,0,,
16846,st-gabriel,2011,3,0,0,,
16847,st-gabriel,2011,Total,0,150,,1
16848,st-gabriel,2012,1,0,0,,
16849,st-gabriel,2012,2A(1),0,0,,
16850,st-gabriel,2012,2A(2),0,0,,
16851,st-gabriel,2012,2B,27,49,,1
16852,st-gabriel,2012,2C,54,71,,1
16853,st-gabriel,2012,2C(S),22,18,,0.818181818181818
16854,st-gabriel,2012,3,0,0,,
16855,st-gabriel,2012,Total,0,150,,1
16856,st-gabriel,2013,1,0,0,,
16857,st-gabriel,2013,2A(1),0,0,,
16858,st-gabriel,2013,2A(2),0,0,,
16859,st-gabriel,2013,2B,24,49,,1
16860,st-gabriel,2013,2C,90,74,,0.822222222222222
16861,st-gabriel,2013,2C(S),0,0,,
16862,st-gabriel,2013,3,0,0,,
16863,st-gabriel,2013,Total,0,150,,1
16864,st-gabriel,2014,1,0,0,,
16865,st-gabriel,2014,2A(1),0,0,,
16866,st-gabriel,2014,2A(2),0,0,,
16867,st-gabriel,2014,2B,40,50,,1
16868,st-gabriel,2014,2C,61,61,,1
16869,st-gabriel,2014,2C(S),0,0,,
16870,st-gabriel,2014,3,0,0,,
16871,st-gabriel,2014,Total,0,150,,1
16872,st-gabriel,2015,1,0,0,,
16873,st-gabriel,2015,2A(1),0,0,,
16874,st-gabriel,2015,2A(2),0,0,,
16875,st-gabriel,2015,2B,27,53,,1
16876,st-gabriel,2015,2C,56,81,,1
16877,st-gabriel,2015,2C(S),40,25,,0.625
16878,st-gabriel,2015,3,0,0,,
16879,st-gabriel,2015,Total,0,150,,1
16880,st-gabriel,2016,1,0,0,,
16881,st-gabriel,2016,2A(1),0,0,,
16882,st-gabriel,2016,2A(2),0,0,,
16883,st-gabriel,2016,2B,24,53,,1
16884,st-gabriel,2016,2C,34,83,,1
16885,st-gabriel,2016,2C(S),28,49,,1
16886,st-gabriel,2016,3,0,21,,1
16887,st-gabriel,2016,Total,0,150,,1
16888,st-gabriel,2017,1,0,0,,
16889,st-gabriel,2017,2A(1),0,0,,
16890,st-gabriel,2017,2A(2),0,0,,
16891,st-gabriel,2017,2B,25,51,,1
16892,st-gabriel,2017,2C,57,79,,1
16893,st-gabriel,2017,2C(S),37,22,,0.594594594594595
16894,st-gabriel,2017,3,0,0,,
16895,st-gabriel,2017,Total,0,150,,1
16896,st-gabriel,2018,1,0,0,,
16897,st-gabriel,2018,2A(1),0,0,,
16898,st-gabriel,2018,2A(2),0,0,,
16899,st-gabriel,2018,2B,17,50,,1
16900,st-gabriel,2018,2C,96,83,,0.864583333333333
16901,st-gabriel,2018,2C(S),0,0,,
16902,st-gabriel,2018,3,0,0,,
16903,st-gabriel,2018,Total,0,150,,1
16904,st-gabriel,2019,1,37,110,,1
16905,st-gabriel,2019,2A(1),9,73,,1
16906,st-gabriel,2019,2A(2),14,64,,1
16907,st-gabriel,2019,2B,21,46,,1
16908,st-gabriel,2019,2C,63,71,,1
16909,st-gabriel,2019,2C(S),21,9,SC>2,0.428571428571428
16910,st-gabriel,2019,3,0,0,,
16911,st-gabriel,2019,Total,0,150,,1
16912,st-gabriel,2020,1,22,110,,1
16913,st-gabriel,2020,2A(1),6,88,,1
16914,st-gabriel,2020,2A(2),12,82,,1
16915,st-gabriel,2020,2B,32,55,,1
16916,st-gabriel,2020,2C,80,78,PR>2,0.975
16917,st-gabriel,2020,2C(S),0,0,,
16918,st-gabriel,2020,3,0,0,,
16919,st-gabriel,2020,Total,0,150,,1
16920,st-gabriel,2021,1,28,110,,1
16921,st-gabriel,2021,2A(1),5,82,,1
16922,st-gabriel,2021,2A(2),19,77,,1
16923,st-gabriel,2021,2B,17,50,,1
16924,st-gabriel,2021,2C,75,83,,1
16925,st-gabriel,2021,2C(S),22,8,SC>2,0.363636363636364
16926,st-gabriel,2021,3,0,0,,
16927,st-gabriel,2021,Total,0,150,,1
16928,st-gabriel,2022,1,29,90,,1
16929,st-gabriel,2022,2A(1),20,61,,1
16930,st-gabriel,2022,2A(2),0,0,,
16931,st-gabriel,2022,2B,24,34,,1
16932,st-gabriel,2022,2C,77,77,,1
16933,st-gabriel,2022,2C(S),0,0,,
16934,st-gabriel,2022,3,0,0,,
16935,st-gabriel,2022,Total,0,150,,1
16936,st-gabriel,2023,1,26,90,,1
16937,st-gabriel,2023,2A(1),13,64,,1
16938,st-gabriel,2023,2A(2),0,0,,
16939,st-gabriel,2023,2B,34,37,,1
16940,st-gabriel,2023,2C,52,77,,1
16941,st-gabriel,2023,2C(S),43,27,SC>2,0.627906976744186
16942,st-gabriel,2023,3,0,0,,
16943,st-gabriel,2023,Total,0,150,,1
16944,st-hilda,2009,1,0,0,,
16945,st-hilda,2009,2A(1),0,0,,
16946,st-hilda,2009,2A(2),0,0,,
16947,st-hilda,2009,2B,65,46,,0.707692307692308
16948,st-hilda,2009,2C,152,46,,0.302631578947368
16949,st-hilda,2009,2C(S),0,0,,
16950,st-hilda,2009,3,0,0,,
16951,st-hilda,2009,Total,0,300,,1
16952,st-hilda,2010,1,0,0,,
16953,st-hilda,2010,2A(1),0,0,,
16954,st-hilda,2010,2A(2),0,0,,
16955,st-hilda,2010,2B,68,43,,0.632352941176471
16956,st-hilda,2010,2C,127,43,,0.338582677165354
16957,st-hilda,2010,2C(S),0,0,,
16958,st-hilda,2010,3,0,0,,
16959,st-hilda,2010,Total,0,270,,1
16960,st-hilda,2011,1,0,0,,
16961,st-hilda,2011,2A(1),0,0,,
16962,st-hilda,2011,2A(2),0,0,,
16963,st-hilda,2011,2B,49,38,,0.775510204081633
16964,st-hilda,2011,2C,115,38,,0.330434782608696
16965,st-hilda,2011,2C(S),0,0,,
16966,st-hilda,2011,3,0,0,,
16967,st-hilda,2011,Total,0,270,,1
16968,st-hilda,2012,1,0,0,,
16969,st-hilda,2012,2A(1),0,0,,
16970,st-hilda,2012,2A(2),0,0,,
16971,st-hilda,2012,2B,52,43,,0.826923076923077
16972,st-hilda,2012,2C,85,42,,0.494117647058823
16973,st-hilda,2012,2C(S),0,0,,
16974,st-hilda,2012,3,0,0,,
16975,st-hilda,2012,Total,0,270,,1
16976,st-hilda,2013,1,0,0,,
16977,st-hilda,2013,2A(1),0,0,,
16978,st-hilda,2013,2A(2),0,0,,
16979,st-hilda,2013,2B,52,34,,0.653846153846154
16980,st-hilda,2013,2C,70,34,,0.485714285714286
16981,st-hilda,2013,2C(S),0,0,,
16982,st-hilda,2013,3,0,0,,
16983,st-hilda,2013,Total,0,270,,1
16984,st-hilda,2014,1,0,0,,
16985,st-hilda,2014,2A(1),0,0,,
16986,st-hilda,2014,2A(2),0,0,,
16987,st-hilda,2014,2B,62,54,,0.870967741935484
16988,st-hilda,2014,2C,106,54,,0.509433962264151
16989,st-hilda,2014,2C(S),0,0,,
16990,st-hilda,2014,3,0,0,,
16991,st-hilda,2014,Total,0,270,,1
16992,st-hilda,2015,1,0,0,,
16993,st-hilda,2015,2A(1),0,0,,
16994,st-hilda,2015,2A(2),0,0,,
16995,st-hilda,2015,2B,50,44,,0.88
16996,st-hilda,2015,2C,107,44,,0.411214953271028
16997,st-hilda,2015,2C(S),0,0,,
16998,st-hilda,2015,3,0,0,,
16999,st-hilda,2015,Total,0,270,,1
17000,st-hilda,2016,1,0,0,,
17001,st-hilda,2016,2A(1),0,0,,
17002,st-hilda,2016,2A(2),0,0,,
17003,st-hilda,2016,2B,53,51,,0.962264150943396
17004,st-hilda,2016,2C,111,52,,0.468468468468468
17005,st-hilda,2016,2C(S),0,0,,
17006,st-hilda,2016,3,0,0,,
17007,st-hilda,2016,Total,0,270,,1
17008,st-hilda,2017,1,0,0,,
17009,st-hilda,2017,2A(1),0,0,,
17010,st-hilda,2017,2A(2),0,0,,
17011,st-hilda,2017,2B,58,35,,0.603448275862069
17012,st-hilda,2017,2C,84,34,,0.404761904761905
17013,st-hilda,2017,2C(S),0,0,,
17014,st-hilda,2017,3,0,0,,
17015,st-hilda,2017,Total,0,270,,1
17016,st-hilda,2018,1,0,0,,
17017,st-hilda,2018,2A(1),0,0,,
17018,st-hilda,2018,2A(2),0,0,,
17019,st-hilda,2018,2B,40,20,,0.5
17020,st-hilda,2018,2C,102,21,,0.205882352941176
17021,st-hilda,2018,2C(S),0,0,,
17022,st-hilda,2018,3,0,0,,
17023,st-hilda,2018,Total,0,270,,1
17024,st-hilda,2019,1,94,230,,1
17025,st-hilda,2019,2A(1),42,136,,1
17026,st-hilda,2019,2A(2),23,95,,1
17027,st-hilda,2019,2B,45,56,,1
17028,st-hilda,2019,2C,110,68,SC<1,0.618181818181818
17029,st-hilda,2019,2C(S),0,0,,
17030,st-hilda,2019,3,0,0,,
17031,st-hilda,2019,Total,0,270,,1
17032,st-hilda,2020,1,141,230,,1
17033,st-hilda,2020,2A(1),70,89,,1
17034,st-hilda,2020,2A(2),36,19,SC>2,0.527777777777778
17035,st-hilda,2020,2B,37,20,SC<1,0.540540540540541
17036,st-hilda,2020,2C,79,22,SC<1,0.278481012658228
17037,st-hilda,2020,2C(S),0,0,,
17038,st-hilda,2020,3,0,0,,
17039,st-hilda,2020,Total,0,270,,1
17040,st-hilda,2021,1,133,230,,1
17041,st-hilda,2021,2A(1),67,97,,1
17042,st-hilda,2021,2A(2),33,30,SC>2,0.909090909090909
17043,st-hilda,2021,2B,51,21,SC<1,0.411764705882353
17044,st-hilda,2021,2C,118,20,SC<1,0.169491525423729
17045,st-hilda,2021,2C(S),0,0,,
17046,st-hilda,2021,3,0,0,,
17047,st-hilda,2021,Total,0,270,,1
17048,st-hilda,2022,1,141,210,,1
17049,st-hilda,2022,2A(1),94,69,SC>2,0.734042553191489
17050,st-hilda,2022,2A(2),0,0,,
17051,st-hilda,2022,2B,40,20,SC<1,0.5
17052,st-hilda,2022,2C,144,41,SC<1,0.284722222222222
17053,st-hilda,2022,2C(S),0,0,,
17054,st-hilda,2022,3,0,0,,
17055,st-hilda,2022,Total,0,270,,1
17056,st-hilda,2023,1,107,210,,1
17057,st-hilda,2023,2A(1),113,103,SC>2,0.911504424778761
17058,st-hilda,2023,2A(2),0,0,,
17059,st-hilda,2023,2B,36,20,SC<1,0.555555555555556
17060,st-hilda,2023,2C,136,40,SC<1,0.294117647058823
17061,st-hilda,2023,2C(S),0,0,,
17062,st-hilda,2023,3,0,0,,
17063,st-hilda,2023,Total,0,270,,1
17064,st-joseph-institution-junior,2009,1,0,0,,
17065,st-joseph-institution-junior,2009,2A(1),0,0,,
17066,st-joseph-institution-junior,2009,2A(2),0,0,,
17067,st-joseph-institution-junior,2009,2B,71,58,,0.816901408450704
17068,st-joseph-institution-junior,2009,2C,75,59,,0.786666666666667
17069,st-joseph-institution-junior,2009,2C(S),0,0,,
17070,st-joseph-institution-junior,2009,3,0,0,,
17071,st-joseph-institution-junior,2009,Total,0,240,,1
17072,st-joseph-institution-junior,2010,1,0,0,,
17073,st-joseph-institution-junior,2010,2A(1),0,0,,
17074,st-joseph-institution-junior,2010,2A(2),0,0,,
17075,st-joseph-institution-junior,2010,2B,80,61,,0.7625
17076,st-joseph-institution-junior,2010,2C,82,62,,0.75609756097561
17077,st-joseph-institution-junior,2010,2C(S),0,0,,
17078,st-joseph-institution-junior,2010,3,0,0,,
17079,st-joseph-institution-junior,2010,Total,0,240,,1
17080,st-joseph-institution-junior,2011,1,0,0,,
17081,st-joseph-institution-junior,2011,2A(1),0,0,,
17082,st-joseph-institution-junior,2011,2A(2),0,0,,
17083,st-joseph-institution-junior,2011,2B,77,50,,0.649350649350649
17084,st-joseph-institution-junior,2011,2C,80,51,,0.6375
17085,st-joseph-institution-junior,2011,2C(S),0,0,,
17086,st-joseph-institution-junior,2011,3,0,0,,
17087,st-joseph-institution-junior,2011,Total,0,240,,1
17088,st-joseph-institution-junior,2012,1,0,0,,
17089,st-joseph-institution-junior,2012,2A(1),0,0,,
17090,st-joseph-institution-junior,2012,2A(2),0,0,,
17091,st-joseph-institution-junior,2012,2B,81,60,,0.740740740740741
17092,st-joseph-institution-junior,2012,2C,89,59,,0.662921348314607
17093,st-joseph-institution-junior,2012,2C(S),0,0,,
17094,st-joseph-institution-junior,2012,3,0,0,,
17095,st-joseph-institution-junior,2012,Total,0,240,,1
17096,st-joseph-institution-junior,2013,1,0,0,,
17097,st-joseph-institution-junior,2013,2A(1),0,0,,
17098,st-joseph-institution-junior,2013,2A(2),0,0,,
17099,st-joseph-institution-junior,2013,2B,80,56,,0.7
17100,st-joseph-institution-junior,2013,2C,77,55,,0.714285714285714
17101,st-joseph-institution-junior,2013,2C(S),0,0,,
17102,st-joseph-institution-junior,2013,3,0,0,,
17103,st-joseph-institution-junior,2013,Total,0,240,,1
17104,st-joseph-institution-junior,2014,1,0,0,,
17105,st-joseph-institution-junior,2014,2A(1),0,0,,
17106,st-joseph-institution-junior,2014,2A(2),0,0,,
17107,st-joseph-institution-junior,2014,2B,79,58,,0.734177215189873
17108,st-joseph-institution-junior,2014,2C,79,57,,0.721518987341772
17109,st-joseph-institution-junior,2014,2C(S),0,0,,
17110,st-joseph-institution-junior,2014,3,0,0,,
17111,st-joseph-institution-junior,2014,Total,0,240,,1
17112,st-joseph-institution-junior,2015,1,0,0,,
17113,st-joseph-institution-junior,2015,2A(1),0,0,,
17114,st-joseph-institution-junior,2015,2A(2),0,0,,
17115,st-joseph-institution-junior,2015,2B,72,57,,0.791666666666667
17116,st-joseph-institution-junior,2015,2C,83,61,,0.734939759036145
17117,st-joseph-institution-junior,2015,2C(S),0,0,,
17118,st-joseph-institution-junior,2015,3,0,0,,
17119,st-joseph-institution-junior,2015,Total,0,240,,1
17120,st-joseph-institution-junior,2016,1,0,0,,
17121,st-joseph-institution-junior,2016,2A(1),0,0,,
17122,st-joseph-institution-junior,2016,2A(2),0,0,,
17123,st-joseph-institution-junior,2016,2B,74,58,,0.783783783783784
17124,st-joseph-institution-junior,2016,2C,88,60,,0.681818181818182
17125,st-joseph-institution-junior,2016,2C(S),0,0,,
17126,st-joseph-institution-junior,2016,3,0,0,,
17127,st-joseph-institution-junior,2016,Total,0,240,,1
17128,st-joseph-institution-junior,2017,1,0,0,,
17129,st-joseph-institution-junior,2017,2A(1),0,0,,
17130,st-joseph-institution-junior,2017,2A(2),0,0,,
17131,st-joseph-institution-junior,2017,2B,82,59,,0.719512195121951
17132,st-joseph-institution-junior,2017,2C,74,58,,0.783783783783784
17133,st-joseph-institution-junior,2017,2C(S),0,0,,
17134,st-joseph-institution-junior,2017,3,0,0,,
17135,st-joseph-institution-junior,2017,Total,0,240,,1
17136,st-joseph-institution-junior,2018,1,0,0,,
17137,st-joseph-institution-junior,2018,2A(1),0,0,,
17138,st-joseph-institution-junior,2018,2A(2),0,0,,
17139,st-joseph-institution-junior,2018,2B,81,52,,0.641975308641975
17140,st-joseph-institution-junior,2018,2C,84,51,,0.607142857142857
17141,st-joseph-institution-junior,2018,2C(S),0,0,,
17142,st-joseph-institution-junior,2018,3,0,0,,
17143,st-joseph-institution-junior,2018,Total,0,240,,1
17144,st-joseph-institution-junior,2019,1,58,200,,1
17145,st-joseph-institution-junior,2019,2A(1),46,142,,1
17146,st-joseph-institution-junior,2019,2A(2),16,96,,1
17147,st-joseph-institution-junior,2019,2B,83,60,SC>2,0.72289156626506
17148,st-joseph-institution-junior,2019,2C,89,62,SC1-2,0.696629213483146
17149,st-joseph-institution-junior,2019,2C(S),0,0,,
17150,st-joseph-institution-junior,2019,3,0,0,,
17151,st-joseph-institution-junior,2019,Total,0,240,,1
17152,st-joseph-institution-junior,2020,1,60,200,,1
17153,st-joseph-institution-junior,2020,2A(1),47,140,,1
17154,st-joseph-institution-junior,2020,2A(2),18,93,,1
17155,st-joseph-institution-junior,2020,2B,82,58,SC>2,0.707317073170732
17156,st-joseph-institution-junior,2020,2C,75,57,SC<1,0.76
17157,st-joseph-institution-junior,2020,2C(S),0,0,,
17158,st-joseph-institution-junior,2020,3,0,0,,
17159,st-joseph-institution-junior,2020,Total,0,240,,1
17160,st-joseph-institution-junior,2021,1,62,200,,1
17161,st-joseph-institution-junior,2021,2A(1),43,138,,1
17162,st-joseph-institution-junior,2021,2A(2),18,95,,1
17163,st-joseph-institution-junior,2021,2B,98,59,SC>2,0.602040816326531
17164,st-joseph-institution-junior,2021,2C,85,59,SC1-2,0.694117647058824
17165,st-joseph-institution-junior,2021,2C(S),0,0,,
17166,st-joseph-institution-junior,2021,3,0,0,,
17167,st-joseph-institution-junior,2021,Total,0,240,,1
17168,st-joseph-institution-junior,2022,1,73,180,,1
17169,st-joseph-institution-junior,2022,2A(1),56,107,,1
17170,st-joseph-institution-junior,2022,2A(2),0,0,,
17171,st-joseph-institution-junior,2022,2B,84,38,SC1-2,0.452380952380952
17172,st-joseph-institution-junior,2022,2C,106,78,SC1-2,0.735849056603774
17173,st-joseph-institution-junior,2022,2C(S),0,0,,
17174,st-joseph-institution-junior,2022,3,0,0,,
17175,st-joseph-institution-junior,2022,Total,0,240,,1
17176,st-joseph-institution-junior,2023,1,53,180,,1
17177,st-joseph-institution-junior,2023,2A(1),56,127,,1
17178,st-joseph-institution-junior,2023,2A(2),0,0,,
17179,st-joseph-institution-junior,2023,2B,85,44,SC1-2,0.517647058823529
17180,st-joseph-institution-junior,2023,2C,98,88,SC>2,0.897959183673469
17181,st-joseph-institution-junior,2023,2C(S),0,0,,
17182,st-joseph-institution-junior,2023,3,0,0,,
17183,st-joseph-institution-junior,2023,Total,0,240,,1
17184,st-margaret,2009,1,0,0,,
17185,st-margaret,2009,2A(1),0,0,,
17186,st-margaret,2009,2A(2),0,0,,
17187,st-margaret,2009,2B,31,79,,1
17188,st-margaret,2009,2C,132,127,,0.962121212121212
17189,st-margaret,2009,2C(S),0,0,,
17190,st-margaret,2009,3,0,0,,
17191,st-margaret,2009,Total,0,210,,1
17192,st-margaret,2010,1,0,0,,
17193,st-margaret,2010,2A(1),0,0,,
17194,st-margaret,2010,2A(2),0,0,,
17195,st-margaret,2010,2B,32,70,,1
17196,st-margaret,2010,2C,130,107,,0.823076923076923
17197,st-margaret,2010,2C(S),0,0,,
17198,st-margaret,2010,3,0,0,,
17199,st-margaret,2010,Total,0,210,,1
17200,st-margaret,2011,1,0,0,,
17201,st-margaret,2011,2A(1),0,0,,
17202,st-margaret,2011,2A(2),0,0,,
17203,st-margaret,2011,2B,26,73,,1
17204,st-margaret,2011,2C,137,120,,0.875912408759124
17205,st-margaret,2011,2C(S),0,0,,
17206,st-margaret,2011,3,0,0,,
17207,st-margaret,2011,Total,0,210,,1
17208,st-margaret,2012,1,0,0,,
17209,st-margaret,2012,2A(1),0,0,,
17210,st-margaret,2012,2A(2),0,0,,
17211,st-margaret,2012,2B,35,68,,1
17212,st-margaret,2012,2C,127,100,,0.78740157480315
17213,st-margaret,2012,2C(S),0,0,,
17214,st-margaret,2012,3,0,0,,
17215,st-margaret,2012,Total,0,210,,1
17216,st-margaret,2013,1,0,0,,
17217,st-margaret,2013,2A(1),0,0,,
17218,st-margaret,2013,2A(2),0,0,,
17219,st-margaret,2013,2B,58,67,,1
17220,st-margaret,2013,2C,94,75,,0.797872340425532
17221,st-margaret,2013,2C(S),0,0,,
17222,st-margaret,2013,3,0,0,,
17223,st-margaret,2013,Total,0,210,,1
17224,st-margaret,2014,1,0,0,,
17225,st-margaret,2014,2A(1),0,0,,
17226,st-margaret,2014,2A(2),0,0,,
17227,st-margaret,2014,2B,51,67,,1
17228,st-margaret,2014,2C,95,82,,0.863157894736842
17229,st-margaret,2014,2C(S),0,0,,
17230,st-margaret,2014,3,0,0,,
17231,st-margaret,2014,Total,0,210,,1
17232,st-margaret,2015,1,0,0,,
17233,st-margaret,2015,2A(1),0,0,,
17234,st-margaret,2015,2A(2),0,0,,
17235,st-margaret,2015,2B,38,69,,1
17236,st-margaret,2015,2C,110,101,,0.918181818181818
17237,st-margaret,2015,2C(S),0,0,,
17238,st-margaret,2015,3,0,0,,
17239,st-margaret,2015,Total,0,210,,1
17240,st-margaret,2016,1,0,0,,
17241,st-margaret,2016,2A(1),0,0,,
17242,st-margaret,2016,2A(2),0,0,,
17243,st-margaret,2016,2B,34,67,,1
17244,st-margaret,2016,2C,81,105,,1
17245,st-margaret,2016,2C(S),19,24,,1
17246,st-margaret,2016,3,0,5,,1
17247,st-margaret,2016,Total,0,210,,1
17248,st-margaret,2017,1,0,0,,
17249,st-margaret,2017,2A(1),0,0,,
17250,st-margaret,2017,2A(2),0,0,,
17251,st-margaret,2017,2B,32,64,,1
17252,st-margaret,2017,2C,111,99,,0.891891891891892
17253,st-margaret,2017,2C(S),0,0,,
17254,st-margaret,2017,3,0,0,,
17255,st-margaret,2017,Total,0,210,,1
17256,st-margaret,2018,1,0,0,,
17257,st-margaret,2018,2A(1),0,0,,
17258,st-margaret,2018,2A(2),0,0,,
17259,st-margaret,2018,2B,34,61,,1
17260,st-margaret,2018,2C,99,90,,0.909090909090909
17261,st-margaret,2018,2C(S),0,0,,
17262,st-margaret,2018,3,0,0,,
17263,st-margaret,2018,Total,0,200,,1
17264,st-margaret,2019,1,37,152,,1
17265,st-margaret,2019,2A(1),9,115,,1
17266,st-margaret,2019,2A(2),17,106,,1
17267,st-margaret,2019,2B,22,65,,1
17268,st-margaret,2019,2C,82,108,,1
17269,st-margaret,2019,2C(S),35,26,SC>2,0.742857142857143
17270,st-margaret,2019,3,0,0,,
17271,st-margaret,2019,Total,0,192,,1
17272,st-margaret,2020,1,44,152,,1
17273,st-margaret,2020,2A(1),7,108,,1
17274,st-margaret,2020,2A(2),17,101,,1
17275,st-margaret,2020,2B,28,63,,1
17276,st-margaret,2020,2C,98,97,PR>2,0.989795918367347
17277,st-margaret,2020,2C(S),0,0,,
17278,st-margaret,2020,3,0,0,,
17279,st-margaret,2020,Total,0,192,,1
17280,st-margaret,2021,1,53,152,,1
17281,st-margaret,2021,2A(1),19,100,,1
17282,st-margaret,2021,2A(2),15,81,,1
17283,st-margaret,2021,2B,16,54,,1
17284,st-margaret,2021,2C,110,91,SC>2,0.827272727272727
17285,st-margaret,2021,2C(S),0,0,,
17286,st-margaret,2021,3,0,0,,
17287,st-margaret,2021,Total,0,192,,1
17288,st-margaret,2022,1,46,132,,1
17289,st-margaret,2022,2A(1),26,86,,1
17290,st-margaret,2022,2A(2),0,0,,
17291,st-margaret,2022,2B,19,40,,1
17292,st-margaret,2022,2C,122,101,SC>2,0.827868852459016
17293,st-margaret,2022,2C(S),0,0,,
17294,st-margaret,2022,3,0,0,,
17295,st-margaret,2022,Total,0,192,,1
17296,st-margaret,2023,1,26,132,,1
17297,st-margaret,2023,2A(1),28,106,,1
17298,st-margaret,2023,2A(2),0,0,,
17299,st-margaret,2023,2B,17,46,,1
17300,st-margaret,2023,2C,78,122,,1
17301,st-margaret,2023,2C(S),46,44,PR>2,0.956521739130435
17302,st-margaret,2023,3,0,0,,
17303,st-margaret,2023,Total,0,192,,1
17304,st-stephen,2009,1,0,0,,
17305,st-stephen,2009,2A(1),0,0,,
17306,st-stephen,2009,2A(2),0,0,,
17307,st-stephen,2009,2B,59,68,,1
17308,st-stephen,2009,2C,101,77,,0.762376237623762
17309,st-stephen,2009,2C(S),0,0,,
17310,st-stephen,2009,3,0,0,,
17311,st-stephen,2009,Total,0,210,,1
17312,st-stephen,2010,1,0,0,,
17313,st-stephen,2010,2A(1),0,0,,
17314,st-stephen,2010,2A(2),0,0,,
17315,st-stephen,2010,2B,56,72,,1
17316,st-stephen,2010,2C,100,91,,0.91
17317,st-stephen,2010,2C(S),0,0,,
17318,st-stephen,2010,3,0,0,,
17319,st-stephen,2010,Total,0,210,,1
17320,st-stephen,2011,1,0,0,,
17321,st-stephen,2011,2A(1),0,0,,
17322,st-stephen,2011,2A(2),0,0,,
17323,st-stephen,2011,2B,60,65,,1
17324,st-stephen,2011,2C,76,71,,0.93421052631579
17325,st-stephen,2011,2C(S),0,0,,
17326,st-stephen,2011,3,0,0,,
17327,st-stephen,2011,Total,0,210,,1
17328,st-stephen,2012,1,0,0,,
17329,st-stephen,2012,2A(1),0,0,,
17330,st-stephen,2012,2A(2),0,0,,
17331,st-stephen,2012,2B,52,61,,1
17332,st-stephen,2012,2C,85,70,,0.823529411764706
17333,st-stephen,2012,2C(S),0,0,,
17334,st-stephen,2012,3,0,0,,
17335,st-stephen,2012,Total,0,210,,1
17336,st-stephen,2013,1,0,0,,
17337,st-stephen,2013,2A(1),0,0,,
17338,st-stephen,2013,2A(2),0,0,,
17339,st-stephen,2013,2B,60,65,,1
17340,st-stephen,2013,2C,86,70,,0.813953488372093
17341,st-stephen,2013,2C(S),0,0,,
17342,st-stephen,2013,3,0,0,,
17343,st-stephen,2013,Total,0,210,,1
17344,st-stephen,2014,1,0,0,,
17345,st-stephen,2014,2A(1),0,0,,
17346,st-stephen,2014,2A(2),0,0,,
17347,st-stephen,2014,2B,47,60,,1
17348,st-stephen,2014,2C,80,74,,0.925
17349,st-stephen,2014,2C(S),0,0,,
17350,st-stephen,2014,3,0,0,,
17351,st-stephen,2014,Total,0,210,,1
17352,st-stephen,2015,1,0,0,,
17353,st-stephen,2015,2A(1),0,0,,
17354,st-stephen,2015,2A(2),0,0,,
17355,st-stephen,2015,2B,35,56,,1
17356,st-stephen,2015,2C,82,78,,0.951219512195122
17357,st-stephen,2015,2C(S),0,0,,
17358,st-stephen,2015,3,0,0,,
17359,st-stephen,2015,Total,0,210,,1
17360,st-stephen,2016,1,0,0,,
17361,st-stephen,2016,2A(1),0,0,,
17362,st-stephen,2016,2A(2),0,0,,
17363,st-stephen,2016,2B,33,72,,1
17364,st-stephen,2016,2C,64,112,,1
17365,st-stephen,2016,2C(S),17,48,,1
17366,st-stephen,2016,3,0,31,,1
17367,st-stephen,2016,Total,0,210,,1
17368,st-stephen,2017,1,0,0,,
17369,st-stephen,2017,2A(1),0,0,,
17370,st-stephen,2017,2A(2),0,0,,
17371,st-stephen,2017,2B,31,74,,1
17372,st-stephen,2017,2C,52,120,,1
17373,st-stephen,2017,2C(S),26,68,,1
17374,st-stephen,2017,3,0,42,,1
17375,st-stephen,2017,Total,0,210,,1
17376,st-stephen,2018,1,0,0,,
17377,st-stephen,2018,2A(1),0,0,,
17378,st-stephen,2018,2A(2),0,0,,
17379,st-stephen,2018,2B,35,65,,1
17380,st-stephen,2018,2C,77,96,,1
17381,st-stephen,2018,2C(S),25,19,,0.76
17382,st-stephen,2018,3,0,0,,
17383,st-stephen,2018,Total,0,210,,1
17384,st-stephen,2019,1,41,170,,1
17385,st-stephen,2019,2A(1),0,129,,1
17386,st-stephen,2019,2A(2),22,129,,1
17387,st-stephen,2019,2B,22,74,,1
17388,st-stephen,2019,2C,68,126,,1
17389,st-stephen,2019,2C(S),37,58,,1
17390,st-stephen,2019,3,0,21,,1
17391,st-stephen,2019,Total,0,210,,1
17392,st-stephen,2020,1,42,200,,1
17393,st-stephen,2020,2A(1),1,158,,1
17394,st-stephen,2020,2A(2),29,157,,1
17395,st-stephen,2020,2B,18,85,,1
17396,st-stephen,2020,2C,74,154,,1
17397,st-stephen,2020,2C(S),90,81,SC>2,0.9
17398,st-stephen,2020,3,0,0,,
17399,st-stephen,2020,Total,0,240,,1
17400,st-stephen,2021,1,48,200,,1
17401,st-stephen,2021,2A(1),3,152,,1
17402,st-stephen,2021,2A(2),18,149,,1
17403,st-stephen,2021,2B,26,86,,1
17404,st-stephen,2021,2C,77,145,,1
17405,st-stephen,2021,2C(S),56,68,,1
17406,st-stephen,2021,3,0,12,,1
17407,st-stephen,2021,Total,0,240,,1
17408,st-stephen,2022,1,35,180,,1
17409,st-stephen,2022,2A(1),19,145,,1
17410,st-stephen,2022,2A(2),0,0,,
17411,st-stephen,2022,2B,23,62,,1
17412,st-stephen,2022,2C,66,163,,1
17413,st-stephen,2022,2C(S),86,97,,1
17414,st-stephen,2022,3,0,11,,1
17415,st-stephen,2022,Total,0,240,,1
17416,st-stephen,2023,1,30,180,,1
17417,st-stephen,2023,2A(1),23,150,,1
17418,st-stephen,2023,2A(2),0,0,,
17419,st-stephen,2023,2B,28,62,,1
17420,st-stephen,2023,2C,58,160,,1
17421,st-stephen,2023,2C(S),66,102,,1
17422,st-stephen,2023,3,0,36,,1
17423,st-stephen,2023,Total,0,240,,1
17424,stamford,2009,1,0,0,,
17425,stamford,2009,2A(1),0,0,,
17426,stamford,2009,2A(2),0,0,,
17427,stamford,2009,2B,0,68,,1
17428,stamford,2009,2C,56,138,,1
17429,stamford,2009,2C(S),17,83,,1
17430,stamford,2009,3,0,61,,1
17431,stamford,2009,Total,0,180,,1
17432,stamford,2010,1,0,0,,
17433,stamford,2010,2A(1),0,0,,
17434,stamford,2010,2A(2),0,0,,
17435,stamford,2010,2B,0,65,,1
17436,stamford,2010,2C,54,130,,1
17437,stamford,2010,2C(S),22,77,,1
17438,stamford,2010,3,0,51,,1
17439,stamford,2010,Total,0,180,,1
17440,stamford,2011,1,0,0,,
17441,stamford,2011,2A(1),0,0,,
17442,stamford,2011,2A(2),0,0,,
17443,stamford,2011,2B,0,82,,1
17444,stamford,2011,2C,54,165,,1
17445,stamford,2011,2C(S),26,111,,1
17446,stamford,2011,3,0,53,,1
17447,stamford,2011,Total,0,210,,1
17448,stamford,2012,1,0,0,,
17449,stamford,2012,2A(1),0,0,,
17450,stamford,2012,2A(2),0,0,,
17451,stamford,2012,2B,0,63,,1
17452,stamford,2012,2C,54,126,,1
17453,stamford,2012,2C(S),17,72,,1
17454,stamford,2012,3,0,38,,1
17455,stamford,2012,Total,0,180,,1
17456,stamford,2013,1,0,0,,
17457,stamford,2013,2A(1),0,0,,
17458,stamford,2013,2A(2),0,0,,
17459,stamford,2013,2B,1,59,,1
17460,stamford,2013,2C,54,117,,1
17461,stamford,2013,2C(S),19,66,,1
17462,stamford,2013,3,0,32,,1
17463,stamford,2013,Total,0,180,,1
17464,stamford,2014,1,0,0,,
17465,stamford,2014,2A(1),0,0,,
17466,stamford,2014,2A(2),0,0,,
17467,stamford,2014,2B,1,67,,1
17468,stamford,2014,2C,21,133,,1
17469,stamford,2014,2C(S),12,112,,1
17470,stamford,2014,3,0,100,,1
17471,stamford,2014,Total,0,180,,1
17472,stamford,2015,1,0,0,,
17473,stamford,2015,2A(1),0,0,,
17474,stamford,2015,2A(2),0,0,,
17475,stamford,2015,2B,0,51,,1
17476,stamford,2015,2C,35,103,,1
17477,stamford,2015,2C(S),4,68,,1
17478,stamford,2015,3,0,64,,1
17479,stamford,2015,Total,0,150,,1
17480,stamford,2016,1,0,0,,
17481,stamford,2016,2A(1),0,0,,
17482,stamford,2016,2A(2),0,0,,
17483,stamford,2016,2B,0,57,,1
17484,stamford,2016,2C,30,113,,1
17485,stamford,2016,2C(S),6,84,,1
17486,stamford,2016,3,0,78,,1
17487,stamford,2016,Total,0,150,,1
17488,stamford,2017,1,0,0,,
17489,stamford,2017,2A(1),0,0,,
17490,stamford,2017,2A(2),0,0,,
17491,stamford,2017,2B,0,56,,1
17492,stamford,2017,2C,29,112,,1
17493,stamford,2017,2C(S),3,84,,1
17494,stamford,2017,3,0,81,,1
17495,stamford,2017,Total,0,150,,1
17496,stamford,2018,1,0,0,,
17497,stamford,2018,2A(1),0,0,,
17498,stamford,2018,2A(2),0,0,,
17499,stamford,2018,2B,0,76,,1
17500,stamford,2018,2C,23,152,,1
17501,stamford,2018,2C(S),12,129,,1
17502,stamford,2018,3,0,117,,1
17503,stamford,2018,Total,0,180,,1
17504,stamford,2019,1,23,110,,1
17505,stamford,2019,2A(1),0,87,,1
17506,stamford,2019,2A(2),4,87,,1
17507,stamford,2019,2B,0,62,,1
17508,stamford,2019,2C,29,124,,1
17509,stamford,2019,2C(S),6,95,,1
17510,stamford,2019,3,0,89,,1
17511,stamford,2019,Total,0,150,,1
17512,stamford,2020,1,29,110,,1
17513,stamford,2020,2A(1),0,81,,1
17514,stamford,2020,2A(2),6,81,,1
17515,stamford,2020,2B,0,58,,1
17516,stamford,2020,2C,24,115,,1
17517,stamford,2020,2C(S),9,92,,1
17518,stamford,2020,3,0,83,,1
17519,stamford,2020,Total,0,150,,1
17520,tampines,2009,1,0,0,,
17521,tampines,2009,2A(1),0,0,,
17522,tampines,2009,2A(2),0,0,,
17523,tampines,2009,2B,0,68,,1
17524,tampines,2009,2C,68,135,,1
17525,tampines,2009,2C(S),60,68,,1
17526,tampines,2009,3,0,5,,1
17527,tampines,2009,Total,0,210,,1
17528,tampines,2010,1,0,0,,
17529,tampines,2010,2A(1),0,0,,
17530,tampines,2010,2A(2),0,0,,
17531,tampines,2010,2B,0,64,,1
17532,tampines,2010,2C,89,127,,1
17533,tampines,2010,2C(S),46,39,,0.847826086956522
17534,tampines,2010,3,0,0,,
17535,tampines,2010,Total,0,210,,1
17536,tampines,2011,1,0,0,,
17537,tampines,2011,2A(1),0,0,,
17538,tampines,2011,2A(2),0,0,,
17539,tampines,2011,2B,2,60,,1
17540,tampines,2011,2C,123,118,,0.959349593495935
17541,tampines,2011,2C(S),0,0,,
17542,tampines,2011,3,0,0,,
17543,tampines,2011,Total,0,210,,1
17544,tampines,2012,1,0,0,,
17545,tampines,2012,2A(1),0,0,,
17546,tampines,2012,2A(2),0,0,,
17547,tampines,2012,2B,7,68,,1
17548,tampines,2012,2C,127,129,,1
17549,tampines,2012,2C(S),6,3,,0.5
17550,tampines,2012,3,0,0,,
17551,tampines,2012,Total,0,210,,1
17552,tampines,2013,1,0,0,,
17553,tampines,2013,2A(1),0,0,,
17554,tampines,2013,2A(2),0,0,,
17555,tampines,2013,2B,7,58,,1
17556,tampines,2013,2C,119,109,,0.915966386554622
17557,tampines,2013,2C(S),0,0,,
17558,tampines,2013,3,0,0,,
17559,tampines,2013,Total,0,210,,1
17560,tampines,2014,1,0,0,,
17561,tampines,2014,2A(1),0,0,,
17562,tampines,2014,2A(2),0,0,,
17563,tampines,2014,2B,5,58,,1
17564,tampines,2014,2C,116,110,,0.948275862068966
17565,tampines,2014,2C(S),0,0,,
17566,tampines,2014,3,0,0,,
17567,tampines,2014,Total,0,210,,1
17568,tampines,2015,1,0,0,,
17569,tampines,2015,2A(1),0,0,,
17570,tampines,2015,2A(2),0,0,,
17571,tampines,2015,2B,4,50,,1
17572,tampines,2015,2C,120,102,,0.85
17573,tampines,2015,2C(S),0,0,,
17574,tampines,2015,3,0,0,,
17575,tampines,2015,Total,0,210,,1
17576,tampines,2016,1,0,0,,
17577,tampines,2016,2A(1),0,0,,
17578,tampines,2016,2A(2),0,0,,
17579,tampines,2016,2B,3,35,,1
17580,tampines,2016,2C,72,71,,0.986111111111111
17581,tampines,2016,2C(S),0,0,,
17582,tampines,2016,3,0,0,,
17583,tampines,2016,Total,0,180,,1
17584,tampines,2017,1,0,0,,
17585,tampines,2017,2A(1),0,0,,
17586,tampines,2017,2A(2),0,0,,
17587,tampines,2017,2B,3,42,,1
17588,tampines,2017,2C,92,81,,0.880434782608696
17589,tampines,2017,2C(S),0,0,,
17590,tampines,2017,3,0,0,,
17591,tampines,2017,Total,0,180,,1
17592,tampines,2018,1,0,0,,
17593,tampines,2018,2A(1),0,0,,
17594,tampines,2018,2A(2),0,0,,
17595,tampines,2018,2B,3,55,,1
17596,tampines,2018,2C,115,107,,0.930434782608696
17597,tampines,2018,2C(S),0,0,,
17598,tampines,2018,3,0,0,,
17599,tampines,2018,Total,0,210,,1
17600,tampines,2019,1,72,140,,1
17601,tampines,2019,2A(1),0,68,,1
17602,tampines,2019,2A(2),18,69,,1
17603,tampines,2019,2B,2,46,,1
17604,tampines,2019,2C,94,90,PR1-2,0.957446808510638
17605,tampines,2019,2C(S),0,0,,
17606,tampines,2019,3,0,0,,
17607,tampines,2019,Total,0,180,,1
17608,tampines,2020,1,95,170,,1
17609,tampines,2020,2A(1),0,75,,1
17610,tampines,2020,2A(2),33,75,,1
17611,tampines,2020,2B,1,41,,1
17612,tampines,2020,2C,98,83,SC1-2,0.846938775510204
17613,tampines,2020,2C(S),0,0,,
17614,tampines,2020,3,0,0,,
17615,tampines,2020,Total,0,210,,1
17616,tampines,2021,1,96,200,,1
17617,tampines,2021,2A(1),1,104,,1
17618,tampines,2021,2A(2),43,103,,1
17619,tampines,2021,2B,0,51,,1
17620,tampines,2021,2C,105,102,PR1-2,0.971428571428571
17621,tampines,2021,2C(S),0,0,,
17622,tampines,2021,3,0,0,,
17623,tampines,2021,Total,0,240,,1
17624,tampines,2022,1,92,180,,1
17625,tampines,2022,2A(1),66,89,,1
17626,tampines,2022,2A(2),0,0,,
17627,tampines,2022,2B,2,28,,1
17628,tampines,2022,2C,81,86,,1
17629,tampines,2022,2C(S),19,5,SC<1,0.263157894736842
17630,tampines,2022,3,0,0,,
17631,tampines,2022,Total,0,240,,1
17632,tampines,2023,1,77,180,,1
17633,tampines,2023,2A(1),62,103,,1
17634,tampines,2023,2A(2),0,0,,
17635,tampines,2023,2B,0,34,,1
17636,tampines,2023,2C,92,102,,1
17637,tampines,2023,2C(S),53,10,SC<1,0.188679245283019
17638,tampines,2023,3,0,0,,
17639,tampines,2023,Total,0,240,,1
17640,tampines-north,2009,1,0,0,,
17641,tampines-north,2009,2A(1),0,0,,
17642,tampines-north,2009,2A(2),0,0,,
17643,tampines-north,2009,2B,3,66,,1
17644,tampines-north,2009,2C,82,129,,1
17645,tampines-north,2009,2C(S),28,47,,1
17646,tampines-north,2009,3,0,17,,1
17647,tampines-north,2009,Total,0,240,,1
17648,tampines-north,2010,1,0,0,,
17649,tampines-north,2010,2A(1),0,0,,
17650,tampines-north,2010,2A(2),0,0,,
17651,tampines-north,2010,2B,2,55,,1
17652,tampines-north,2010,2C,58,108,,1
17653,tampines-north,2010,2C(S),42,51,,1
17654,tampines-north,2010,3,0,6,,1
17655,tampines-north,2010,Total,0,210,,1
17656,tampines-north,2011,1,0,0,,
17657,tampines-north,2011,2A(1),0,0,,
17658,tampines-north,2011,2A(2),0,0,,
17659,tampines-north,2011,2B,0,61,,1
17660,tampines-north,2011,2C,56,121,,1
17661,tampines-north,2011,2C(S),41,65,,1
17662,tampines-north,2011,3,0,24,,1
17663,tampines-north,2011,Total,0,210,,1
17664,tampines-north,2012,1,0,0,,
17665,tampines-north,2012,2A(1),0,0,,
17666,tampines-north,2012,2A(2),0,0,,
17667,tampines-north,2012,2B,1,64,,1
17668,tampines-north,2012,2C,76,127,,1
17669,tampines-north,2012,2C(S),14,55,,1
17670,tampines-north,2012,3,0,39,,1
17671,tampines-north,2012,Total,0,210,,1
17672,tampines-north,2013,1,0,0,,
17673,tampines-north,2013,2A(1),0,0,,
17674,tampines-north,2013,2A(2),0,0,,
17675,tampines-north,2013,2B,2,67,,1
17676,tampines-north,2013,2C,63,131,,1
17677,tampines-north,2013,2C(S),17,69,,1
17678,tampines-north,2013,3,0,47,,1
17679,tampines-north,2013,Total,0,210,,1
17680,tampines-north,2014,1,0,0,,
17681,tampines-north,2014,2A(1),0,0,,
17682,tampines-north,2014,2A(2),0,0,,
17683,tampines-north,2014,2B,0,63,,1
17684,tampines-north,2014,2C,64,126,,1
17685,tampines-north,2014,2C(S),21,63,,1
17686,tampines-north,2014,3,0,42,,1
17687,tampines-north,2014,Total,0,210,,1
17688,tampines-north,2015,1,0,0,,
17689,tampines-north,2015,2A(1),0,0,,
17690,tampines-north,2015,2A(2),0,0,,
17691,tampines-north,2015,2B,0,70,,1
17692,tampines-north,2015,2C,85,139,,1
17693,tampines-north,2015,2C(S),25,54,,1
17694,tampines-north,2015,3,0,29,,1
17695,tampines-north,2015,Total,0,210,,1
17696,tampines-north,2016,1,0,0,,
17697,tampines-north,2016,2A(1),0,0,,
17698,tampines-north,2016,2A(2),0,0,,
17699,tampines-north,2016,2B,0,58,,1
17700,tampines-north,2016,2C,51,115,,1
17701,tampines-north,2016,2C(S),15,65,,1
17702,tampines-north,2016,3,0,50,,1
17703,tampines-north,2016,Total,0,180,,1
17704,tampines-north,2017,1,0,0,,
17705,tampines-north,2017,2A(1),0,0,,
17706,tampines-north,2017,2A(2),0,0,,
17707,tampines-north,2017,2B,0,59,,1
17708,tampines-north,2017,2C,79,118,,1
17709,tampines-north,2017,2C(S),44,40,,0.909090909090909
17710,tampines-north,2017,3,0,0,,
17711,tampines-north,2017,Total,0,180,,1
17712,tampines-north,2018,1,0,0,,
17713,tampines-north,2018,2A(1),0,0,,
17714,tampines-north,2018,2A(2),0,0,,
17715,tampines-north,2018,2B,0,74,,1
17716,tampines-north,2018,2C,63,147,,1
17717,tampines-north,2018,2C(S),112,85,,0.758928571428571
17718,tampines-north,2018,3,0,0,,
17719,tampines-north,2018,Total,0,210,,1
17720,tampines-north,2019,1,60,170,,1
17721,tampines-north,2019,2A(1),0,110,,1
17722,tampines-north,2019,2A(2),9,110,,1
17723,tampines-north,2019,2B,0,71,,1
17724,tampines-north,2019,2C,76,141,,1
17725,tampines-north,2019,2C(S),33,65,,1
17726,tampines-north,2019,3,0,32,,1
17727,tampines-north,2019,Total,0,210,,1
17728,tampines-north,2020,1,78,200,,1
17729,tampines-north,2020,2A(1),1,122,,1
17730,tampines-north,2020,2A(2),14,121,,1
17731,tampines-north,2020,2B,0,74,,1
17732,tampines-north,2020,2C,82,147,,1
17733,tampines-north,2020,2C(S),95,66,SC1-2,0.694736842105263
17734,tampines-north,2020,3,0,0,,
17735,tampines-north,2020,Total,0,240,,1
17736,tampines-north,2021,1,74,200,,1
17737,tampines-north,2021,2A(1),0,126,,1
17738,tampines-north,2021,2A(2),11,126,,1
17739,tampines-north,2021,2B,0,78,,1
17740,tampines-north,2021,2C,62,155,,1
17741,tampines-north,2021,2C(S),57,93,,1
17742,tampines-north,2021,3,0,36,,1
17743,tampines-north,2021,Total,0,240,,1
17744,tampines-north,2022,1,81,180,,1
17745,tampines-north,2022,2A(1),13,99,,1
17746,tampines-north,2022,2A(2),0,0,,
17747,tampines-north,2022,2B,0,49,,1
17748,tampines-north,2022,2C,46,146,,1
17749,tampines-north,2022,2C(S),48,100,,1
17750,tampines-north,2022,3,0,52,,1
17751,tampines-north,2022,Total,0,240,,1
17752,tampines-north,2023,1,84,180,,1
17753,tampines-north,2023,2A(1),18,96,,1
17754,tampines-north,2023,2A(2),0,0,,
17755,tampines-north,2023,2B,0,46,,1
17756,tampines-north,2023,2C,47,138,,1
17757,tampines-north,2023,2C(S),127,91,SC1-2,0.716535433070866
17758,tampines-north,2023,3,0,0,,
17759,tampines-north,2023,Total,0,240,,1
17760,tanjong-katong,2009,1,0,0,,
17761,tanjong-katong,2009,2A(1),0,0,,
17762,tanjong-katong,2009,2A(2),0,0,,
17763,tanjong-katong,2009,2B,14,84,,1
17764,tanjong-katong,2009,2C,105,159,,1
17765,tanjong-katong,2009,2C(S),41,54,,1
17766,tanjong-katong,2009,3,0,12,,1
17767,tanjong-katong,2009,Total,0,300,,1
17768,tanjong-katong,2010,1,0,0,,
17769,tanjong-katong,2010,2A(1),0,0,,
17770,tanjong-katong,2010,2A(2),0,0,,
17771,tanjong-katong,2010,2B,12,68,,1
17772,tanjong-katong,2010,2C,111,125,,1
17773,tanjong-katong,2010,2C(S),31,16,,0.516129032258065
17774,tanjong-katong,2010,3,0,0,,
17775,tanjong-katong,2010,Total,0,270,,1
17776,tanjong-katong,2011,1,0,0,,
17777,tanjong-katong,2011,2A(1),0,0,,
17778,tanjong-katong,2011,2A(2),0,0,,
17779,tanjong-katong,2011,2B,7,55,,1
17780,tanjong-katong,2011,2C,101,107,,1
17781,tanjong-katong,2011,2C(S),12,7,,0.583333333333333
17782,tanjong-katong,2011,3,0,0,,
17783,tanjong-katong,2011,Total,0,240,,1
17784,tanjong-katong,2012,1,0,0,,
17785,tanjong-katong,2012,2A(1),0,0,,
17786,tanjong-katong,2012,2A(2),0,0,,
17787,tanjong-katong,2012,2B,3,60,,1
17788,tanjong-katong,2012,2C,138,118,,0.855072463768116
17789,tanjong-katong,2012,2C(S),0,0,,
17790,tanjong-katong,2012,3,0,0,,
17791,tanjong-katong,2012,Total,0,240,,1
17792,tanjong-katong,2013,1,0,0,,
17793,tanjong-katong,2013,2A(1),0,0,,
17794,tanjong-katong,2013,2A(2),0,0,,
17795,tanjong-katong,2013,2B,9,76,,1
17796,tanjong-katong,2013,2C,135,143,,1
17797,tanjong-katong,2013,2C(S),25,17,,0.68
17798,tanjong-katong,2013,3,0,0,,
17799,tanjong-katong,2013,Total,0,270,,1
17800,tanjong-katong,2014,1,0,0,,
17801,tanjong-katong,2014,2A(1),0,0,,
17802,tanjong-katong,2014,2A(2),0,0,,
17803,tanjong-katong,2014,2B,0,62,,1
17804,tanjong-katong,2014,2C,124,123,,0.991935483870968
17805,tanjong-katong,2014,2C(S),9,6,,0.666666666666667
17806,tanjong-katong,2014,3,0,0,,
17807,tanjong-katong,2014,Total,0,240,,1
17808,tanjong-katong,2015,1,0,0,,
17809,tanjong-katong,2015,2A(1),0,0,,
17810,tanjong-katong,2015,2A(2),0,0,,
17811,tanjong-katong,2015,2B,0,58,,1
17812,tanjong-katong,2015,2C,93,121,,1
17813,tanjong-katong,2015,2C(S),29,29,,1
17814,tanjong-katong,2015,3,0,0,,
17815,tanjong-katong,2015,Total,0,240,,1
17816,tanjong-katong,2016,1,0,0,,
17817,tanjong-katong,2016,2A(1),0,0,,
17818,tanjong-katong,2016,2A(2),0,0,,
17819,tanjong-katong,2016,2B,0,60,,1
17820,tanjong-katong,2016,2C,99,125,,1
17821,tanjong-katong,2016,2C(S),19,28,,1
17822,tanjong-katong,2016,3,0,9,,1
17823,tanjong-katong,2016,Total,0,240,,1
17824,tanjong-katong,2017,1,0,0,,
17825,tanjong-katong,2017,2A(1),0,0,,
17826,tanjong-katong,2017,2A(2),0,0,,
17827,tanjong-katong,2017,2B,0,72,,1
17828,tanjong-katong,2017,2C,97,147,,1
17829,tanjong-katong,2017,2C(S),23,52,,1
17830,tanjong-katong,2017,3,0,29,,1
17831,tanjong-katong,2017,Total,0,240,,1
17832,tanjong-katong,2018,1,0,0,,
17833,tanjong-katong,2018,2A(1),0,0,,
17834,tanjong-katong,2018,2A(2),0,0,,
17835,tanjong-katong,2018,2B,4,74,,1
17836,tanjong-katong,2018,2C,91,148,,1
17837,tanjong-katong,2018,2C(S),65,57,,0.876923076923077
17838,tanjong-katong,2018,3,0,0,,
17839,tanjong-katong,2018,Total,0,240,,1
17840,tanjong-katong,2019,1,72,160,,1
17841,tanjong-katong,2019,2A(1),0,88,,1
17842,tanjong-katong,2019,2A(2),30,88,,1
17843,tanjong-katong,2019,2B,4,49,,1
17844,tanjong-katong,2019,2C,107,95,PR<1#,0.88785046728972
17845,tanjong-katong,2019,2C(S),0,0,,
17846,tanjong-katong,2019,3,0,0,,
17847,tanjong-katong,2019,Total,0,200,,1
17848,tanjong-katong,2020,1,80,160,,1
17849,tanjong-katong,2020,2A(1),1,80,,1
17850,tanjong-katong,2020,2A(2),29,80,,1
17851,tanjong-katong,2020,2B,3,46,,1
17852,tanjong-katong,2020,2C,114,89,SC>2,0.780701754385965
17853,tanjong-katong,2020,2C(S),0,0,,
17854,tanjong-katong,2020,3,0,0,,
17855,tanjong-katong,2020,Total,0,200,,1
17856,tanjong-katong,2021,1,78,160,,1
17857,tanjong-katong,2021,2A(1),0,82,,1
17858,tanjong-katong,2021,2A(2),35,82,,1
17859,tanjong-katong,2021,2B,12,44,,1
17860,tanjong-katong,2021,2C,94,78,SC>2,0.829787234042553
17861,tanjong-katong,2021,2C(S),0,0,,
17862,tanjong-katong,2021,3,0,0,,
17863,tanjong-katong,2021,Total,0,200,,1
17864,tanjong-katong,2022,1,85,140,,1
17865,tanjong-katong,2022,2A(1),27,55,,1
17866,tanjong-katong,2022,2A(2),0,0,,
17867,tanjong-katong,2022,2B,14,30,,1
17868,tanjong-katong,2022,2C,98,75,SC>2,0.76530612244898
17869,tanjong-katong,2022,2C(S),0,0,,
17870,tanjong-katong,2022,3,0,0,,
17871,tanjong-katong,2022,Total,0,200,,1
17872,tanjong-katong,2023,1,71,140,,1
17873,tanjong-katong,2023,2A(1),33,69,,1
17874,tanjong-katong,2023,2A(2),0,0,,
17875,tanjong-katong,2023,2B,13,32,,1
17876,tanjong-katong,2023,2C,108,87,SC1-2,0.805555555555556
17877,tanjong-katong,2023,2C(S),0,0,,
17878,tanjong-katong,2023,3,0,0,,
17879,tanjong-katong,2023,Total,0,200,,1
17880,tao-nan,2009,1,0,0,,
17881,tao-nan,2009,2A(1),0,0,,
17882,tao-nan,2009,2A(2),0,0,,
17883,tao-nan,2009,2B,107,82,,0.766355140186916
17884,tao-nan,2009,2C,103,82,,0.796116504854369
17885,tao-nan,2009,2C(S),0,0,,
17886,tao-nan,2009,3,0,0,,
17887,tao-nan,2009,Total,0,360,,1
17888,tao-nan,2010,1,0,0,,
17889,tao-nan,2010,2A(1),0,0,,
17890,tao-nan,2010,2A(2),0,0,,
17891,tao-nan,2010,2B,114,62,,0.543859649122807
17892,tao-nan,2010,2C,99,62,,0.626262626262626
17893,tao-nan,2010,2C(S),0,0,,
17894,tao-nan,2010,3,0,0,,
17895,tao-nan,2010,Total,0,360,,1
17896,tao-nan,2011,1,0,0,,
17897,tao-nan,2011,2A(1),0,0,,
17898,tao-nan,2011,2A(2),0,0,,
17899,tao-nan,2011,2B,84,47,,0.55952380952381
17900,tao-nan,2011,2C,88,49,,0.556818181818182
17901,tao-nan,2011,2C(S),0,0,,
17902,tao-nan,2011,3,0,0,,
17903,tao-nan,2011,Total,0,360,,1
17904,tao-nan,2012,1,0,0,,
17905,tao-nan,2012,2A(1),0,0,,
17906,tao-nan,2012,2A(2),0,0,,
17907,tao-nan,2012,2B,80,53,,0.6625
17908,tao-nan,2012,2C,79,53,,0.670886075949367
17909,tao-nan,2012,2C(S),0,0,,
17910,tao-nan,2012,3,0,0,,
17911,tao-nan,2012,Total,0,360,,1
17912,tao-nan,2013,1,0,0,,
17913,tao-nan,2013,2A(1),0,0,,
17914,tao-nan,2013,2A(2),0,0,,
17915,tao-nan,2013,2B,66,41,,0.621212121212121
17916,tao-nan,2013,2C,49,40,,0.816326530612245
17917,tao-nan,2013,2C(S),0,0,,
17918,tao-nan,2013,3,0,0,,
17919,tao-nan,2013,Total,0,360,,1
17920,tao-nan,2014,1,0,0,,
17921,tao-nan,2014,2A(1),0,0,,
17922,tao-nan,2014,2A(2),0,0,,
17923,tao-nan,2014,2B,64,42,,0.65625
17924,tao-nan,2014,2C,65,42,,0.646153846153846
17925,tao-nan,2014,2C(S),0,0,,
17926,tao-nan,2014,3,0,0,,
17927,tao-nan,2014,Total,0,360,,1
17928,tao-nan,2015,1,0,0,,
17929,tao-nan,2015,2A(1),0,0,,
17930,tao-nan,2015,2A(2),0,0,,
17931,tao-nan,2015,2B,58,28,,0.482758620689655
17932,tao-nan,2015,2C,63,31,,0.492063492063492
17933,tao-nan,2015,2C(S),0,0,,
17934,tao-nan,2015,3,0,0,,
17935,tao-nan,2015,Total,0,360,,1
17936,tao-nan,2016,1,0,0,,
17937,tao-nan,2016,2A(1),0,0,,
17938,tao-nan,2016,2A(2),0,0,,
17939,tao-nan,2016,2B,48,45,,0.9375
17940,tao-nan,2016,2C,73,48,,0.657534246575342
17941,tao-nan,2016,2C(S),0,0,,
17942,tao-nan,2016,3,0,0,,
17943,tao-nan,2016,Total,0,360,,1
17944,tao-nan,2017,1,0,0,,
17945,tao-nan,2017,2A(1),0,0,,
17946,tao-nan,2017,2A(2),0,0,,
17947,tao-nan,2017,2B,47,44,,0.936170212765958
17948,tao-nan,2017,2C,59,44,,0.745762711864407
17949,tao-nan,2017,2C(S),0,0,,
17950,tao-nan,2017,3,0,0,,
17951,tao-nan,2017,Total,0,360,,1
17952,tao-nan,2018,1,0,0,,
17953,tao-nan,2018,2A(1),0,0,,
17954,tao-nan,2018,2A(2),0,0,,
17955,tao-nan,2018,2B,55,42,,0.763636363636364
17956,tao-nan,2018,2C,55,44,,0.8
17957,tao-nan,2018,2C(S),0,0,,
17958,tao-nan,2018,3,0,0,,
17959,tao-nan,2018,Total,0,360,,1
17960,tao-nan,2019,1,159,320,,1
17961,tao-nan,2019,2A(1),110,161,,1
17962,tao-nan,2019,2A(2),24,51,,1
17963,tao-nan,2019,2B,36,35,SC<1#,0.972222222222222
17964,tao-nan,2019,2C,62,36,SC<1,0.580645161290323
17965,tao-nan,2019,2C(S),0,0,,
17966,tao-nan,2019,3,0,0,,
17967,tao-nan,2019,Total,0,360,,1
17968,tao-nan,2020,1,171,320,,1
17969,tao-nan,2020,2A(1),109,150,,1
17970,tao-nan,2020,2A(2),41,41,,1
17971,tao-nan,2020,2B,53,20,SC<1,0.377358490566038
17972,tao-nan,2020,2C,75,21,SC<1,0.28
17973,tao-nan,2020,2C(S),0,0,,
17974,tao-nan,2020,3,0,0,,
17975,tao-nan,2020,Total,0,360,,1
17976,tao-nan,2021,1,174,320,,1
17977,tao-nan,2021,2A(1),119,146,,1
17978,tao-nan,2021,2A(2),31,27,SC>2,0.870967741935484
17979,tao-nan,2021,2B,57,20,SC<1,0.350877192982456
17980,tao-nan,2021,2C,48,23,SC<1,0.479166666666667
17981,tao-nan,2021,2C(S),0,0,,
17982,tao-nan,2021,3,0,0,,
17983,tao-nan,2021,Total,0,360,,1
17984,tao-nan,2022,1,164,300,,1
17985,tao-nan,2022,2A(1),127,136,,1
17986,tao-nan,2022,2A(2),0,0,,
17987,tao-nan,2022,2B,61,23,SC<1,0.377049180327869
17988,tao-nan,2022,2C,99,47,SC<1,0.474747474747475
17989,tao-nan,2022,2C(S),0,0,,
17990,tao-nan,2022,3,0,0,,
17991,tao-nan,2022,Total,0,360,,1
17992,tao-nan,2023,1,183,300,,1
17993,tao-nan,2023,2A(1),138,117,SC>2,0.847826086956522
17994,tao-nan,2023,2A(2),0,0,,
17995,tao-nan,2023,2B,68,20,SC<1,0.294117647058823
17996,tao-nan,2023,2C,95,41,SC<1,0.431578947368421
17997,tao-nan,2023,2C(S),0,0,,
17998,tao-nan,2023,3,0,0,,
17999,tao-nan,2023,Total,0,360,,1
18000,teck-ghee,2009,1,0,0,,
18001,teck-ghee,2009,2A(1),0,0,,
18002,teck-ghee,2009,2A(2),0,0,,
18003,teck-ghee,2009,2B,3,50,,1
18004,teck-ghee,2009,2C,86,98,,1
18005,teck-ghee,2009,2C(S),12,12,,1
18006,teck-ghee,2009,3,0,0,,
18007,teck-ghee,2009,Total,0,180,,1
18008,teck-ghee,2010,1,0,0,,
18009,teck-ghee,2010,2A(1),0,0,,
18010,teck-ghee,2010,2A(2),0,0,,
18011,teck-ghee,2010,2B,0,70,,1
18012,teck-ghee,2010,2C,107,140,,1
18013,teck-ghee,2010,2C(S),27,34,,1
18014,teck-ghee,2010,3,0,0,,
18015,teck-ghee,2010,Total,0,210,,1
18016,teck-ghee,2011,1,0,0,,
18017,teck-ghee,2011,2A(1),0,0,,
18018,teck-ghee,2011,2A(2),0,0,,
18019,teck-ghee,2011,2B,2,76,,1
18020,teck-ghee,2011,2C,137,150,,1
18021,teck-ghee,2011,2C(S),20,13,,0.65
18022,teck-ghee,2011,3,0,0,,
18023,teck-ghee,2011,Total,0,240,,1
18024,teck-ghee,2012,1,0,0,,
18025,teck-ghee,2012,2A(1),0,0,,
18026,teck-ghee,2012,2A(2),0,0,,
18027,teck-ghee,2012,2B,2,74,,1
18028,teck-ghee,2012,2C,149,146,,0.979865771812081
18029,teck-ghee,2012,2C(S),0,0,,
18030,teck-ghee,2012,3,0,0,,
18031,teck-ghee,2012,Total,0,240,,1
18032,teck-ghee,2013,1,0,0,,
18033,teck-ghee,2013,2A(1),0,0,,
18034,teck-ghee,2013,2A(2),0,0,,
18035,teck-ghee,2013,2B,8,69,,1
18036,teck-ghee,2013,2C,152,130,,0.855263157894737
18037,teck-ghee,2013,2C(S),0,0,,
18038,teck-ghee,2013,3,0,0,,
18039,teck-ghee,2013,Total,0,240,,1
18040,teck-ghee,2014,1,0,0,,
18041,teck-ghee,2014,2A(1),0,0,,
18042,teck-ghee,2014,2A(2),0,0,,
18043,teck-ghee,2014,2B,6,65,,1
18044,teck-ghee,2014,2C,131,123,,0.938931297709924
18045,teck-ghee,2014,2C(S),0,0,,
18046,teck-ghee,2014,3,0,0,,
18047,teck-ghee,2014,Total,0,240,,1
18048,teck-ghee,2015,1,0,0,,
18049,teck-ghee,2015,2A(1),0,0,,
18050,teck-ghee,2015,2A(2),0,0,,
18051,teck-ghee,2015,2B,6,73,,1
18052,teck-ghee,2015,2C,136,140,,1
18053,teck-ghee,2015,2C(S),5,5,,1
18054,teck-ghee,2015,3,0,0,,
18055,teck-ghee,2015,Total,0,240,,1
18056,teck-ghee,2016,1,0,0,,
18057,teck-ghee,2016,2A(1),0,0,,
18058,teck-ghee,2016,2A(2),0,0,,
18059,teck-ghee,2016,2B,5,51,,1
18060,teck-ghee,2016,2C,110,97,,0.881818181818182
18061,teck-ghee,2016,2C(S),0,0,,
18062,teck-ghee,2016,3,0,0,,
18063,teck-ghee,2016,Total,0,210,,1
18064,teck-ghee,2017,1,0,0,,
18065,teck-ghee,2017,2A(1),0,0,,
18066,teck-ghee,2017,2A(2),0,0,,
18067,teck-ghee,2017,2B,5,46,,1
18068,teck-ghee,2017,2C,122,88,,0.721311475409836
18069,teck-ghee,2017,2C(S),0,0,,
18070,teck-ghee,2017,3,0,0,,
18071,teck-ghee,2017,Total,0,210,,1
18072,teck-ghee,2018,1,0,0,,
18073,teck-ghee,2018,2A(1),0,0,,
18074,teck-ghee,2018,2A(2),0,0,,
18075,teck-ghee,2018,2B,16,50,,1
18076,teck-ghee,2018,2C,114,85,,0.745614035087719
18077,teck-ghee,2018,2C(S),0,0,,
18078,teck-ghee,2018,3,0,0,,
18079,teck-ghee,2018,Total,0,210,,1
18080,teck-ghee,2019,1,65,140,,1
18081,teck-ghee,2019,2A(1),0,75,,1
18082,teck-ghee,2019,2A(2),23,76,,1
18083,teck-ghee,2019,2B,11,47,,1
18084,teck-ghee,2019,2C,86,83,PR<1#,0.965116279069768
18085,teck-ghee,2019,2C(S),0,0,,
18086,teck-ghee,2019,3,0,0,,
18087,teck-ghee,2019,Total,0,180,,1
18088,teck-ghee,2020,1,74,170,,1
18089,teck-ghee,2020,2A(1),0,96,,1
18090,teck-ghee,2020,2A(2),26,96,,1
18091,teck-ghee,2020,2B,14,55,,1
18092,teck-ghee,2020,2C,119,96,SC1-2,0.80672268907563
18093,teck-ghee,2020,2C(S),0,0,,
18094,teck-ghee,2020,3,0,0,,
18095,teck-ghee,2020,Total,0,210,,1
18096,teck-ghee,2021,1,77,170,,1
18097,teck-ghee,2021,2A(1),0,93,,1
18098,teck-ghee,2021,2A(2),16,93,,1
18099,teck-ghee,2021,2B,9,59,,1
18100,teck-ghee,2021,2C,93,110,,1
18101,teck-ghee,2021,2C(S),29,18,SC1-2,0.620689655172414
18102,teck-ghee,2021,3,0,0,,
18103,teck-ghee,2021,Total,0,210,,1
18104,teck-ghee,2022,1,73,150,,1
18105,teck-ghee,2022,2A(1),13,77,,1
18106,teck-ghee,2022,2A(2),0,0,,
18107,teck-ghee,2022,2B,6,41,,1
18108,teck-ghee,2022,2C,92,118,,1
18109,teck-ghee,2022,2C(S),26,26,,1
18110,teck-ghee,2022,3,0,0,,
18111,teck-ghee,2022,Total,0,210,,1
18112,teck-ghee,2023,1,76,120,,1
18113,teck-ghee,2023,2A(1),16,44,,1
18114,teck-ghee,2023,2A(2),0,0,,
18115,teck-ghee,2023,2B,5,29,,1
18116,teck-ghee,2023,2C,64,84,,1
18117,teck-ghee,2023,2C(S),22,20,SC#,0.909090909090909
18118,teck-ghee,2023,3,0,0,,
18119,teck-ghee,2023,Total,0,180,,1
18120,teck-whye,2009,1,0,0,,
18121,teck-whye,2009,2A(1),0,0,,
18122,teck-whye,2009,2A(2),0,0,,
18123,teck-whye,2009,2B,0,82,,1
18124,teck-whye,2009,2C,34,165,,1
18125,teck-whye,2009,2C(S),43,131,,1
18126,teck-whye,2009,3,0,77,,1
18127,teck-whye,2009,Total,0,240,,1
18128,teck-whye,2010,1,0,0,,
18129,teck-whye,2010,2A(1),0,0,,
18130,teck-whye,2010,2A(2),0,0,,
18131,teck-whye,2010,2B,1,92,,1
18132,teck-whye,2010,2C,36,182,,1
18133,teck-whye,2010,2C(S),25,146,,1
18134,teck-whye,2010,3,0,55,,1
18135,teck-whye,2010,Total,0,240,,1
18136,teck-whye,2011,1,0,0,,
18137,teck-whye,2011,2A(1),0,0,,
18138,teck-whye,2011,2A(2),0,0,,
18139,teck-whye,2011,2B,1,94,,1
18140,teck-whye,2011,2C,23,188,,1
18141,teck-whye,2011,2C(S),42,165,,1
18142,teck-whye,2011,3,0,42,,1
18143,teck-whye,2011,Total,0,240,,1
18144,teck-whye,2012,1,0,0,,
18145,teck-whye,2012,2A(1),0,0,,
18146,teck-whye,2012,2A(2),0,0,,
18147,teck-whye,2012,2B,1,90,,1
18148,teck-whye,2012,2C,38,179,,1
18149,teck-whye,2012,2C(S),43,142,,1
18150,teck-whye,2012,3,0,63,,1
18151,teck-whye,2012,Total,0,240,,1
18152,teck-whye,2013,1,0,0,,
18153,teck-whye,2013,2A(1),0,0,,
18154,teck-whye,2013,2A(2),0,0,,
18155,teck-whye,2013,2B,0,74,,1
18156,teck-whye,2013,2C,30,148,,1
18157,teck-whye,2013,2C(S),10,122,,1
18158,teck-whye,2013,3,0,42,,1
18159,teck-whye,2013,Total,0,210,,1
18160,teck-whye,2014,1,0,0,,
18161,teck-whye,2014,2A(1),0,0,,
18162,teck-whye,2014,2A(2),0,0,,
18163,teck-whye,2014,2B,0,81,,1
18164,teck-whye,2014,2C,33,161,,1
18165,teck-whye,2014,2C(S),24,130,,1
18166,teck-whye,2014,3,0,106,,1
18167,teck-whye,2014,Total,0,210,,1
18168,teck-whye,2015,1,0,0,,
18169,teck-whye,2015,2A(1),0,0,,
18170,teck-whye,2015,2A(2),0,0,,
18171,teck-whye,2015,2B,0,60,,1
18172,teck-whye,2015,2C,39,121,,1
18173,teck-whye,2015,2C(S),15,82,,1
18174,teck-whye,2015,3,0,67,,1
18175,teck-whye,2015,Total,0,180,,1
18176,teck-whye,2016,1,0,0,,
18177,teck-whye,2016,2A(1),0,0,,
18178,teck-whye,2016,2A(2),0,0,,
18179,teck-whye,2016,2B,0,68,,1
18180,teck-whye,2016,2C,31,136,,1
18181,teck-whye,2016,2C(S),21,106,,1
18182,teck-whye,2016,3,0,85,,1
18183,teck-whye,2016,Total,0,180,,1
18184,teck-whye,2017,1,0,0,,
18185,teck-whye,2017,2A(1),0,0,,
18186,teck-whye,2017,2A(2),0,0,,
18187,teck-whye,2017,2B,0,66,,1
18188,teck-whye,2017,2C,27,133,,1
18189,teck-whye,2017,2C(S),53,106,,1
18190,teck-whye,2017,3,0,53,,1
18191,teck-whye,2017,Total,0,180,,1
18192,teck-whye,2018,1,0,0,,
18193,teck-whye,2018,2A(1),0,0,,
18194,teck-whye,2018,2A(2),0,0,,
18195,teck-whye,2018,2B,0,65,,1
18196,teck-whye,2018,2C,33,129,,1
18197,teck-whye,2018,2C(S),58,97,,1
18198,teck-whye,2018,3,0,39,,1
18199,teck-whye,2018,Total,0,180,,1
18200,teck-whye,2019,1,56,170,,1
18201,teck-whye,2019,2A(1),0,114,,1
18202,teck-whye,2019,2A(2),8,114,,1
18203,teck-whye,2019,2B,0,73,,1
18204,teck-whye,2019,2C,14,146,,1
18205,teck-whye,2019,2C(S),28,132,,1
18206,teck-whye,2019,3,0,104,,1
18207,teck-whye,2019,Total,0,210,,1
18208,teck-whye,2020,1,47,200,,1
18209,teck-whye,2020,2A(1),0,152,,1
18210,teck-whye,2020,2A(2),10,152,,1
18211,teck-whye,2020,2B,0,91,,1
18212,teck-whye,2020,2C,23,183,,1
18213,teck-whye,2020,2C(S),73,161,,1
18214,teck-whye,2020,3,0,88,,1
18215,teck-whye,2020,Total,0,240,,1
18216,teck-whye,2021,1,56,200,,1
18217,teck-whye,2021,2A(1),0,144,,1
18218,teck-whye,2021,2A(2),9,144,,1
18219,teck-whye,2021,2B,0,88,,1
18220,teck-whye,2021,2C,12,175,,1
18221,teck-whye,2021,2C(S),42,163,,1
18222,teck-whye,2021,3,0,121,,1
18223,teck-whye,2021,Total,0,240,,1
18224,teck-whye,2022,1,58,180,,1
18225,teck-whye,2022,2A(1),12,123,,1
18226,teck-whye,2022,2A(2),0,0,,
18227,teck-whye,2022,2B,0,57,,1
18228,teck-whye,2022,2C,27,172,,1
18229,teck-whye,2022,2C(S),43,145,,1
18230,teck-whye,2022,3,0,102,,1
18231,teck-whye,2022,Total,0,240,,1
18232,teck-whye,2023,1,44,150,,1
18233,teck-whye,2023,2A(1),21,106,,1
18234,teck-whye,2023,2A(2),0,0,,
18235,teck-whye,2023,2B,2,48,,1
18236,teck-whye,2023,2C,19,143,,1
18237,teck-whye,2023,2C(S),26,124,,1
18238,teck-whye,2023,3,0,98,,1
18239,teck-whye,2023,Total,0,210,,1
18240,telok-kurau,2009,1,0,0,,
18241,telok-kurau,2009,2A(1),0,0,,
18242,telok-kurau,2009,2A(2),0,0,,
18243,telok-kurau,2009,2B,3,53,,1
18244,telok-kurau,2009,2C,106,103,,0.971698113207547
18245,telok-kurau,2009,2C(S),0,0,,
18246,telok-kurau,2009,3,0,0,,
18247,telok-kurau,2009,Total,0,240,,1
18248,telok-kurau,2010,1,0,0,,
18249,telok-kurau,2010,2A(1),0,0,,
18250,telok-kurau,2010,2A(2),0,0,,
18251,telok-kurau,2010,2B,1,48,,1
18252,telok-kurau,2010,2C,105,95,,0.904761904761905
18253,telok-kurau,2010,2C(S),0,0,,
18254,telok-kurau,2010,3,0,0,,
18255,telok-kurau,2010,Total,0,210,,1
18256,telok-kurau,2011,1,0,0,,
18257,telok-kurau,2011,2A(1),0,0,,
18258,telok-kurau,2011,2A(2),0,0,,
18259,telok-kurau,2011,2B,1,57,,1
18260,telok-kurau,2011,2C,106,113,,1
18261,telok-kurau,2011,2C(S),9,8,,0.888888888888889
18262,telok-kurau,2011,3,0,0,,
18263,telok-kurau,2011,Total,0,210,,1
18264,telok-kurau,2012,1,0,0,,
18265,telok-kurau,2012,2A(1),0,0,,
18266,telok-kurau,2012,2A(2),0,0,,
18267,telok-kurau,2012,2B,1,52,,1
18268,telok-kurau,2012,2C,112,102,,0.910714285714286
18269,telok-kurau,2012,2C(S),0,0,,
18270,telok-kurau,2012,3,0,0,,
18271,telok-kurau,2012,Total,0,210,,1
18272,telok-kurau,2013,1,0,0,,
18273,telok-kurau,2013,2A(1),0,0,,
18274,telok-kurau,2013,2A(2),0,0,,
18275,telok-kurau,2013,2B,2,56,,1
18276,telok-kurau,2013,2C,110,109,,0.990909090909091
18277,telok-kurau,2013,2C(S),0,0,,
18278,telok-kurau,2013,3,0,0,,
18279,telok-kurau,2013,Total,0,210,,1
18280,telok-kurau,2014,1,0,0,,
18281,telok-kurau,2014,2A(1),0,0,,
18282,telok-kurau,2014,2A(2),0,0,,
18283,telok-kurau,2014,2B,0,55,,1
18284,telok-kurau,2014,2C,83,110,,1
18285,telok-kurau,2014,2C(S),15,30,,1
18286,telok-kurau,2014,3,0,15,,1
18287,telok-kurau,2014,Total,0,210,,1
18288,telok-kurau,2015,1,0,0,,
18289,telok-kurau,2015,2A(1),0,0,,
18290,telok-kurau,2015,2A(2),0,0,,
18291,telok-kurau,2015,2B,0,59,,1
18292,telok-kurau,2015,2C,81,118,,1
18293,telok-kurau,2015,2C(S),6,38,,1
18294,telok-kurau,2015,3,0,32,,1
18295,telok-kurau,2015,Total,0,210,,1
18296,telok-kurau,2016,1,0,0,,
18297,telok-kurau,2016,2A(1),0,0,,
18298,telok-kurau,2016,2A(2),0,0,,
18299,telok-kurau,2016,2B,1,50,,1
18300,telok-kurau,2016,2C,84,99,,1
18301,telok-kurau,2016,2C(S),6,15,,1
18302,telok-kurau,2016,3,0,9,,1
18303,telok-kurau,2016,Total,0,180,,1
18304,telok-kurau,2017,1,0,0,,
18305,telok-kurau,2017,2A(1),0,0,,
18306,telok-kurau,2017,2A(2),0,0,,
18307,telok-kurau,2017,2B,0,47,,1
18308,telok-kurau,2017,2C,66,94,,1
18309,telok-kurau,2017,2C(S),7,28,,1
18310,telok-kurau,2017,3,0,21,,1
18311,telok-kurau,2017,Total,0,180,,1
18312,telok-kurau,2018,1,0,0,,
18313,telok-kurau,2018,2A(1),0,0,,
18314,telok-kurau,2018,2A(2),0,0,,
18315,telok-kurau,2018,2B,0,83,,1
18316,telok-kurau,2018,2C,78,165,,1
18317,telok-kurau,2018,2C(S),11,87,,1
18318,telok-kurau,2018,3,0,76,,1
18319,telok-kurau,2018,Total,0,240,,1
18320,telok-kurau,2019,1,66,170,,1
18321,telok-kurau,2019,2A(1),0,104,,1
18322,telok-kurau,2019,2A(2),13,105,,1
18323,telok-kurau,2019,2B,0,67,,1
18324,telok-kurau,2019,2C,63,134,,1
18325,telok-kurau,2019,2C(S),6,71,,1
18326,telok-kurau,2019,3,0,65,,1
18327,telok-kurau,2019,Total,0,210,,1
18328,telok-kurau,2020,1,63,200,,1
18329,telok-kurau,2020,2A(1),0,137,,1
18330,telok-kurau,2020,2A(2),7,137,,1
18331,telok-kurau,2020,2B,1,85,,1
18332,telok-kurau,2020,2C,50,170,,1
18333,telok-kurau,2020,2C(S),39,121,,1
18334,telok-kurau,2020,3,0,82,,1
18335,telok-kurau,2020,Total,0,240,,1
18336,telok-kurau,2021,1,99,180,,1
18337,telok-kurau,2021,2A(1),2,81,,1
18338,telok-kurau,2021,2A(2),23,79,,1
18339,telok-kurau,2021,2B,1,48,,1
18340,telok-kurau,2021,2C,63,95,,1
18341,telok-kurau,2021,2C(S),28,32,,1
18342,telok-kurau,2021,3,0,4,,1
18343,telok-kurau,2021,Total,0,220,,1
18344,telok-kurau,2022,1,79,130,,1
18345,telok-kurau,2022,2A(1),28,51,,1
18346,telok-kurau,2022,2A(2),0,0,,
18347,telok-kurau,2022,2B,2,28,,1
18348,telok-kurau,2022,2C,72,83,,1
18349,telok-kurau,2022,2C(S),28,12,SC<1,0.428571428571428
18350,telok-kurau,2022,3,0,0,,
18351,telok-kurau,2022,Total,0,190,,1
18352,telok-kurau,2023,1,71,180,,1
18353,telok-kurau,2023,2A(1),33,109,,1
18354,telok-kurau,2023,2A(2),0,0,,
18355,telok-kurau,2023,2B,0,46,,1
18356,telok-kurau,2023,2C,56,138,,1
18357,telok-kurau,2023,2C(S),32,82,,1
18358,telok-kurau,2023,3,0,50,,1
18359,telok-kurau,2023,Total,0,240,,1
18360,temasek,2009,1,0,0,,
18361,temasek,2009,2A(1),0,0,,
18362,temasek,2009,2A(2),0,0,,
18363,temasek,2009,2B,53,53,,1
18364,temasek,2009,2C,78,53,,0.67948717948718
18365,temasek,2009,2C(S),0,0,,
18366,temasek,2009,3,0,0,,
18367,temasek,2009,Total,0,270,,1
18368,temasek,2010,1,0,0,,
18369,temasek,2010,2A(1),0,0,,
18370,temasek,2010,2A(2),0,0,,
18371,temasek,2010,2B,50,58,,1
18372,temasek,2010,2C,74,68,,0.918918918918919
18373,temasek,2010,2C(S),0,0,,
18374,temasek,2010,3,0,0,,
18375,temasek,2010,Total,0,270,,1
18376,temasek,2011,1,0,0,,
18377,temasek,2011,2A(1),0,0,,
18378,temasek,2011,2A(2),0,0,,
18379,temasek,2011,2B,36,29,,0.805555555555556
18380,temasek,2011,2C,92,29,,0.315217391304348
18381,temasek,2011,2C(S),0,0,,
18382,temasek,2011,3,0,0,,
18383,temasek,2011,Total,0,240,,1
18384,temasek,2012,1,0,0,,
18385,temasek,2012,2A(1),0,0,,
18386,temasek,2012,2A(2),0,0,,
18387,temasek,2012,2B,36,31,,0.861111111111111
18388,temasek,2012,2C,52,30,,0.576923076923077
18389,temasek,2012,2C(S),0,0,,
18390,temasek,2012,3,0,0,,
18391,temasek,2012,Total,0,240,,1
18392,temasek,2013,1,0,0,,
18393,temasek,2013,2A(1),0,0,,
18394,temasek,2013,2A(2),0,0,,
18395,temasek,2013,2B,33,30,,0.909090909090909
18396,temasek,2013,2C,58,30,,0.517241379310345
18397,temasek,2013,2C(S),0,0,,
18398,temasek,2013,3,0,0,,
18399,temasek,2013,Total,0,240,,1
18400,temasek,2014,1,0,0,,
18401,temasek,2014,2A(1),0,0,,
18402,temasek,2014,2A(2),0,0,,
18403,temasek,2014,2B,27,25,,0.925925925925926
18404,temasek,2014,2C,66,25,,0.378787878787879
18405,temasek,2014,2C(S),0,0,,
18406,temasek,2014,3,0,0,,
18407,temasek,2014,Total,0,240,,1
18408,temasek,2015,1,0,0,,
18409,temasek,2015,2A(1),0,0,,
18410,temasek,2015,2A(2),0,0,,
18411,temasek,2015,2B,29,31,,1
18412,temasek,2015,2C,54,36,,0.666666666666667
18413,temasek,2015,2C(S),0,0,,
18414,temasek,2015,3,0,0,,
18415,temasek,2015,Total,0,240,,1
18416,temasek,2016,1,0,0,,
18417,temasek,2016,2A(1),0,0,,
18418,temasek,2016,2A(2),0,0,,
18419,temasek,2016,2B,22,45,,1
18420,temasek,2016,2C,84,73,,0.869047619047619
18421,temasek,2016,2C(S),0,0,,
18422,temasek,2016,3,0,0,,
18423,temasek,2016,Total,0,240,,1
18424,temasek,2017,1,0,0,,
18425,temasek,2017,2A(1),0,0,,
18426,temasek,2017,2A(2),0,0,,
18427,temasek,2017,2B,28,38,,1
18428,temasek,2017,2C,71,50,,0.704225352112676
18429,temasek,2017,2C(S),0,0,,
18430,temasek,2017,3,0,0,,
18431,temasek,2017,Total,0,240,,1
18432,temasek,2018,1,0,0,,
18433,temasek,2018,2A(1),0,0,,
18434,temasek,2018,2A(2),0,0,,
18435,temasek,2018,2B,28,31,,1
18436,temasek,2018,2C,81,35,,0.432098765432099
18437,temasek,2018,2C(S),0,0,,
18438,temasek,2018,3,0,0,,
18439,temasek,2018,Total,0,240,,1
18440,temasek,2019,1,103,160,,1
18441,temasek,2019,2A(1),25,57,,1
18442,temasek,2019,2A(2),32,32,,1
18443,temasek,2019,2B,27,20,SC1-2,0.740740740740741
18444,temasek,2019,2C,55,21,SC<1,0.381818181818182
18445,temasek,2019,2C(S),0,0,,
18446,temasek,2019,3,0,0,,
18447,temasek,2019,Total,0,200,,1
18448,temasek,2020,1,107,160,,1
18449,temasek,2020,2A(1),40,53,,1
18450,temasek,2020,2A(2),45,13,SC1-2,0.288888888888889
18451,temasek,2020,2B,12,20,,1
18452,temasek,2020,2C,106,28,SC<1,0.264150943396226
18453,temasek,2020,2C(S),0,0,,
18454,temasek,2020,3,0,0,,
18455,temasek,2020,Total,0,200,,1
18456,temasek,2021,1,108,160,,1
18457,temasek,2021,2A(1),41,52,,1
18458,temasek,2021,2A(2),35,11,SC1-2,0.314285714285714
18459,temasek,2021,2B,11,21,,1
18460,temasek,2021,2C,95,30,SC<1,0.315789473684211
18461,temasek,2021,2C(S),0,0,,
18462,temasek,2021,3,0,0,,
18463,temasek,2021,Total,0,200,,1
18464,temasek,2022,1,91,140,,1
18465,temasek,2022,2A(1),62,49,SC>2,0.790322580645161
18466,temasek,2022,2A(2),0,0,,
18467,temasek,2022,2B,10,20,,1
18468,temasek,2022,2C,154,51,SC<1,0.331168831168831
18469,temasek,2022,2C(S),0,0,,
18470,temasek,2022,3,0,0,,
18471,temasek,2022,Total,0,200,,1
18472,temasek,2023,1,84,140,,1
18473,temasek,2023,2A(1),59,56,SC>2,0.949152542372881
18474,temasek,2023,2A(2),0,0,,
18475,temasek,2023,2B,12,20,,1
18476,temasek,2023,2C,116,48,SC<1,0.413793103448276
18477,temasek,2023,2C(S),0,0,,
18478,temasek,2023,3,0,0,,
18479,temasek,2023,Total,0,200,,1
18480,townsville,2009,1,0,0,,
18481,townsville,2009,2A(1),0,0,,
18482,townsville,2009,2A(2),0,0,,
18483,townsville,2009,2B,0,79,,1
18484,townsville,2009,2C,80,158,,1
18485,townsville,2009,2C(S),49,79,,1
18486,townsville,2009,3,0,27,,1
18487,townsville,2009,Total,0,240,,1
18488,townsville,2010,1,0,0,,
18489,townsville,2010,2A(1),0,0,,
18490,townsville,2010,2A(2),0,0,,
18491,townsville,2010,2B,0,75,,1
18492,townsville,2010,2C,98,151,,1
18493,townsville,2010,2C(S),54,54,,1
18494,townsville,2010,3,0,0,,
18495,townsville,2010,Total,0,240,,1
18496,townsville,2011,1,0,0,,
18497,townsville,2011,2A(1),0,0,,
18498,townsville,2011,2A(2),0,0,,
18499,townsville,2011,2B,1,78,,1
18500,townsville,2011,2C,79,156,,1
18501,townsville,2011,2C(S),45,77,,1
18502,townsville,2011,3,0,25,,1
18503,townsville,2011,Total,0,240,,1
18504,townsville,2012,1,0,0,,
18505,townsville,2012,2A(1),0,0,,
18506,townsville,2012,2A(2),0,0,,
18507,townsville,2012,2B,0,63,,1
18508,townsville,2012,2C,60,126,,1
18509,townsville,2012,2C(S),34,68,,1
18510,townsville,2012,3,0,32,,1
18511,townsville,2012,Total,0,210,,1
18512,townsville,2013,1,0,0,,
18513,townsville,2013,2A(1),0,0,,
18514,townsville,2013,2A(2),0,0,,
18515,townsville,2013,2B,0,67,,1
18516,townsville,2013,2C,84,133,,1
18517,townsville,2013,2C(S),50,52,,1
18518,townsville,2013,3,0,0,,
18519,townsville,2013,Total,0,210,,1
18520,townsville,2014,1,0,0,,
18521,townsville,2014,2A(1),0,0,,
18522,townsville,2014,2A(2),0,0,,
18523,townsville,2014,2B,0,66,,1
18524,townsville,2014,2C,59,132,,1
18525,townsville,2014,2C(S),32,75,,1
18526,townsville,2014,3,0,43,,1
18527,townsville,2014,Total,0,210,,1
18528,townsville,2015,1,0,0,,
18529,townsville,2015,2A(1),0,0,,
18530,townsville,2015,2A(2),0,0,,
18531,townsville,2015,2B,1,69,,1
18532,townsville,2015,2C,48,138,,1
18533,townsville,2015,2C(S),9,90,,1
18534,townsville,2015,3,0,81,,1
18535,townsville,2015,Total,0,210,,1
18536,townsville,2016,1,0,0,,
18537,townsville,2016,2A(1),0,0,,
18538,townsville,2016,2A(2),0,0,,
18539,townsville,2016,2B,0,68,,1
18540,townsville,2016,2C,42,136,,1
18541,townsville,2016,2C(S),15,94,,1
18542,townsville,2016,3,0,79,,1
18543,townsville,2016,Total,0,180,,1
18544,townsville,2017,1,0,0,,
18545,townsville,2017,2A(1),0,0,,
18546,townsville,2017,2A(2),0,0,,
18547,townsville,2017,2B,0,64,,1
18548,townsville,2017,2C,53,129,,1
18549,townsville,2017,2C(S),44,76,,1
18550,townsville,2017,3,0,32,,1
18551,townsville,2017,Total,0,180,,1
18552,townsville,2018,1,0,0,,
18553,townsville,2018,2A(1),0,0,,
18554,townsville,2018,2A(2),0,0,,
18555,townsville,2018,2B,0,79,,1
18556,townsville,2018,2C,39,158,,1
18557,townsville,2018,2C(S),71,119,,1
18558,townsville,2018,3,0,48,,1
18559,townsville,2018,Total,0,210,,1
18560,townsville,2019,1,60,140,,1
18561,townsville,2019,2A(1),0,80,,1
18562,townsville,2019,2A(2),8,81,,1
18563,townsville,2019,2B,0,57,,1
18564,townsville,2019,2C,43,114,,1
18565,townsville,2019,2C(S),31,71,,1
18566,townsville,2019,3,0,40,,1
18567,townsville,2019,Total,0,180,,1
18568,townsville,2020,1,33,170,,1
18569,townsville,2020,2A(1),0,137,,1
18570,townsville,2020,2A(2),9,137,,1
18571,townsville,2020,2B,0,85,,1
18572,townsville,2020,2C,38,170,,1
18573,townsville,2020,2C(S),52,133,,1
18574,townsville,2020,3,0,81,,1
18575,townsville,2020,Total,0,210,,1
18576,townsville,2021,1,41,150,,1
18577,townsville,2021,2A(1),1,109,,1
18578,townsville,2021,2A(2),15,108,,1
18579,townsville,2021,2B,0,67,,1
18580,townsville,2021,2C,36,135,,1
18581,townsville,2021,2C(S),28,101,,1
18582,townsville,2021,3,0,73,,1
18583,townsville,2021,Total,0,190,,1
18584,townsville,2022,1,42,120,,1
18585,townsville,2022,2A(1),9,78,,1
18586,townsville,2022,2A(2),0,0,,
18587,townsville,2022,2B,3,43,,1
18588,townsville,2022,2C,21,126,,1
18589,townsville,2022,2C(S),21,105,,1
18590,townsville,2022,3,0,84,,1
18591,townsville,2022,Total,0,180,,1
18592,townsville,2023,1,30,90,,1
18593,townsville,2023,2A(1),17,61,,1
18594,townsville,2023,2A(2),0,0,,
18595,townsville,2023,2B,1,35,,1
18596,townsville,2023,2C,27,104,,1
18597,townsville,2023,2C(S),13,77,,1
18598,townsville,2023,3,0,64,,1
18599,townsville,2023,Total,0,150,,1
18600,unity,2009,1,0,0,,
18601,unity,2009,2A(1),0,0,,
18602,unity,2009,2A(2),0,0,,
18603,unity,2009,2B,2,35,,1
18604,unity,2009,2C,100,67,,0.67
18605,unity,2009,2C(S),0,0,,
18606,unity,2009,3,0,0,,
18607,unity,2009,Total,0,210,,1
18608,unity,2010,1,0,0,,
18609,unity,2010,2A(1),0,0,,
18610,unity,2010,2A(2),0,0,,
18611,unity,2010,2B,0,58,,1
18612,unity,2010,2C,126,116,,0.920634920634921
18613,unity,2010,2C(S),0,0,,
18614,unity,2010,3,0,0,,
18615,unity,2010,Total,0,210,,1
18616,unity,2011,1,0,0,,
18617,unity,2011,2A(1),0,0,,
18618,unity,2011,2A(2),0,0,,
18619,unity,2011,2B,9,56,,1
18620,unity,2011,2C,125,104,,0.832
18621,unity,2011,2C(S),0,0,,
18622,unity,2011,3,0,0,,
18623,unity,2011,Total,0,210,,1
18624,unity,2012,1,0,0,,
18625,unity,2012,2A(1),0,0,,
18626,unity,2012,2A(2),0,0,,
18627,unity,2012,2B,11,63,,1
18628,unity,2012,2C,100,115,,1
18629,unity,2012,2C(S),20,16,,0.8
18630,unity,2012,3,0,0,,
18631,unity,2012,Total,0,240,,1
18632,unity,2013,1,0,0,,
18633,unity,2013,2A(1),0,0,,
18634,unity,2013,2A(2),0,0,,
18635,unity,2013,2B,15,75,,1
18636,unity,2013,2C,129,135,,1
18637,unity,2013,2C(S),9,6,,0.666666666666667
18638,unity,2013,3,0,0,,
18639,unity,2013,Total,0,240,,1
18640,unity,2014,1,0,0,,
18641,unity,2014,2A(1),0,0,,
18642,unity,2014,2A(2),0,0,,
18643,unity,2014,2B,7,64,,1
18644,unity,2014,2C,125,120,,0.96
18645,unity,2014,2C(S),0,0,,
18646,unity,2014,3,0,0,,
18647,unity,2014,Total,0,240,,1
18648,unity,2015,1,0,0,,
18649,unity,2015,2A(1),0,0,,
18650,unity,2015,2A(2),0,0,,
18651,unity,2015,2B,4,69,,1
18652,unity,2015,2C,109,135,,1
18653,unity,2015,2C(S),19,26,,1
18654,unity,2015,3,0,7,,1
18655,unity,2015,Total,0,240,,1
18656,unity,2016,1,0,0,,
18657,unity,2016,2A(1),0,0,,
18658,unity,2016,2A(2),0,0,,
18659,unity,2016,2B,3,58,,1
18660,unity,2016,2C,89,113,,1
18661,unity,2016,2C(S),5,24,,1
18662,unity,2016,3,0,19,,1
18663,unity,2016,Total,0,210,,1
18664,unity,2017,1,0,0,,
18665,unity,2017,2A(1),0,0,,
18666,unity,2017,2A(2),0,0,,
18667,unity,2017,2B,0,53,,1
18668,unity,2017,2C,95,106,,1
18669,unity,2017,2C(S),6,12,,1
18670,unity,2017,3,0,6,,1
18671,unity,2017,Total,0,210,,1
18672,unity,2018,1,0,0,,
18673,unity,2018,2A(1),0,0,,
18674,unity,2018,2A(2),0,0,,
18675,unity,2018,2B,0,54,,1
18676,unity,2018,2C,84,107,,1
18677,unity,2018,2C(S),13,23,,1
18678,unity,2018,3,0,10,,1
18679,unity,2018,Total,0,210,,1
18680,unity,2019,1,89,170,,1
18681,unity,2019,2A(1),0,81,,1
18682,unity,2019,2A(2),13,81,,1
18683,unity,2019,2B,0,54,,1
18684,unity,2019,2C,61,108,,1
18685,unity,2019,2C(S),5,47,,1
18686,unity,2019,3,0,42,,1
18687,unity,2019,Total,0,210,,1
18688,unity,2020,1,74,200,,1
18689,unity,2020,2A(1),0,126,,1
18690,unity,2020,2A(2),9,126,,1
18691,unity,2020,2B,0,79,,1
18692,unity,2020,2C,83,158,,1
18693,unity,2020,2C(S),19,76,,1
18694,unity,2020,3,0,57,,1
18695,unity,2020,Total,0,240,,1
18696,unity,2021,1,77,200,,1
18697,unity,2021,2A(1),0,123,,1
18698,unity,2021,2A(2),10,123,,1
18699,unity,2021,2B,0,77,,1
18700,unity,2021,2C,61,155,,1
18701,unity,2021,2C(S),4,94,,1
18702,unity,2021,3,0,90,,1
18703,unity,2021,Total,0,240,,1
18704,unity,2022,1,76,150,,1
18705,unity,2022,2A(1),10,74,,1
18706,unity,2022,2A(2),0,0,,
18707,unity,2022,2B,0,41,,1
18708,unity,2022,2C,52,124,,1
18709,unity,2022,2C(S),9,72,,1
18710,unity,2022,3,0,63,,1
18711,unity,2022,Total,0,210,,1
18712,unity,2023,1,52,90,,1
18713,unity,2023,2A(1),10,38,,1
18714,unity,2023,2A(2),0,0,,
18715,unity,2023,2B,0,29,,1
18716,unity,2023,2C,44,88,,1
18717,unity,2023,2C(S),3,44,,1
18718,unity,2023,3,0,41,,1
18719,unity,2023,Total,0,150,,1
18720,valour,2019,1,0,180,,1
18721,valour,2019,2A(1),0,180,,1
18722,valour,2019,2A(2),0,180,,1
18723,valour,2019,2B,3,110,,1
18724,valour,2019,2C,149,217,,1
18725,valour,2019,2C(S),69,68,PR<1,0.985507246376812
18726,valour,2019,3,0,0,,
18727,valour,2019,Total,0,220,,1
18728,valour,2020,1,17,240,,1
18729,valour,2020,2A(1),0,223,,1
18730,valour,2020,2A(2),0,223,,1
18731,valour,2020,2B,0,132,,1
18732,valour,2020,2C,207,263,,1
18733,valour,2020,2C(S),98,60,SC<1,0.612244897959184
18734,valour,2020,3,0,0,,
18735,valour,2020,Total,0,280,,1
18736,valour,2021,1,65,240,,1
18737,valour,2021,2A(1),0,175,,1
18738,valour,2021,2A(2),71,175,,1
18739,valour,2021,2B,0,72,,1
18740,valour,2021,2C,159,144,SC<1#,0.905660377358491
18741,valour,2021,2C(S),0,0,,
18742,valour,2021,3,0,0,,
18743,valour,2021,Total,0,280,,1
18744,valour,2022,1,105,220,,1
18745,valour,2022,2A(1),77,115,,1
18746,valour,2022,2A(2),0,0,,
18747,valour,2022,2B,2,33,,1
18748,valour,2022,2C,120,96,SC<1,0.8
18749,valour,2022,2C(S),0,0,,
18750,valour,2022,3,0,0,,
18751,valour,2022,Total,0,280,,1
18752,valour,2023,1,113,220,,1
18753,valour,2023,2A(1),82,107,,1
18754,valour,2023,2A(2),0,0,,
18755,valour,2023,2B,1,28,,1
18756,valour,2023,2C,102,84,SC<1,0.823529411764706
18757,valour,2023,2C(S),0,0,,
18758,valour,2023,3,0,0,,
18759,valour,2023,Total,0,280,,1
18760,waterway,2015,1,0,0,,
18761,waterway,2015,2A(1),0,0,,
18762,waterway,2015,2A(2),0,0,,
18763,waterway,2015,2B,0,105,,1
18764,waterway,2015,2C,43,210,,1
18765,waterway,2015,2C(S),55,167,,1
18766,waterway,2015,3,0,112,,1
18767,waterway,2015,Total,0,210,,1
18768,waterway,2016,1,0,0,,
18769,waterway,2016,2A(1),0,0,,
18770,waterway,2016,2A(2),0,0,,
18771,waterway,2016,2B,0,115,,1
18772,waterway,2016,2C,100,230,,1
18773,waterway,2016,2C(S),36,130,,1
18774,waterway,2016,3,0,94,,1
18775,waterway,2016,Total,0,240,,1
18776,waterway,2017,1,0,0,,
18777,waterway,2017,2A(1),0,0,,
18778,waterway,2017,2A(2),0,0,,
18779,waterway,2017,2B,0,138,,1
18780,waterway,2017,2C,187,275,,1
18781,waterway,2017,2C(S),53,88,,1
18782,waterway,2017,3,0,35,,1
18783,waterway,2017,Total,0,300,,1
18784,waterway,2018,1,0,0,,
18785,waterway,2018,2A(1),0,0,,
18786,waterway,2018,2A(2),0,0,,
18787,waterway,2018,2B,5,124,,1
18788,waterway,2018,2C,196,243,,1
18789,waterway,2018,2C(S),48,47,,0.979166666666667
18790,waterway,2018,3,0,0,,
18791,waterway,2018,Total,0,320,,1
18792,waterway,2019,1,88,240,,1
18793,waterway,2019,2A(1),0,152,,1
18794,waterway,2019,2A(2),28,152,,1
18795,waterway,2019,2B,0,83,,1
18796,waterway,2019,2C,140,165,,1
18797,waterway,2019,2C(S),25,25,,1
18798,waterway,2019,3,0,0,,
18799,waterway,2019,Total,0,280,,1
18800,waterway,2020,1,125,240,,1
18801,waterway,2020,2A(1),1,115,,1
18802,waterway,2020,2A(2),62,114,,1
18803,waterway,2020,2B,0,46,,1
18804,waterway,2020,2C,128,92,SC<1,0.71875
18805,waterway,2020,2C(S),0,0,,
18806,waterway,2020,3,0,0,,
18807,waterway,2020,Total,0,280,,1
18808,waterway,2021,1,149,240,,1
18809,waterway,2021,2A(1),0,91,,1
18810,waterway,2021,2A(2),82,91,,1
18811,waterway,2021,2B,1,25,,1
18812,waterway,2021,2C,105,48,SC<1,0.457142857142857
18813,waterway,2021,2C(S),0,0,,
18814,waterway,2021,3,0,0,,
18815,waterway,2021,Total,0,280,,1
18816,waterway,2022,1,120,220,,1
18817,waterway,2022,2A(1),77,100,,1
18818,waterway,2022,2A(2),0,0,,
18819,waterway,2022,2B,1,28,,1
18820,waterway,2022,2C,107,83,SC<1,0.775700934579439
18821,waterway,2022,2C(S),0,0,,
18822,waterway,2022,3,0,0,,
18823,waterway,2022,Total,0,280,,1
18824,waterway,2023,1,100,220,,1
18825,waterway,2023,2A(1),61,120,,1
18826,waterway,2023,2A(2),0,0,,
18827,waterway,2023,2B,1,40,,1
18828,waterway,2023,2C,77,120,,1
18829,waterway,2023,2C(S),30,43,,1
18830,waterway,2023,3,0,13,,1
18831,waterway,2023,Total,0,280,,1
18832,wellington,2009,1,0,0,,
18833,wellington,2009,2A(1),0,0,,
18834,wellington,2009,2A(2),0,0,,
18835,wellington,2009,2B,1,69,,1
18836,wellington,2009,2C,82,141,,1
18837,wellington,2009,2C(S),28,60,,1
18838,wellington,2009,3,0,30,,1
18839,wellington,2009,Total,0,240,,1
18840,wellington,2010,1,0,0,,
18841,wellington,2010,2A(1),0,0,,
18842,wellington,2010,2A(2),0,0,,
18843,wellington,2010,2B,2,75,,1
18844,wellington,2010,2C,75,147,,1
18845,wellington,2010,2C(S),45,73,,1
18846,wellington,2010,3,0,25,,1
18847,wellington,2010,Total,0,240,,1
18848,wellington,2011,1,0,0,,
18849,wellington,2011,2A(1),0,0,,
18850,wellington,2011,2A(2),0,0,,
18851,wellington,2011,2B,1,91,,1
18852,wellington,2011,2C,77,181,,1
18853,wellington,2011,2C(S),108,104,,0.962962962962963
18854,wellington,2011,3,0,0,,
18855,wellington,2011,Total,0,270,,1
18856,wellington,2012,1,0,0,,
18857,wellington,2012,2A(1),0,0,,
18858,wellington,2012,2A(2),0,0,,
18859,wellington,2012,2B,1,97,,1
18860,wellington,2012,2C,85,192,,1
18861,wellington,2012,2C(S),52,107,,1
18862,wellington,2012,3,0,43,,1
18863,wellington,2012,Total,0,270,,1
18864,wellington,2013,1,0,0,,
18865,wellington,2013,2A(1),0,0,,
18866,wellington,2013,2A(2),0,0,,
18867,wellington,2013,2B,1,66,,1
18868,wellington,2013,2C,116,131,,1
18869,wellington,2013,2C(S),17,16,,0.941176470588235
18870,wellington,2013,3,0,0,,
18871,wellington,2013,Total,0,240,,1
18872,wellington,2014,1,0,0,,
18873,wellington,2014,2A(1),0,0,,
18874,wellington,2014,2A(2),0,0,,
18875,wellington,2014,2B,0,78,,1
18876,wellington,2014,2C,109,156,,1
18877,wellington,2014,2C(S),12,47,,1
18878,wellington,2014,3,0,35,,1
18879,wellington,2014,Total,0,240,,1
18880,wellington,2015,1,0,0,,
18881,wellington,2015,2A(1),0,0,,
18882,wellington,2015,2A(2),0,0,,
18883,wellington,2015,2B,2,61,,1
18884,wellington,2015,2C,82,120,,1
18885,wellington,2015,2C(S),10,38,,1
18886,wellington,2015,3,0,28,,1
18887,wellington,2015,Total,0,210,,1
18888,wellington,2016,1,0,0,,
18889,wellington,2016,2A(1),0,0,,
18890,wellington,2016,2A(2),0,0,,
18891,wellington,2016,2B,0,65,,1
18892,wellington,2016,2C,76,129,,1
18893,wellington,2016,2C(S),9,53,,1
18894,wellington,2016,3,0,44,,1
18895,wellington,2016,Total,0,210,,1
18896,wellington,2017,1,0,0,,
18897,wellington,2017,2A(1),0,0,,
18898,wellington,2017,2A(2),0,0,,
18899,wellington,2017,2B,3,54,,1
18900,wellington,2017,2C,89,105,,1
18901,wellington,2017,2C(S),13,18,,1
18902,wellington,2017,3,0,5,,1
18903,wellington,2017,Total,0,210,,1
18904,wellington,2018,1,0,0,,
18905,wellington,2018,2A(1),0,0,,
18906,wellington,2018,2A(2),0,0,,
18907,wellington,2018,2B,1,82,,1
18908,wellington,2018,2C,99,163,,1
18909,wellington,2018,2C(S),21,64,,1
18910,wellington,2018,3,0,43,,1
18911,wellington,2018,Total,0,240,,1
18912,wellington,2019,1,65,200,,1
18913,wellington,2019,2A(1),0,135,,1
18914,wellington,2019,2A(2),5,135,,1
18915,wellington,2019,2B,0,85,,1
18916,wellington,2019,2C,131,170,,1
18917,wellington,2019,2C(S),17,39,,1
18918,wellington,2019,3,0,22,,1
18919,wellington,2019,Total,0,240,,1
18920,wellington,2020,1,94,200,,1
18921,wellington,2020,2A(1),0,106,,1
18922,wellington,2020,2A(2),54,106,,1
18923,wellington,2020,2B,0,47,,1
18924,wellington,2020,2C,116,94,SC1-2,0.810344827586207
18925,wellington,2020,2C(S),0,0,,
18926,wellington,2020,3,0,0,,
18927,wellington,2020,Total,0,240,,1
18928,wellington,2021,1,93,200,,1
18929,wellington,2021,2A(1),0,107,,1
18930,wellington,2021,2A(2),48,107,,1
18931,wellington,2021,2B,3,50,,1
18932,wellington,2021,2C,119,97,SC1-2,0.815126050420168
18933,wellington,2021,2C(S),0,0,,
18934,wellington,2021,3,0,0,,
18935,wellington,2021,Total,0,240,,1
18936,wellington,2022,1,101,180,,1
18937,wellington,2022,2A(1),81,79,PR<1#,0.975308641975309
18938,wellington,2022,2A(2),0,0,,
18939,wellington,2022,2B,4,20,,1
18940,wellington,2022,2C,105,58,SC<1,0.552380952380952
18941,wellington,2022,2C(S),0,0,,
18942,wellington,2022,3,0,0,,
18943,wellington,2022,Total,0,240,,1
18944,wellington,2023,1,108,180,,1
18945,wellington,2023,2A(1),85,72,SC1-2,0.847058823529412
18946,wellington,2023,2A(2),0,0,,
18947,wellington,2023,2B,6,20,,1
18948,wellington,2023,2C,108,55,SC<1,0.509259259259259
18949,wellington,2023,2C(S),0,0,,
18950,wellington,2023,3,0,0,,
18951,wellington,2023,Total,0,240,,1
18952,west-grove,2009,1,0,0,,
18953,west-grove,2009,2A(1),0,0,,
18954,west-grove,2009,2A(2),0,0,,
18955,west-grove,2009,2B,74,84,,1
18956,west-grove,2009,2C,256,94,,0.3671875
18957,west-grove,2009,2C(S),0,0,,
18958,west-grove,2009,3,0,0,,
18959,west-grove,2009,Total,0,300,,1
18960,west-grove,2010,1,0,0,,
18961,west-grove,2010,2A(1),0,0,,
18962,west-grove,2010,2A(2),0,0,,
18963,west-grove,2010,2B,115,74,,0.643478260869565
18964,west-grove,2010,2C,266,74,,0.278195488721804
18965,west-grove,2010,2C(S),0,0,,
18966,west-grove,2010,3,0,0,,
18967,west-grove,2010,Total,0,300,,1
18968,west-grove,2011,1,0,0,,
18969,west-grove,2011,2A(1),0,0,,
18970,west-grove,2011,2A(2),0,0,,
18971,west-grove,2011,2B,35,73,,1
18972,west-grove,2011,2C,220,113,,0.513636363636364
18973,west-grove,2011,2C(S),0,0,,
18974,west-grove,2011,3,0,0,,
18975,west-grove,2011,Total,0,270,,1
18976,west-grove,2012,1,0,0,,
18977,west-grove,2012,2A(1),0,0,,
18978,west-grove,2012,2A(2),0,0,,
18979,west-grove,2012,2B,29,61,,1
18980,west-grove,2012,2C,116,93,,0.801724137931034
18981,west-grove,2012,2C(S),0,0,,
18982,west-grove,2012,3,0,0,,
18983,west-grove,2012,Total,0,270,,1
18984,west-grove,2013,1,0,0,,
18985,west-grove,2013,2A(1),0,0,,
18986,west-grove,2013,2A(2),0,0,,
18987,west-grove,2013,2B,11,57,,1
18988,west-grove,2013,2C,137,102,,0.744525547445255
18989,west-grove,2013,2C(S),0,0,,
18990,west-grove,2013,3,0,0,,
18991,west-grove,2013,Total,0,270,,1
18992,west-grove,2014,1,0,0,,
18993,west-grove,2014,2A(1),0,0,,
18994,west-grove,2014,2A(2),0,0,,
18995,west-grove,2014,2B,12,62,,1
18996,west-grove,2014,2C,128,111,,0.8671875
18997,west-grove,2014,2C(S),0,0,,
18998,west-grove,2014,3,0,0,,
18999,west-grove,2014,Total,0,240,,1
19000,west-grove,2015,1,0,0,,
19001,west-grove,2015,2A(1),0,0,,
19002,west-grove,2015,2A(2),0,0,,
19003,west-grove,2015,2B,15,57,,1
19004,west-grove,2015,2C,112,98,,0.875
19005,west-grove,2015,2C(S),0,0,,
19006,west-grove,2015,3,0,0,,
19007,west-grove,2015,Total,0,240,,1
19008,west-grove,2016,1,0,0,,
19009,west-grove,2016,2A(1),0,0,,
19010,west-grove,2016,2A(2),0,0,,
19011,west-grove,2016,2B,18,67,,1
19012,west-grove,2016,2C,132,116,,0.878787878787879
19013,west-grove,2016,2C(S),0,0,,
19014,west-grove,2016,3,0,0,,
19015,west-grove,2016,Total,0,240,,1
19016,west-grove,2017,1,0,0,,
19017,west-grove,2017,2A(1),0,0,,
19018,west-grove,2017,2A(2),0,0,,
19019,west-grove,2017,2B,15,47,,1
19020,west-grove,2017,2C,98,78,,0.795918367346939
19021,west-grove,2017,2C(S),0,0,,
19022,west-grove,2017,3,0,0,,
19023,west-grove,2017,Total,0,210,,1
19024,west-grove,2018,1,0,0,,
19025,west-grove,2018,2A(1),0,0,,
19026,west-grove,2018,2A(2),0,0,,
19027,west-grove,2018,2B,14,46,,1
19028,west-grove,2018,2C,92,79,,0.858695652173913
19029,west-grove,2018,2C(S),0,0,,
19030,west-grove,2018,3,0,0,,
19031,west-grove,2018,Total,0,210,,1
19032,west-grove,2019,1,88,140,,1
19033,west-grove,2019,2A(1),0,52,,1
19034,west-grove,2019,2A(2),13,53,,1
19035,west-grove,2019,2B,17,40,,1
19036,west-grove,2019,2C,74,63,SC<2#,0.851351351351351
19037,west-grove,2019,2C(S),0,0,,
19038,west-grove,2019,3,0,0,,
19039,west-grove,2019,Total,0,180,,1
19040,west-grove,2020,1,93,170,,1
19041,west-grove,2020,2A(1),0,77,,1
19042,west-grove,2020,2A(2),11,77,,1
19043,west-grove,2020,2B,7,53,,1
19044,west-grove,2020,2C,119,99,PR<1,0.831932773109244
19045,west-grove,2020,2C(S),0,0,,
19046,west-grove,2020,3,0,0,,
19047,west-grove,2020,Total,0,210,,1
19048,west-grove,2021,1,74,200,,1
19049,west-grove,2021,2A(1),0,126,,1
19050,west-grove,2021,2A(2),10,126,,1
19051,west-grove,2021,2B,5,78,,1
19052,west-grove,2021,2C,98,151,,1
19053,west-grove,2021,2C(S),66,53,SC>2,0.803030303030303
19054,west-grove,2021,3,0,0,,
19055,west-grove,2021,Total,0,240,,1
19056,west-grove,2022,1,70,180,,1
19057,west-grove,2022,2A(1),15,110,,1
19058,west-grove,2022,2A(2),0,0,,
19059,west-grove,2022,2B,8,52,,1
19060,west-grove,2022,2C,99,147,,1
19061,west-grove,2022,2C(S),58,48,SC#,0.827586206896552
19062,west-grove,2022,3,0,0,,
19063,west-grove,2022,Total,0,240,,1
19064,west-grove,2023,1,77,150,,1
19065,west-grove,2023,2A(1),7,73,,1
19066,west-grove,2023,2A(2),0,0,,
19067,west-grove,2023,2B,1,42,,1
19068,west-grove,2023,2C,45,126,,1
19069,west-grove,2023,2C(S),46,81,,1
19070,west-grove,2023,3,0,35,,1
19071,west-grove,2023,Total,0,210,,1
19072,west-spring,2013,1,0,0,,
19073,west-spring,2013,2A(1),0,0,,
19074,west-spring,2013,2A(2),0,0,,
19075,west-spring,2013,2B,1,105,,1
19076,west-spring,2013,2C,140,209,,1
19077,west-spring,2013,2C(S),31,69,,1
19078,west-spring,2013,3,0,26,,1
19079,west-spring,2013,Total,0,210,,1
19080,west-spring,2014,1,0,0,,
19081,west-spring,2014,2A(1),0,0,,
19082,west-spring,2014,2A(2),0,0,,
19083,west-spring,2014,2B,0,111,,1
19084,west-spring,2014,2C,191,221,,1
19085,west-spring,2014,2C(S),23,31,,1
19086,west-spring,2014,3,0,8,,1
19087,west-spring,2014,Total,0,240,,1
19088,west-spring,2015,1,0,0,,
19089,west-spring,2015,2A(1),0,0,,
19090,west-spring,2015,2A(2),0,0,,
19091,west-spring,2015,2B,5,100,,1
19092,west-spring,2015,2C,180,194,,1
19093,west-spring,2015,2C(S),11,14,,1
19094,west-spring,2015,3,0,3,,1
19095,west-spring,2015,Total,0,240,,1
19096,west-spring,2016,1,0,0,,
19097,west-spring,2016,2A(1),0,0,,
19098,west-spring,2016,2A(2),0,0,,
19099,west-spring,2016,2B,5,87,,1
19100,west-spring,2016,2C,180,170,,0.944444444444444
19101,west-spring,2016,2C(S),0,0,,
19102,west-spring,2016,3,0,0,,
19103,west-spring,2016,Total,0,240,,1
19104,west-spring,2017,1,0,0,,
19105,west-spring,2017,2A(1),0,0,,
19106,west-spring,2017,2A(2),0,0,,
19107,west-spring,2017,2B,3,68,,1
19108,west-spring,2017,2C,169,132,,0.781065088757396
19109,west-spring,2017,2C(S),0,0,,
19110,west-spring,2017,3,0,0,,
19111,west-spring,2017,Total,0,240,,1
19112,west-spring,2018,1,0,0,,
19113,west-spring,2018,2A(1),0,0,,
19114,west-spring,2018,2A(2),0,0,,
19115,west-spring,2018,2B,14,50,,1
19116,west-spring,2018,2C,116,89,,0.767241379310345
19117,west-spring,2018,2C(S),0,0,,
19118,west-spring,2018,3,0,0,,
19119,west-spring,2018,Total,0,240,,1
19120,west-spring,2019,1,107,170,,1
19121,west-spring,2019,2A(1),0,63,,1
19122,west-spring,2019,2A(2),57,63,,1
19123,west-spring,2019,2B,18,23,,1
19124,west-spring,2019,2C,105,31,SC<1,0.295238095238095
19125,west-spring,2019,2C(S),0,0,,
19126,west-spring,2019,3,0,0,,
19127,west-spring,2019,Total,0,210,,1
19128,west-spring,2020,1,115,200,,1
19129,west-spring,2020,2A(1),0,85,,1
19130,west-spring,2020,2A(2),62,85,,1
19131,west-spring,2020,2B,19,32,,1
19132,west-spring,2020,2C,126,45,SC<1,0.357142857142857
19133,west-spring,2020,2C(S),0,0,,
19134,west-spring,2020,3,0,0,,
19135,west-spring,2020,Total,0,240,,1
19136,west-spring,2021,1,108,200,,1
19137,west-spring,2021,2A(1),0,92,,1
19138,west-spring,2021,2A(2),83,92,,1
19139,west-spring,2021,2B,8,25,,1
19140,west-spring,2021,2C,103,41,SC<1,0.398058252427184
19141,west-spring,2021,2C(S),0,0,,
19142,west-spring,2021,3,0,0,,
19143,west-spring,2021,Total,0,240,,1
19144,west-spring,2022,1,123,180,,1
19145,west-spring,2022,2A(1),72,57,SC<1,0.791666666666667
19146,west-spring,2022,2A(2),0,0,,
19147,west-spring,2022,2B,0,20,,1
19148,west-spring,2022,2C,106,62,SC<1,0.584905660377358
19149,west-spring,2022,2C(S),0,0,,
19150,west-spring,2022,3,0,0,,
19151,west-spring,2022,Total,0,240,,1
19152,west-spring,2023,1,94,180,,1
19153,west-spring,2023,2A(1),69,87,,1
19154,west-spring,2023,2A(2),0,0,,
19155,west-spring,2023,2B,2,26,,1
19156,west-spring,2023,2C,85,79,SC1-2,0.929411764705882
19157,west-spring,2023,2C(S),0,0,,
19158,west-spring,2023,3,0,0,,
19159,west-spring,2023,Total,0,240,,1
19160,west-view,2009,1,0,0,,
19161,west-view,2009,2A(1),0,0,,
19162,west-view,2009,2A(2),0,0,,
19163,west-view,2009,2B,1,89,,1
19164,west-view,2009,2C,54,177,,1
19165,west-view,2009,2C(S),37,125,,1
19166,west-view,2009,3,0,73,,1
19167,west-view,2009,Total,0,240,,1
19168,west-view,2010,1,0,0,,
19169,west-view,2010,2A(1),0,0,,
19170,west-view,2010,2A(2),0,0,,
19171,west-view,2010,2B,0,93,,1
19172,west-view,2010,2C,39,186,,1
19173,west-view,2010,2C(S),23,149,,1
19174,west-view,2010,3,0,64,,1
19175,west-view,2010,Total,0,270,,1
19176,west-view,2011,1,0,0,,
19177,west-view,2011,2A(1),0,0,,
19178,west-view,2011,2A(2),0,0,,
19179,west-view,2011,2B,1,86,,1
19180,west-view,2011,2C,47,170,,1
19181,west-view,2011,2C(S),43,123,,1
19182,west-view,2011,3,0,40,,1
19183,west-view,2011,Total,0,240,,1
19184,west-view,2012,1,0,0,,
19185,west-view,2012,2A(1),0,0,,
19186,west-view,2012,2A(2),0,0,,
19187,west-view,2012,2B,0,81,,1
19188,west-view,2012,2C,59,162,,1
19189,west-view,2012,2C(S),34,105,,1
19190,west-view,2012,3,0,43,,1
19191,west-view,2012,Total,0,240,,1
19192,west-view,2013,1,0,0,,
19193,west-view,2013,2A(1),0,0,,
19194,west-view,2013,2A(2),0,0,,
19195,west-view,2013,2B,1,74,,1
19196,west-view,2013,2C,43,146,,1
19197,west-view,2013,2C(S),3,107,,1
19198,west-view,2013,3,0,37,,1
19199,west-view,2013,Total,0,210,,1
19200,west-view,2014,1,0,0,,
19201,west-view,2014,2A(1),0,0,,
19202,west-view,2014,2A(2),0,0,,
19203,west-view,2014,2B,0,61,,1
19204,west-view,2014,2C,35,121,,1
19205,west-view,2014,2C(S),5,87,,1
19206,west-view,2014,3,0,82,,1
19207,west-view,2014,Total,0,180,,1
19208,west-view,2015,1,0,0,,
19209,west-view,2015,2A(1),0,0,,
19210,west-view,2015,2A(2),0,0,,
19211,west-view,2015,2B,0,63,,1
19212,west-view,2015,2C,53,126,,1
19213,west-view,2015,2C(S),0,73,,1
19214,west-view,2015,3,0,73,,1
19215,west-view,2015,Total,0,180,,1
19216,west-view,2016,1,0,0,,
19217,west-view,2016,2A(1),0,0,,
19218,west-view,2016,2A(2),0,0,,
19219,west-view,2016,2B,0,58,,1
19220,west-view,2016,2C,38,116,,1
19221,west-view,2016,2C(S),3,79,,1
19222,west-view,2016,3,0,76,,1
19223,west-view,2016,Total,0,150,,1
19224,west-view,2017,1,0,0,,
19225,west-view,2017,2A(1),0,0,,
19226,west-view,2017,2A(2),0,0,,
19227,west-view,2017,2B,0,49,,1
19228,west-view,2017,2C,44,98,,1
19229,west-view,2017,2C(S),15,55,,1
19230,west-view,2017,3,0,40,,1
19231,west-view,2017,Total,0,150,,1
19232,west-view,2018,1,0,0,,
19233,west-view,2018,2A(1),0,0,,
19234,west-view,2018,2A(2),0,0,,
19235,west-view,2018,2B,0,86,,1
19236,west-view,2018,2C,42,171,,1
19237,west-view,2018,2C(S),12,129,,1
19238,west-view,2018,3,0,117,,1
19239,west-view,2018,Total,0,210,,1
19240,west-view,2019,1,47,140,,1
19241,west-view,2019,2A(1),0,93,,1
19242,west-view,2019,2A(2),6,93,,1
19243,west-view,2019,2B,0,64,,1
19244,west-view,2019,2C,53,127,,1
19245,west-view,2019,2C(S),10,74,,1
19246,west-view,2019,3,0,64,,1
19247,west-view,2019,Total,0,180,,1
19248,west-view,2020,1,36,140,,1
19249,west-view,2020,2A(1),0,104,,1
19250,west-view,2020,2A(2),6,104,,1
19251,west-view,2020,2B,1,69,,1
19252,west-view,2020,2C,38,137,,1
19253,west-view,2020,2C(S),28,99,,1
19254,west-view,2020,3,0,71,,1
19255,west-view,2020,Total,0,180,,1
19256,west-view,2021,1,38,140,,1
19257,west-view,2021,2A(1),0,102,,1
19258,west-view,2021,2A(2),6,102,,1
19259,west-view,2021,2B,0,68,,1
19260,west-view,2021,2C,37,136,,1
19261,west-view,2021,2C(S),24,99,,1
19262,west-view,2021,3,0,75,,1
19263,west-view,2021,Total,0,180,,1
19264,west-view,2022,1,47,100,,1
19265,west-view,2022,2A(1),29,53,,1
19266,west-view,2022,2A(2),0,0,,
19267,west-view,2022,2B,0,28,,1
19268,west-view,2022,2C,35,84,,1
19269,west-view,2022,2C(S),26,49,,1
19270,west-view,2022,3,0,23,,1
19271,west-view,2022,Total,0,160,,1
19272,west-view,2023,1,45,90,,1
19273,west-view,2023,2A(1),23,45,,1
19274,west-view,2023,2A(2),0,0,,
19275,west-view,2023,2B,1,27,,1
19276,west-view,2023,2C,41,82,,1
19277,west-view,2023,2C(S),25,41,,1
19278,west-view,2023,3,0,16,,1
19279,west-view,2023,Total,0,150,,1
19280,westwood,2012,1,0,0,,
19281,westwood,2012,2A(1),0,0,,
19282,westwood,2012,2A(2),0,0,,
19283,westwood,2012,2B,0,120,,1
19284,westwood,2012,2C,267,240,,0.898876404494382
19285,westwood,2012,2C(S),0,0,,
19286,westwood,2012,3,0,0,,
19287,westwood,2012,Total,0,240,,1
19288,westwood,2013,1,0,0,,
19289,westwood,2013,2A(1),0,0,,
19290,westwood,2013,2A(2),0,0,,
19291,westwood,2013,2B,1,104,,1
19292,westwood,2013,2C,254,207,,0.81496062992126
19293,westwood,2013,2C(S),0,0,,
19294,westwood,2013,3,0,0,,
19295,westwood,2013,Total,0,240,,1
19296,westwood,2014,1,0,0,,
19297,westwood,2014,2A(1),0,0,,
19298,westwood,2014,2A(2),0,0,,
19299,westwood,2014,2B,8,94,,1
19300,westwood,2014,2C,211,180,,0.853080568720379
19301,westwood,2014,2C(S),0,0,,
19302,westwood,2014,3,0,0,,
19303,westwood,2014,Total,0,240,,1
19304,westwood,2015,1,0,0,,
19305,westwood,2015,2A(1),0,0,,
19306,westwood,2015,2A(2),0,0,,
19307,westwood,2015,2B,8,75,,1
19308,westwood,2015,2C,171,142,,0.830409356725146
19309,westwood,2015,2C(S),0,0,,
19310,westwood,2015,3,0,0,,
19311,westwood,2015,Total,0,240,,1
19312,westwood,2016,1,0,0,,
19313,westwood,2016,2A(1),0,0,,
19314,westwood,2016,2A(2),0,0,,
19315,westwood,2016,2B,9,81,,1
19316,westwood,2016,2C,153,152,,0.993464052287582
19317,westwood,2016,2C(S),0,0,,
19318,westwood,2016,3,0,0,,
19319,westwood,2016,Total,0,240,,1
19320,westwood,2017,1,0,0,,
19321,westwood,2017,2A(1),0,0,,
19322,westwood,2017,2A(2),0,0,,
19323,westwood,2017,2B,16,68,,1
19324,westwood,2017,2C,150,119,,0.793333333333333
19325,westwood,2017,2C(S),0,0,,
19326,westwood,2017,3,0,0,,
19327,westwood,2017,Total,0,240,,1
19328,westwood,2018,1,0,0,,
19329,westwood,2018,2A(1),0,0,,
19330,westwood,2018,2A(2),0,0,,
19331,westwood,2018,2B,15,38,,1
19332,westwood,2018,2C,108,60,,0.555555555555556
19333,westwood,2018,2C(S),0,0,,
19334,westwood,2018,3,0,0,,
19335,westwood,2018,Total,0,240,,1
19336,westwood,2019,1,90,170,,1
19337,westwood,2019,2A(1),0,80,,1
19338,westwood,2019,2A(2),62,80,,1
19339,westwood,2019,2B,12,29,,1
19340,westwood,2019,2C,80,47,SC<1,0.5875
19341,westwood,2019,2C(S),0,0,,
19342,westwood,2019,3,0,0,,
19343,westwood,2019,Total,0,210,,1
19344,westwood,2020,1,98,170,,1
19345,westwood,2020,2A(1),1,72,,1
19346,westwood,2020,2A(2),77,71,PR<1,0.922077922077922
19347,westwood,2020,2B,10,20,,1
19348,westwood,2020,2C,87,31,SC<1,0.35632183908046
19349,westwood,2020,2C(S),0,0,,
19350,westwood,2020,3,0,0,,
19351,westwood,2020,Total,0,210,,1
19352,westwood,2021,1,86,200,,1
19353,westwood,2021,2A(1),0,114,,1
19354,westwood,2021,2A(2),106,114,,1
19355,westwood,2021,2B,9,24,,1
19356,westwood,2021,2C,99,40,SC<1,0.404040404040404
19357,westwood,2021,2C(S),0,0,,
19358,westwood,2021,3,0,0,,
19359,westwood,2021,Total,0,240,,1
19360,westwood,2022,1,106,180,,1
19361,westwood,2022,2A(1),103,74,SC<2#,0.718446601941748
19362,westwood,2022,2A(2),0,0,,
19363,westwood,2022,2B,11,20,,1
19364,westwood,2022,2C,80,49,SC<1,0.6125
19365,westwood,2022,2C(S),0,0,,
19366,westwood,2022,3,0,0,,
19367,westwood,2022,Total,0,240,,1
19368,westwood,2023,1,90,180,,1
19369,westwood,2023,2A(1),82,90,,1
19370,westwood,2023,2A(2),0,0,,
19371,westwood,2023,2B,10,23,,1
19372,westwood,2023,2C,82,59,SC<1,0.719512195121951
19373,westwood,2023,2C(S),0,0,,
19374,westwood,2023,3,0,0,,
19375,westwood,2023,Total,0,240,,1
19376,white-sands,2009,1,0,0,,
19377,white-sands,2009,2A(1),0,0,,
19378,white-sands,2009,2A(2),0,0,,
19379,white-sands,2009,2B,5,40,,1
19380,white-sands,2009,2C,92,75,,0.815217391304348
19381,white-sands,2009,2C(S),0,0,,
19382,white-sands,2009,3,0,0,,
19383,white-sands,2009,Total,0,180,,1
19384,white-sands,2010,1,0,0,,
19385,white-sands,2010,2A(1),0,0,,
19386,white-sands,2010,2A(2),0,0,,
19387,white-sands,2010,2B,8,50,,1
19388,white-sands,2010,2C,98,91,,0.928571428571429
19389,white-sands,2010,2C(S),0,0,,
19390,white-sands,2010,3,0,0,,
19391,white-sands,2010,Total,0,180,,1
19392,white-sands,2011,1,0,0,,
19393,white-sands,2011,2A(1),0,0,,
19394,white-sands,2011,2A(2),0,0,,
19395,white-sands,2011,2B,15,44,,1
19396,white-sands,2011,2C,86,74,,0.86046511627907
19397,white-sands,2011,2C(S),0,0,,
19398,white-sands,2011,3,0,0,,
19399,white-sands,2011,Total,0,180,,1
19400,white-sands,2012,1,0,0,,
19401,white-sands,2012,2A(1),0,0,,
19402,white-sands,2012,2A(2),0,0,,
19403,white-sands,2012,2B,22,41,,1
19404,white-sands,2012,2C,66,60,,0.909090909090909
19405,white-sands,2012,2C(S),0,0,,
19406,white-sands,2012,3,0,0,,
19407,white-sands,2012,Total,0,180,,1
19408,white-sands,2013,1,0,0,,
19409,white-sands,2013,2A(1),0,0,,
19410,white-sands,2013,2A(2),0,0,,
19411,white-sands,2013,2B,21,48,,1
19412,white-sands,2013,2C,88,74,,0.840909090909091
19413,white-sands,2013,2C(S),0,0,,
19414,white-sands,2013,3,0,0,,
19415,white-sands,2013,Total,0,180,,1
19416,white-sands,2014,1,0,0,,
19417,white-sands,2014,2A(1),0,0,,
19418,white-sands,2014,2A(2),0,0,,
19419,white-sands,2014,2B,17,44,,1
19420,white-sands,2014,2C,83,71,,0.855421686746988
19421,white-sands,2014,2C(S),0,0,,
19422,white-sands,2014,3,0,0,,
19423,white-sands,2014,Total,0,180,,1
19424,white-sands,2015,1,0,0,,
19425,white-sands,2015,2A(1),0,0,,
19426,white-sands,2015,2A(2),0,0,,
19427,white-sands,2015,2B,15,46,,1
19428,white-sands,2015,2C,88,78,,0.886363636363636
19429,white-sands,2015,2C(S),0,0,,
19430,white-sands,2015,3,0,0,,
19431,white-sands,2015,Total,0,180,,1
19432,white-sands,2016,1,0,0,,
19433,white-sands,2016,2A(1),0,0,,
19434,white-sands,2016,2A(2),0,0,,
19435,white-sands,2016,2B,18,49,,1
19436,white-sands,2016,2C,88,79,,0.897727272727273
19437,white-sands,2016,2C(S),0,0,,
19438,white-sands,2016,3,0,0,,
19439,white-sands,2016,Total,0,180,,1
19440,white-sands,2017,1,0,0,,
19441,white-sands,2017,2A(1),0,0,,
19442,white-sands,2017,2A(2),0,0,,
19443,white-sands,2017,2B,19,36,,1
19444,white-sands,2017,2C,66,52,,0.787878787878788
19445,white-sands,2017,2C(S),0,0,,
19446,white-sands,2017,3,0,0,,
19447,white-sands,2017,Total,0,180,,1
19448,white-sands,2018,1,0,0,,
19449,white-sands,2018,2A(1),0,0,,
19450,white-sands,2018,2A(2),0,0,,
19451,white-sands,2018,2B,25,36,,1
19452,white-sands,2018,2C,59,47,,0.796610169491525
19453,white-sands,2018,2C(S),0,0,,
19454,white-sands,2018,3,0,0,,
19455,white-sands,2018,Total,0,180,,1
19456,white-sands,2019,1,90,140,,1
19457,white-sands,2019,2A(1),0,50,,1
19458,white-sands,2019,2A(2),11,50,,1
19459,white-sands,2019,2B,19,40,,1
19460,white-sands,2019,2C,84,61,SC1-2,0.726190476190476
19461,white-sands,2019,2C(S),0,0,,
19462,white-sands,2019,3,0,0,,
19463,white-sands,2019,Total,0,180,,1
19464,white-sands,2020,1,87,140,,1
19465,white-sands,2020,2A(1),0,53,,1
19466,white-sands,2020,2A(2),16,53,,1
19467,white-sands,2020,2B,22,39,,1
19468,white-sands,2020,2C,69,55,SC<1,0.797101449275362
19469,white-sands,2020,2C(S),0,0,,
19470,white-sands,2020,3,0,0,,
19471,white-sands,2020,Total,0,180,,1
19472,white-sands,2021,1,83,140,,1
19473,white-sands,2021,2A(1),0,57,,1
19474,white-sands,2021,2A(2),11,57,,1
19475,white-sands,2021,2B,9,43,,1
19476,white-sands,2021,2C,104,78,SC1-2,0.75
19477,white-sands,2021,2C(S),0,0,,
19478,white-sands,2021,3,0,0,,
19479,white-sands,2021,Total,0,180,,1
19480,white-sands,2022,1,64,120,,1
19481,white-sands,2022,2A(1),10,56,,1
19482,white-sands,2022,2A(2),0,0,,
19483,white-sands,2022,2B,14,35,,1
19484,white-sands,2022,2C,112,92,SC>2,0.821428571428571
19485,white-sands,2022,2C(S),0,0,,
19486,white-sands,2022,3,0,0,,
19487,white-sands,2022,Total,0,180,,1
19488,white-sands,2023,1,78,120,,1
19489,white-sands,2023,2A(1),23,42,,1
19490,white-sands,2023,2A(2),0,0,,
19491,white-sands,2023,2B,3,26,,1
19492,white-sands,2023,2C,86,78,SC>2,0.906976744186046
19493,white-sands,2023,2C(S),0,0,,
19494,white-sands,2023,3,0,0,,
19495,white-sands,2023,Total,0,180,,1
19496,woodgrove,2009,1,0,0,,
19497,woodgrove,2009,2A(1),0,0,,
19498,woodgrove,2009,2A(2),0,0,,
19499,woodgrove,2009,2B,24,67,,1
19500,woodgrove,2009,2C,120,112,,0.933333333333333
19501,woodgrove,2009,2C(S),0,0,,
19502,woodgrove,2009,3,0,0,,
19503,woodgrove,2009,Total,0,270,,1
19504,woodgrove,2010,1,0,0,,
19505,woodgrove,2010,2A(1),0,0,,
19506,woodgrove,2010,2A(2),0,0,,
19507,woodgrove,2010,2B,25,65,,1
19508,woodgrove,2010,2C,102,104,,1
19509,woodgrove,2010,2C(S),4,2,,0.5
19510,woodgrove,2010,3,0,0,,
19511,woodgrove,2010,Total,0,270,,1
19512,woodgrove,2011,1,0,0,,
19513,woodgrove,2011,2A(1),0,0,,
19514,woodgrove,2011,2A(2),0,0,,
19515,woodgrove,2011,2B,29,69,,1
19516,woodgrove,2011,2C,107,109,,1
19517,woodgrove,2011,2C(S),4,2,,0.5
19518,woodgrove,2011,3,0,0,,
19519,woodgrove,2011,Total,0,270,,1
19520,woodgrove,2012,1,0,0,,
19521,woodgrove,2012,2A(1),0,0,,
19522,woodgrove,2012,2A(2),0,0,,
19523,woodgrove,2012,2B,28,60,,1
19524,woodgrove,2012,2C,99,91,,0.919191919191919
19525,woodgrove,2012,2C(S),0,0,,
19526,woodgrove,2012,3,0,0,,
19527,woodgrove,2012,Total,0,240,,1
19528,woodgrove,2013,1,0,0,,
19529,woodgrove,2013,2A(1),0,0,,
19530,woodgrove,2013,2A(2),0,0,,
19531,woodgrove,2013,2B,32,60,,1
19532,woodgrove,2013,2C,91,87,,0.956043956043956
19533,woodgrove,2013,2C(S),0,0,,
19534,woodgrove,2013,3,0,0,,
19535,woodgrove,2013,Total,0,240,,1
19536,woodgrove,2014,1,0,0,,
19537,woodgrove,2014,2A(1),0,0,,
19538,woodgrove,2014,2A(2),0,0,,
19539,woodgrove,2014,2B,26,59,,1
19540,woodgrove,2014,2C,96,91,,0.947916666666667
19541,woodgrove,2014,2C(S),0,0,,
19542,woodgrove,2014,3,0,0,,
19543,woodgrove,2014,Total,0,240,,1
19544,woodgrove,2015,1,0,0,,
19545,woodgrove,2015,2A(1),0,0,,
19546,woodgrove,2015,2A(2),0,0,,
19547,woodgrove,2015,2B,15,64,,1
19548,woodgrove,2015,2C,108,115,,1
19549,woodgrove,2015,2C(S),10,8,,0.8
19550,woodgrove,2015,3,0,0,,
19551,woodgrove,2015,Total,0,240,,1
19552,woodgrove,2016,1,0,0,,
19553,woodgrove,2016,2A(1),0,0,,
19554,woodgrove,2016,2A(2),0,0,,
19555,woodgrove,2016,2B,9,61,,1
19556,woodgrove,2016,2C,105,115,,1
19557,woodgrove,2016,2C(S),6,10,,1
19558,woodgrove,2016,3,0,4,,1
19559,woodgrove,2016,Total,0,210,,1
19560,woodgrove,2017,1,0,0,,
19561,woodgrove,2017,2A(1),0,0,,
19562,woodgrove,2017,2A(2),0,0,,
19563,woodgrove,2017,2B,7,54,,1
19564,woodgrove,2017,2C,94,101,,1
19565,woodgrove,2017,2C(S),8,7,,0.875
19566,woodgrove,2017,3,0,0,,
19567,woodgrove,2017,Total,0,210,,1
19568,woodgrove,2018,1,0,0,,
19569,woodgrove,2018,2A(1),0,0,,
19570,woodgrove,2018,2A(2),0,0,,
19571,woodgrove,2018,2B,17,49,,1
19572,woodgrove,2018,2C,91,80,,0.879120879120879
19573,woodgrove,2018,2C(S),0,0,,
19574,woodgrove,2018,3,0,0,,
19575,woodgrove,2018,Total,0,210,,1
19576,woodgrove,2019,1,84,140,,1
19577,woodgrove,2019,2A(1),0,56,,1
19578,woodgrove,2019,2A(2),14,56,,1
19579,woodgrove,2019,2B,6,41,,1
19580,woodgrove,2019,2C,94,76,SC1-2,0.808510638297872
19581,woodgrove,2019,2C(S),0,0,,
19582,woodgrove,2019,3,0,0,,
19583,woodgrove,2019,Total,0,180,,1
19584,woodgrove,2020,1,62,140,,1
19585,woodgrove,2020,2A(1),0,78,,1
19586,woodgrove,2020,2A(2),15,78,,1
19587,woodgrove,2020,2B,16,52,,1
19588,woodgrove,2020,2C,96,87,PR<1,0.90625
19589,woodgrove,2020,2C(S),0,0,,
19590,woodgrove,2020,3,0,0,,
19591,woodgrove,2020,Total,0,180,,1
19592,woodgrove,2021,1,73,140,,1
19593,woodgrove,2021,2A(1),2,67,,1
19594,woodgrove,2021,2A(2),11,65,,1
19595,woodgrove,2021,2B,5,47,,1
19596,woodgrove,2021,2C,92,89,PR<1,0.967391304347826
19597,woodgrove,2021,2C(S),0,0,,
19598,woodgrove,2021,3,0,0,,
19599,woodgrove,2021,Total,0,180,,1
19600,woodgrove,2022,1,87,120,,1
19601,woodgrove,2022,2A(1),18,34,,1
19602,woodgrove,2022,2A(2),0,0,,
19603,woodgrove,2022,2B,5,25,,1
19604,woodgrove,2022,2C,104,71,SC<1,0.682692307692308
19605,woodgrove,2022,2C(S),0,0,,
19606,woodgrove,2022,3,0,0,,
19607,woodgrove,2022,Total,0,180,,1
19608,woodgrove,2023,1,59,120,,1
19609,woodgrove,2023,2A(1),10,61,,1
19610,woodgrove,2023,2A(2),0,0,,
19611,woodgrove,2023,2B,8,37,,1
19612,woodgrove,2023,2C,99,103,,1
19613,woodgrove,2023,2C(S),8,4,SC<1#,0.5
19614,woodgrove,2023,3,0,0,,
19615,woodgrove,2023,Total,0,180,,1
19616,woodlands,2009,1,0,0,,
19617,woodlands,2009,2A(1),0,0,,
19618,woodlands,2009,2A(2),0,0,,
19619,woodlands,2009,2B,2,66,,1
19620,woodlands,2009,2C,86,132,,1
19621,woodlands,2009,2C(S),63,46,,0.73015873015873
19622,woodlands,2009,3,0,0,,
19623,woodlands,2009,Total,0,300,,1
19624,woodlands,2010,1,0,0,,
19625,woodlands,2010,2A(1),0,0,,
19626,woodlands,2010,2A(2),0,0,,
19627,woodlands,2010,2B,0,68,,1
19628,woodlands,2010,2C,87,136,,1
19629,woodlands,2010,2C(S),74,52,,0.702702702702703
19630,woodlands,2010,3,0,0,,
19631,woodlands,2010,Total,0,270,,1
19632,woodlands,2011,1,0,0,,
19633,woodlands,2011,2A(1),0,0,,
19634,woodlands,2011,2A(2),0,0,,
19635,woodlands,2011,2B,1,62,,1
19636,woodlands,2011,2C,100,123,,1
19637,woodlands,2011,2C(S),28,23,,0.821428571428571
19638,woodlands,2011,3,0,0,,
19639,woodlands,2011,Total,0,270,,1
19640,woodlands,2012,1,0,0,,
19641,woodlands,2012,2A(1),0,0,,
19642,woodlands,2012,2A(2),0,0,,
19643,woodlands,2012,2B,3,61,,1
19644,woodlands,2012,2C,128,119,,0.9296875
19645,woodlands,2012,2C(S),0,0,,
19646,woodlands,2012,3,0,0,,
19647,woodlands,2012,Total,0,240,,1
19648,woodlands,2013,1,0,0,,
19649,woodlands,2013,2A(1),0,0,,
19650,woodlands,2013,2A(2),0,0,,
19651,woodlands,2013,2B,6,70,,1
19652,woodlands,2013,2C,116,133,,1
19653,woodlands,2013,2C(S),19,18,,0.947368421052632
19654,woodlands,2013,3,0,0,,
19655,woodlands,2013,Total,0,240,,1
19656,woodlands,2014,1,0,0,,
19657,woodlands,2014,2A(1),0,0,,
19658,woodlands,2014,2A(2),0,0,,
19659,woodlands,2014,2B,7,63,,1
19660,woodlands,2014,2C,97,119,,1
19661,woodlands,2014,2C(S),26,24,,0.923076923076923
19662,woodlands,2014,3,0,0,,
19663,woodlands,2014,Total,0,240,,1
19664,woodlands,2015,1,0,0,,
19665,woodlands,2015,2A(1),0,0,,
19666,woodlands,2015,2A(2),0,0,,
19667,woodlands,2015,2B,4,49,,1
19668,woodlands,2015,2C,99,96,,0.96969696969697
19669,woodlands,2015,2C(S),0,0,,
19670,woodlands,2015,3,0,0,,
19671,woodlands,2015,Total,0,210,,1
19672,woodlands,2016,1,0,0,,
19673,woodlands,2016,2A(1),0,0,,
19674,woodlands,2016,2A(2),0,0,,
19675,woodlands,2016,2B,5,48,,1
19676,woodlands,2016,2C,85,91,,1
19677,woodlands,2016,2C(S),4,6,,1
19678,woodlands,2016,3,0,2,,1
19679,woodlands,2016,Total,0,210,,1
19680,woodlands,2017,1,0,0,,
19681,woodlands,2017,2A(1),0,0,,
19682,woodlands,2017,2A(2),0,0,,
19683,woodlands,2017,2B,2,50,,1
19684,woodlands,2017,2C,107,101,,0.94392523364486
19685,woodlands,2017,2C(S),0,0,,
19686,woodlands,2017,3,0,0,,
19687,woodlands,2017,Total,0,210,,1
19688,woodlands,2018,1,0,0,,
19689,woodlands,2018,2A(1),0,0,,
19690,woodlands,2018,2A(2),0,0,,
19691,woodlands,2018,2B,8,36,,1
19692,woodlands,2018,2C,84,67,,0.797619047619048
19693,woodlands,2018,2C(S),0,0,,
19694,woodlands,2018,3,0,0,,
19695,woodlands,2018,Total,0,210,,1
19696,woodlands,2019,1,103,170,,1
19697,woodlands,2019,2A(1),0,67,,1
19698,woodlands,2019,2A(2),30,67,,1
19699,woodlands,2019,2B,5,39,,1
19700,woodlands,2019,2C,80,74,SC1-2,0.925
19701,woodlands,2019,2C(S),0,0,,
19702,woodlands,2019,3,0,0,,
19703,woodlands,2019,Total,0,210,,1
19704,woodlands,2020,1,97,170,,1
19705,woodlands,2020,2A(1),0,73,,1
19706,woodlands,2020,2A(2),27,73,,1
19707,woodlands,2020,2B,3,43,,1
19708,woodlands,2020,2C,95,84,SC>2,0.884210526315789
19709,woodlands,2020,2C(S),0,0,,
19710,woodlands,2020,3,0,0,,
19711,woodlands,2020,Total,0,210,,1
19712,woodlands,2021,1,94,170,,1
19713,woodlands,2021,2A(1),0,76,,1
19714,woodlands,2021,2A(2),35,76,,1
19715,woodlands,2021,2B,5,41,,1
19716,woodlands,2021,2C,115,77,SC<1,0.669565217391304
19717,woodlands,2021,2C(S),0,0,,
19718,woodlands,2021,3,0,0,,
19719,woodlands,2021,Total,0,210,,1
19720,woodlands,2022,1,91,150,,1
19721,woodlands,2022,2A(1),26,59,,1
19722,woodlands,2022,2A(2),0,0,,
19723,woodlands,2022,2B,13,31,,1
19724,woodlands,2022,2C,112,80,SC<1,0.714285714285714
19725,woodlands,2022,2C(S),0,0,,
19726,woodlands,2022,3,0,0,,
19727,woodlands,2022,Total,0,210,,1
19728,woodlands,2023,1,69,150,,1
19729,woodlands,2023,2A(1),33,81,,1
19730,woodlands,2023,2A(2),0,0,,
19731,woodlands,2023,2B,8,36,,1
19732,woodlands,2023,2C,87,102,,1
19733,woodlands,2023,2C(S),10,16,,1
19734,woodlands,2023,3,0,6,,1
19735,woodlands,2023,Total,0,210,,1
19736,woodlands-ring,2009,1,0,0,,
19737,woodlands-ring,2009,2A(1),0,0,,
19738,woodlands-ring,2009,2A(2),0,0,,
19739,woodlands-ring,2009,2B,5,56,,1
19740,woodlands-ring,2009,2C,110,107,,0.972727272727273
19741,woodlands-ring,2009,2C(S),0,0,,
19742,woodlands-ring,2009,3,0,0,,
19743,woodlands-ring,2009,Total,0,240,,1
19744,woodlands-ring,2010,1,0,0,,
19745,woodlands-ring,2010,2A(1),0,0,,
19746,woodlands-ring,2010,2A(2),0,0,,
19747,woodlands-ring,2010,2B,5,63,,1
19748,woodlands-ring,2010,2C,124,120,,0.967741935483871
19749,woodlands-ring,2010,2C(S),0,0,,
19750,woodlands-ring,2010,3,0,0,,
19751,woodlands-ring,2010,Total,0,240,,1
19752,woodlands-ring,2011,1,0,0,,
19753,woodlands-ring,2011,2A(1),0,0,,
19754,woodlands-ring,2011,2A(2),0,0,,
19755,woodlands-ring,2011,2B,7,76,,1
19756,woodlands-ring,2011,2C,116,147,,1
19757,woodlands-ring,2011,2C(S),44,33,,0.75
19758,woodlands-ring,2011,3,0,0,,
19759,woodlands-ring,2011,Total,0,270,,1
19760,woodlands-ring,2012,1,0,0,,
19761,woodlands-ring,2012,2A(1),0,0,,
19762,woodlands-ring,2012,2A(2),0,0,,
19763,woodlands-ring,2012,2B,3,66,,1
19764,woodlands-ring,2012,2C,112,129,,1
19765,woodlands-ring,2012,2C(S),19,17,,0.894736842105263
19766,woodlands-ring,2012,3,0,0,,
19767,woodlands-ring,2012,Total,0,240,,1
19768,woodlands-ring,2013,1,0,0,,
19769,woodlands-ring,2013,2A(1),0,0,,
19770,woodlands-ring,2013,2A(2),0,0,,
19771,woodlands-ring,2013,2B,3,64,,1
19772,woodlands-ring,2013,2C,93,124,,1
19773,woodlands-ring,2013,2C(S),13,31,,1
19774,woodlands-ring,2013,3,0,8,,1
19775,woodlands-ring,2013,Total,0,240,,1
19776,woodlands-ring,2014,1,0,0,,
19777,woodlands-ring,2014,2A(1),0,0,,
19778,woodlands-ring,2014,2A(2),0,0,,
19779,woodlands-ring,2014,2B,3,66,,1
19780,woodlands-ring,2014,2C,121,129,,1
19781,woodlands-ring,2014,2C(S),11,8,,0.727272727272727
19782,woodlands-ring,2014,3,0,0,,
19783,woodlands-ring,2014,Total,0,240,,1
19784,woodlands-ring,2015,1,0,0,,
19785,woodlands-ring,2015,2A(1),0,0,,
19786,woodlands-ring,2015,2A(2),0,0,,
19787,woodlands-ring,2015,2B,0,66,,1
19788,woodlands-ring,2015,2C,90,133,,1
19789,woodlands-ring,2015,2C(S),18,43,,1
19790,woodlands-ring,2015,3,0,25,,1
19791,woodlands-ring,2015,Total,0,240,,1
19792,woodlands-ring,2016,1,0,0,,
19793,woodlands-ring,2016,2A(1),0,0,,
19794,woodlands-ring,2016,2A(2),0,0,,
19795,woodlands-ring,2016,2B,1,56,,1
19796,woodlands-ring,2016,2C,81,110,,1
19797,woodlands-ring,2016,2C(S),2,29,,1
19798,woodlands-ring,2016,3,0,27,,1
19799,woodlands-ring,2016,Total,0,210,,1
19800,woodlands-ring,2017,1,0,0,,
19801,woodlands-ring,2017,2A(1),0,0,,
19802,woodlands-ring,2017,2A(2),0,0,,
19803,woodlands-ring,2017,2B,2,57,,1
19804,woodlands-ring,2017,2C,80,113,,1
19805,woodlands-ring,2017,2C(S),14,33,,1
19806,woodlands-ring,2017,3,0,19,,1
19807,woodlands-ring,2017,Total,0,210,,1
19808,woodlands-ring,2018,1,0,0,,
19809,woodlands-ring,2018,2A(1),0,0,,
19810,woodlands-ring,2018,2A(2),0,0,,
19811,woodlands-ring,2018,2B,0,72,,1
19812,woodlands-ring,2018,2C,64,143,,1
19813,woodlands-ring,2018,2C(S),56,79,,1
19814,woodlands-ring,2018,3,0,23,,1
19815,woodlands-ring,2018,Total,0,240,,1
19816,woodlands-ring,2019,1,68,170,,1
19817,woodlands-ring,2019,2A(1),1,102,,1
19818,woodlands-ring,2019,2A(2),20,101,,1
19819,woodlands-ring,2019,2B,2,61,,1
19820,woodlands-ring,2019,2C,85,119,,1
19821,woodlands-ring,2019,2C(S),40,35,SC<2#,0.875
19822,woodlands-ring,2019,3,0,0,,
19823,woodlands-ring,2019,Total,0,210,,1
19824,woodlands-ring,2020,1,89,170,,1
19825,woodlands-ring,2020,2A(1),0,81,,1
19826,woodlands-ring,2020,2A(2),9,82,,1
19827,woodlands-ring,2020,2B,0,57,,1
19828,woodlands-ring,2020,2C,67,116,,1
19829,woodlands-ring,2020,2C(S),41,50,,1
19830,woodlands-ring,2020,3,0,9,,1
19831,woodlands-ring,2020,Total,0,210,,1
19832,woodlands-ring,2021,1,80,200,,1
19833,woodlands-ring,2021,2A(1),0,120,,1
19834,woodlands-ring,2021,2A(2),14,120,,1
19835,woodlands-ring,2021,2B,0,73,,1
19836,woodlands-ring,2021,2C,62,147,,1
19837,woodlands-ring,2021,2C(S),29,85,,1
19838,woodlands-ring,2021,3,0,56,,1
19839,woodlands-ring,2021,Total,0,240,,1
19840,woodlands-ring,2022,1,79,180,,1
19841,woodlands-ring,2022,2A(1),20,101,,1
19842,woodlands-ring,2022,2A(2),0,0,,
19843,woodlands-ring,2022,2B,0,47,,1
19844,woodlands-ring,2022,2C,66,141,,1
19845,woodlands-ring,2022,2C(S),36,75,,1
19846,woodlands-ring,2022,3,0,39,,1
19847,woodlands-ring,2022,Total,0,240,,1
19848,woodlands-ring,2023,1,85,150,,1
19849,woodlands-ring,2023,2A(1),20,65,,1
19850,woodlands-ring,2023,2A(2),0,0,,
19851,woodlands-ring,2023,2B,0,35,,1
19852,woodlands-ring,2023,2C,53,105,,1
19853,woodlands-ring,2023,2C(S),6,53,,1
19854,woodlands-ring,2023,3,0,47,,1
19855,woodlands-ring,2023,Total,0,210,,1
19856,xinghua,2009,1,0,0,,
19857,xinghua,2009,2A(1),0,0,,
19858,xinghua,2009,2A(2),0,0,,
19859,xinghua,2009,2B,0,56,,1
19860,xinghua,2009,2C,52,115,,1
19861,xinghua,2009,2C(S),19,63,,1
19862,xinghua,2009,3,0,37,,1
19863,xinghua,2009,Total,0,210,,1
19864,xinghua,2010,1,0,0,,
19865,xinghua,2010,2A(1),0,0,,
19866,xinghua,2010,2A(2),0,0,,
19867,xinghua,2010,2B,0,73,,1
19868,xinghua,2010,2C,51,145,,1
19869,xinghua,2010,2C(S),16,95,,1
19870,xinghua,2010,3,0,57,,1
19871,xinghua,2010,Total,0,210,,1
19872,xinghua,2011,1,0,0,,
19873,xinghua,2011,2A(1),0,0,,
19874,xinghua,2011,2A(2),0,0,,
19875,xinghua,2011,2B,0,86,,1
19876,xinghua,2011,2C,49,171,,1
19877,xinghua,2011,2C(S),21,124,,1
19878,xinghua,2011,3,0,61,,1
19879,xinghua,2011,Total,0,240,,1
19880,xinghua,2012,1,0,0,,
19881,xinghua,2012,2A(1),0,0,,
19882,xinghua,2012,2A(2),0,0,,
19883,xinghua,2012,2B,2,71,,1
19884,xinghua,2012,2C,68,139,,1
19885,xinghua,2012,2C(S),17,72,,1
19886,xinghua,2012,3,0,55,,1
19887,xinghua,2012,Total,0,210,,1
19888,xinghua,2013,1,0,0,,
19889,xinghua,2013,2A(1),0,0,,
19890,xinghua,2013,2A(2),0,0,,
19891,xinghua,2013,2B,0,75,,1
19892,xinghua,2013,2C,73,149,,1
19893,xinghua,2013,2C(S),35,76,,1
19894,xinghua,2013,3,0,34,,1
19895,xinghua,2013,Total,0,210,,1
19896,xinghua,2014,1,0,0,,
19897,xinghua,2014,2A(1),0,0,,
19898,xinghua,2014,2A(2),0,0,,
19899,xinghua,2014,2B,0,67,,1
19900,xinghua,2014,2C,60,134,,1
19901,xinghua,2014,2C(S),21,74,,1
19902,xinghua,2014,3,0,53,,1
19903,xinghua,2014,Total,0,210,,1
19904,xinghua,2015,1,0,0,,
19905,xinghua,2015,2A(1),0,0,,
19906,xinghua,2015,2A(2),0,0,,
19907,xinghua,2015,2B,1,78,,1
19908,xinghua,2015,2C,46,155,,1
19909,xinghua,2015,2C(S),11,109,,1
19910,xinghua,2015,3,0,98,,1
19911,xinghua,2015,Total,0,210,,1
19912,xinghua,2016,1,0,0,,
19913,xinghua,2016,2A(1),0,0,,
19914,xinghua,2016,2A(2),0,0,,
19915,xinghua,2016,2B,0,52,,1
19916,xinghua,2016,2C,42,105,,1
19917,xinghua,2016,2C(S),2,63,,1
19918,xinghua,2016,3,0,61,,1
19919,xinghua,2016,Total,0,150,,1
19920,xinghua,2017,1,0,0,,
19921,xinghua,2017,2A(1),0,0,,
19922,xinghua,2017,2A(2),0,0,,
19923,xinghua,2017,2B,0,50,,1
19924,xinghua,2017,2C,37,103,,1
19925,xinghua,2017,2C(S),9,66,,1
19926,xinghua,2017,3,0,57,,1
19927,xinghua,2017,Total,0,150,,1
19928,xinghua,2018,1,0,0,,
19929,xinghua,2018,2A(1),0,0,,
19930,xinghua,2018,2A(2),0,0,,
19931,xinghua,2018,2B,1,92,,1
19932,xinghua,2018,2C,45,185,,1
19933,xinghua,2018,2C(S),56,140,,1
19934,xinghua,2018,3,0,84,,1
19935,xinghua,2018,Total,0,240,,1
19936,xinghua,2019,1,46,140,,1
19937,xinghua,2019,2A(1),0,94,,1
19938,xinghua,2019,2A(2),8,94,,1
19939,xinghua,2019,2B,0,63,,1
19940,xinghua,2019,2C,36,126,,1
19941,xinghua,2019,2C(S),28,90,,1
19942,xinghua,2019,3,0,62,,1
19943,xinghua,2019,Total,0,180,,1
19944,xinghua,2020,1,37,230,,1
19945,xinghua,2020,2A(1),1,193,,1
19946,xinghua,2020,2A(2),10,192,,1
19947,xinghua,2020,2B,0,111,,1
19948,xinghua,2020,2C,48,222,,1
19949,xinghua,2020,2C(S),31,174,,1
19950,xinghua,2020,3,0,143,,1
19951,xinghua,2020,Total,0,270,,1
19952,xinghua,2021,1,43,200,,1
19953,xinghua,2021,2A(1),0,157,,1
19954,xinghua,2021,2A(2),11,157,,1
19955,xinghua,2021,2B,0,93,,1
19956,xinghua,2021,2C,34,187,,1
19957,xinghua,2021,2C(S),47,154,,1
19958,xinghua,2021,3,0,107,,1
19959,xinghua,2021,Total,0,240,,1
19960,xinghua,2022,1,39,220,,1
19961,xinghua,2022,2A(1),10,181,,1
19962,xinghua,2022,2A(2),0,0,,
19963,xinghua,2022,2B,0,77,,1
19964,xinghua,2022,2C,35,232,,1
19965,xinghua,2022,2C(S),39,197,,1
19966,xinghua,2022,3,0,158,,1
19967,xinghua,2022,Total,0,280,,1
19968,xinghua,2023,1,28,180,,1
19969,xinghua,2023,2A(1),10,152,,1
19970,xinghua,2023,2A(2),0,0,,
19971,xinghua,2023,2B,0,67,,1
19972,xinghua,2023,2C,34,203,,1
19973,xinghua,2023,2C(S),42,169,,1
19974,xinghua,2023,3,0,127,,1
19975,xinghua,2023,Total,0,240,,1
19976,xingnan,2009,1,0,0,,
19977,xingnan,2009,2A(1),0,0,,
19978,xingnan,2009,2A(2),0,0,,
19979,xingnan,2009,2B,1,76,,1
19980,xingnan,2009,2C,126,150,,1
19981,xingnan,2009,2C(S),56,24,,0.428571428571428
19982,xingnan,2009,3,0,0,,
19983,xingnan,2009,Total,0,270,,1
19984,xingnan,2010,1,0,0,,
19985,xingnan,2010,2A(1),0,0,,
19986,xingnan,2010,2A(2),0,0,,
19987,xingnan,2010,2B,1,88,,1
19988,xingnan,2010,2C,168,175,,1
19989,xingnan,2010,2C(S),20,8,,0.4
19990,xingnan,2010,3,0,0,,
19991,xingnan,2010,Total,0,300,,1
19992,xingnan,2011,1,0,0,,
19993,xingnan,2011,2A(1),0,0,,
19994,xingnan,2011,2A(2),0,0,,
19995,xingnan,2011,2B,4,69,,1
19996,xingnan,2011,2C,110,134,,1
19997,xingnan,2011,2C(S),26,24,,0.923076923076923
19998,xingnan,2011,3,0,0,,
19999,xingnan,2011,Total,0,270,,1
20000,xingnan,2012,1,0,0,,
20001,xingnan,2012,2A(1),0,0,,
20002,xingnan,2012,2A(2),0,0,,
20003,xingnan,2012,2B,1,55,,1
20004,xingnan,2012,2C,102,109,,1
20005,xingnan,2012,2C(S),14,7,,0.5
20006,xingnan,2012,3,0,0,,
20007,xingnan,2012,Total,0,240,,1
20008,xingnan,2013,1,0,0,,
20009,xingnan,2013,2A(1),0,0,,
20010,xingnan,2013,2A(2),0,0,,
20011,xingnan,2013,2B,6,62,,1
20012,xingnan,2013,2C,94,118,,1
20013,xingnan,2013,2C(S),29,25,,0.862068965517241
20014,xingnan,2013,3,0,0,,
20015,xingnan,2013,Total,0,240,,1
20016,xingnan,2014,1,0,0,,
20017,xingnan,2014,2A(1),0,0,,
20018,xingnan,2014,2A(2),0,0,,
20019,xingnan,2014,2B,5,59,,1
20020,xingnan,2014,2C,93,113,,1
20021,xingnan,2014,2C(S),23,20,,0.869565217391304
20022,xingnan,2014,3,0,0,,
20023,xingnan,2014,Total,0,240,,1
20024,xingnan,2015,1,0,0,,
20025,xingnan,2015,2A(1),0,0,,
20026,xingnan,2015,2A(2),0,0,,
20027,xingnan,2015,2B,5,67,,1
20028,xingnan,2015,2C,97,132,,1
20029,xingnan,2015,2C(S),28,35,,1
20030,xingnan,2015,3,0,7,,1
20031,xingnan,2015,Total,0,240,,1
20032,xingnan,2016,1,0,0,,
20033,xingnan,2016,2A(1),0,0,,
20034,xingnan,2016,2A(2),0,0,,
20035,xingnan,2016,2B,7,49,,1
20036,xingnan,2016,2C,70,93,,1
20037,xingnan,2016,2C(S),12,23,,1
20038,xingnan,2016,3,0,11,,1
20039,xingnan,2016,Total,0,210,,1
20040,xingnan,2017,1,0,0,,
20041,xingnan,2017,2A(1),0,0,,
20042,xingnan,2017,2A(2),0,0,,
20043,xingnan,2017,2B,5,34,,1
20044,xingnan,2017,2C,75,65,,0.866666666666667
20045,xingnan,2017,2C(S),0,0,,
20046,xingnan,2017,3,0,0,,
20047,xingnan,2017,Total,0,180,,1
20048,xingnan,2018,1,0,0,,
20049,xingnan,2018,2A(1),0,0,,
20050,xingnan,2018,2A(2),0,0,,
20051,xingnan,2018,2B,9,41,,1
20052,xingnan,2018,2C,78,73,,0.935897435897436
20053,xingnan,2018,2C(S),0,0,,
20054,xingnan,2018,3,0,0,,
20055,xingnan,2018,Total,0,180,,1
20056,xingnan,2019,1,53,110,,1
20057,xingnan,2019,2A(1),2,57,,1
20058,xingnan,2019,2A(2),22,56,,1
20059,xingnan,2019,2B,4,37,,1
20060,xingnan,2019,2C,63,72,,1
20061,xingnan,2019,2C(S),10,9,SC<2#,0.9
20062,xingnan,2019,3,0,0,,
20063,xingnan,2019,Total,0,150,,1
20064,xingnan,2020,1,70,170,,1
20065,xingnan,2020,2A(1),3,100,,1
20066,xingnan,2020,2A(2),24,97,,1
20067,xingnan,2020,2B,6,57,,1
20068,xingnan,2020,2C,63,110,,1
20069,xingnan,2020,2C(S),50,47,SC>2,0.94
20070,xingnan,2020,3,0,0,,
20071,xingnan,2020,Total,0,210,,1
20072,xingnan,2021,1,72,260,,1
20073,xingnan,2021,2A(1),0,188,,1
20074,xingnan,2021,2A(2),23,188,,1
20075,xingnan,2021,2B,1,103,,1
20076,xingnan,2021,2C,99,204,,1
20077,xingnan,2021,2C(S),56,105,,1
20078,xingnan,2021,3,0,49,,1
20079,xingnan,2021,Total,0,300,,1
20080,xingnan,2022,1,87,240,,1
20081,xingnan,2022,2A(1),25,153,,1
20082,xingnan,2022,2A(2),0,0,,
20083,xingnan,2022,2B,1,63,,1
20084,xingnan,2022,2C,64,187,,1
20085,xingnan,2022,2C(S),33,123,,1
20086,xingnan,2022,3,0,90,,1
20087,xingnan,2022,Total,0,300,,1
20088,xingnan,2023,1,49,150,,1
20089,xingnan,2023,2A(1),18,101,,1
20090,xingnan,2023,2A(2),0,0,,
20091,xingnan,2023,2B,0,48,,1
20092,xingnan,2023,2C,43,143,,1
20093,xingnan,2023,2C(S),11,100,,1
20094,xingnan,2023,3,0,89,,1
20095,xingnan,2023,Total,0,210,,1
20096,xinmin,2009,1,0,0,,
20097,xinmin,2009,2A(1),0,0,,
20098,xinmin,2009,2A(2),0,0,,
20099,xinmin,2009,2B,6,36,,1
20100,xinmin,2009,2C,102,65,,0.637254901960784
20101,xinmin,2009,2C(S),0,0,,
20102,xinmin,2009,3,0,0,,
20103,xinmin,2009,Total,0,210,,1
20104,xinmin,2010,1,0,0,,
20105,xinmin,2010,2A(1),0,0,,
20106,xinmin,2010,2A(2),0,0,,
20107,xinmin,2010,2B,8,39,,1
20108,xinmin,2010,2C,93,70,,0.752688172043011
20109,xinmin,2010,2C(S),0,0,,
20110,xinmin,2010,3,0,0,,
20111,xinmin,2010,Total,0,210,,1
20112,xinmin,2011,1,0,0,,
20113,xinmin,2011,2A(1),0,0,,
20114,xinmin,2011,2A(2),0,0,,
20115,xinmin,2011,2B,8,35,,1
20116,xinmin,2011,2C,118,63,,0.533898305084746
20117,xinmin,2011,2C(S),0,0,,
20118,xinmin,2011,3,0,0,,
20119,xinmin,2011,Total,0,210,,1
20120,xinmin,2012,1,0,0,,
20121,xinmin,2012,2A(1),0,0,,
20122,xinmin,2012,2A(2),0,0,,
20123,xinmin,2012,2B,14,44,,1
20124,xinmin,2012,2C,79,74,,0.936708860759494
20125,xinmin,2012,2C(S),0,0,,
20126,xinmin,2012,3,0,0,,
20127,xinmin,2012,Total,0,210,,1
20128,xinmin,2013,1,0,0,,
20129,xinmin,2013,2A(1),0,0,,
20130,xinmin,2013,2A(2),0,0,,
20131,xinmin,2013,2B,11,56,,1
20132,xinmin,2013,2C,125,100,,0.8
20133,xinmin,2013,2C(S),0,0,,
20134,xinmin,2013,3,0,0,,
20135,xinmin,2013,Total,0,210,,1
20136,xinmin,2014,1,0,0,,
20137,xinmin,2014,2A(1),0,0,,
20138,xinmin,2014,2A(2),0,0,,
20139,xinmin,2014,2B,12,38,,1
20140,xinmin,2014,2C,71,64,,0.901408450704225
20141,xinmin,2014,2C(S),0,0,,
20142,xinmin,2014,3,0,0,,
20143,xinmin,2014,Total,0,210,,1
20144,xinmin,2015,1,0,0,,
20145,xinmin,2015,2A(1),0,0,,
20146,xinmin,2015,2A(2),0,0,,
20147,xinmin,2015,2B,7,29,,1
20148,xinmin,2015,2C,60,52,,0.866666666666667
20149,xinmin,2015,2C(S),0,0,,
20150,xinmin,2015,3,0,0,,
20151,xinmin,2015,Total,0,210,,1
20152,xinmin,2016,1,0,0,,
20153,xinmin,2016,2A(1),0,0,,
20154,xinmin,2016,2A(2),0,0,,
20155,xinmin,2016,2B,12,51,,1
20156,xinmin,2016,2C,97,91,,0.938144329896907
20157,xinmin,2016,2C(S),0,0,,
20158,xinmin,2016,3,0,0,,
20159,xinmin,2016,Total,0,210,,1
20160,xinmin,2017,1,0,0,,
20161,xinmin,2017,2A(1),0,0,,
20162,xinmin,2017,2A(2),0,0,,
20163,xinmin,2017,2B,12,50,,1
20164,xinmin,2017,2C,94,90,,0.957446808510638
20165,xinmin,2017,2C(S),0,0,,
20166,xinmin,2017,3,0,0,,
20167,xinmin,2017,Total,0,210,,1
20168,xinmin,2018,1,0,0,,
20169,xinmin,2018,2A(1),0,0,,
20170,xinmin,2018,2A(2),0,0,,
20171,xinmin,2018,2B,21,39,,1
20172,xinmin,2018,2C,82,57,,0.695121951219512
20173,xinmin,2018,2C(S),0,0,,
20174,xinmin,2018,3,0,0,,
20175,xinmin,2018,Total,0,210,,1
20176,xinmin,2019,1,75,170,,1
20177,xinmin,2019,2A(1),0,95,,1
20178,xinmin,2019,2A(2),40,95,,1
20179,xinmin,2019,2B,11,48,,1
20180,xinmin,2019,2C,98,85,SC>2,0.86734693877551
20181,xinmin,2019,2C(S),0,0,,
20182,xinmin,2019,3,0,0,,
20183,xinmin,2019,Total,0,210,,1
20184,xinmin,2020,1,90,170,,1
20185,xinmin,2020,2A(1),0,80,,1
20186,xinmin,2020,2A(2),44,80,,1
20187,xinmin,2020,2B,15,38,,1
20188,xinmin,2020,2C,91,61,SC<1,0.67032967032967
20189,xinmin,2020,2C(S),0,0,,
20190,xinmin,2020,3,0,0,,
20191,xinmin,2020,Total,0,210,,1
20192,xinmin,2021,1,87,170,,1
20193,xinmin,2021,2A(1),1,83,,1
20194,xinmin,2021,2A(2),46,82,,1
20195,xinmin,2021,2B,20,38,,1
20196,xinmin,2021,2C,103,58,SC<1,0.563106796116505
20197,xinmin,2021,2C(S),0,0,,
20198,xinmin,2021,3,0,0,,
20199,xinmin,2021,Total,0,210,,1
20200,xinmin,2022,1,79,150,,1
20201,xinmin,2022,2A(1),60,72,,1
20202,xinmin,2022,2A(2),0,0,,
20203,xinmin,2022,2B,32,24,SC<2#,0.75
20204,xinmin,2022,2C,78,50,SC<1,0.641025641025641
20205,xinmin,2022,2C(S),0,0,,
20206,xinmin,2022,3,0,0,,
20207,xinmin,2022,Total,0,210,,1
20208,xinmin,2023,1,69,150,,1
20209,xinmin,2023,2A(1),54,81,,1
20210,xinmin,2023,2A(2),0,0,,
20211,xinmin,2023,2B,26,29,,1
20212,xinmin,2023,2C,100,62,SC<1,0.62
20213,xinmin,2023,2C(S),0,0,,
20214,xinmin,2023,3,0,0,,
20215,xinmin,2023,Total,0,210,,1
20216,xishan,2009,1,0,0,,
20217,xishan,2009,2A(1),0,0,,
20218,xishan,2009,2A(2),0,0,,
20219,xishan,2009,2B,0,57,,1
20220,xishan,2009,2C,48,114,,1
20221,xishan,2009,2C(S),6,66,,1
20222,xishan,2009,3,0,60,,1
20223,xishan,2009,Total,0,180,,1
20224,xishan,2010,1,0,0,,
20225,xishan,2010,2A(1),0,0,,
20226,xishan,2010,2A(2),0,0,,
20227,xishan,2010,2B,0,59,,1
20228,xishan,2010,2C,47,118,,1
20229,xishan,2010,2C(S),11,71,,1
20230,xishan,2010,3,0,52,,1
20231,xishan,2010,Total,0,180,,1
20232,xishan,2011,1,0,0,,
20233,xishan,2011,2A(1),0,0,,
20234,xishan,2011,2A(2),0,0,,
20235,xishan,2011,2B,0,53,,1
20236,xishan,2011,2C,44,107,,1
20237,xishan,2011,2C(S),13,63,,1
20238,xishan,2011,3,0,43,,1
20239,xishan,2011,Total,0,180,,1
20240,xishan,2012,1,0,0,,
20241,xishan,2012,2A(1),0,0,,
20242,xishan,2012,2A(2),0,0,,
20243,xishan,2012,2B,0,51,,1
20244,xishan,2012,2C,56,101,,1
20245,xishan,2012,2C(S),4,47,,1
20246,xishan,2012,3,0,43,,1
20247,xishan,2012,Total,0,180,,1
20248,xishan,2013,1,0,0,,
20249,xishan,2013,2A(1),0,0,,
20250,xishan,2013,2A(2),0,0,,
20251,xishan,2013,2B,0,63,,1
20252,xishan,2013,2C,57,126,,1
20253,xishan,2013,2C(S),19,70,,1
20254,xishan,2013,3,0,34,,1
20255,xishan,2013,Total,0,180,,1
20256,xishan,2014,1,0,0,,
20257,xishan,2014,2A(1),0,0,,
20258,xishan,2014,2A(2),0,0,,
20259,xishan,2014,2B,0,62,,1
20260,xishan,2014,2C,41,124,,1
20261,xishan,2014,2C(S),13,83,,1
20262,xishan,2014,3,0,70,,1
20263,xishan,2014,Total,0,180,,1
20264,xishan,2015,1,0,0,,
20265,xishan,2015,2A(1),0,0,,
20266,xishan,2015,2A(2),0,0,,
20267,xishan,2015,2B,0,59,,1
20268,xishan,2015,2C,53,119,,1
20269,xishan,2015,2C(S),14,66,,1
20270,xishan,2015,3,0,52,,1
20271,xishan,2015,Total,0,180,,1
20272,xishan,2016,1,0,0,,
20273,xishan,2016,2A(1),0,0,,
20274,xishan,2016,2A(2),0,0,,
20275,xishan,2016,2B,0,59,,1
20276,xishan,2016,2C,41,119,,1
20277,xishan,2016,2C(S),15,78,,1
20278,xishan,2016,3,0,63,,1
20279,xishan,2016,Total,0,180,,1
20280,xishan,2017,1,0,0,,
20281,xishan,2017,2A(1),0,0,,
20282,xishan,2017,2A(2),0,0,,
20283,xishan,2017,2B,0,59,,1
20284,xishan,2017,2C,38,117,,1
20285,xishan,2017,2C(S),25,79,,1
20286,xishan,2017,3,0,54,,1
20287,xishan,2017,Total,0,180,,1
20288,xishan,2018,1,0,0,,
20289,xishan,2018,2A(1),0,0,,
20290,xishan,2018,2A(2),0,0,,
20291,xishan,2018,2B,0,82,,1
20292,xishan,2018,2C,46,164,,1
20293,xishan,2018,2C(S),96,118,,1
20294,xishan,2018,3,0,22,,1
20295,xishan,2018,Total,0,240,,1
20296,xishan,2019,1,62,200,,1
20297,xishan,2019,2A(1),0,138,,1
20298,xishan,2019,2A(2),13,138,,1
20299,xishan,2019,2B,3,83,,1
20300,xishan,2019,2C,59,162,,1
20301,xishan,2019,2C(S),69,103,,1
20302,xishan,2019,3,0,34,,1
20303,xishan,2019,Total,0,240,,1
20304,xishan,2020,1,91,160,,1
20305,xishan,2020,2A(1),0,69,,1
20306,xishan,2020,2A(2),12,69,,1
20307,xishan,2020,2B,0,49,,1
20308,xishan,2020,2C,48,98,,1
20309,xishan,2020,2C(S),64,50,SC1-2,0.78125
20310,xishan,2020,3,0,0,,
20311,xishan,2020,Total,0,200,,1
20312,xishan,2021,1,90,180,,1
20313,xishan,2021,2A(1),0,90,,1
20314,xishan,2021,2A(2),18,90,,1
20315,xishan,2021,2B,0,56,,1
20316,xishan,2021,2C,72,112,,1
20317,xishan,2021,2C(S),72,40,SC<1,0.555555555555556
20318,xishan,2021,3,0,0,,
20319,xishan,2021,Total,0,220,,1
20320,xishan,2022,1,69,130,,1
20321,xishan,2022,2A(1),10,61,,1
20322,xishan,2022,2A(2),0,0,,
20323,xishan,2022,2B,1,37,,1
20324,xishan,2022,2C,59,110,,1
20325,xishan,2022,2C(S),76,51,SC1-2,0.671052631578947
20326,xishan,2022,3,0,0,,
20327,xishan,2022,Total,0,190,,1
20328,xishan,2023,1,73,160,,1
20329,xishan,2023,2A(1),29,87,,1
20330,xishan,2023,2A(2),0,0,,
20331,xishan,2023,2B,2,39,,1
20332,xishan,2023,2C,43,116,,1
20333,xishan,2023,2C(S),79,73,PR<1,0.924050632911392
20334,xishan,2023,3,0,0,,
20335,xishan,2023,Total,0,220,,1
20336,yangzheng,2009,1,0,0,,
20337,yangzheng,2009,2A(1),0,0,,
20338,yangzheng,2009,2A(2),0,0,,
20339,yangzheng,2009,2B,3,55,,1
20340,yangzheng,2009,2C,104,110,,1
20341,yangzheng,2009,2C(S),10,7,,0.7
20342,yangzheng,2009,3,0,0,,
20343,yangzheng,2009,Total,0,210,,1
20344,yangzheng,2010,1,0,0,,
20345,yangzheng,2010,2A(1),0,0,,
20346,yangzheng,2010,2A(2),0,0,,
20347,yangzheng,2010,2B,7,59,,1
20348,yangzheng,2010,2C,106,110,,1
20349,yangzheng,2010,2C(S),10,6,,0.6
20350,yangzheng,2010,3,0,0,,
20351,yangzheng,2010,Total,0,210,,1
20352,yangzheng,2011,1,0,0,,
20353,yangzheng,2011,2A(1),0,0,,
20354,yangzheng,2011,2A(2),0,0,,
20355,yangzheng,2011,2B,10,39,,1
20356,yangzheng,2011,2C,91,70,,0.769230769230769
20357,yangzheng,2011,2C(S),0,0,,
20358,yangzheng,2011,3,0,0,,
20359,yangzheng,2011,Total,0,180,,1
20360,yangzheng,2012,1,0,0,,
20361,yangzheng,2012,2A(1),0,0,,
20362,yangzheng,2012,2A(2),0,0,,
20363,yangzheng,2012,2B,16,44,,1
20364,yangzheng,2012,2C,85,71,,0.835294117647059
20365,yangzheng,2012,2C(S),0,0,,
20366,yangzheng,2012,3,0,0,,
20367,yangzheng,2012,Total,0,180,,1
20368,yangzheng,2013,1,0,0,,
20369,yangzheng,2013,2A(1),0,0,,
20370,yangzheng,2013,2A(2),0,0,,
20371,yangzheng,2013,2B,24,43,,1
20372,yangzheng,2013,2C,81,61,,0.753086419753086
20373,yangzheng,2013,2C(S),0,0,,
20374,yangzheng,2013,3,0,0,,
20375,yangzheng,2013,Total,0,180,,1
20376,yangzheng,2014,1,0,0,,
20377,yangzheng,2014,2A(1),0,0,,
20378,yangzheng,2014,2A(2),0,0,,
20379,yangzheng,2014,2B,22,40,,1
20380,yangzheng,2014,2C,73,57,,0.780821917808219
20381,yangzheng,2014,2C(S),0,0,,
20382,yangzheng,2014,3,0,0,,
20383,yangzheng,2014,Total,0,180,,1
20384,yangzheng,2015,1,0,0,,
20385,yangzheng,2015,2A(1),0,0,,
20386,yangzheng,2015,2A(2),0,0,,
20387,yangzheng,2015,2B,20,50,,1
20388,yangzheng,2015,2C,84,81,,0.964285714285714
20389,yangzheng,2015,2C(S),0,0,,
20390,yangzheng,2015,3,0,0,,
20391,yangzheng,2015,Total,0,180,,1
20392,yangzheng,2016,1,0,0,,
20393,yangzheng,2016,2A(1),0,0,,
20394,yangzheng,2016,2A(2),0,0,,
20395,yangzheng,2016,2B,14,49,,1
20396,yangzheng,2016,2C,91,90,,0.989010989010989
20397,yangzheng,2016,2C(S),0,0,,
20398,yangzheng,2016,3,0,0,,
20399,yangzheng,2016,Total,0,180,,1
20400,yangzheng,2017,1,0,0,,
20401,yangzheng,2017,2A(1),0,0,,
20402,yangzheng,2017,2A(2),0,0,,
20403,yangzheng,2017,2B,17,47,,1
20404,yangzheng,2017,2C,100,82,,0.82
20405,yangzheng,2017,2C(S),0,0,,
20406,yangzheng,2017,3,0,0,,
20407,yangzheng,2017,Total,0,180,,1
20408,yangzheng,2018,1,0,0,,
20409,yangzheng,2018,2A(1),0,0,,
20410,yangzheng,2018,2A(2),0,0,,
20411,yangzheng,2018,2B,24,28,,1
20412,yangzheng,2018,2C,83,33,,0.397590361445783
20413,yangzheng,2018,2C(S),0,0,,
20414,yangzheng,2018,3,0,0,,
20415,yangzheng,2018,Total,0,180,,1
20416,yangzheng,2019,1,70,140,,1
20417,yangzheng,2019,2A(1),5,70,,1
20418,yangzheng,2019,2A(2),18,65,,1
20419,yangzheng,2019,2B,11,44,,1
20420,yangzheng,2019,2C,86,78,PR<1,0.906976744186046
20421,yangzheng,2019,2C(S),0,0,,
20422,yangzheng,2019,3,0,0,,
20423,yangzheng,2019,Total,0,180,,1
20424,yangzheng,2020,1,65,140,,1
20425,yangzheng,2020,2A(1),8,75,,1
20426,yangzheng,2020,2A(2),18,67,,1
20427,yangzheng,2020,2B,15,45,,1
20428,yangzheng,2020,2C,102,74,SC1-2,0.725490196078431
20429,yangzheng,2020,2C(S),0,0,,
20430,yangzheng,2020,3,0,0,,
20431,yangzheng,2020,Total,0,180,,1
20432,yangzheng,2021,1,68,140,,1
20433,yangzheng,2021,2A(1),5,72,,1
20434,yangzheng,2021,2A(2),25,67,,1
20435,yangzheng,2021,2B,15,41,,1
20436,yangzheng,2021,2C,93,68,SC1-2,0.731182795698925
20437,yangzheng,2021,2C(S),0,0,,
20438,yangzheng,2021,3,0,0,,
20439,yangzheng,2021,Total,0,180,,1
20440,yangzheng,2022,1,68,100,,1
20441,yangzheng,2022,2A(1),29,33,,1
20442,yangzheng,2022,2A(2),0,0,,
20443,yangzheng,2022,2B,9,22,,1
20444,yangzheng,2022,2C,101,58,SC<1,0.574257425742574
20445,yangzheng,2022,2C(S),0,0,,
20446,yangzheng,2022,3,0,0,,
20447,yangzheng,2022,Total,0,160,,1
20448,yangzheng,2023,1,66,100,,1
20449,yangzheng,2023,2A(1),38,34,SC>2,0.894736842105263
20450,yangzheng,2023,2A(2),0,0,,
20451,yangzheng,2023,2B,14,20,,1
20452,yangzheng,2023,2C,77,48,SC<1,0.623376623376623
20453,yangzheng,2023,2C(S),0,0,,
20454,yangzheng,2023,3,0,0,,
20455,yangzheng,2023,Total,0,160,,1
20456,yew-tee,2009,1,0,0,,
20457,yew-tee,2009,2A(1),0,0,,
20458,yew-tee,2009,2A(2),0,0,,
20459,yew-tee,2009,2B,7,62,,1
20460,yew-tee,2009,2C,145,118,,0.813793103448276
20461,yew-tee,2009,2C(S),0,0,,
20462,yew-tee,2009,3,0,0,,
20463,yew-tee,2009,Total,0,270,,1
20464,yew-tee,2010,1,0,0,,
20465,yew-tee,2010,2A(1),0,0,,
20466,yew-tee,2010,2A(2),0,0,,
20467,yew-tee,2010,2B,11,63,,1
20468,yew-tee,2010,2C,157,114,,0.726114649681529
20469,yew-tee,2010,2C(S),0,0,,
20470,yew-tee,2010,3,0,0,,
20471,yew-tee,2010,Total,0,240,,1
20472,yew-tee,2011,1,0,0,,
20473,yew-tee,2011,2A(1),0,0,,
20474,yew-tee,2011,2A(2),0,0,,
20475,yew-tee,2011,2B,22,70,,1
20476,yew-tee,2011,2C,124,117,,0.943548387096774
20477,yew-tee,2011,2C(S),0,0,,
20478,yew-tee,2011,3,0,0,,
20479,yew-tee,2011,Total,0,240,,1
20480,yew-tee,2012,1,0,0,,
20481,yew-tee,2012,2A(1),0,0,,
20482,yew-tee,2012,2A(2),0,0,,
20483,yew-tee,2012,2B,27,58,,1
20484,yew-tee,2012,2C,112,88,,0.785714285714286
20485,yew-tee,2012,2C(S),0,0,,
20486,yew-tee,2012,3,0,0,,
20487,yew-tee,2012,Total,0,240,,1
20488,yew-tee,2013,1,0,0,,
20489,yew-tee,2013,2A(1),0,0,,
20490,yew-tee,2013,2A(2),0,0,,
20491,yew-tee,2013,2B,36,62,,1
20492,yew-tee,2013,2C,104,87,,0.836538461538462
20493,yew-tee,2013,2C(S),0,0,,
20494,yew-tee,2013,3,0,0,,
20495,yew-tee,2013,Total,0,240,,1
20496,yew-tee,2014,1,0,0,,
20497,yew-tee,2014,2A(1),0,0,,
20498,yew-tee,2014,2A(2),0,0,,
20499,yew-tee,2014,2B,21,69,,1
20500,yew-tee,2014,2C,108,116,,1
20501,yew-tee,2014,2C(S),11,9,,0.818181818181818
20502,yew-tee,2014,3,0,0,,
20503,yew-tee,2014,Total,0,240,,1
20504,yew-tee,2015,1,0,0,,
20505,yew-tee,2015,2A(1),0,0,,
20506,yew-tee,2015,2A(2),0,0,,
20507,yew-tee,2015,2B,17,51,,1
20508,yew-tee,2015,2C,90,85,,0.944444444444444
20509,yew-tee,2015,2C(S),0,0,,
20510,yew-tee,2015,3,0,0,,
20511,yew-tee,2015,Total,0,210,,1
20512,yew-tee,2016,1,0,0,,
20513,yew-tee,2016,2A(1),0,0,,
20514,yew-tee,2016,2A(2),0,0,,
20515,yew-tee,2016,2B,8,57,,1
20516,yew-tee,2016,2C,71,109,,1
20517,yew-tee,2016,2C(S),10,38,,1
20518,yew-tee,2016,3,0,28,,1
20519,yew-tee,2016,Total,0,210,,1
20520,yew-tee,2017,1,0,0,,
20521,yew-tee,2017,2A(1),0,0,,
20522,yew-tee,2017,2A(2),0,0,,
20523,yew-tee,2017,2B,5,55,,1
20524,yew-tee,2017,2C,83,105,,1
20525,yew-tee,2017,2C(S),24,22,,0.916666666666667
20526,yew-tee,2017,3,0,0,,
20527,yew-tee,2017,Total,0,210,,1
20528,yew-tee,2018,1,0,0,,
20529,yew-tee,2018,2A(1),0,0,,
20530,yew-tee,2018,2A(2),0,0,,
20531,yew-tee,2018,2B,17,73,,1
20532,yew-tee,2018,2C,62,129,,1
20533,yew-tee,2018,2C(S),34,67,,1
20534,yew-tee,2018,3,0,33,,1
20535,yew-tee,2018,Total,0,210,,1
20536,yew-tee,2019,1,62,140,,1
20537,yew-tee,2019,2A(1),0,78,,1
20538,yew-tee,2019,2A(2),8,78,,1
20539,yew-tee,2019,2B,4,55,,1
20540,yew-tee,2019,2C,58,106,,1
20541,yew-tee,2019,2C(S),38,48,,1
20542,yew-tee,2019,3,0,10,,1
20543,yew-tee,2019,Total,0,180,,1
20544,yew-tee,2020,1,75,200,,1
20545,yew-tee,2020,2A(1),1,125,,1
20546,yew-tee,2020,2A(2),10,124,,1
20547,yew-tee,2020,2B,7,77,,1
20548,yew-tee,2020,2C,53,148,,1
20549,yew-tee,2020,2C(S),45,95,,1
20550,yew-tee,2020,3,0,50,,1
20551,yew-tee,2020,Total,0,240,,1
20552,yew-tee,2021,1,72,200,,1
20553,yew-tee,2021,2A(1),1,128,,1
20554,yew-tee,2021,2A(2),9,127,,1
20555,yew-tee,2021,2B,3,79,,1
20556,yew-tee,2021,2C,65,155,,1
20557,yew-tee,2021,2C(S),44,90,,1
20558,yew-tee,2021,3,0,46,,1
20559,yew-tee,2021,Total,0,240,,1
20560,yew-tee,2022,1,67,150,,1
20561,yew-tee,2022,2A(1),4,83,,1
20562,yew-tee,2022,2A(2),0,0,,
20563,yew-tee,2022,2B,1,46,,1
20564,yew-tee,2022,2C,60,138,,1
20565,yew-tee,2022,2C(S),32,78,,1
20566,yew-tee,2022,3,0,46,,1
20567,yew-tee,2022,Total,0,210,,1
20568,yew-tee,2023,1,53,120,,1
20569,yew-tee,2023,2A(1),6,67,,1
20570,yew-tee,2023,2A(2),0,0,,
20571,yew-tee,2023,2B,3,40,,1
20572,yew-tee,2023,2C,45,118,,1
20573,yew-tee,2023,2C(S),11,74,,1
20574,yew-tee,2023,3,0,63,,1
20575,yew-tee,2023,Total,0,180,,1
20576,yio-chu-kang,2009,1,0,0,,
20577,yio-chu-kang,2009,2A(1),0,0,,
20578,yio-chu-kang,2009,2A(2),0,0,,
20579,yio-chu-kang,2009,2B,1,58,,1
20580,yio-chu-kang,2009,2C,48,116,,1
20581,yio-chu-kang,2009,2C(S),75,68,,0.906666666666667
20582,yio-chu-kang,2009,3,0,0,,
20583,yio-chu-kang,2009,Total,0,180,,1
20584,yio-chu-kang,2010,1,0,0,,
20585,yio-chu-kang,2010,2A(1),0,0,,
20586,yio-chu-kang,2010,2A(2),0,0,,
20587,yio-chu-kang,2010,2B,0,56,,1
20588,yio-chu-kang,2010,2C,30,112,,1
20589,yio-chu-kang,2010,2C(S),61,82,,1
20590,yio-chu-kang,2010,3,0,15,,1
20591,yio-chu-kang,2010,Total,0,180,,1
20592,yio-chu-kang,2011,1,0,0,,
20593,yio-chu-kang,2011,2A(1),0,0,,
20594,yio-chu-kang,2011,2A(2),0,0,,
20595,yio-chu-kang,2011,2B,0,62,,1
20596,yio-chu-kang,2011,2C,32,125,,1
20597,yio-chu-kang,2011,2C(S),66,93,,1
20598,yio-chu-kang,2011,3,0,9,,1
20599,yio-chu-kang,2011,Total,0,180,,1
20600,yio-chu-kang,2012,1,0,0,,
20601,yio-chu-kang,2012,2A(1),0,0,,
20602,yio-chu-kang,2012,2A(2),0,0,,
20603,yio-chu-kang,2012,2B,1,65,,1
20604,yio-chu-kang,2012,2C,58,128,,1
20605,yio-chu-kang,2012,2C(S),22,70,,1
20606,yio-chu-kang,2012,3,0,48,,1
20607,yio-chu-kang,2012,Total,0,180,,1
20608,yio-chu-kang,2013,1,0,0,,
20609,yio-chu-kang,2013,2A(1),0,0,,
20610,yio-chu-kang,2013,2A(2),0,0,,
20611,yio-chu-kang,2013,2B,1,57,,1
20612,yio-chu-kang,2013,2C,52,113,,1
20613,yio-chu-kang,2013,2C(S),40,62,,1
20614,yio-chu-kang,2013,3,0,11,,1
20615,yio-chu-kang,2013,Total,0,180,,1
20616,yio-chu-kang,2014,1,0,0,,
20617,yio-chu-kang,2014,2A(1),0,0,,
20618,yio-chu-kang,2014,2A(2),0,0,,
20619,yio-chu-kang,2014,2B,0,67,,1
20620,yio-chu-kang,2014,2C,67,133,,1
20621,yio-chu-kang,2014,2C(S),35,67,,1
20622,yio-chu-kang,2014,3,0,32,,1
20623,yio-chu-kang,2014,Total,0,180,,1
20624,yio-chu-kang,2015,1,0,0,,
20625,yio-chu-kang,2015,2A(1),0,0,,
20626,yio-chu-kang,2015,2A(2),0,0,,
20627,yio-chu-kang,2015,2B,1,63,,1
20628,yio-chu-kang,2015,2C,58,126,,1
20629,yio-chu-kang,2015,2C(S),36,69,,1
20630,yio-chu-kang,2015,3,0,33,,1
20631,yio-chu-kang,2015,Total,0,180,,1
20632,yio-chu-kang,2016,1,0,0,,
20633,yio-chu-kang,2016,2A(1),0,0,,
20634,yio-chu-kang,2016,2A(2),0,0,,
20635,yio-chu-kang,2016,2B,0,63,,1
20636,yio-chu-kang,2016,2C,29,126,,1
20637,yio-chu-kang,2016,2C(S),13,98,,1
20638,yio-chu-kang,2016,3,0,85,,1
20639,yio-chu-kang,2016,Total,0,180,,1
20640,yio-chu-kang,2017,1,0,0,,
20641,yio-chu-kang,2017,2A(1),0,0,,
20642,yio-chu-kang,2017,2A(2),0,0,,
20643,yio-chu-kang,2017,2B,0,56,,1
20644,yio-chu-kang,2017,2C,38,111,,1
20645,yio-chu-kang,2017,2C(S),23,73,,1
20646,yio-chu-kang,2017,3,0,50,,1
20647,yio-chu-kang,2017,Total,0,150,,1
20648,yio-chu-kang,2018,1,0,0,,
20649,yio-chu-kang,2018,2A(1),0,0,,
20650,yio-chu-kang,2018,2A(2),0,0,,
20651,yio-chu-kang,2018,2B,0,84,,1
20652,yio-chu-kang,2018,2C,53,168,,1
20653,yio-chu-kang,2018,2C(S),51,115,,1
20654,yio-chu-kang,2018,3,0,64,,1
20655,yio-chu-kang,2018,Total,0,210,,1
20656,yio-chu-kang,2019,1,41,140,,1
20657,yio-chu-kang,2019,2A(1),0,99,,1
20658,yio-chu-kang,2019,2A(2),9,99,,1
20659,yio-chu-kang,2019,2B,0,65,,1
20660,yio-chu-kang,2019,2C,27,130,,1
20661,yio-chu-kang,2019,2C(S),31,103,,1
20662,yio-chu-kang,2019,3,0,72,,1
20663,yio-chu-kang,2019,Total,0,180,,1
20664,yio-chu-kang,2020,1,46,200,,1
20665,yio-chu-kang,2020,2A(1),0,154,,1
20666,yio-chu-kang,2020,2A(2),2,154,,1
20667,yio-chu-kang,2020,2B,0,96,,1
20668,yio-chu-kang,2020,2C,50,192,,1
20669,yio-chu-kang,2020,2C(S),84,144,,1
20670,yio-chu-kang,2020,3,0,60,,1
20671,yio-chu-kang,2020,Total,0,240,,1
20672,yio-chu-kang,2021,1,46,160,,1
20673,yio-chu-kang,2021,2A(1),0,114,,1
20674,yio-chu-kang,2021,2A(2),0,114,,1
20675,yio-chu-kang,2021,2B,0,77,,1
20676,yio-chu-kang,2021,2C,40,154,,1
20677,yio-chu-kang,2021,2C(S),83,114,,1
20678,yio-chu-kang,2021,3,0,31,,1
20679,yio-chu-kang,2021,Total,0,200,,1
20680,yio-chu-kang,2022,1,55,140,,1
20681,yio-chu-kang,2022,2A(1),5,85,,1
20682,yio-chu-kang,2022,2A(2),0,0,,
20683,yio-chu-kang,2022,2B,0,47,,1
20684,yio-chu-kang,2022,2C,36,141,,1
20685,yio-chu-kang,2022,2C(S),93,105,,1
20686,yio-chu-kang,2022,3,0,12,,1
20687,yio-chu-kang,2022,Total,0,200,,1
20688,yio-chu-kang,2023,1,46,120,,1
20689,yio-chu-kang,2023,2A(1),11,74,,1
20690,yio-chu-kang,2023,2A(2),0,0,,
20691,yio-chu-kang,2023,2B,0,41,,1
20692,yio-chu-kang,2023,2C,24,123,,1
20693,yio-chu-kang,2023,2C(S),67,99,,1
20694,yio-chu-kang,2023,3,0,32,,1
20695,yio-chu-kang,2023,Total,0,180,,1
20696,yishun,2009,1,0,0,,
20697,yishun,2009,2A(1),0,0,,
20698,yishun,2009,2A(2),0,0,,
20699,yishun,2009,2B,0,53,,1
20700,yishun,2009,2C,77,106,,1
20701,yishun,2009,2C(S),13,29,,1
20702,yishun,2009,3,0,16,,1
20703,yishun,2009,Total,0,210,,1
20704,yishun,2010,1,0,0,,
20705,yishun,2010,2A(1),0,0,,
20706,yishun,2010,2A(2),0,0,,
20707,yishun,2010,2B,0,62,,1
20708,yishun,2010,2C,74,125,,1
20709,yishun,2010,2C(S),27,51,,1
20710,yishun,2010,3,0,24,,1
20711,yishun,2010,Total,0,210,,1
20712,yishun,2011,1,0,0,,
20713,yishun,2011,2A(1),0,0,,
20714,yishun,2011,2A(2),0,0,,
20715,yishun,2011,2B,0,61,,1
20716,yishun,2011,2C,62,123,,1
20717,yishun,2011,2C(S),35,62,,1
20718,yishun,2011,3,0,27,,1
20719,yishun,2011,Total,0,210,,1
20720,yishun,2012,1,0,0,,
20721,yishun,2012,2A(1),0,0,,
20722,yishun,2012,2A(2),0,0,,
20723,yishun,2012,2B,2,59,,1
20724,yishun,2012,2C,90,115,,1
20725,yishun,2012,2C(S),22,25,,1
20726,yishun,2012,3,0,0,,
20727,yishun,2012,Total,0,210,,1
20728,yishun,2013,1,0,0,,
20729,yishun,2013,2A(1),0,0,,
20730,yishun,2013,2A(2),0,0,,
20731,yishun,2013,2B,2,53,,1
20732,yishun,2013,2C,108,103,,0.953703703703704
20733,yishun,2013,2C(S),0,0,,
20734,yishun,2013,3,0,0,,
20735,yishun,2013,Total,0,210,,1
20736,yishun,2014,1,0,0,,
20737,yishun,2014,2A(1),0,0,,
20738,yishun,2014,2A(2),0,0,,
20739,yishun,2014,2B,0,49,,1
20740,yishun,2014,2C,91,97,,1
20741,yishun,2014,2C(S),9,8,,0.888888888888889
20742,yishun,2014,3,0,0,,
20743,yishun,2014,Total,0,210,,1
20744,yishun,2015,1,0,0,,
20745,yishun,2015,2A(1),0,0,,
20746,yishun,2015,2A(2),0,0,,
20747,yishun,2015,2B,1,67,,1
20748,yishun,2015,2C,75,132,,1
20749,yishun,2015,2C(S),33,57,,1
20750,yishun,2015,3,0,24,,1
20751,yishun,2015,Total,0,210,,1
20752,yishun,2016,1,0,0,,
20753,yishun,2016,2A(1),0,0,,
20754,yishun,2016,2A(2),0,0,,
20755,yishun,2016,2B,0,56,,1
20756,yishun,2016,2C,76,113,,1
20757,yishun,2016,2C(S),28,38,,1
20758,yishun,2016,3,0,10,,1
20759,yishun,2016,Total,0,210,,1
20760,yishun,2017,1,0,0,,
20761,yishun,2017,2A(1),0,0,,
20762,yishun,2017,2A(2),0,0,,
20763,yishun,2017,2B,1,66,,1
20764,yishun,2017,2C,58,130,,1
20765,yishun,2017,2C(S),37,72,,1
20766,yishun,2017,3,0,35,,1
20767,yishun,2017,Total,0,210,,1
20768,yishun,2018,1,0,0,,
20769,yishun,2018,2A(1),0,0,,
20770,yishun,2018,2A(2),0,0,,
20771,yishun,2018,2B,0,63,,1
20772,yishun,2018,2C,69,125,,1
20773,yishun,2018,2C(S),68,56,,0.823529411764706
20774,yishun,2018,3,0,0,,
20775,yishun,2018,Total,0,210,,1
20776,yishun,2019,1,74,160,,1
20777,yishun,2019,2A(1),0,86,,1
20778,yishun,2019,2A(2),17,86,,1
20779,yishun,2019,2B,0,55,,1
20780,yishun,2019,2C,46,111,,1
20781,yishun,2019,2C(S),53,65,,1
20782,yishun,2019,3,0,12,,1
20783,yishun,2019,Total,0,200,,1
20784,yishun,2020,1,80,160,,1
20785,yishun,2020,2A(1),0,80,,1
20786,yishun,2020,2A(2),25,80,,1
20787,yishun,2020,2B,0,48,,1
20788,yishun,2020,2C,43,97,,1
20789,yishun,2020,2C(S),43,54,,1
20790,yishun,2020,3,0,11,,1
20791,yishun,2020,Total,0,200,,1
20792,yishun,2021,1,82,160,,1
20793,yishun,2021,2A(1),0,78,,1
20794,yishun,2021,2A(2),23,78,,1
20795,yishun,2021,2B,1,48,,1
20796,yishun,2021,2C,64,94,,1
20797,yishun,2021,2C(S),41,32,SC1-2,0.780487804878049
20798,yishun,2021,3,0,0,,
20799,yishun,2021,Total,0,200,,1
20800,yishun,2022,1,65,120,,1
20801,yishun,2022,2A(1),15,55,,1
20802,yishun,2022,2A(2),0,0,,
20803,yishun,2022,2B,0,33,,1
20804,yishun,2022,2C,42,100,,1
20805,yishun,2022,2C(S),58,58,,1
20806,yishun,2022,3,0,0,,
20807,yishun,2022,Total,0,180,,1
20808,yishun,2023,1,54,160,,1
20809,yishun,2023,2A(1),24,106,,1
20810,yishun,2023,2A(2),0,0,,
20811,yishun,2023,2B,1,47,,1
20812,yishun,2023,2C,54,141,,1
20813,yishun,2023,2C(S),47,87,,1
20814,yishun,2023,3,0,40,,1
20815,yishun,2023,Total,0,220,,1
20816,yu-neng,2009,1,0,0,,
20817,yu-neng,2009,2A(1),0,0,,
20818,yu-neng,2009,2A(2),0,0,,
20819,yu-neng,2009,2B,14,46,,1
20820,yu-neng,2009,2C,129,77,,0.596899224806202
20821,yu-neng,2009,2C(S),0,0,,
20822,yu-neng,2009,3,0,0,,
20823,yu-neng,2009,Total,0,210,,1
20824,yu-neng,2010,1,0,0,,
20825,yu-neng,2010,2A(1),0,0,,
20826,yu-neng,2010,2A(2),0,0,,
20827,yu-neng,2010,2B,23,24,,1
20828,yu-neng,2010,2C,71,24,,0.338028169014085
20829,yu-neng,2010,2C(S),0,0,,
20830,yu-neng,2010,3,0,0,,
20831,yu-neng,2010,Total,0,180,,1
20832,yu-neng,2011,1,0,0,,
20833,yu-neng,2011,2A(1),0,0,,
20834,yu-neng,2011,2A(2),0,0,,
20835,yu-neng,2011,2B,24,32,,1
20836,yu-neng,2011,2C,89,41,,0.460674157303371
20837,yu-neng,2011,2C(S),0,0,,
20838,yu-neng,2011,3,0,0,,
20839,yu-neng,2011,Total,0,180,,1
20840,yu-neng,2012,1,0,0,,
20841,yu-neng,2012,2A(1),0,0,,
20842,yu-neng,2012,2A(2),0,0,,
20843,yu-neng,2012,2B,22,37,,1
20844,yu-neng,2012,2C,78,52,,0.666666666666667
20845,yu-neng,2012,2C(S),0,0,,
20846,yu-neng,2012,3,0,0,,
20847,yu-neng,2012,Total,0,180,,1
20848,yu-neng,2013,1,0,0,,
20849,yu-neng,2013,2A(1),0,0,,
20850,yu-neng,2013,2A(2),0,0,,
20851,yu-neng,2013,2B,21,25,,1
20852,yu-neng,2013,2C,76,29,,0.381578947368421
20853,yu-neng,2013,2C(S),0,0,,
20854,yu-neng,2013,3,0,0,,
20855,yu-neng,2013,Total,0,180,,1
20856,yu-neng,2014,1,0,0,,
20857,yu-neng,2014,2A(1),0,0,,
20858,yu-neng,2014,2A(2),0,0,,
20859,yu-neng,2014,2B,25,20,,0.8
20860,yu-neng,2014,2C,45,20,,0.444444444444444
20861,yu-neng,2014,2C(S),0,0,,
20862,yu-neng,2014,3,0,0,,
20863,yu-neng,2014,Total,0,180,,1
20864,yu-neng,2015,1,0,0,,
20865,yu-neng,2015,2A(1),0,0,,
20866,yu-neng,2015,2A(2),0,0,,
20867,yu-neng,2015,2B,10,23,,1
20868,yu-neng,2015,2C,48,39,,0.8125
20869,yu-neng,2015,2C(S),0,0,,
20870,yu-neng,2015,3,0,0,,
20871,yu-neng,2015,Total,0,180,,1
20872,yu-neng,2016,1,0,0,,
20873,yu-neng,2016,2A(1),0,0,,
20874,yu-neng,2016,2A(2),0,0,,
20875,yu-neng,2016,2B,10,31,,1
20876,yu-neng,2016,2C,59,55,,0.932203389830508
20877,yu-neng,2016,2C(S),0,0,,
20878,yu-neng,2016,3,0,0,,
20879,yu-neng,2016,Total,0,180,,1
20880,yu-neng,2017,1,0,0,,
20881,yu-neng,2017,2A(1),0,0,,
20882,yu-neng,2017,2A(2),0,0,,
20883,yu-neng,2017,2B,10,30,,1
20884,yu-neng,2017,2C,63,51,,0.80952380952381
20885,yu-neng,2017,2C(S),0,0,,
20886,yu-neng,2017,3,0,0,,
20887,yu-neng,2017,Total,0,180,,1
20888,yu-neng,2018,1,0,0,,
20889,yu-neng,2018,2A(1),0,0,,
20890,yu-neng,2018,2A(2),0,0,,
20891,yu-neng,2018,2B,11,20,,1
20892,yu-neng,2018,2C,46,32,,0.695652173913043
20893,yu-neng,2018,2C(S),0,0,,
20894,yu-neng,2018,3,0,0,,
20895,yu-neng,2018,Total,0,180,,1
20896,yu-neng,2019,1,77,140,,1
20897,yu-neng,2019,2A(1),17,63,,1
20898,yu-neng,2019,2A(2),36,46,,1
20899,yu-neng,2019,2B,12,25,,1
20900,yu-neng,2019,2C,59,40,SC<1,0.677966101694915
20901,yu-neng,2019,2C(S),0,0,,
20902,yu-neng,2019,3,0,0,,
20903,yu-neng,2019,Total,0,180,,1
20904,yu-neng,2020,1,89,140,,1
20905,yu-neng,2020,2A(1),17,51,,1
20906,yu-neng,2020,2A(2),38,34,SC>2,0.894736842105263
20907,yu-neng,2020,2B,14,21,,1
20908,yu-neng,2020,2C,48,28,SC<1,0.583333333333333
20909,yu-neng,2020,2C(S),0,0,,
20910,yu-neng,2020,3,0,0,,
20911,yu-neng,2020,Total,0,180,,1
20912,yu-neng,2021,1,79,140,,1
20913,yu-neng,2021,2A(1),22,61,,1
20914,yu-neng,2021,2A(2),38,39,,1
20915,yu-neng,2021,2B,10,21,,1
20916,yu-neng,2021,2C,56,33,SC<1,0.589285714285714
20917,yu-neng,2021,2C(S),0,0,,
20918,yu-neng,2021,3,0,0,,
20919,yu-neng,2021,Total,0,180,,1
20920,yu-neng,2022,1,78,120,,1
20921,yu-neng,2022,2A(1),43,42,SC#,0.976744186046512
20922,yu-neng,2022,2A(2),0,0,,
20923,yu-neng,2022,2B,10,20,,1
20924,yu-neng,2022,2C,83,52,SC<1,0.626506024096386
20925,yu-neng,2022,2C(S),0,0,,
20926,yu-neng,2022,3,0,0,,
20927,yu-neng,2022,Total,0,180,,1
20928,yu-neng,2023,1,69,120,,1
20929,yu-neng,2023,2A(1),44,51,,1
20930,yu-neng,2023,2A(2),0,0,,
20931,yu-neng,2023,2B,12,22,,1
20932,yu-neng,2023,2C,82,56,SC<1,0.682926829268293
20933,yu-neng,2023,2C(S),0,0,,
20934,yu-neng,2023,3,0,0,,
20935,yu-neng,2023,Total,0,180,,1
20936,yuhua,2009,1,0,0,,
20937,yuhua,2009,2A(1),0,0,,
20938,yuhua,2009,2A(2),0,0,,
20939,yuhua,2009,2B,2,87,,1
20940,yuhua,2009,2C,68,172,,1
20941,yuhua,2009,2C(S),36,104,,1
20942,yuhua,2009,3,0,67,,1
20943,yuhua,2009,Total,0,270,,1
20944,yuhua,2010,1,0,0,,
20945,yuhua,2010,2A(1),0,0,,
20946,yuhua,2010,2A(2),0,0,,
20947,yuhua,2010,2B,2,91,,1
20948,yuhua,2010,2C,73,180,,1
20949,yuhua,2010,2C(S),51,107,,1
20950,yuhua,2010,3,0,48,,1
20951,yuhua,2010,Total,0,270,,1
20952,yuhua,2011,1,0,0,,
20953,yuhua,2011,2A(1),0,0,,
20954,yuhua,2011,2A(2),0,0,,
20955,yuhua,2011,2B,0,92,,1
20956,yuhua,2011,2C,62,183,,1
20957,yuhua,2011,2C(S),36,121,,1
20958,yuhua,2011,3,0,47,,1
20959,yuhua,2011,Total,0,270,,1
20960,yuhua,2012,1,0,0,,
20961,yuhua,2012,2A(1),0,0,,
20962,yuhua,2012,2A(2),0,0,,
20963,yuhua,2012,2B,0,71,,1
20964,yuhua,2012,2C,47,141,,1
20965,yuhua,2012,2C(S),16,94,,1
20966,yuhua,2012,3,0,38,,1
20967,yuhua,2012,Total,0,240,,1
20968,yuhua,2013,1,0,0,,
20969,yuhua,2013,2A(1),0,0,,
20970,yuhua,2013,2A(2),0,0,,
20971,yuhua,2013,2B,0,71,,1
20972,yuhua,2013,2C,73,142,,1
20973,yuhua,2013,2C(S),30,70,,1
20974,yuhua,2013,3,0,25,,1
20975,yuhua,2013,Total,0,240,,1
20976,yuhua,2014,1,0,0,,
20977,yuhua,2014,2A(1),0,0,,
20978,yuhua,2014,2A(2),0,0,,
20979,yuhua,2014,2B,0,84,,1
20980,yuhua,2014,2C,46,168,,1
20981,yuhua,2014,2C(S),28,122,,1
20982,yuhua,2014,3,0,94,,1
20983,yuhua,2014,Total,0,240,,1
20984,yuhua,2015,1,0,0,,
20985,yuhua,2015,2A(1),0,0,,
20986,yuhua,2015,2A(2),0,0,,
20987,yuhua,2015,2B,0,85,,1
20988,yuhua,2015,2C,42,170,,1
20989,yuhua,2015,2C(S),10,128,,1
20990,yuhua,2015,3,0,118,,1
20991,yuhua,2015,Total,0,240,,1
20992,yuhua,2016,1,0,0,,
20993,yuhua,2016,2A(1),0,0,,
20994,yuhua,2016,2A(2),0,0,,
20995,yuhua,2016,2B,1,59,,1
20996,yuhua,2016,2C,26,116,,1
20997,yuhua,2016,2C(S),11,90,,1
20998,yuhua,2016,3,0,79,,1
20999,yuhua,2016,Total,0,180,,1
21000,yuhua,2017,1,0,0,,
21001,yuhua,2017,2A(1),0,0,,
21002,yuhua,2017,2A(2),0,0,,
21003,yuhua,2017,2B,0,44,,1
21004,yuhua,2017,2C,40,88,,1
21005,yuhua,2017,2C(S),16,48,,1
21006,yuhua,2017,3,0,32,,1
21007,yuhua,2017,Total,0,150,,1
21008,yuhua,2018,1,0,0,,
21009,yuhua,2018,2A(1),0,0,,
21010,yuhua,2018,2A(2),0,0,,
21011,yuhua,2018,2B,0,78,,1
21012,yuhua,2018,2C,40,155,,1
21013,yuhua,2018,2C(S),21,115,,1
21014,yuhua,2018,3,0,94,,1
21015,yuhua,2018,Total,0,210,,1
21016,yuhua,2019,1,40,140,,1
21017,yuhua,2019,2A(1),0,100,,1
21018,yuhua,2019,2A(2),10,100,,1
21019,yuhua,2019,2B,0,65,,1
21020,yuhua,2019,2C,34,130,,1
21021,yuhua,2019,2C(S),28,96,,1
21022,yuhua,2019,3,0,68,,1
21023,yuhua,2019,Total,0,180,,1
21024,yuhua,2020,1,52,200,,1
21025,yuhua,2020,2A(1),0,148,,1
21026,yuhua,2020,2A(2),14,148,,1
21027,yuhua,2020,2B,0,87,,1
21028,yuhua,2020,2C,44,175,,1
21029,yuhua,2020,2C(S),62,131,,1
21030,yuhua,2020,3,0,69,,1
21031,yuhua,2020,Total,0,240,,1
21032,yuhua,2021,1,50,200,,1
21033,yuhua,2021,2A(1),0,150,,1
21034,yuhua,2021,2A(2),15,150,,1
21035,yuhua,2021,2B,0,88,,1
21036,yuhua,2021,2C,37,175,,1
21037,yuhua,2021,2C(S),63,138,,1
21038,yuhua,2021,3,0,75,,1
21039,yuhua,2021,Total,0,240,,1
21040,yuhua,2022,1,49,150,,1
21041,yuhua,2022,2A(1),12,101,,1
21042,yuhua,2022,2A(2),0,0,,
21043,yuhua,2022,2B,0,50,,1
21044,yuhua,2022,2C,29,150,,1
21045,yuhua,2022,2C(S),39,121,,1
21046,yuhua,2022,3,0,82,,1
21047,yuhua,2022,Total,0,210,,1
21048,yuhua,2023,1,57,180,,1
21049,yuhua,2023,2A(1),23,123,,1
21050,yuhua,2023,2A(2),0,0,,
21051,yuhua,2023,2B,1,53,,1
21052,yuhua,2023,2C,23,160,,1
21053,yuhua,2023,2C(S),31,137,,1
21054,yuhua,2023,3,0,106,,1
21055,yuhua,2023,Total,0,240,,1
21056,yumin,2009,1,0,0,,
21057,yumin,2009,2A(1),0,0,,
21058,yumin,2009,2A(2),0,0,,
21059,yumin,2009,2B,1,52,,1
21060,yumin,2009,2C,58,102,,1
21061,yumin,2009,2C(S),40,44,,1
21062,yumin,2009,3,0,3,,1
21063,yumin,2009,Total,0,180,,1
21064,yumin,2010,1,0,0,,
21065,yumin,2010,2A(1),0,0,,
21066,yumin,2010,2A(2),0,0,,
21067,yumin,2010,2B,1,52,,1
21068,yumin,2010,2C,57,102,,1
21069,yumin,2010,2C(S),33,46,,1
21070,yumin,2010,3,0,10,,1
21071,yumin,2010,Total,0,180,,1
21072,yumin,2011,1,0,0,,
21073,yumin,2011,2A(1),0,0,,
21074,yumin,2011,2A(2),0,0,,
21075,yumin,2011,2B,0,50,,1
21076,yumin,2011,2C,51,100,,1
21077,yumin,2011,2C(S),45,50,,1
21078,yumin,2011,3,0,0,,
21079,yumin,2011,Total,0,180,,1
21080,yumin,2012,1,0,0,,
21081,yumin,2012,2A(1),0,0,,
21082,yumin,2012,2A(2),0,0,,
21083,yumin,2012,2B,0,48,,1
21084,yumin,2012,2C,50,96,,1
21085,yumin,2012,2C(S),30,47,,1
21086,yumin,2012,3,0,17,,1
21087,yumin,2012,Total,0,180,,1
21088,yumin,2013,1,0,0,,
21089,yumin,2013,2A(1),0,0,,
21090,yumin,2013,2A(2),0,0,,
21091,yumin,2013,2B,0,50,,1
21092,yumin,2013,2C,49,99,,1
21093,yumin,2013,2C(S),20,50,,1
21094,yumin,2013,3,0,23,,1
21095,yumin,2013,Total,0,180,,1
21096,yumin,2014,1,0,0,,
21097,yumin,2014,2A(1),0,0,,
21098,yumin,2014,2A(2),0,0,,
21099,yumin,2014,2B,0,56,,1
21100,yumin,2014,2C,41,111,,1
21101,yumin,2014,2C(S),18,76,,1
21102,yumin,2014,3,0,58,,1
21103,yumin,2014,Total,0,180,,1
21104,yumin,2015,1,0,0,,
21105,yumin,2015,2A(1),0,0,,
21106,yumin,2015,2A(2),0,0,,
21107,yumin,2015,2B,0,48,,1
21108,yumin,2015,2C,44,96,,1
21109,yumin,2015,2C(S),19,52,,1
21110,yumin,2015,3,0,33,,1
21111,yumin,2015,Total,0,180,,1
21112,yumin,2016,1,0,0,,
21113,yumin,2016,2A(1),0,0,,
21114,yumin,2016,2A(2),0,0,,
21115,yumin,2016,2B,0,47,,1
21116,yumin,2016,2C,28,94,,1
21117,yumin,2016,2C(S),17,66,,1
21118,yumin,2016,3,0,49,,1
21119,yumin,2016,Total,0,150,,1
21120,yumin,2017,1,0,0,,
21121,yumin,2017,2A(1),0,0,,
21122,yumin,2017,2A(2),0,0,,
21123,yumin,2017,2B,1,37,,1
21124,yumin,2017,2C,28,74,,1
21125,yumin,2017,2C(S),47,46,,0.978723404255319
21126,yumin,2017,3,0,0,,
21127,yumin,2017,Total,0,150,,1
21128,yumin,2018,1,0,0,,
21129,yumin,2018,2A(1),0,0,,
21130,yumin,2018,2A(2),0,0,,
21131,yumin,2018,2B,1,39,,1
21132,yumin,2018,2C,55,77,,1
21133,yumin,2018,2C(S),25,23,,0.92
21134,yumin,2018,3,0,0,,
21135,yumin,2018,Total,0,150,,1
21136,yumin,2019,1,42,110,,1
21137,yumin,2019,2A(1),0,68,,1
21138,yumin,2019,2A(2),17,68,,1
21139,yumin,2019,2B,0,46,,1
21140,yumin,2019,2C,30,93,,1
21141,yumin,2019,2C(S),44,63,,1
21142,yumin,2019,3,0,19,,1
21143,yumin,2019,Total,0,150,,1
21144,yumin,2020,1,66,140,,1
21145,yumin,2020,2A(1),0,74,,1
21146,yumin,2020,2A(2),15,74,,1
21147,yumin,2020,2B,1,50,,1
21148,yumin,2020,2C,48,100,,1
21149,yumin,2020,2C(S),64,54,SC>2,0.84375
21150,yumin,2020,3,0,0,,
21151,yumin,2020,Total,0,180,,1
21152,yumin,2021,1,58,140,,1
21153,yumin,2021,2A(1),0,82,,1
21154,yumin,2021,2A(2),20,82,,1
21155,yumin,2021,2B,0,51,,1
21156,yumin,2021,2C,28,104,,1
21157,yumin,2021,2C(S),85,76,SC>2,0.894117647058824
21158,yumin,2021,3,0,0,,
21159,yumin,2021,Total,0,180,,1
21160,yumin,2022,1,60,120,,1
21161,yumin,2022,2A(1),11,60,,1
21162,yumin,2022,2A(2),0,0,,
21163,yumin,2022,2B,0,36,,1
21164,yumin,2022,2C,20,109,,1
21165,yumin,2022,2C(S),41,89,,1
21166,yumin,2022,3,0,48,,1
21167,yumin,2022,Total,0,180,,1
21168,yumin,2023,1,47,160,,1
21169,yumin,2023,2A(1),12,113,,1
21170,yumin,2023,2A(2),0,0,,
21171,yumin,2023,2B,0,54,,1
21172,yumin,2023,2C,14,161,,1
21173,yumin,2023,2C(S),41,148,,1
21174,yumin,2023,3,0,107,,1
21175,yumin,2023,Total,0,220,,1
21176,zhangde,2009,1,0,0,,
21177,zhangde,2009,2A(1),0,0,,
21178,zhangde,2009,2A(2),0,0,,
21179,zhangde,2009,2B,0,65,,1
21180,zhangde,2009,2C,156,132,,0.846153846153846
21181,zhangde,2009,2C(S),0,0,,
21182,zhangde,2009,3,0,0,,
21183,zhangde,2009,Total,0,240,,1
21184,zhangde,2010,1,0,0,,
21185,zhangde,2010,2A(1),0,0,,
21186,zhangde,2010,2A(2),0,0,,
21187,zhangde,2010,2B,4,64,,1
21188,zhangde,2010,2C,153,123,,0.803921568627451
21189,zhangde,2010,2C(S),0,0,,
21190,zhangde,2010,3,0,0,,
21191,zhangde,2010,Total,0,240,,1
21192,zhangde,2011,1,0,0,,
21193,zhangde,2011,2A(1),0,0,,
21194,zhangde,2011,2A(2),0,0,,
21195,zhangde,2011,2B,4,65,,1
21196,zhangde,2011,2C,151,129,,0.854304635761589
21197,zhangde,2011,2C(S),0,0,,
21198,zhangde,2011,3,0,0,,
21199,zhangde,2011,Total,0,240,,1
21200,zhangde,2012,1,0,0,,
21201,zhangde,2012,2A(1),0,0,,
21202,zhangde,2012,2A(2),0,0,,
21203,zhangde,2012,2B,9,66,,1
21204,zhangde,2012,2C,158,123,,0.778481012658228
21205,zhangde,2012,2C(S),0,0,,
21206,zhangde,2012,3,0,0,,
21207,zhangde,2012,Total,0,240,,1
21208,zhangde,2013,1,0,0,,
21209,zhangde,2013,2A(1),0,0,,
21210,zhangde,2013,2A(2),0,0,,
21211,zhangde,2013,2B,11,50,,1
21212,zhangde,2013,2C,116,89,,0.767241379310345
21213,zhangde,2013,2C(S),0,0,,
21214,zhangde,2013,3,0,0,,
21215,zhangde,2013,Total,0,240,,1
21216,zhangde,2014,1,0,0,,
21217,zhangde,2014,2A(1),0,0,,
21218,zhangde,2014,2A(2),0,0,,
21219,zhangde,2014,2B,12,68,,1
21220,zhangde,2014,2C,132,123,,0.931818181818182
21221,zhangde,2014,2C(S),0,0,,
21222,zhangde,2014,3,0,0,,
21223,zhangde,2014,Total,0,240,,1
21224,zhangde,2015,1,0,0,,
21225,zhangde,2015,2A(1),0,0,,
21226,zhangde,2015,2A(2),0,0,,
21227,zhangde,2015,2B,20,61,,1
21228,zhangde,2015,2C,120,107,,0.891666666666667
21229,zhangde,2015,2C(S),0,0,,
21230,zhangde,2015,3,0,0,,
21231,zhangde,2015,Total,0,240,,1
21232,zhangde,2016,1,0,0,,
21233,zhangde,2016,2A(1),0,0,,
21234,zhangde,2016,2A(2),0,0,,
21235,zhangde,2016,2B,1,74,,1
21236,zhangde,2016,2C,120,149,,1
21237,zhangde,2016,2C(S),23,30,,1
21238,zhangde,2016,3,0,7,,1
21239,zhangde,2016,Total,0,240,,1
21240,zhangde,2017,1,0,0,,
21241,zhangde,2017,2A(1),0,0,,
21242,zhangde,2017,2A(2),0,0,,
21243,zhangde,2017,2B,1,50,,1
21244,zhangde,2017,2C,109,100,,0.91743119266055
21245,zhangde,2017,2C(S),0,0,,
21246,zhangde,2017,3,0,0,,
21247,zhangde,2017,Total,0,210,,1
21248,zhangde,2018,1,0,0,,
21249,zhangde,2018,2A(1),0,0,,
21250,zhangde,2018,2A(2),0,0,,
21251,zhangde,2018,2B,2,50,,1
21252,zhangde,2018,2C,109,100,,0.91743119266055
21253,zhangde,2018,2C(S),0,0,,
21254,zhangde,2018,3,0,0,,
21255,zhangde,2018,Total,0,210,,1
21256,zhangde,2019,1,75,170,,1
21257,zhangde,2019,2A(1),0,96,,1
21258,zhangde,2019,2A(2),12,96,,1
21259,zhangde,2019,2B,1,62,,1
21260,zhangde,2019,2C,124,124,,1
21261,zhangde,2019,2C(S),0,0,,
21262,zhangde,2019,3,0,0,,
21263,zhangde,2019,Total,0,210,,1
21264,zhangde,2020,1,70,170,,1
21265,zhangde,2020,2A(1),0,100,,1
21266,zhangde,2020,2A(2),15,100,,1
21267,zhangde,2020,2B,0,63,,1
21268,zhangde,2020,2C,128,125,PR1-2,0.9765625
21269,zhangde,2020,2C(S),0,0,,
21270,zhangde,2020,3,0,0,,
21271,zhangde,2020,Total,0,210,,1
21272,zhangde,2021,1,82,170,,1
21273,zhangde,2021,2A(1),1,88,,1
21274,zhangde,2021,2A(2),15,87,,1
21275,zhangde,2021,2B,0,57,,1
21276,zhangde,2021,2C,85,113,,1
21277,zhangde,2021,2C(S),40,28,SC1-2,0.7
21278,zhangde,2021,3,0,0,,
21279,zhangde,2021,Total,0,210,,1
21280,zhangde,2022,1,75,120,,1
21281,zhangde,2022,2A(1),11,45,,1
21282,zhangde,2022,2A(2),0,0,,
21283,zhangde,2022,2B,1,31,,1
21284,zhangde,2022,2C,92,93,,1
21285,zhangde,2022,2C(S),8,1,SC<1,0.125
21286,zhangde,2022,3,0,0,,
21287,zhangde,2022,Total,0,180,,1
21288,zhangde,2023,1,63,120,,1
21289,zhangde,2023,2A(1),22,57,,1
21290,zhangde,2023,2A(2),0,0,,
21291,zhangde,2023,2B,0,32,,1
21292,zhangde,2023,2C,88,95,,1
21293,zhangde,2023,2C(S),19,8,SC<1,0.421052631578947
21294,zhangde,2023,3,0,0,,
21295,zhangde,2023,Total,0,180,,1
21296,zhenghua,2009,1,0,0,,
21297,zhenghua,2009,2A(1),0,0,,
21298,zhenghua,2009,2A(2),0,0,,
21299,zhenghua,2009,2B,2,77,,1
21300,zhenghua,2009,2C,107,154,,1
21301,zhenghua,2009,2C(S),59,47,,0.796610169491525
21302,zhenghua,2009,3,0,0,,
21303,zhenghua,2009,Total,0,270,,1
21304,zhenghua,2010,1,0,0,,
21305,zhenghua,2010,2A(1),0,0,,
21306,zhenghua,2010,2A(2),0,0,,
21307,zhenghua,2010,2B,1,78,,1
21308,zhenghua,2010,2C,101,154,,1
21309,zhenghua,2010,2C(S),55,53,,0.963636363636364
21310,zhenghua,2010,3,0,0,,
21311,zhenghua,2010,Total,0,300,,1
21312,zhenghua,2011,1,0,0,,
21313,zhenghua,2011,2A(1),0,0,,
21314,zhenghua,2011,2A(2),0,0,,
21315,zhenghua,2011,2B,1,78,,1
21316,zhenghua,2011,2C,108,154,,1
21317,zhenghua,2011,2C(S),87,46,,0.528735632183908
21318,zhenghua,2011,3,0,0,,
21319,zhenghua,2011,Total,0,270,,1
21320,zhenghua,2012,1,0,0,,
21321,zhenghua,2012,2A(1),0,0,,
21322,zhenghua,2012,2A(2),0,0,,
21323,zhenghua,2012,2B,1,72,,1
21324,zhenghua,2012,2C,139,143,,1
21325,zhenghua,2012,2C(S),20,6,,0.3
21326,zhenghua,2012,3,0,0,,
21327,zhenghua,2012,Total,0,270,,1
21328,zhenghua,2013,1,0,0,,
21329,zhenghua,2013,2A(1),0,0,,
21330,zhenghua,2013,2A(2),0,0,,
21331,zhenghua,2013,2B,0,72,,1
21332,zhenghua,2013,2C,99,143,,1
21333,zhenghua,2013,2C(S),10,45,,1
21334,zhenghua,2013,3,0,35,,1
21335,zhenghua,2013,Total,0,240,,1
21336,zhenghua,2014,1,0,0,,
21337,zhenghua,2014,2A(1),0,0,,
21338,zhenghua,2014,2A(2),0,0,,
21339,zhenghua,2014,2B,1,59,,1
21340,zhenghua,2014,2C,95,117,,1
21341,zhenghua,2014,2C(S),9,24,,1
21342,zhenghua,2014,3,0,15,,1
21343,zhenghua,2014,Total,0,240,,1
21344,zhenghua,2015,1,0,0,,
21345,zhenghua,2015,2A(1),0,0,,
21346,zhenghua,2015,2A(2),0,0,,
21347,zhenghua,2015,2B,1,53,,1
21348,zhenghua,2015,2C,88,104,,1
21349,zhenghua,2015,2C(S),2,16,,1
21350,zhenghua,2015,3,0,14,,1
21351,zhenghua,2015,Total,0,210,,1
21352,zhenghua,2016,1,0,0,,
21353,zhenghua,2016,2A(1),0,0,,
21354,zhenghua,2016,2A(2),0,0,,
21355,zhenghua,2016,2B,1,56,,1
21356,zhenghua,2016,2C,85,112,,1
21357,zhenghua,2016,2C(S),10,27,,1
21358,zhenghua,2016,3,0,17,,1
21359,zhenghua,2016,Total,0,210,,1
21360,zhenghua,2017,1,0,0,,
21361,zhenghua,2017,2A(1),0,0,,
21362,zhenghua,2017,2A(2),0,0,,
21363,zhenghua,2017,2B,1,56,,1
21364,zhenghua,2017,2C,88,113,,1
21365,zhenghua,2017,2C(S),28,28,,1
21366,zhenghua,2017,3,0,0,,
21367,zhenghua,2017,Total,0,210,,1
21368,zhenghua,2018,1,0,0,,
21369,zhenghua,2018,2A(1),0,0,,
21370,zhenghua,2018,2A(2),0,0,,
21371,zhenghua,2018,2B,2,62,,1
21372,zhenghua,2018,2C,62,126,,1
21373,zhenghua,2018,2C(S),22,65,,1
21374,zhenghua,2018,3,0,43,,1
21375,zhenghua,2018,Total,0,240,,1
21376,zhenghua,2019,1,85,170,,1
21377,zhenghua,2019,2A(1),0,85,,1
21378,zhenghua,2019,2A(2),23,85,,1
21379,zhenghua,2019,2B,2,51,,1
21380,zhenghua,2019,2C,76,100,,1
21381,zhenghua,2019,2C(S),19,24,,1
21382,zhenghua,2019,3,0,5,,1
21383,zhenghua,2019,Total,0,210,,1
21384,zhenghua,2020,1,79,180,,1
21385,zhenghua,2020,2A(1),1,101,,1
21386,zhenghua,2020,2A(2),29,100,,1
21387,zhenghua,2020,2B,1,56,,1
21388,zhenghua,2020,2C,92,111,,1
21389,zhenghua,2020,2C(S),23,21,SC>2,0.91304347826087
21390,zhenghua,2020,3,0,0,,
21391,zhenghua,2020,Total,0,220,,1
21392,zhenghua,2021,1,78,200,,1
21393,zhenghua,2021,2A(1),0,122,,1
21394,zhenghua,2021,2A(2),37,122,,1
21395,zhenghua,2021,2B,1,63,,1
21396,zhenghua,2021,2C,92,124,,1
21397,zhenghua,2021,2C(S),45,32,SC1-2,0.711111111111111
21398,zhenghua,2021,3,0,0,,
21399,zhenghua,2021,Total,0,240,,1
21400,zhenghua,2022,1,91,180,,1
21401,zhenghua,2022,2A(1),59,89,,1
21402,zhenghua,2022,2A(2),0,0,,
21403,zhenghua,2022,2B,0,30,,1
21404,zhenghua,2022,2C,68,90,,1
21405,zhenghua,2022,2C(S),25,23,SC>2,0.92
21406,zhenghua,2022,3,0,0,,
21407,zhenghua,2022,Total,0,240,,1
21408,zhenghua,2023,1,78,150,,1
21409,zhenghua,2023,2A(1),55,72,,1
21410,zhenghua,2023,2A(2),0,0,,
21411,zhenghua,2023,2B,2,26,,1
21412,zhenghua,2023,2C,44,76,,1
21413,zhenghua,2023,2C(S),44,32,SC1-2,0.727272727272727
21414,zhenghua,2023,3,0,0,,
21415,zhenghua,2023,Total,0,210,,1
21416,zhonghua,2009,1,0,0,,
21417,zhonghua,2009,2A(1),0,0,,
21418,zhonghua,2009,2A(2),0,0,,
21419,zhonghua,2009,2B,0,67,,1
21420,zhonghua,2009,2C,52,134,,1
21421,zhonghua,2009,2C(S),19,82,,1
21422,zhonghua,2009,3,0,56,,1
21423,zhonghua,2009,Total,0,180,,1
21424,zhonghua,2010,1,0,0,,
21425,zhonghua,2010,2A(1),0,0,,
21426,zhonghua,2010,2A(2),0,0,,
21427,zhonghua,2010,2B,1,80,,1
21428,zhonghua,2010,2C,37,159,,1
21429,zhonghua,2010,2C(S),24,122,,1
21430,zhonghua,2010,3,0,51,,1
21431,zhonghua,2010,Total,0,210,,1
21432,zhonghua,2011,1,0,0,,
21433,zhonghua,2011,2A(1),0,0,,
21434,zhonghua,2011,2A(2),0,0,,
21435,zhonghua,2011,2B,0,81,,1
21436,zhonghua,2011,2C,40,162,,1
21437,zhonghua,2011,2C(S),36,122,,1
21438,zhonghua,2011,3,0,54,,1
21439,zhonghua,2011,Total,0,210,,1
21440,zhonghua,2012,1,0,0,,
21441,zhonghua,2012,2A(1),0,0,,
21442,zhonghua,2012,2A(2),0,0,,
21443,zhonghua,2012,2B,0,63,,1
21444,zhonghua,2012,2C,61,126,,1
21445,zhonghua,2012,2C(S),50,67,,1
21446,zhonghua,2012,3,0,9,,1
21447,zhonghua,2012,Total,0,180,,1
21448,zhonghua,2013,1,0,0,,
21449,zhonghua,2013,2A(1),0,0,,
21450,zhonghua,2013,2A(2),0,0,,
21451,zhonghua,2013,2B,0,74,,1
21452,zhonghua,2013,2C,73,147,,1
21453,zhonghua,2013,2C(S),49,74,,1
21454,zhonghua,2013,3,0,17,,1
21455,zhonghua,2013,Total,0,210,,1
21456,zhonghua,2014,1,0,0,,
21457,zhonghua,2014,2A(1),0,0,,
21458,zhonghua,2014,2A(2),0,0,,
21459,zhonghua,2014,2B,1,70,,1
21460,zhonghua,2014,2C,55,138,,1
21461,zhonghua,2014,2C(S),41,83,,1
21462,zhonghua,2014,3,0,42,,1
21463,zhonghua,2014,Total,0,180,,1
21464,zhonghua,2015,1,0,0,,
21465,zhonghua,2015,2A(1),0,0,,
21466,zhonghua,2015,2A(2),0,0,,
21467,zhonghua,2015,2B,0,55,,1
21468,zhonghua,2015,2C,33,109,,1
21469,zhonghua,2015,2C(S),16,76,,1
21470,zhonghua,2015,3,0,60,,1
21471,zhonghua,2015,Total,0,180,,1
21472,zhonghua,2016,1,0,0,,
21473,zhonghua,2016,2A(1),0,0,,
21474,zhonghua,2016,2A(2),0,0,,
21475,zhonghua,2016,2B,0,50,,1
21476,zhonghua,2016,2C,17,101,,1
21477,zhonghua,2016,2C(S),3,84,,1
21478,zhonghua,2016,3,0,81,,1
21479,zhonghua,2016,Total,0,150,,1
21480,zhonghua,2017,1,0,0,,
21481,zhonghua,2017,2A(1),0,0,,
21482,zhonghua,2017,2A(2),0,0,,
21483,zhonghua,2017,2B,0,50,,1
21484,zhonghua,2017,2C,17,100,,1
21485,zhonghua,2017,2C(S),21,83,,1
21486,zhonghua,2017,3,0,62,,1
21487,zhonghua,2017,Total,0,150,,1
21488,zhonghua,2018,1,0,0,,
21489,zhonghua,2018,2A(1),0,0,,
21490,zhonghua,2018,2A(2),0,0,,
21491,zhonghua,2018,2B,1,72,,1
21492,zhonghua,2018,2C,27,143,,1
21493,zhonghua,2018,2C(S),52,116,,1
21494,zhonghua,2018,3,0,64,,1
21495,zhonghua,2018,Total,0,180,,1
21496,zhonghua,2019,1,26,80,,1
21497,zhonghua,2019,2A(1),0,54,,1
21498,zhonghua,2019,2A(2),1,54,,1
21499,zhonghua,2019,2B,1,47,,1
21500,zhonghua,2019,2C,13,93,,1
21501,zhonghua,2019,2C(S),19,80,,1
21502,zhonghua,2019,3,0,61,,1
21503,zhonghua,2019,Total,0,120,,1
21504,zhonghua,2020,1,25,140,,1
21505,zhonghua,2020,2A(1),0,115,,1
21506,zhonghua,2020,2A(2),8,115,,1
21507,zhonghua,2020,2B,0,74,,1
21508,zhonghua,2020,2C,14,147,,1
21509,zhonghua,2020,2C(S),38,133,,1
21510,zhonghua,2020,3,0,95,,1
21511,zhonghua,2020,Total,0,180,,1
21512,zhonghua,2021,1,30,140,,1
21513,zhonghua,2021,2A(1),0,110,,1
21514,zhonghua,2021,2A(2),6,110,,1
21515,zhonghua,2021,2B,0,72,,1
21516,zhonghua,2021,2C,17,144,,1
21517,zhonghua,2021,2C(S),30,129,,1
21518,zhonghua,2021,3,0,99,,1
21519,zhonghua,2021,Total,0,180,,1
21520,zhonghua,2022,1,28,90,,1
21521,zhonghua,2022,2A(1),6,62,,1
21522,zhonghua,2022,2A(2),0,0,,
21523,zhonghua,2022,2B,1,39,,1
21524,zhonghua,2022,2C,7,115,,1
21525,zhonghua,2022,2C(S),30,108,,1
21526,zhonghua,2022,3,0,78,,1
21527,zhonghua,2022,Total,0,150,,1
21528,zhonghua,2023,1,21,60,,1
21529,zhonghua,2023,2A(1),4,39,,1
21530,zhonghua,2023,2A(2),0,0,,
21531,zhonghua,2023,2B,0,32,,1
21532,zhonghua,2023,2C,11,95,,1
21533,zhonghua,2023,2C(S),20,84,,1
21534,zhonghua,2023,3,0,64,,1
21535,zhonghua,2023,Total,0,120,,1