level_0,index,school_id,name,logo_url,area,address,postal_code,website,parent_volunteer,type_sap,type_boys-only,type_girls-only,type_gep,affiliations,logo_url2,moe_url,googlemap_url,review_num,review_rating_avg
0,0,admiralty,Admiralty Primary School,https://sgschooling.com/img/logo/admiralty.jpg,Woodlands,11 Woodlands Circle S738907,738907,https://admiraltypri.moe.edu.sg/,,false,false,false,false,,Admiralty Primary School.jpg,https://www.moe.gov.sg/schoolfinder/schooldetail?schoolname=admiralty-primary-school,"https://www.google.com/maps/place/Admiralty+Primary+School/@1.4430452,103.7977338,17z/data=!3m1!4b1!4m6!3m5!1s0x31da1374941768d5:0x2622662f8a627a98!8m2!3d1.4430452!4d103.8003087!16s%2Fg%2F1tpn01_4?entry=ttu",30,4.46666666666667
1,1,ahmad-ibrahim,Ahmad Ibrahim Primary School,https://sgschooling.com/img/logo/ahmad-ibrahim.jpg,Yishun,10 Yishun Street 11 S768643,768643,http://www.ahmadibrahimpri.moe.edu.sg,,false,false,false,false,,Ahmad Ibrahim Primary School.jpg,https://www.moe.gov.sg/schoolfinder/schooldetail?schoolname=ahmad-ibrahim-primary-school,"https://www.google.com/maps/place/Ahmad+Ibrahim+Primary+School/@1.4337349,103.8302076,17z/data=!3m1!4b1!4m6!3m5!1s0x31da1464b2aaaaab:0x19ab5207d64a2abc!8m2!3d1.4337349!4d103.8327825!16s%2Fg%2F1td07frd?entry=ttu",,
2,2,ai-tong,Ai Tong School,https://sgschooling.com/img/logo/ai-tong.jpg,Bishan,100 Bright Hill Drive S579646,579646,http://www.aitong.moe.edu.sg,"Singapore Hokkein Huay Kuan, 2y membership, 80h ",true,false,false,false,,Ai Tong School.jpg,https://www.moe.gov.sg/schoolfinder/schooldetail?schoolname=ai-tong-school,"https://www.google.com/maps/place/Ai+Tong+School/@1.3603066,103.8301315,17z/data=!3m1!4b1!4m6!3m5!1s0x31da172898d4377d:0x76996bce7e40ba90!8m2!3d1.3603066!4d103.8327064!16zL20vMDhiZnh6?entry=ttu",31,4.51612903225806
3,3,alexandra,Alexandra Primary School,https://sgschooling.com/img/logo/alexandra.jpg,Bukit Merah,2A Prince Charles Crescent S159016,159016,http://alexandrapri.moe.edu.sg,,false,false,false,false,,Alexandra Primary School.jpg,https://www.moe.gov.sg/schoolfinder/schooldetail?schoolname=alexandra-primary-school,"https://www.google.com/maps/place/Alexandra+Primary+School/@1.2912575,103.821187,17z/data=!3m1!4b1!4m6!3m5!1s0x31da19805977d68f:0xe642bc66c3760728!8m2!3d1.2912575!4d103.8237619!16s%2Fg%2F1q5gkrl6b?entry=ttu",23,4.52173913043478
4,4,anchor-green,Anchor Green Primary School,https://sgschooling.com/img/logo/anchor-green.jpg,Sengkang,31 Anchorvale Drive S544969,544969,http://www.anchorgreenpri.moe.edu.sg,,false,false,false,false,,Anchor Green Primary School.jpg,https://www.moe.gov.sg/schoolfinder/schooldetail?schoolname=anchor-green-primary-school,"https://www.google.com/maps/place/Anchor+Green+Primary+School/@1.3908643,103.8845426,17z/data=!3m1!4b1!4m6!3m5!1s0x31da166d961b3d37:0xbcf84b8ae3ac3dd6!8m2!3d1.3908643!4d103.8871175!16s%2Fg%2F1tj1k01v?entry=ttu",31,4
5,5,anderson,Anderson Primary School,https://sgschooling.com/img/logo/anderson.jpg,Ang Mo Kio,19 Ang Mo Kio Ave 9 S569785,569785,http://www.andersonpri.moe.edu.sg,"40h, apply in Feb-May",false,false,false,false,,Anderson Primary School.jpg,https://www.moe.gov.sg/schoolfinder/schooldetail?schoolname=anderson-primary-school,"https://www.google.com/maps/place/Anderson+Primary+School/@1.3840294,103.8387931,17z/data=!3m2!4b1!5s0x31da16bf0560563d:0xb472f3382156b8fd!4m6!3m5!1s0x31da16bf052f2b11:0xf728a00bce323731!8m2!3d1.3840294!4d103.841368!16s%2Fg%2F1q6n2w2bt?entry=ttu",23,4.17391304347826
6,6,ang-mo-kio,Ang Mo Kio Primary School,https://sgschooling.com/img/logo/ang-mo-kio.jpg,Ang Mo Kio,20 Ang Mo Kio Avenue 3 S569920,569920,http://www.angmokiopri.moe.edu.sg,,false,false,false,false,,Ang Mo Kio Primary School.jpg,https://www.moe.gov.sg/schoolfinder/schooldetail?schoolname=ang-mo-kio-primary-school,"https://www.google.com/maps/place/Ang+Mo+Kio+Primary+School/@1.3693482,103.8372377,17z/data=!3m2!4b1!5s0x31da16dc102f3f21:0xe8497af3265d538b!4m6!3m5!1s0x31da16dc08727bb9:0x5dd3dcaf9e413dfb!8m2!3d1.3693482!4d103.8398126!16s%2Fg%2F1w96d874?entry=ttu",24,3.75
7,7,anglo-chinese-junior,Anglo-Chinese School (Junior),https://sgschooling.com/img/logo/anglo-chinese-junior.jpg,Central,16 Winstedt Road S227988,227988,http://www.acsj.moe.edu.sg,,false,true,false,false,"Anglo-Chinese School (Barker Road), Anglo-Chinese School (Independent)",Anglo-Chinese School (Junior).jpg,https://www.moe.gov.sg/schoolfinder/schooldetail?schoolname=anglochinese-school-junior,"https://www.google.com/maps/place/Anglo-Chinese+School+(Junior)/@1.3090345,103.8390636,17z/data=!3m2!4b1!5s0x31da19eb18e4fd41:0xc0f6c098f692662f!4m6!3m5!1s0x31da19eb22ea220b:0xbf53ae2f0b5dbc28!8m2!3d1.3090345!4d103.8416385!16s%2Fg%2F1hdzn_3vk?entry=ttu",,
8,8,angsana,Angsana Primary School,https://sgschooling.com/img/logo/angsana.jpg,Tampines,51 Tampines Street 61 S528565,528565,https://angsanapri.moe.edu.sg/,,false,false,false,false,,Angsana Primary School.jpg,https://www.moe.gov.sg/schoolfinder/schooldetail?schoolname=angsana-primary-school,"https://www.google.com/maps/place/Angsana+Primary+School/@1.3629146,103.9364185,17z/data=!3m1!4b1!4m6!3m5!1s0x31da3dfc05af1c65:0xb36409827cd45acb!8m2!3d1.3629146!4d103.9389934!16s%2Fg%2F11rmzzz8p6?entry=ttu",13,4.76923076923077
9,9,beacon,Beacon Primary School,https://sgschooling.com/img/logo/beacon.jpg,Bukit Panjang,36 Bukit Panjang Ring Road S679944,679944,https://beaconpri.moe.edu.sg/,,false,false,false,false,,Beacon Primary School.jpg,https://www.moe.gov.sg/schoolfinder/schooldetail?schoolname=beacon-primary-school,"https://www.google.com/maps/place/Beacon+Primary+School/@1.3839141,103.7711167,17z/data=!3m1!4b1!4m6!3m5!1s0x31da119f95353b3f:0x2ace29e4a4ecb8f6!8m2!3d1.3839141!4d103.7736916!16s%2Fg%2F1vyst17j?entry=ttu",17,4.17647058823529
10,10,bedok-green,Bedok Green Primary School,https://sgschooling.com/img/logo/bedok-green.jpg,Bedok,1 Bedok South Ave 2 S469317,469317,http://www.bedokgreenpri.moe.edu.sg,,false,false,false,false,,Bedok Green Primary School.jpg,https://www.moe.gov.sg/schoolfinder/schooldetail?schoolname=bedok-green-primary-school,"https://www.google.com/maps/place/Bedok+Green+Primary+School/@1.3242773,103.9349436,17z/data=!3m2!4b1!5s0x31da22ca82483c35:0x2b894f7a7525bb51!4m6!3m5!1s0x31da22ca80c23e39:0x362047e31d59970a!8m2!3d1.3242773!4d103.9375185!16s%2Fg%2F1tdf8mq9?entry=ttu",34,4.29411764705882
11,11,bendemeer,Bendemeer Primary School,https://sgschooling.com/img/logo/bendemeer.jpg,Kallang,91 Bendemeer Road S339948,339948,http://www.bendemeerpri.moe.edu.sg/,,false,false,false,false,,Bendemeer Primary School.jpg,https://www.moe.gov.sg/schoolfinder/schooldetail?schoolname=bendemeer-primary-school,"https://www.google.com/maps/place/Bendemeer+Primary+School/@1.322193,103.8625076,17z/data=!3m1!4b1!4m6!3m5!1s0x31da19d381f10b4f:0x8fb804cc96a84916!8m2!3d1.322193!4d103.8650825!16s%2Fg%2F1tfzv00t?entry=ttu",38,3.34210526315789
12,12,blangah-rise,Blangah Rise Primary School,https://sgschooling.com/img/logo/blangah-rise.jpg,Bukit Merah,91 Telok Blangah Heights S109100,109100,http://www.blangahrisepri.moe.edu.sg/,,false,false,false,false,,Blangah Rise Primary School.jpg,https://www.moe.gov.sg/schoolfinder/schooldetail?schoolname=blangah-rise-primary-school,"https://www.google.com/maps/place/Blangah+Rise+Primary+School/@1.2763845,103.8067564,17z/data=!3m1!4b1!4m6!3m5!1s0x31da1bc4c471c193:0xe509e05c9a3d3b84!8m2!3d1.2763845!4d103.8093313!16s%2Fm%2F03hgvbq?entry=ttu",16,4.5
13,13,boon-lay-garden,Boon Lay Garden Primary School,https://sgschooling.com/img/logo/boon-lay-garden.jpg,Jurong West,20 Boon Lay Drive S649930,649930,http://www.boonlaygardenpri.moe.edu.sg,,false,false,false,false,,Boon Lay Garden Primary School.jpg,https://www.moe.gov.sg/schoolfinder/schooldetail?schoolname=boon-lay-garden-primary-school,"https://www.google.com/maps/place/Boon+Lay+Garden+Primary+School/@1.3434436,103.7104041,17z/data=!3m1!4b1!4m6!3m5!1s0x31da0fe9a0f11089:0x92d7d6fa56a9f15a!8m2!3d1.3434436!4d103.712979!16s%2Fg%2F1tgf0qk8?entry=ttu",22,4.18181818181818
14,14,bukit-panjang,Bukit Panjang Primary School,https://sgschooling.com/img/logo/bukit-panjang.jpg,Bukit Panjang,109 Cashew Road S679676,679676,http://www.bukitpanjangpri.moe.edu.sg,,false,false,false,false,,Bukit Panjang Primary School.jpg,https://www.moe.gov.sg/schoolfinder/schooldetail?schoolname=bukit-panjang-primary-school,"https://www.google.com/maps/place/Bukit+Panjang+Primary+School/@1.3735964,103.7669517,17z/data=!3m1!4b1!4m6!3m5!1s0x31da11a8aebd842d:0x6cf47a8ffce3a8bb!8m2!3d1.3735964!4d103.7695266!16s%2Fg%2F1jkz3x3y2?entry=ttu",20,4.4
15,15,bukit-timah,Bukit Timah Primary School,https://sgschooling.com/img/logo/bukit-timah.jpg,Bukit Timah,111 Lorong Kismis S598112,598112,http://www.bukittimahpri.moe.edu.sg,,false,false,false,false,,Bukit Timah Primary School.jpg,https://www.moe.gov.sg/schoolfinder/schooldetail?schoolname=bukit-timah-primary-school,"https://www.google.com/maps/place/Bukit+Timah+Primary+School/@1.3373813,103.7641989,17z/data=!3m1!4b1!4m6!3m5!1s0x31da1064e050a9b1:0xa84ca0daa7c48d88!8m2!3d1.3373813!4d103.7667738!16s%2Fg%2F11bc6vp9r1?entry=ttu",20,4.7
16,16,bukit-view,Bukit View Primary School,https://sgschooling.com/img/logo/bukit-view.jpg,Bukit Batok,18 Bukit Batok Street 21 S659634,659634,http://www.bukitviewpri.moe.edu.sg,,false,false,false,false,,Bukit View Primary School.jpg,https://www.moe.gov.sg/schoolfinder/schooldetail?schoolname=bukit-view-primary-school,"https://www.google.com/maps/place/Bukit+View+Primary+School/@1.3461955,103.7512223,17z/data=!3m1!4b1!4m6!3m5!1s0x31da10401e92a10f:0x589c992565e7bf02!8m2!3d1.3461955!4d103.7537972!16s%2Fg%2F1tf_ktgy?entry=ttu",21,4.23809523809524
17,17,canberra,Canberra Primary School,https://sgschooling.com/img/logo/canberra.jpg,Sembawang,21 Admiralty Drive S757714,757714,http://www.canberrapri.moe.edu.sg,,false,false,false,false,,Canberra Primary School.jpg,https://www.moe.gov.sg/schoolfinder/schooldetail?schoolname=canberra-primary-school,"https://www.google.com/maps/place/Canberra+Primary+School/@1.4505141,103.8131225,17z/data=!3m1!4b1!4m6!3m5!1s0x31da136480eb3081:0x4bfaee3a2de748f9!8m2!3d1.4505141!4d103.8156974!16s%2Fm%2F03y8vy3?entry=ttu",18,4.22222222222222
18,18,canossa-catholic,Canossa Catholic Primary School,https://sgschooling.com/img/logo/canossa-catholic.jpg,Geylang,1 Sallim Road S387621,387621,https://canossacatholicpri.moe.edu.sg/,,false,false,false,false,St. Anthony’s Canossian Secondary School,Canossa Catholic Primary School.jpg,https://www.moe.gov.sg/schoolfinder/schooldetail?schoolname=canossa-catholic-primary-school,"https://www.google.com/maps/place/Canossa+Catholic+Primary+School/@1.3262861,103.8791994,17z/data=!3m1!4b1!4m6!3m5!1s0x31da1788266d1321:0x73898133b2415512!8m2!3d1.3262861!4d103.8817743!16s%2Fg%2F11bcf2jgqx?entry=ttu",25,3.68
19,19,cantonment,Cantonment Primary School,https://sgschooling.com/img/logo/cantonment.jpg,Bukit Merah,1 Cantonment Close S088256,88256,http://www.cantonmentpri.moe.edu.sg,,false,false,false,false,,Cantonment Primary School.jpg,https://www.moe.gov.sg/schoolfinder/schooldetail?schoolname=cantonment-primary-school,"https://www.google.com/maps/place/Cantonment+Primary+School/@1.2754926,103.837338,17z/data=!3m1!4b1!4m6!3m5!1s0x31da196c7ba82c55:0xbeb34dfdf9e2debf!8m2!3d1.2754926!4d103.8399129!16s%2Fg%2F1tglwh5p?entry=ttu",29,4.62068965517241
20,20,casuarina,Casuarina Primary School,https://sgschooling.com/img/logo/casuarina.jpg,Pasir Ris,30 Pasir Ris St 41 S518935,518935,http://www.casuarinapri.moe.edu.sg/,,false,false,false,false,,Casuarina Primary School.jpg,https://www.moe.gov.sg/schoolfinder/schooldetail?schoolname=casuarina-primary-school,"https://www.google.com/maps/place/Casuarina+Primary+School/@1.3725006,103.9544456,17z/data=!3m2!4b1!5s0x31da3dad8ee679d5:0xaa4944014dd59858!4m6!3m5!1s0x31da3db2780b2b57:0xb8ff88368d9b539!8m2!3d1.3725006!4d103.9570205!16s%2Fg%2F1tf7310k?entry=ttu",32,4.125
21,21,cedar,Cedar Primary School,https://sgschooling.com/img/logo/cedar.jpg,Toa Payoh,15 Cedar Avenue S349700,349700,http://www.cedarpri.moe.edu.sg,,false,false,false,false,,Cedar Primary School.jpg,https://www.moe.gov.sg/schoolfinder/schooldetail?schoolname=cedar-primary-school,"https://www.google.com/maps/place/Cedar+Primary+School/@1.3354052,103.8732403,17z/data=!3m2!4b1!5s0x31da1784ca85ed13:0x6b0a6ddca19c81e7!4m6!3m5!1s0x31da17852d41cee7:0x6f4ac5a916c55033!8m2!3d1.3354052!4d103.8758152!16s%2Fg%2F1tfk6jd9?entry=ttu",17,3.64705882352941
22,22,changkat,Changkat Primary School,https://sgschooling.com/img/logo/changkat.jpg,Tampines,11 Simei St 3 S529896,529896,http://www.changkatpri.moe.edu.sg/,,false,false,false,false,,Changkat Primary School.jpg,https://www.moe.gov.sg/schoolfinder/schooldetail?schoolname=changkat-primary-school,"https://www.google.com/maps/place/Changkat+Primary+School/@1.3405718,103.9493574,17z/data=!3m2!4b1!5s0x31da3d23841b3ec9:0xaff48fcbbba8cbcc!4m6!3m5!1s0x31da3d23838e2761:0xd2ec94fb15dbda6e!8m2!3d1.3405718!4d103.9519323!16s%2Fg%2F1tw1bbx5?entry=ttu",19,4.26315789473684
23,23,chij-katong,CHIJ (Katong) Primary,https://sgschooling.com/img/logo/chij-katong.jpg,Bedok,17 Martia Road S424821,424821,http://chijkcp.moe.edu.sg/,,false,false,true,false,CHIJ Katong Convent,CHIJ (Katong) Primary.jpg,https://www.moe.gov.sg/schoolfinder/schooldetail?schoolname=chij-katong-primary,"https://www.google.com/maps/search/CHIJ+(Katong)+Primary+(17+Martia+Road+S424821)/@1.4105845,103.9027994,15z?entry=ttu",,
24,24,chij-kellock,CHIJ (Kellock),https://sgschooling.com/img/logo/chij-kellock.jpg,Bukit Merah,1 Bukit Teresa Road S099757,99757,http://www.chijkellock.moe.edu.sg/,,false,false,true,false,CHIJ St. Theresa’s Convent,CHIJ (Kellock).jpg,https://www.moe.gov.sg/schoolfinder/schooldetail?schoolname=chij-kellock,"https://www.google.com/maps/place/CHIJ+(Kellock)/@1.2750626,103.8257365,17z/data=!3m2!4b1!5s0x31da1966a8e9e227:0x17d54d53b101304e!4m6!3m5!1s0x31da1967aaaaaaab:0xaaaf176ae960609e!8m2!3d1.2750626!4d103.8283114!16s%2Fg%2F11c60bmx16?entry=ttu",,
25,25,chij-our-lady-of-good-counsel,CHIJ Our Lady of Good Counsel,https://sgschooling.com/img/logo/chij-our-lady-of-good-counsel.jpg,Serangoon,2C Burghley Drive S558979,558979,http://www.chijourladyofgoodcounsel.moe.edu.sg,40h,false,false,true,false,CHIJ St. Joseph’s Convent,CHIJ Our Lady of Good Counsel.jpg,https://www.moe.gov.sg/schoolfinder/schooldetail?schoolname=chij-our-lady-of-good-counsel,"https://www.google.com/maps/place/CHIJ+Our+Lady+of+Good+Counsel/@1.3574239,103.861213,17z/data=!3m2!4b1!5s0x31da17069413001d:0x8478c6008b85144a!4m6!3m5!1s0x31da1706e9b386a1:0x6c147f68b732ff4c!8m2!3d1.3574239!4d103.8637879!16s%2Fg%2F1tqtvddz?entry=ttu",14,4.64285714285714
26,26,chij-our-lady-of-the-nativity,CHIJ Our Lady of the Nativity,https://sgschooling.com/img/logo/chij-our-lady-of-the-nativity.jpg,Hougang,1257 Upper Serangoon Road S534793,534793,http://www.chijourladyofthenativity.moe.edu.sg/,,false,false,true,false,CHIJ St. Joseph’s Convent,CHIJ Our Lady of the Nativity.jpg,https://www.moe.gov.sg/schoolfinder/schooldetail?schoolname=chij-our-lady-of-the-nativity,"https://www.google.com/maps/place/CHIJ+Our+Lady+of+the+Nativity+(OLN)/@1.3735318,103.8949681,17z/data=!3m2!4b1!5s0x31da163a06848ac3:0x8ade0b90ab73bcda!4m6!3m5!1s0x31da1630a014b21f:0xac01d7b93cce7079!8m2!3d1.3735318!4d103.897543!16s%2Fg%2F1pv0f963x?entry=ttu",22,4.36363636363636
27,27,chij-our-lady-queen-of-peace,CHIJ Our Lady Queen of Peace,https://sgschooling.com/img/logo/chij-our-lady-queen-of-peace.jpg,Bukit Panjang,4 Chestnut Drive S679287,679287,http://www.chijourladyqueenofpeace.moe.edu.sg/,,false,false,true,false,CHIJ St. Theresa’s Convent,CHIJ Our Lady Queen of Peace.jpg,https://www.moe.gov.sg/schoolfinder/schooldetail?schoolname=chij-our-lady-queen-of-peace,"https://www.google.com/maps/place/CHIJ+Our+Lady+Queen+Of+Peace/@1.3667455,103.7648714,17z/data=!3m2!4b1!5s0x31da11acf3d7579d:0x8f8412ca0e638420!4m6!3m5!1s0x31da11ac8f89b95d:0x24b9484decb38bbf!8m2!3d1.3667455!4d103.7674463!16s%2Fg%2F1tfcqrdj?entry=ttu",15,4.06666666666667
28,28,chij-toa-payoh,CHIJ Primary (Toa Payoh),https://sgschooling.com/img/logo/chij-toa-payoh.jpg,Toa Payoh,628 Lorong 1 Toa Payoh S319765,319765,http://www.chijpritoapayoh.moe.edu.sg,"Central Parents Council ",false,false,true,false,CHIJ Secondary (Toa Payoh),CHIJ Primary (Toa Payoh).jpg,https://www.moe.gov.sg/schoolfinder/schooldetail?schoolname=chij-primary-toa-payoh,"https://www.google.com/maps/search/CHIJ+Primary+(Toa+Payoh)+(628+Lorong+1+Toa+Payoh+S319765)/@1.4105845,103.9027994,15z?entry=ttu",,
29,29,chongfu,Chongfu School,https://sgschooling.com/img/logo/chongfu.jpg,Yishun,170 Yishun Avenue 6 S768959,768959,http://www.chongfu.moe.edu.sg/,🔗,false,false,false,false,,Chongfu School.jpg,https://www.moe.gov.sg/schoolfinder/schooldetail?schoolname=chongfu-school,"https://www.google.com/maps/place/Chongfu+School/@1.4387232,103.8367665,17z/data=!3m1!4b1!4m6!3m5!1s0x31da1462010bc27f:0xcad94cb7ae13a32c!8m2!3d1.4387232!4d103.8393414!16s%2Fg%2F1trr9q6k?entry=ttu",36,3.41666666666667
30,30,chongzheng,Chongzheng Primary School,https://sgschooling.com/img/logo/chongzheng.jpg,Tampines,1 Tampines Street 21 S529392,529392,http://www.chongzhengpri.moe.edu.sg,,false,false,false,false,,Chongzheng Primary School.jpg,https://www.moe.gov.sg/schoolfinder/schooldetail?schoolname=chongzheng-primary-school,"https://www.google.com/maps/place/Chongzheng+Primary+School/@1.3508639,103.9486723,17z/data=!3m1!4b1!4m6!3m5!1s0x31da3d1a46fa407f:0x5de369f684e17014!8m2!3d1.3508639!4d103.9512472!16s%2Fm%2F0269d9m?entry=ttu",23,4.26086956521739
31,31,chua-chu-kang,Chua Chu Kang Primary School,https://sgschooling.com/img/logo/chua-chu-kang.jpg,Choa Chu Kang,20 Choa Chu Kang Avenue 2 S689905,689905,http://www.chuachukangpri.moe.edu.sg,,false,false,false,false,,Chua Chu Kang Primary School.jpg,https://www.moe.gov.sg/schoolfinder/schooldetail?schoolname=chua-chu-kang-primary-school,"https://www.google.com/maps/place/Chua+Chu+Kang+Primary+School/@1.3778193,103.7397372,17z/data=!3m1!4b1!4m6!3m5!1s0x31da11c495e81fa5:0xb5f616f85252aa6!8m2!3d1.3778193!4d103.7423121!16s%2Fg%2F1hc522z49?entry=ttu",31,4.67741935483871
32,32,chij-st-nicholas-girls,CHIJ St. Nicholas Girls' School (Primary Section),https://sgschooling.com/img/logo/chij-st-nicholas-girls.jpg,Ang Mo Kio,501 Ang Mo Kio Street 13 S569405,569405,http://www.chijstnicholasgirls.moe.edu.sg,"40h + 20h after getting a place, apply by Dec",true,false,true,false,CHIJ St. Nicholas Girls’ School,CHIJ St. Nicholas Girls' School (Primary Section).jpg,https://www.moe.gov.sg/schoolfinder/schooldetail?schoolname=chij-st-nicholas-girls-school-primary-section,"https://www.google.com/maps/place/CHIJ+St+Nicholas+Girls'+School/@1.3740005,103.8315793,17z/data=!3m1!4b1!4m6!3m5!1s0x31da173493e19ee5:0xc5c2d67bdf2a73c4!8m2!3d1.3740005!4d103.8341542!16zL20vMGdxc2c3?entry=ttu",20,4.05
33,33,catholic-high,Catholic High School (Primary Section),https://sgschooling.com/img/logo/catholic-high.jpg,Bishan,9 Bishan Street 22 S579767,579767,http://www.catholichigh.moe.edu.sg,,true,true,false,true,Catholic High School,Catholic High School (Primary Section).jpg,https://www.moe.gov.sg/schoolfinder/schooldetail?schoolname=catholic-high-school-primary-section,"https://www.google.com/maps/place/Catholic+High+School/@1.3546049,103.8425485,17z/data=!3m1!4b1!4m6!3m5!1s0x31da171801ceddc1:0xd0094c72de6e6469!8m2!3d1.3546049!4d103.8451234!16zL20vMDRobHo0?entry=ttu",50,4.12
34,34,clementi,Clementi Primary School,https://sgschooling.com/img/logo/clementi.jpg,Clementi,8 Clementi Ave 3 S129903,129903,http://www.clementipri.moe.edu.sg,,false,false,false,false,,Clementi Primary School.jpg,https://www.moe.gov.sg/schoolfinder/schooldetail?schoolname=clementi-primary-school,"https://www.google.com/maps/place/Clementi+Primary+School/@1.3153018,103.7607082,17z/data=!3m1!4b1!4m6!3m5!1s0x31da1a902dd23383:0x95b81b1b5a7f4f7c!8m2!3d1.3153018!4d103.7632831!16zL20vMDZnYjE1?entry=ttu",19,4
35,35,compassvale,Compassvale Primary School,https://sgschooling.com/img/logo/compassvale.jpg,Sengkang,21 Compassvale St S545091,545091,http://www.compassvalepri.moe.edu.sg/,,false,false,false,false,,Compassvale Primary School.jpg,https://www.moe.gov.sg/schoolfinder/schooldetail?schoolname=compassvale-primary-school,"https://www.google.com/maps/place/Compassvale+Primary+School/@1.3945602,103.8954764,17z/data=!3m1!4b1!4m6!3m5!1s0x31da160e8e96337b:0x353f11bcf6537884!8m2!3d1.3945602!4d103.8980513!16s%2Fg%2F11byc_tsvb?entry=ttu",27,4.25925925925926
36,36,concord,Concord Primary School,https://sgschooling.com/img/logo/concord.jpg,Choa Chu Kang,3 Choa Chu Kang Ave 4 S689814,689814,http://www.concordpri.moe.edu.sg/,,false,false,false,false,,Concord Primary School.jpg,https://www.moe.gov.sg/schoolfinder/schooldetail?schoolname=concord-primary-school,"https://www.google.com/maps/place/Concord+Primary+School/@1.380347,103.7337634,17z/data=!3m1!4b1!4m6!3m5!1s0x31da11dc46e11aeb:0x1adc46a04e78b8d6!8m2!3d1.380347!4d103.7363383!16s%2Fm%2F02z65cy?entry=ttu",28,4.46428571428571
37,37,corporation,Corporation Primary School,https://sgschooling.com/img/logo/corporation.jpg,Jurong West,31 Jurong West Street 24 S648347,648347,http://www.corporationpri.moe.edu.sg,,false,false,false,false,,Corporation Primary School.jpg,https://www.moe.gov.sg/schoolfinder/schooldetail?schoolname=corporation-primary-school,"https://www.google.com/maps/place/Corporation+Primary+School/@1.3514322,103.7050654,17z/data=!3m1!4b1!4m6!3m5!1s0x31da0fc73081f039:0x9dc5b89419762c0d!8m2!3d1.3514322!4d103.7076403!16s%2Fg%2F1tql28wp?entry=ttu",36,3.61111111111111
38,38,damai,Damai Primary School,https://sgschooling.com/img/logo/damai.jpg,Bedok,52 Bedok Reservoir Crescent S479226,479226,http://www.damaipri.moe.edu.sg,,false,false,false,false,,Damai Primary School.jpg,https://www.moe.gov.sg/schoolfinder/schooldetail?schoolname=damai-primary-school,"https://www.google.com/maps/place/Damai+Primary+School/@1.3356727,103.9185727,17z/data=!3m1!4b1!4m6!3m5!1s0x31da3d5a0907368d:0x9864ffa95ee2878c!8m2!3d1.3356727!4d103.9211476!16s%2Fg%2F1tvt7w7h?entry=ttu",18,4.66666666666667
39,39,dazhong,Dazhong Primary School,https://sgschooling.com/img/logo/dazhong.jpg,Bukit Batok,35 Bukit Batok Street 31 S659441,659441,http://www.dazhongpri.moe.edu.sg,,false,false,false,false,,Dazhong Primary School.jpg,https://www.moe.gov.sg/schoolfinder/schooldetail?schoolname=dazhong-primary-school,"https://www.google.com/maps/place/Dazhong+Primary+School/@1.35922,103.7453442,17z/data=!3m1!4b1!4m6!3m5!1s0x31da103696482c5d:0x784a96cd34a90f89!8m2!3d1.35922!4d103.7479191!16s%2Fg%2F1ptvx1666?entry=ttu",14,4.78571428571429
40,40,de-la-salle,De La Salle School,https://sgschooling.com/img/logo/de-la-salle.jpg,Choa Chu Kang,11 Choa Chu Kang St 52 S689285,689285,http://www.delasalle.moe.edu.sg,,false,false,false,false,"St. Joseph’s Institution, St. Patrick’s School",De La Salle School.jpg,https://www.moe.gov.sg/schoolfinder/schooldetail?schoolname=de-la-salle-school,"https://www.google.com/maps/place/De+La+Salle+School/@1.3950704,103.7407974,17z/data=!3m1!4b1!4m6!3m5!1s0x31da11f0550f020f:0xde18802af93eb026!8m2!3d1.3950704!4d103.7433723!16s%2Fm%2F0q3zlhj?entry=ttu",34,4.17647058823529
41,41,east-spring,East Spring Primary School,https://sgschooling.com/img/logo/east-spring.jpg,Tampines,31 Tampines St 33 S529258,529258,http://www.eastspringpri.moe.edu.sg,,false,false,false,false,,East Spring Primary School.jpg,https://www.moe.gov.sg/schoolfinder/schooldetail?schoolname=east-spring-primary-school,"https://www.google.com/maps/place/East+Spring+Primary+School/@1.3529446,103.9592649,17z/data=!3m2!4b1!5s0x31da3ce2bce53d75:0x6b2bed623a731388!4m6!3m5!1s0x31da3ce2b0e87141:0x55d7eb3bd1a15628!8m2!3d1.3529446!4d103.9618398!16s%2Fm%2F02qj5lq?entry=ttu",20,4.25
42,42,edgefield,Edgefield Primary School,https://sgschooling.com/img/logo/edgefield.jpg,Punggol,41 Edgefield Plains S828869,828869,http://www.edgefieldpri.moe.edu.sg,,false,false,false,false,,Edgefield Primary School.jpg,https://www.moe.gov.sg/schoolfinder/schooldetail?schoolname=edgefield-primary-school,"https://www.google.com/maps/place/Edgefield+Primary+School/@1.4004367,103.9051177,17z/data=!3m1!4b1!4m6!3m5!1s0x31da160744042957:0xa689fdeb3df24a8e!8m2!3d1.4004367!4d103.9076926!16s%2Fm%2F012fyh84?entry=ttu",25,3.56
43,43,elias-park,Elias Park Primary School,https://sgschooling.com/img/logo/elias-park.jpg,Pasir Ris,11 Pasir Ris Street 52 S518866,518866,http://www.eliasparkpri.moe.edu.sg,,false,false,false,false,,Elias Park Primary School.jpg,https://www.moe.gov.sg/schoolfinder/schooldetail?schoolname=elias-park-primary-school,"https://www.google.com/maps/place/Elias+Park+Primary+School/@1.3749538,103.9426636,17z/data=!3m2!4b1!5s0x31da3dbb08ae7b49:0x9240a843adfea7f7!4m6!3m5!1s0x31da3dbb128f3077:0xa1f55f11afcad426!8m2!3d1.3749538!4d103.9452385!16s%2Fm%2F03c0lz1?entry=ttu",28,4.10714285714286
44,44,endeavour,Endeavour Primary School,https://sgschooling.com/img/logo/endeavour.jpg,Sembawang,10 Admiralty Link S757521,757521,https://endeavourpri.moe.edu.sg/,,false,false,false,false,,Endeavour Primary School.jpg,https://www.moe.gov.sg/schoolfinder/schooldetail?schoolname=endeavour-primary-school,"https://www.google.com/maps/place/Endeavour+Primary+School/@1.4545646,103.8146032,17z/data=!3m2!4b1!5s0x31da13616ad38065:0x9b358f37e8472485!4m6!3m5!1s0x31da13616a35b711:0xbc6cd2fc8a5154f8!8m2!3d1.4545646!4d103.8171781!16s%2Fg%2F1tcybzsh?entry=ttu",32,3.875
45,45,eunos,Eunos Primary School,https://sgschooling.com/img/logo/eunos.jpg,Geylang,95 Jalan Eunos S419529,419529,,,false,false,false,false,,,,"https://www.google.com/maps/place/Eunos+Primary+School/@1.3245231,103.9017287,17z/data=!3m1!4b1!4m6!3m5!1s0x31da1802e91d07d9:0xb66f23172514baef!8m2!3d1.3245231!4d103.9043036!16s%2Fg%2F1tcwnnhj?entry=ttu",26,4.69230769230769
46,46,evergreen,Evergreen Primary School,https://sgschooling.com/img/logo/evergreen.jpg,Woodlands,31 Woodlands Circle S738908,738908,http://www.evergreenpri.moe.edu.sg/,,false,false,false,false,,Evergreen Primary School.jpg,https://www.moe.gov.sg/schoolfinder/schooldetail?schoolname=evergreen-primary-school,"https://www.google.com/maps/place/Evergreen+Primary+School/@1.444082,103.7924631,17z/data=!3m1!4b1!4m6!3m5!1s0x31da130b88c4eb57:0x43aafefdaca1587d!8m2!3d1.444082!4d103.795038!16s%2Fg%2F1tfskhqp?entry=ttu",20,4.65
47,47,fairfield-methodist,Fairfield Methodist School (Primary),https://sgschooling.com/img/logo/fairfield-methodist.jpg,Queenstown,100 Dover Road S139648,139648,http://www.fmsp.moe.edu.sg/,40h,false,false,false,false,Fairfield Methodist School (Secondary),Fairfield Methodist School (Primary).jpg,https://www.moe.gov.sg/schoolfinder/schooldetail?schoolname=fairfield-methodist-school-primary,"https://www.google.com/maps/place/Fairfield+Methodist+School+(Primary)/@1.3005321,103.7822948,17z/data=!3m2!4b1!5s0x31da1a5aef7c7655:0x953495796fac63a7!4m6!3m5!1s0x31da1a5adf454bf9:0xe8c4ca0e4fbdf5d9!8m2!3d1.3005321!4d103.7848697!16s%2Fm%2F028008g?entry=ttu",,
48,48,farrer-park,Farrer Park Primary School,https://sgschooling.com/img/logo/farrer-park.jpg,Kallang,2 Farrer Park Road S217567,217567,http://www.farrerparkpri.moe.edu.sg,,false,false,false,false,,Farrer Park Primary School.jpg,https://www.moe.gov.sg/schoolfinder/schooldetail?schoolname=farrer-park-primary-school,"https://www.google.com/maps/place/Farrer+Park+Primary+School/@1.312316,103.8482991,17z/data=!3m1!4b1!4m6!3m5!1s0x31da19c41aaaaaab:0x6b2fba2951bb1062!8m2!3d1.312316!4d103.850874!16s%2Fg%2F1trccygz?entry=ttu",22,3.86363636363636
49,49,fengshan,Fengshan Primary School,https://sgschooling.com/img/logo/fengshan.jpg,Bedok,307 Bedok North Road S469680,469680,http://www.fengshanpri.moe.edu.sg,,false,false,false,false,,Fengshan Primary School.jpg,https://www.moe.gov.sg/schoolfinder/schooldetail?schoolname=fengshan-primary-school,"https://www.google.com/maps/place/Fengshan+Primary+School/@1.3296339,103.9293625,17z/data=!3m2!4b1!5s0x31da3d4bf5fab2fd:0xaa0da0678d8cb0a1!4m6!3m5!1s0x31da3d4bf5a7c833:0x37d80d1d207dc4c1!8m2!3d1.3296339!4d103.9319374!16s%2Fg%2F1tjdtffs?entry=ttu",21,3.9047619047619
50,50,fern-green,Fern Green Primary School,https://sgschooling.com/img/logo/fern-green.jpg,Sengkang,70 Fernvale Link S797538,797538,http://www.ferngreenpri.moe.edu.sg,,false,false,false,false,,Fern Green Primary School.jpg,https://www.moe.gov.sg/schoolfinder/schooldetail?schoolname=fern-green-primary-school,"https://www.google.com/maps/place/Fern+Green+Primary+School/@1.3975315,103.8772888,17z/data=!3m1!4b1!4m6!3m5!1s0x31da166566b2ae7d:0xdba4d363ef6aba18!8m2!3d1.3975315!4d103.8798637!16s%2Fg%2F11c7hk8gy7?entry=ttu",29,3.24137931034483
51,51,fernvale,Fernvale Primary School,https://sgschooling.com/img/logo/fernvale.jpg,Sengkang,1 Fernvale Lane S797701,797701,http://www.fernvalepri.moe.edu.sg,,false,false,false,false,,Fernvale Primary School.jpg,https://www.moe.gov.sg/schoolfinder/schooldetail?schoolname=fernvale-primary-school,"https://www.google.com/maps/place/Fernvale+Primary+School/@1.3900136,103.8716034,17z/data=!3m1!4b1!4m6!3m5!1s0x31da166483c031f5:0xebca7def59b6b6a3!8m2!3d1.3900136!4d103.8741783!16s%2Fg%2F1twyx0wy?entry=ttu",34,4.08823529411765
52,52,first-toa-payoh,First Toa Payoh Primary School,https://sgschooling.com/img/logo/first-toa-payoh.jpg,Toa Payoh,7 Lorong 8 Toa Payoh S319252,319252,http://www.firsttoapayohpri.moe.edu.sg,,false,false,false,false,,First Toa Payoh Primary School.jpg,https://www.moe.gov.sg/schoolfinder/schooldetail?schoolname=first-toa-payoh-primary-school,"https://www.google.com/maps/place/First+Toa+Payoh+Primary+School/@1.3402883,103.8530125,17z/data=!3m2!4b1!5s0x31da176e0f6ed813:0xce3be56c95b92f1d!4m6!3m5!1s0x31da176dfc97c0a1:0x95c923d5cf861c1e!8m2!3d1.3402883!4d103.8555874!16s%2Fg%2F1vh_5x78?entry=ttu",15,4.6
53,53,frontier,Frontier Primary School,https://sgschooling.com/img/logo/frontier.jpg,Jurong West,20 Jurong West Street 61 S648200,648200,http://www.frontierpri.moe.edu.sg,"40h, apply in Jan-Apr",false,false,false,false,,Frontier Primary School.jpg,https://www.moe.gov.sg/schoolfinder/schooldetail?schoolname=frontier-primary-school,"https://www.google.com/maps/place/Frontier+Primary+School/@1.336807,103.6968294,17z/data=!3m1!4b1!4m6!3m5!1s0x31da0f91fe7cc9b7:0x92db66bb84aae34e!8m2!3d1.336807!4d103.6994043!16s%2Fm%2F0gtv9rr?entry=ttu",28,4.60714285714286
54,54,fuchun,Fuchun Primary School,https://sgschooling.com/img/logo/fuchun.jpg,Woodlands,23 Woodlands Avenue 1 S739063,739063,http://www.fuchunpri.moe.edu.sg,,false,false,false,false,,Fuchun Primary School.jpg,https://www.moe.gov.sg/schoolfinder/schooldetail?schoolname=fuchun-primary-school,"https://www.google.com/maps/place/Fuchun+Primary+School/@1.4304356,103.7755902,17z/data=!3m1!4b1!4m6!3m5!1s0x31da13ad81cd9f0f:0xf0e11c1f9c41ca3e!8m2!3d1.4304356!4d103.7781651!16s%2Fg%2F1v9txdsk?entry=ttu",30,4.06666666666667
55,55,fuhua,Fuhua Primary School,https://sgschooling.com/img/logo/fuhua.jpg,Jurong East,65 Jurong East Street 13 S609647,609647,http://www.fuhuapri.moe.edu.sg,,false,false,false,false,,Fuhua Primary School.jpg,https://www.moe.gov.sg/schoolfinder/schooldetail?schoolname=fuhua-primary-school,"https://www.google.com/maps/place/Fuhua+Primary+School/@1.3363949,103.7342435,17z/data=!3m1!4b1!4m6!3m5!1s0x31da1004cd1f455b:0x37809811a21b8187!8m2!3d1.3363949!4d103.7368184!16zL20vMDd5YzNn?entry=ttu",22,3.63636363636364
56,56,gan-eng-seng,Gan Eng Seng Primary School,https://sgschooling.com/img/logo/gan-eng-seng.jpg,Bukit Merah,100 Redhill Close S158901,158901,http://www.ganengsengpri.moe.edu.sg,,false,false,false,false,,Gan Eng Seng Primary School.jpg,https://www.moe.gov.sg/schoolfinder/schooldetail?schoolname=gan-eng-seng-primary-school,"https://www.google.com/maps/place/Gan+Eng+Seng+Primary+School/@1.2853315,103.8126277,17z/data=!3m2!4b1!5s0x31da19f8cea989f1:0x4ff219769a710240!4m6!3m5!1s0x31da1bd3f3aa8933:0x73c2d2224bdf2a7!8m2!3d1.2853315!4d103.8152026!16s%2Fg%2F1tjcl_13?entry=ttu",22,3.59090909090909
57,57,geylang-methodist,Geylang Methodist School (Primary),https://sgschooling.com/img/logo/geylang-methodist.jpg,Geylang,4 Geylang East Central S389706,389706,http://www.geylangmethodistpri.moe.edu.sg,,false,false,false,false,Geylang Methodist School (Secondary),Geylang Methodist School (Primary).jpg,https://www.moe.gov.sg/schoolfinder/schooldetail?schoolname=geylang-methodist-school-primary,"https://www.google.com/maps/place/Geylang+Methodist+School+(Primary)/@1.3181599,103.8812655,17z/data=!3m1!4b1!4m6!3m5!1s0x31da1824c0c00585:0x7d3b401c60687376!8m2!3d1.3181599!4d103.8838404!16s%2Fg%2F1td742j6?entry=ttu",,
58,58,gongshang,Gongshang Primary School,https://sgschooling.com/img/logo/gongshang.jpg,Tampines,1 Tampines Street 42 S529176,529176,http://www.gongshangpri.moe.edu.sg,40h,false,false,false,false,,Gongshang Primary School.jpg,https://www.moe.gov.sg/schoolfinder/schooldetail?schoolname=gongshang-primary-school,"https://www.google.com/maps/place/Gongshang+Primary+School/@1.3571755,103.9465917,17z/data=!3m2!4b1!5s0x31da3d05efcda88d:0x495aa16778ee0db1!4m6!3m5!1s0x31da3d058cff3975:0x86874fdcce63484!8m2!3d1.3571755!4d103.9491666!16zL20vMGRxbGc5?entry=ttu",28,3.89285714285714
59,59,greendale,Greendale Primary School,https://sgschooling.com/img/logo/greendale.jpg,Punggol,50 Edgedale Plains S828848,828848,http://www.greendalepri.moe.edu.sg,,false,false,false,false,,Greendale Primary School.jpg,https://www.moe.gov.sg/schoolfinder/schooldetail?schoolname=greendale-primary-school,"https://www.google.com/maps/place/Greendale+Primary+School/@1.3962652,103.9101475,17z/data=!3m1!4b1!4m6!3m5!1s0x31da17d0aae67213:0x83f68f9c36751b78!8m2!3d1.3962652!4d103.9127224!16s%2Fg%2F11rxp7n_pd?entry=ttu",9,3.33333333333333
60,60,greenridge,Greenridge Primary School,https://sgschooling.com/img/logo/greenridge.jpg,Bukit Panjang,11 Jelapang Road S677744,677744,http://www.greenridgepri.moe.edu.sg,,false,false,false,false,,Greenridge Primary School.jpg,https://www.moe.gov.sg/schoolfinder/schooldetail?schoolname=greenridge-primary-school,"https://www.google.com/maps/place/Greenridge+Primary+School/@1.3856591,103.7653552,17z/data=!3m1!4b1!4m6!3m5!1s0x31da119921eb7625:0x6641a55f5fa9e640!8m2!3d1.3856591!4d103.7679301!16s%2Fg%2F1td5z76d?entry=ttu",24,3.70833333333333
61,61,greenwood,Greenwood Primary School,https://sgschooling.com/img/logo/greenwood.jpg,Woodlands,11 Woodlands  Dr  62 S737942,737942,http://www.greenwoodpri.moe.edu.sg,,false,false,false,false,,Greenwood Primary School.jpg,https://www.moe.gov.sg/schoolfinder/schooldetail?schoolname=greenwood-primary-school,"https://www.google.com/maps/place/Greenwood+Primary+School/@1.4397028,103.802407,17z/data=!3m1!4b1!4m6!3m5!1s0x31da1376015e45c1:0x929d5623dac2f90a!8m2!3d1.4397028!4d103.8049819!16s%2Fg%2F1tq4nm2n?entry=ttu",34,4.20588235294118
62,62,guangyang,Guangyang Primary School,https://sgschooling.com/img/logo/guangyang.jpg,Bishan,6 Bishan Street 12 S579806,579806,,,false,false,false,false,,,,"https://www.google.com/maps/place/Guangyang+Primary+School/@1.345887,103.8467401,17z/data=!3m1!4b1!4m6!3m5!1s0x31da16de986537b3:0x63475f7a37d3a996!8m2!3d1.345887!4d103.849315!16s%2Fg%2F1tvyj85q?entry=ttu",23,4.04347826086957
63,63,haig-girls,Haig Girls' School,https://sgschooling.com/img/logo/haig-girls.jpg,Geylang,51 Koon Seng Road S427072,427072,http://www.haiggirls.moe.edu.sg,,false,false,true,false,,Haig Girls' School.jpg,https://www.moe.gov.sg/schoolfinder/schooldetail?schoolname=haig-girls-school,"https://www.google.com/maps/place/Haig+Girls'+School/@1.3120003,103.9000558,17z/data=!3m1!4b1!4m6!3m5!1s0x31da22ca96f20e65:0xe3354bb51af784fe!8m2!3d1.3120003!4d103.9026307!16s%2Fg%2F1tdfkspm?entry=ttu",21,4.38095238095238
64,64,holy-innocents,Holy Innocents' Primary School,https://sgschooling.com/img/logo/holy-innocents.jpg,Hougang,5 Lorong Low Koon S536451,536451,http://www.holyinnocentspri.moe.edu.sg/,40h,true,false,false,false,Holy Innocents’ High School,Holy Innocents' Primary School.jpg,https://www.moe.gov.sg/schoolfinder/schooldetail?schoolname=holy-innocents-primary-school,"https://www.google.com/maps/place/Holy+Innocents'+Primary+School/@1.3666609,103.8910804,17z/data=!3m2!4b1!5s0x31da1635b1961d45:0x3be304cb793773b6!4m6!3m5!1s0x31da16f03a28cf69:0xdbae917405d3ad4d!8m2!3d1.3666609!4d103.8936553!16s%2Fm%2F02qypv1?entry=ttu",15,4.73333333333333
65,65,hong-wen,Hong Wen School,https://sgschooling.com/img/logo/hong-wen.jpg,Kallang,30 Towner Road S327829,327829,http://www.hongwen.moe.edu.sg,40h,true,false,false,false,,Hong Wen School.jpg,https://www.moe.gov.sg/schoolfinder/schooldetail?schoolname=hong-wen-school,"https://www.google.com/maps/place/Hong+Wen+School/@1.3213838,103.854438,17z/data=!3m2!4b1!5s0x31da19d0b4a48b79:0xe5107b2bc25aa0d!4m6!3m5!1s0x31da19b68629b13f:0x20e01135588b9d46!8m2!3d1.3213838!4d103.8570129!16s%2Fg%2F11bwf91lxy?entry=ttu",24,4.75
66,66,horizon,Horizon Primary School,https://sgschooling.com/img/logo/horizon.jpg,Punggol,61 Edgedale Plains S828819,828819,http://www.horizonpri.moe.edu.sg,,false,false,false,false,,Horizon Primary School.jpg,https://www.moe.gov.sg/schoolfinder/schooldetail?schoolname=horizon-primary-school,"https://www.google.com/maps/place/Horizon+Primary+School/@1.3998175,103.9105553,17z/data=!3m1!4b1!4m6!3m5!1s0x31da16003fe3eb83:0xd7dfdd03955fe8bd!8m2!3d1.3998175!4d103.9131302!16s%2Fg%2F1td6cz_w?entry=ttu",29,3.86206896551724
67,67,hougang,Hougang Primary School,https://sgschooling.com/img/logo/hougang.jpg,Hougang,1 Hougang St 93 S534238,534238,http://www.hougangpri.moe.edu.sg/,,false,false,false,false,,Hougang Primary School.jpg,https://www.moe.gov.sg/schoolfinder/schooldetail?schoolname=hougang-primary-school,"https://www.google.com/maps/place/Hougang+Primary+School/@1.3781206,103.8786297,17z/data=!3m1!4b1!4m6!3m5!1s0x31da1644a2db98d3:0x2d070fd6ef8164e9!8m2!3d1.3781206!4d103.8812046!16s%2Fm%2F02q0qx0?entry=ttu",11,4
68,68,huamin,Huamin Primary School,https://sgschooling.com/img/logo/huamin.jpg,Yishun,21 Yishun Avenue 11 S768857,768857,http://www.huaminpri.moe.edu.sg,,false,false,false,false,,Huamin Primary School.jpg,https://www.moe.gov.sg/schoolfinder/schooldetail?schoolname=huamin-primary-school,"https://www.google.com/maps/place/Huamin+Primary+School/@1.427311,103.8417863,17z/data=!3m1!4b1!4m6!3m5!1s0x31da1469d72faf33:0x664384c30115e9ab!8m2!3d1.427311!4d103.8443612!16s%2Fg%2F1tdbz4jk?entry=ttu",29,4.13793103448276
69,69,innova,Innova Primary School,https://sgschooling.com/img/logo/innova.jpg,Woodlands,80 Woodlands Drive 17 S737888,737888,http://www.innovapri.moe.edu.sg/,,false,false,false,false,,Innova Primary School.jpg,https://www.moe.gov.sg/schoolfinder/schooldetail?schoolname=innova-primary-school,"https://www.google.com/maps/place/Innova+Primary+School/@1.4293039,103.7878521,17z/data=!3m2!4b1!5s0x31da13bb3ba532d7:0x406b41cd09c5be26!4m6!3m5!1s0x31da13bb3c84fcdd:0xf8633fad7e2d2e48!8m2!3d1.4293039!4d103.790427!16s%2Fg%2F1q6n2s9gd?entry=ttu",26,3.88461538461538
70,70,jiemin,Jiemin Primary School,https://sgschooling.com/img/logo/jiemin.jpg,Yishun,2 Yishun Street 71 S768515,768515,http://www.jieminpri.moe.edu.sg,,false,false,false,false,,Jiemin Primary School.jpg,https://www.moe.gov.sg/schoolfinder/schooldetail?schoolname=jiemin-primary-school,"https://www.google.com/maps/place/Jiemin+Primary+School/@1.427671,103.8279231,17z/data=!3m1!4b1!4m6!3m5!1s0x31da147053f8a921:0x49d1e0ee22bfff69!8m2!3d1.427671!4d103.830498!16s%2Fg%2F1tdg592t?entry=ttu",21,4.04761904761905
71,71,jing-shan,Jing Shan Primary School,https://sgschooling.com/img/logo/jing-shan.jpg,Ang Mo Kio,5 Ang Mo Kio St 52 S569228,569228,http://www.jingshanpri.moe.edu.sg,,false,false,false,false,,Jing Shan Primary School.jpg,https://www.moe.gov.sg/schoolfinder/schooldetail?schoolname=jing-shan-primary-school,"https://www.google.com/maps/place/Jing+Shan+Primary+School/@1.3723262,103.8491379,17z/data=!3m2!4b1!5s0x31da16e5a316a7b9:0x9627fffcada17b9b!4m6!3m5!1s0x31da16fa9df9185d:0xc9fad8f4eb9fc6f1!8m2!3d1.3723262!4d103.8517128!16s%2Fg%2F1td_2plt?entry=ttu",28,3.75
72,72,junyuan,Junyuan Primary School,https://sgschooling.com/img/logo/junyuan.jpg,Tampines,2 Tampines Street 91 S528906,528906,https://junyuanpri.moe.edu.sg,,false,false,false,false,,Junyuan Primary School.jpg,https://www.moe.gov.sg/schoolfinder/schooldetail?schoolname=junyuan-primary-school,"https://www.google.com/maps/place/Junyuan+Primary+School/@1.3479731,103.9374168,17z/data=!3m1!4b1!4m6!3m5!1s0x31da3d14ee960ac3:0x212d15b72926a1c9!8m2!3d1.3479731!4d103.9399917!16s%2Fg%2F1tlc5lnt?entry=ttu",13,4.76923076923077
73,73,jurong,Jurong Primary School,https://sgschooling.com/img/logo/jurong.jpg,Jurong East,320 Jurong East Street 32 S609476,609476,http://www.jurongpri.moe.edu.sg,,false,false,false,false,,Jurong Primary School.jpg,https://www.moe.gov.sg/schoolfinder/schooldetail?schoolname=jurong-primary-school,"https://www.google.com/maps/place/Jurong+Primary+School/@1.348679,103.7304171,17z/data=!3m2!4b1!5s0x31da10210bfcaae7:0xc6cf04098bb72c8b!4m6!3m5!1s0x31da1021a0688c77:0x8c2fa9470323fa89!8m2!3d1.348679!4d103.732992!16s%2Fg%2F11b5pht2m1?entry=ttu",21,3.9047619047619
74,74,jurong-west,Jurong West Primary School,https://sgschooling.com/img/logo/jurong-west.jpg,Jurong West,30 Jurong West St 61 S648368,648368,http://www.jurongwestpri.moe.edu.sg,,false,false,false,false,,Jurong West Primary School.jpg,https://www.moe.gov.sg/schoolfinder/schooldetail?schoolname=jurong-west-primary-school,"https://www.google.com/maps/place/Jurong+West+Primary+School/@1.3390605,103.6962749,17z/data=!3m2!4b1!5s0x31da0f9173dd4eab:0xe8e11b04a8bd5171!4m6!3m5!1s0x31da0f91715e1d91:0xfbacf61d67de1226!8m2!3d1.3390605!4d103.6988498!16s%2Fg%2F1tdy1_19?entry=ttu",17,3.76470588235294
75,75,juying,Juying Primary School,https://sgschooling.com/img/logo/juying.jpg,Jurong West,31 Jurong West Street 91 S649037,649037,,,false,false,false,false,,,,"https://www.google.com/maps/place/Pioneer+Primary+School/@1.33837,103.6854861,17z/data=!3m1!4b1!4m6!3m5!1s0x31da0f9c8df6f935:0x6751829c6765a69c!8m2!3d1.33837!4d103.688061!16s%2Fm%2F02qhhxh?entry=ttu",46,4.21739130434783
76,76,keming,Keming Primary School,https://sgschooling.com/img/logo/keming.jpg,Bukit Batok,90 Bukit Batok East Avenue 6 S659762,659762,http://www.kemingpri.moe.edu.sg,,false,false,false,false,,Keming Primary School.jpg,https://www.moe.gov.sg/schoolfinder/schooldetail?schoolname=keming-primary-school,"https://www.google.com/maps/place/Keming+Primary+School/@1.3453287,103.7538074,17z/data=!3m1!4b1!4m6!3m5!1s0x31da106a72d6dc4f:0x256b8c2868bd1f7a!8m2!3d1.3453287!4d103.7563823!16s%2Fg%2F1tsbjms6?entry=ttu",19,3.63157894736842
77,77,kheng-cheng,Kheng Cheng School,https://sgschooling.com/img/logo/kheng-cheng.jpg,Toa Payoh,15 Lorong 3 Toa Payoh S319580,319580,http://www.khengcheng.moe.edu.sg/,,false,false,false,false,,Kheng Cheng School.jpg,https://www.moe.gov.sg/schoolfinder/schooldetail?schoolname=kheng-cheng-school,"https://www.google.com/maps/place/Kheng+Cheng+School/@1.3376497,103.8452206,17z/data=!3m1!4b1!4m6!3m5!1s0x31da1768f95a87a7:0x22e1d3f25dab8af!8m2!3d1.3376497!4d103.8477955!16s%2Fg%2F1thcpv_f?entry=ttu",40,4.55
78,78,kong-hwa,Kong Hwa School,https://sgschooling.com/img/logo/kong-hwa.jpg,Geylang,350 Guillemard Road S399772,399772,http://www.konghwa.moe.edu.sg,"Singapore Hokkein Huay Kuan, 2y membership, 80h ",true,false,false,false,,Kong Hwa School.jpg,https://www.moe.gov.sg/schoolfinder/schooldetail?schoolname=kong-hwa-school,"https://www.google.com/maps/place/Kong+Hwa+School/@1.311089,103.8856024,17z/data=!3m1!4b1!4m6!3m5!1s0x31da183e6248f2c5:0x3250f7ae0f2d8c66!8m2!3d1.311089!4d103.8881773!16zL20vMGNzcTcy?entry=ttu",29,4.41379310344828
79,79,kranji,Kranji Primary School,https://sgschooling.com/img/logo/kranji.jpg,Choa Chu Kang,11 Choa Chu Kang Street 54 S689189,689189,http://kranjipri.moe.edu.sg,,false,false,false,false,,Kranji Primary School.jpg,https://www.moe.gov.sg/schoolfinder/schooldetail?schoolname=kranji-primary-school,"https://www.google.com/maps/place/Kranji+Primary+School/@1.3936035,103.7452291,17z/data=!3m1!4b1!4m6!3m5!1s0x31da11f23d2617e7:0xfc041c72059efb23!8m2!3d1.3936035!4d103.747804!16s%2Fg%2F1w0p348m?entry=ttu",28,4.53571428571429
80,80,kuo-chuan-presbyterian,Kuo Chuan Presbyterian Primary School,https://sgschooling.com/img/logo/kuo-chuan-presbyterian.jpg,Bishan,8 Bishan Street 13 S579793,579793,http://www.kuochuanpresbyterianpri.moe.edu.sg,,false,false,false,false,Kuo Chuan Presbyterian Secondary School,Kuo Chuan Presbyterian Primary School.jpg,https://www.moe.gov.sg/schoolfinder/schooldetail?schoolname=kuo-chuan-presbyterian-primary-school,"https://www.google.com/maps/place/Kuo+Chuan+Presbyterian+Primary+School/@1.3493915,103.852656,17z/data=!3m1!4b1!4m6!3m5!1s0x31da171c5c4bba31:0x9c895471db764f6!8m2!3d1.3493915!4d103.8552309!16s%2Fg%2F11sw4rjf6j?entry=ttu",4,3.75
81,81,lakeside,Lakeside Primary School,https://sgschooling.com/img/logo/lakeside.jpg,Jurong West,161 Corporation Walk S618310,618310,http://www.lakesidepri.moe.edu.sg/,,false,false,false,false,,Lakeside Primary School.jpg,https://www.moe.gov.sg/schoolfinder/schooldetail?schoolname=lakeside-primary-school,"https://www.google.com/maps/place/Lakeside+Primary+School/@1.3384657,103.7155726,17z/data=!3m2!4b1!5s0x31da0fe56fc1d9b1:0x6da69df0a67208fb!4m6!3m5!1s0x31da0fe57ab50757:0xd64b05e50228e75c!8m2!3d1.3384657!4d103.7181475!16s%2Fg%2F1tdjz30v?entry=ttu",24,3.54166666666667
82,82,lianhua,Lianhua Primary School,https://sgschooling.com/img/logo/lianhua.jpg,Bukit Batok,2 Bukit Batok Street 52 S659243,659243,http://www.lianhuapri.moe.edu.sg/,,false,false,false,false,,Lianhua Primary School.jpg,https://www.moe.gov.sg/schoolfinder/schooldetail?schoolname=lianhua-primary-school,"https://www.google.com/maps/place/Lianhua+Primary+School/@1.3536088,103.7518491,17z/data=!3m1!4b1!4m6!3m5!1s0x31da1047b1c7ee57:0x29f217f6cdda336f!8m2!3d1.3536088!4d103.754424!16s%2Fg%2F1td__zyv?entry=ttu",18,4.66666666666667
83,83,maha-bodhi,Maha Bodhi School,https://sgschooling.com/img/logo/maha-bodhi.jpg,Geylang,10 Ubi Avenue 1 S408931,408931,http://www.mahabodhi.moe.edu.sg/,,true,false,false,false,Manjusri Secondary School,Maha Bodhi School.jpg,https://www.moe.gov.sg/schoolfinder/schooldetail?schoolname=maha-bodhi-school,"https://www.google.com/maps/place/Maha+Bodhi+School/@1.3284131,103.8989714,17z/data=!3m2!4b1!5s0x31da17f77602fb09:0xd58f2c30a9734a75!4m6!3m5!1s0x31da17f77903db9d:0x610ce6fac79f05a5!8m2!3d1.3284131!4d103.9015463!16s%2Fg%2F1hf2nkg6y?entry=ttu",34,4.47058823529412
84,84,marsiling,Marsiling Primary School,https://sgschooling.com/img/logo/marsiling.jpg,Woodlands,31 Woodlands Centre Road S738927,738927,http://www.marsilingpri.moe.edu.sg,,false,false,false,false,,Marsiling Primary School.jpg,https://www.moe.gov.sg/schoolfinder/schooldetail?schoolname=marsiling-primary-school,"https://www.google.com/maps/place/Marsiling+Primary+School/@1.4338104,103.7710844,17z/data=!3m2!4b1!5s0x31da12536843ac1d:0xadee0afb08e85060!4m6!3m5!1s0x31da12536fac1fb3:0x4510936a88bd185d!8m2!3d1.4338104!4d103.7736593!16s%2Fm%2F02qlc5_?entry=ttu",15,4.33333333333333
85,85,marymount-convent,Marymount Convent School,https://sgschooling.com/img/logo/marymount-convent.jpg,Toa Payoh,20 Marymount Road S297754,297754,http://www.marymountconvent.moe.edu.sg,,false,false,true,false,,Marymount Convent School.jpg,https://www.moe.gov.sg/schoolfinder/schooldetail?schoolname=marymount-convent-school,"https://www.google.com/maps/place/Marymount+Convent+School/@1.3406106,103.8374405,17z/data=!3m2!4b1!5s0x31da1743e2f94537:0x12a39c756d15998a!4m6!3m5!1s0x31da174158928dab:0xf4229b24023577d5!8m2!3d1.3406106!4d103.8400154!16s%2Fg%2F1tnphj00?entry=ttu",23,4.60869565217391
86,86,mayflower,Mayflower Primary School,https://sgschooling.com/img/logo/mayflower.jpg,Ang Mo Kio,200 Ang Mo Kio Avenue 5 S569878,569878,http://www.mayflowerpri.moe.edu.sg,,false,false,false,false,,Mayflower Primary School.jpg,https://www.moe.gov.sg/schoolfinder/schooldetail?schoolname=mayflower-primary-school,"https://www.google.com/maps/place/Mayflower+Primary+School/@1.377183,103.840549,17z/data=!3m1!4b1!4m6!3m5!1s0x31da1767dfafc7b9:0x9e5613c5fc9144a7!8m2!3d1.377183!4d103.8431239!16s%2Fg%2F11fmmdtssw?entry=ttu",4,3.25
87,87,mee-toh,Mee Toh School,https://sgschooling.com/img/logo/mee-toh.jpg,Punggol,21 Edgedale Plains S828867,828867,http://www.meetoh.moe.edu.sg/,"60h, apply in Jul, drop in box at Main Gate during the 3 days! ",false,false,false,false,Manjusri Secondary School,Mee Toh School.jpg,https://www.moe.gov.sg/schoolfinder/schooldetail?schoolname=mee-toh-school,"https://www.google.com/maps/place/Mee+Toh+School/@1.3947729,103.9063584,17z/data=!3m1!4b1!4m6!3m5!1s0x31da160388b694bb:0x25133818ddaf7ca9!8m2!3d1.3947729!4d103.9089333!16s%2Fg%2F11c60m7j3w?entry=ttu",39,3.66666666666667
88,88,meridian,Meridian Primary School,https://sgschooling.com/img/logo/meridian.jpg,Pasir Ris,20 Pasir Ris St 71 S518798,518798,http://www.meridianpri.moe.edu.sg/,,false,false,false,false,,Meridian Primary School.jpg,https://www.moe.gov.sg/schoolfinder/schooldetail?schoolname=meridian-primary-school,"https://www.google.com/maps/place/Meridian+Primary+School/@1.376032,103.9324739,17z/data=!3m1!4b1!4m6!3m5!1s0x31da3d965a2a206d:0xfe181084d128ea8f!8m2!3d1.376032!4d103.9350488!16s%2Fg%2F11xfjyqrw?entry=ttu",25,4.12
89,89,methodist-girls,Methodist Girls' School (Primary),https://sgschooling.com/img/logo/methodist-girls.jpg,Bukit Timah,11 Blackmore Drive S599986,599986,https://www.mgs.moe.edu.sg/,"40h, apply in Apr",false,false,true,false,Methodist Girls’ School,Methodist Girls' School (Primary).jpg,https://www.moe.gov.sg/schoolfinder/schooldetail?schoolname=methodist-girls-school-primary,"https://www.google.com/maps/place/Methodist+Girls'+School/@1.3329949,103.7808781,17z/data=!3m1!4b1!4m6!3m5!1s0x31da1084446b721d:0xcbcfd322dea1c70f!8m2!3d1.3329949!4d103.783453!16s%2Fm%2F025s42m?entry=ttu",,
90,90,montfort-junior,Montfort Junior School,https://sgschooling.com/img/logo/montfort-junior.jpg,Hougang,52 Hougang Avenue 8 S538786,538786,http://www.montfortjunior.moe.edu.sg/,,false,true,false,false,Montfort Secondary School,Montfort Junior School.jpg,https://www.moe.gov.sg/schoolfinder/schooldetail?schoolname=montfort-junior-school,"https://www.google.com/maps/place/Montfort+Junior+School/@1.3739296,103.8869056,17z/data=!3m1!4b1!4m6!3m5!1s0x31da1647af1c9869:0x527cc4a228af8b96!8m2!3d1.3739296!4d103.8894805!16s%2Fg%2F1tkngzjc?entry=ttu",25,3.92
91,91,nan-chiau,Nan Chiau Primary School,https://sgschooling.com/img/logo/nan-chiau.jpg,Sengkang,50 Anchorvale Link S545080,545080,http://www.ncps.moe.edu.sg,"Singapore Hokkein Huay Kuan, 2y membership, 80h ",false,false,false,false,,Nan Chiau Primary School.jpg,https://www.moe.gov.sg/schoolfinder/schooldetail?schoolname=nan-chiau-primary-school,"https://www.google.com/maps/place/Nan+Chiau+Primary+School/@1.3926238,103.8878531,17z/data=!3m1!4b1!4m6!3m5!1s0x31da1672aa3d03b7:0x61801319b3a881a3!8m2!3d1.3926238!4d103.890428!16s%2Fg%2F11bc5lh1xz?entry=ttu",41,4.36585365853659
92,92,naval-base,Naval Base Primary School,https://sgschooling.com/img/logo/naval-base.jpg,Yishun,7 Yishun Ave 4 S769028,769028,http://www.navalbasepri.moe.edu.sg/,,false,false,false,false,,Naval Base Primary School.jpg,https://www.moe.gov.sg/schoolfinder/schooldetail?schoolname=naval-base-primary-school,"https://www.google.com/maps/place/Naval+Base+Primary+School/@1.4160913,103.8363419,17z/data=!3m1!4b1!4m6!3m5!1s0x31da1413f86cca47:0x901b532e5573151b!8m2!3d1.4160913!4d103.8389168!16s%2Fg%2F1tt1q66v?entry=ttu",14,4.28571428571429
93,93,new-town,New Town Primary School,https://sgschooling.com/img/logo/new-town.jpg,Queenstown,300 Tanglin Halt Road S148812,148812,http://www.newtownpri.moe.edu.sg/,,false,false,false,false,,New Town Primary School.jpg,https://www.moe.gov.sg/schoolfinder/schooldetail?schoolname=new-town-primary-school,"https://www.google.com/maps/place/New+Town+Primary+School/@1.2999918,103.7974995,17z/data=!3m1!4b1!4m6!3m5!1s0x100404106a3c2393:0x3596f5bd555126fe!8m2!3d1.2999918!4d103.8000744!16s%2Fg%2F1jkytq1h5?entry=ttu",27,4.07407407407407
94,94,ngee-ann,Ngee Ann Primary School,https://sgschooling.com/img/logo/ngee-ann.jpg,Marine Parade,344 Marine Terrace S449149,449149,http://www.ngeeannpri.moe.edu.sg,,false,false,false,false,Ngee Ann Secondary School,Ngee Ann Primary School.jpg,https://www.moe.gov.sg/schoolfinder/schooldetail?schoolname=ngee-ann-primary-school,"https://www.google.com/maps/place/Ngee+Ann+Primary+School/@1.3056219,103.9154305,17z/data=!3m1!4b1!4m6!3m5!1s0x31da229f0e614479:0xa946597ddf3ede48!8m2!3d1.3056219!4d103.9180054!16s%2Fm%2F02qy3gc?entry=ttu",31,4.41935483870968
95,95,north-spring,North Spring Primary School,https://sgschooling.com/img/logo/north-spring.jpg,Sengkang,1 Rivervale Street S545088,545088,http://www.northspringpri.moe.edu.sg,,false,false,false,false,,North Spring Primary School.jpg,https://www.moe.gov.sg/schoolfinder/schooldetail?schoolname=north-spring-primary-school,"https://www.google.com/maps/place/North+Spring+Primary+School/@1.3872399,103.9010236,17z/data=!3m1!4b1!4m6!3m5!1s0x31da161a1addb1bd:0x2c04f280c095f023!8m2!3d1.3872399!4d103.9035985!16s%2Fg%2F1tfjsswl?entry=ttu",22,3.95454545454545
96,96,north-view,North View Primary School,https://sgschooling.com/img/logo/north-view.jpg,Yishun,210 Yishun Avenue 6 S768960,768960,http://www.northviewpri.moe.edu.sg,,false,false,false,false,,North View Primary School.jpg,https://www.moe.gov.sg/schoolfinder/schooldetail?schoolname=north-view-primary-school,"https://www.google.com/maps/place/North+View+Primary+School/@1.427616,103.8457381,17z/data=!3m2!4b1!5s0x31da1443bbc90aa1:0xb77692970d4f92a5!4m6!3m5!1s0x31da14430f46f1c7:0x773e384ba3d1a79f!8m2!3d1.427616!4d103.848313!16s%2Fg%2F1t_kd0h5?entry=ttu",15,4.4
97,97,north-vista,North Vista Primary School,https://sgschooling.com/img/logo/north-vista.jpg,Sengkang,20 Compassvale Link S544974,544974,http://www.northvistapri.moe.edu.sg,,false,false,false,false,,North Vista Primary School.jpg,https://www.moe.gov.sg/schoolfinder/schooldetail?schoolname=north-vista-primary-school,"https://www.google.com/maps/place/North+Vista+Primary+School/@1.3829142,103.8932382,17z/data=!3m2!4b1!5s0x31da1615f1869fef:0x909fca05ff92e21e!4m6!3m5!1s0x31da1615f5b9f83d:0xd51a058e2b0f49d7!8m2!3d1.3829142!4d103.8958131!16s%2Fg%2F1tj86ywk?entry=ttu",29,4.27586206896552
98,98,northland,Northland Primary School,https://sgschooling.com/img/logo/northland.jpg,Yishun,15 Yishun Avenue 4 S769026,769026,http://www.northlandpri.moe.edu.sg,"70h, apply in Mar",false,false,false,false,,Northland Primary School.jpg,https://www.moe.gov.sg/schoolfinder/schooldetail?schoolname=northland-primary-school,"https://www.google.com/maps/place/Northland+Primary+School/@1.4210098,103.8379812,17z/data=!3m1!4b1!4m6!3m5!1s0x31da146b300fc42d:0x754f357b1e402811!8m2!3d1.4210098!4d103.8405561!16s%2Fm%2F0263xv6?entry=ttu",20,4.9
99,99,northoaks,Northoaks Primary School,https://sgschooling.com/img/logo/northoaks.jpg,Sembawang,61 Sembawang Drive S757622,757622,http://www.northoakspri.moe.edu.sg,,false,false,false,false,,Northoaks Primary School.jpg,https://www.moe.gov.sg/schoolfinder/schooldetail?schoolname=northoaks-primary-school,"https://www.google.com/maps/place/Northoaks+Primary+School/@1.4569403,103.8111335,17z/data=!3m1!4b1!4m6!3m5!1s0x31da13671672ecbd:0x98a373879a8947a0!8m2!3d1.4569403!4d103.8137084!16s%2Fg%2F11bbrpw_q3?entry=ttu",19,4.47368421052632
100,100,oasis,Oasis Primary School,https://sgschooling.com/img/logo/oasis.jpg,Punggol,71 Edgefield Plains S828716,828716,http://www.oasispri.moe.edu.sg/,,false,false,false,false,,Oasis Primary School.jpg,https://www.moe.gov.sg/schoolfinder/schooldetail?schoolname=oasis-primary-school,"https://www.google.com/maps/place/Oasis+Primary+School/@1.404285,103.9083912,17z/data=!3m1!4b1!4m6!3m5!1s0x31da15fedda64d61:0x609377487266e96a!8m2!3d1.404285!4d103.9109661!16s%2Fg%2F11ddzcv8wg?entry=ttu",25,3.76
101,101,opera-estate,Opera Estate Primary School,https://sgschooling.com/img/logo/opera-estate.jpg,Bedok,48 Fidelio Street S458436,458436,http://www.operaestatepri.moe.edu.sg,,false,false,false,false,,Opera Estate Primary School.jpg,https://www.moe.gov.sg/schoolfinder/schooldetail?schoolname=opera-estate-primary-school,"https://www.google.com/maps/place/Opera+Estate+Primary+School/@1.3193914,103.9210004,17z/data=!3m1!4b1!4m6!3m5!1s0x31da22ae468480b1:0x9836f6da878ade15!8m2!3d1.3193914!4d103.9235753!16s%2Fg%2F1tj4w6vz?entry=ttu",21,4.66666666666667
102,102,palm-view,Palm View Primary School,https://sgschooling.com/img/logo/palm-view.jpg,Sengkang,150 Compassvale Bow S544822,544822,http://www.palmviewpri.moe.edu.sg,,false,false,false,false,,Palm View Primary School.jpg,https://www.moe.gov.sg/schoolfinder/schooldetail?schoolname=palm-view-primary-school,"https://www.google.com/maps/place/Palm+View+Primary+School/@1.3841217,103.8882201,17z/data=!3m1!4b1!4m6!3m5!1s0x31da166ac6481c19:0x7fc577de8e740324!8m2!3d1.3841217!4d103.890795!16s%2Fg%2F11b63454l9?entry=ttu",25,4.12
103,103,park-view,Park View Primary School,https://sgschooling.com/img/logo/park-view.jpg,Pasir Ris,60 Pasir Ris Drive 1 S519524,519524,http://www.parkviewpri.moe.edu.sg,,false,false,false,false,,Park View Primary School.jpg,https://www.moe.gov.sg/schoolfinder/schooldetail?schoolname=park-view-primary-school,"https://www.google.com/maps/place/Park+View+Primary+School/@1.3775806,103.9369612,17z/data=!3m1!4b1!4m6!3m5!1s0x31da3dbe715b2693:0x3c69d99c61a1496a!8m2!3d1.3775806!4d103.9395361!16s%2Fg%2F11bc6d08yw?entry=ttu",23,4.52173913043478
104,104,nanyang,Nanyang Primary School,https://sgschooling.com/img/logo/nanyang.jpg,Bukit Timah,52 King’s Road S268097,268097,http://www.nyps.moe.edu.sg,"80h, requires CV & interview",true,false,false,true,Nanyang Girls’ High School,Nanyang Primary School.jpg,https://www.moe.gov.sg/schoolfinder/schooldetail?schoolname=nanyang-primary-school,"https://www.google.com/maps/place/Nanyang+Primary+School/@1.3205401,103.8059451,17z/data=!3m2!4b1!5s0x31da1a0f18106a47:0x1a512e0132cac74d!4m6!3m5!1s0x31da1a0ec498cfa9:0xe9db109d09c11267!8m2!3d1.3205401!4d103.80852!16zL20vMDh0bXl3?entry=ttu",45,3.88888888888889
105,105,maris-stella-high,Maris Stella High School (Primary Section),https://sgschooling.com/img/logo/maris-stella-high.jpg,Toa Payoh,25 Mount Vernon Road S368051,368051,http://www.marisstellahigh.moe.edu.sg,,true,true,false,false,Maris Stella High School,Maris Stella High School (Primary Section).jpg,https://www.moe.gov.sg/schoolfinder/schooldetail?schoolname=maris-stella-high-school-primary-section,"https://www.google.com/maps/place/Maris+Stella+High+School/@1.3411414,103.8750905,17z/data=!3m1!4b1!4m6!3m5!1s0x31da1799b8594f4d:0x269ca57c0fa99eba!8m2!3d1.3411414!4d103.8776654!16zL20vMDk4eTJk?entry=ttu",47,3.70212765957447
106,106,pasir-ris,Pasir Ris Primary School,https://sgschooling.com/img/logo/pasir-ris.jpg,Pasir Ris,5 Pasir Ris Street 21 S518968,518968,http://www.pasirrispri.moe.edu.sg,40h,false,false,false,false,,Pasir Ris Primary School.jpg,https://www.moe.gov.sg/schoolfinder/schooldetail?schoolname=pasir-ris-primary-school,"https://www.google.com/maps/place/Pasir+Ris+Primary+School/@1.372403,103.9603917,17z/data=!3m2!4b1!5s0x31da3c5306cbcce5:0x1fa9df05afa8668e!4m6!3m5!1s0x31da3c4d7d6b04dd:0x3363801375ca31d0!8m2!3d1.372403!4d103.9629666!16s%2Fg%2F1tdy6l8v?entry=ttu",14,4.35714285714286
107,107,paya-lebar-methodist-girls,Paya Lebar Methodist Girls' School (Primary),https://sgschooling.com/img/logo/paya-lebar-methodist-girls.jpg,Hougang,298 Lorong Ah Soo S536741,536741,http://www.payalebarmethodistgirlspri.moe.edu.sg/,,false,false,true,false,Paya Lebar Methodist Girls’ School (Secondary),Paya Lebar Methodist Girls' School (Primary).jpg,https://www.moe.gov.sg/schoolfinder/schooldetail?schoolname=paya-lebar-methodist-girls-school-primary,"https://www.google.com/maps/place/Paya+Lebar+Methodist+Girls'+School+(Primary)/@1.3504619,103.8826446,17z/data=!3m1!4b1!4m6!3m5!1s0x31da17bbde199c45:0x29d25692c3a5bf9b!8m2!3d1.3504619!4d103.8852195!16s%2Fm%2F02ptv17?entry=ttu",,
108,108,pei-chun-public,Pei Chun Public School,https://sgschooling.com/img/logo/pei-chun-public.jpg,Toa Payoh,16 Lorong 7 Toa Payoh S319320,319320,http://www.peichunpublic.moe.edu.sg,,true,false,false,false,,Pei Chun Public School.jpg,https://www.moe.gov.sg/schoolfinder/schooldetail?schoolname=pei-chun-public-school,"https://www.google.com/maps/place/Pei+Chun+Public+School/@1.3371187,103.8532288,17z/data=!3m1!4b1!4m6!3m5!1s0x31da176fb83fafff:0xb632fbeea24757ca!8m2!3d1.3371187!4d103.8558037!16zL20vMDl4bTMz?entry=ttu",33,3.84848484848485
109,109,pei-hwa-presbyterian,Pei Hwa Presbyterian Primary School,https://sgschooling.com/img/logo/pei-hwa-presbyterian.jpg,Bukit Timah,7 Pei Wah Avenue S597610,597610,http://www.peihwapresbyterianpri.moe.edu.sg/,40h,true,false,false,false,,Pei Hwa Presbyterian Primary School.jpg,https://www.moe.gov.sg/schoolfinder/schooldetail?schoolname=pei-hwa-presbyterian-primary-school,"https://www.google.com/maps/place/Pei+Hwa+Presbyterian+Primary+School/@1.338081,103.7735551,17z/data=!3m1!4b1!4m6!3m5!1s0x31da1088306aae8b:0x8903d800eaa09150!8m2!3d1.338081!4d103.77613!16s%2Fg%2F11xfpqmdf?entry=ttu",21,4.76190476190476
110,110,pei-tong,Pei Tong Primary School,https://sgschooling.com/img/logo/pei-tong.jpg,Clementi,15 Clementi Avenue 5 S129857,129857,http://www.peitongpri.moe.edu.sg/,,false,false,false,false,,Pei Tong Primary School.jpg,https://www.moe.gov.sg/schoolfinder/schooldetail?schoolname=pei-tong-primary-school,"https://www.google.com/maps/place/Pei+Tong+Primary+School/@1.3161197,103.7650157,17z/data=!3m2!4b1!5s0x31da1a8f14b42b0f:0x1ccdf97e899915ee!4m6!3m5!1s0x31da1a84b222873d:0xccb2a0c9cb175334!8m2!3d1.3161197!4d103.7675906!16s%2Fm%2F02vk93p?entry=ttu",35,4.28571428571429
111,111,peiying,Peiying Primary School,https://sgschooling.com/img/logo/peiying.jpg,Yishun,651 Yishun Ring Road S768687,768687,http://www.peiyingpri.moe.edu.sg,,false,false,false,false,,Peiying Primary School.jpg,https://www.moe.gov.sg/schoolfinder/schooldetail?schoolname=peiying-primary-school,"https://www.google.com/maps/place/Peiying+Primary+School/@1.4175241,103.8276929,17z/data=!3m2!4b1!5s0x31da140c4d409c53:0x8646ed044559e371!4m6!3m5!1s0x31da140dad8c62d7:0xae07cc31ac4e7a9a!8m2!3d1.4175241!4d103.8302678!16s%2Fm%2F03bxpb5?entry=ttu",25,4.6
112,112,pioneer,Pioneer Primary School,https://sgschooling.com/img/logo/pioneer.jpg,Jurong West,31 Jurong West Street 91 S649037,649037,http://www.pioneerpri.moe.edu.sg,,false,false,false,false,,Pioneer Primary School.jpg,https://www.moe.gov.sg/schoolfinder/schooldetail?schoolname=pioneer-primary-school,"https://www.google.com/maps/place/Pioneer+Primary+School/@1.33837,103.6854861,17z/data=!3m1!4b1!4m6!3m5!1s0x31da0f9c8df6f935:0x6751829c6765a69c!8m2!3d1.33837!4d103.688061!16s%2Fm%2F02qhhxh?entry=ttu",46,4.21739130434783
113,113,poi-ching,Poi Ching School,https://sgschooling.com/img/logo/poi-ching.jpg,Tampines,21 Tampines Street 71 S529067,529067,http://www.poiching.moe.edu.sg,40h,true,false,false,false,,Poi Ching School.jpg,https://www.moe.gov.sg/schoolfinder/schooldetail?schoolname=poi-ching-school,"https://www.google.com/maps/place/Poi+Ching+School/@1.3579299,103.9330818,17z/data=!3m1!4b1!4m6!3m5!1s0x31da3d736d53b5bd:0xb59da1bf325475c0!8m2!3d1.3579299!4d103.9356567!16s%2Fg%2F1tfflwjr?entry=ttu",24,4.70833333333333
114,114,princess-elizabeth,Princess Elizabeth Primary School,https://sgschooling.com/img/logo/princess-elizabeth.jpg,Bukit Batok,30 Bukit Batok West Avenue 3 S659163,659163,http://www.princesselizabethpri.moe.edu.sg,,false,false,false,false,,Princess Elizabeth Primary School.jpg,https://www.moe.gov.sg/schoolfinder/schooldetail?schoolname=princess-elizabeth-primary-school,"https://www.google.com/maps/place/Princess+Elizabeth+Primary+School/@1.3494947,103.7384266,17z/data=!3m1!4b1!4m6!3m5!1s0x31da103ccafabf5d:0xbc169e3a38f32219!8m2!3d1.3494947!4d103.7410015!16s%2Fg%2F1td2ddsn?entry=ttu",24,3.33333333333333
115,115,punggol-cove,Punggol Cove Primary School,https://sgschooling.com/img/logo/punggol-cove.jpg,Punggol,52 Sumang Walk S828674,828674,https://punggolcovepri.moe.edu.sg/,,false,false,false,false,,Punggol Cove Primary School.jpg,https://www.moe.gov.sg/schoolfinder/schooldetail?schoolname=punggol-cove-primary-school,"https://www.google.com/maps/place/Punggol+Cove+Primary+School/@1.4116904,103.8960351,17z/data=!3m1!4b1!4m6!3m5!1s0x31da15e60a1cc603:0x98b0e551b81e6ba8!8m2!3d1.4116904!4d103.89861!16s%2Fg%2F11bv18ndr7?entry=ttu",18,3.05555555555556
116,116,punggol-green,Punggol Green Primary School,https://sgschooling.com/img/logo/punggol-green.jpg,Punggol,98 Punggol Walk S828772,828772,http://www.punggolgreenpri.moe.edu.sg,,false,false,false,false,,Punggol Green Primary School.jpg,https://www.moe.gov.sg/schoolfinder/schooldetail?schoolname=punggol-green-primary-school,"https://www.google.com/maps/place/Punggol+Green+Primary+School/@1.4019222,103.8962523,17z/data=!3m1!4b1!4m6!3m5!1s0x31da15e275de5271:0x8d4b3e9e3dd877bd!8m2!3d1.4019222!4d103.8988272!16s%2Fg%2F1q64rltty?entry=ttu",20,4.45
117,117,punggol,Punggol Primary School,https://sgschooling.com/img/logo/punggol.jpg,Hougang,61 Hougang Avenue 8 S538787,538787,http://www.punggolpri.moe.edu.sg/,,false,false,false,false,,Punggol Primary School.jpg,https://www.moe.gov.sg/schoolfinder/schooldetail?schoolname=punggol-primary-school,"https://www.google.com/maps/place/Punggol+Primary+School/@1.3770245,103.8920543,17z/data=!3m1!4b1!4m6!3m5!1s0x31da16392d160333:0xbf035ed536166b93!8m2!3d1.3770245!4d103.8946292!16s%2Fg%2F1v9l8876?entry=ttu",34,3.88235294117647
118,118,punggol-view,Punggol View Primary School,https://sgschooling.com/img/logo/punggol-view.jpg,Punggol,9 Punggol Place S828845,828845,http://www.punggolviewpri.moe.edu.sg,,false,false,false,false,,Punggol View Primary School.jpg,https://www.moe.gov.sg/schoolfinder/schooldetail?schoolname=punggol-view-primary-school,"https://www.google.com/maps/place/Punggol+View+Primary+School/@1.4052688,103.9026138,17z/data=!3m1!4b1!4m6!3m5!1s0x31da15fc8f489f53:0x96529c5623132e2a!8m2!3d1.4052688!4d103.9051887!16s%2Fg%2F1yh9ncjk6?entry=ttu",24,4.08333333333333
119,119,qifa,Qifa Primary School,https://sgschooling.com/img/logo/qifa.jpg,Clementi,50 West Coast Avenue S128104,128104,http://www.qifapri.moe.edu.sg,,false,false,false,false,,Qifa Primary School.jpg,https://www.moe.gov.sg/schoolfinder/schooldetail?schoolname=qifa-primary-school,"https://www.google.com/maps/place/Qifa+Primary+School/@1.3128971,103.7543419,17z/data=!3m1!4b1!4m6!3m5!1s0x31da1a941c7ec2f3:0x2f970a95d7303885!8m2!3d1.3128971!4d103.7569168!16s%2Fm%2F0411rl5?entry=ttu",31,4.61290322580645
120,120,qihua,Qihua Primary School,https://sgschooling.com/img/logo/qihua.jpg,Woodlands,5 Woodlands Street 81 S738525,738525,http://www.qihuapri.moe.edu.sg,,false,false,false,false,,Qihua Primary School.jpg,https://www.moe.gov.sg/schoolfinder/schooldetail?schoolname=qihua-primary-school,"https://www.google.com/maps/place/Qihua+Primary+School/@1.4421018,103.7858982,17z/data=!3m2!4b1!5s0x31da13088b512ecb:0xeb88d88ee0a07f80!4m6!3m5!1s0x31da1311953f3081:0x94a340da7c78cb77!8m2!3d1.4421018!4d103.7884731!16s%2Fg%2F11j2g680kx?entry=ttu",18,4.16666666666667
121,121,queenstown,Queenstown Primary School,https://sgschooling.com/img/logo/queenstown.jpg,Queenstown,310 Margaret Dr S149303,149303,http://www.queenstownpri.moe.edu.sg,,false,false,false,false,,Queenstown Primary School.jpg,https://www.moe.gov.sg/schoolfinder/schooldetail?schoolname=queenstown-primary-school,"https://www.google.com/maps/place/Queenstown+Primary+School/@1.2962213,103.8053875,17z/data=!3m1!4b1!4m6!3m5!1s0x31da1a31b2eb9e1d:0xd9103c2bae1c693!8m2!3d1.2962213!4d103.8079624!16s%2Fg%2F11c5540j_v?entry=ttu",10,4.2
122,122,radin-mas,Radin Mas Primary School,https://sgschooling.com/img/logo/radin-mas.jpg,Bukit Merah,1 Bukit Purmei Avenue S099840,99840,http://www.radinmasps.moe.edu.sg,,false,false,false,false,,Radin Mas Primary School.jpg,https://www.moe.gov.sg/schoolfinder/schooldetail?schoolname=radin-mas-primary-school,"https://www.google.com/maps/place/Radin+Mas+Primary+School/@1.2750693,103.821305,17z/data=!3m1!4b1!4m6!3m5!1s0x31da1966a9604079:0x26f670625a9f13e1!8m2!3d1.2750693!4d103.8238799!16s%2Fg%2F1hdzl21b9?entry=ttu",20,4.8
123,123,red-swastika,Red Swastika School,https://sgschooling.com/img/logo/red-swastika.jpg,Bedok,350 Bedok North Avenue 3 S469719,469719,http://www.redswastika.moe.edu.sg,40h,true,false,false,false,,Red Swastika School.jpg,https://www.moe.gov.sg/schoolfinder/schooldetail?schoolname=red-swastika-school,"https://www.google.com/maps/place/Red+Swastika+School/@1.3331408,103.9316238,17z/data=!3m2!4b1!5s0x31da3d48f9b2e091:0x654832df87c16d4e!4m6!3m5!1s0x31da3d48f8bebd9f:0x9899a60415e04d55!8m2!3d1.3331408!4d103.9341987!16zL20vMGZ6eHRt?entry=ttu",27,4.25925925925926
124,124,river-valley,River Valley Primary School,https://sgschooling.com/img/logo/river-valley.jpg,Central,2 River Valley Green S237993,237993,http://www.rivervalleypri.moe.edu.sg,,false,false,false,false,,River Valley Primary School.jpg,https://www.moe.gov.sg/schoolfinder/schooldetail?schoolname=river-valley-primary-school,"https://www.google.com/maps/place/River+Valley+Primary+School/@1.2938838,103.8338145,17z/data=!3m2!4b1!5s0x31da199c7fb79d89:0x64d4075c5ad4b29!4m6!3m5!1s0x31da199b7f384537:0x6baf6e972d72c2bc!8m2!3d1.2938838!4d103.8363894!16zL20vMGM4cDhx?entry=ttu",25,4.16
125,125,riverside,Riverside Primary School,https://sgschooling.com/img/logo/riverside.jpg,Woodlands,110 Woodlands Crescent S737803,737803,http://www.riversidepri.moe.edu.sg,40h,false,false,false,false,,Riverside Primary School.jpg,https://www.moe.gov.sg/schoolfinder/schooldetail?schoolname=riverside-primary-school,"https://www.google.com/maps/place/Riverside+Primary+School/@1.4468546,103.7990173,17z/data=!3m1!4b1!4m6!3m5!1s0x31da13725f4bf189:0xcb9e67b3aa691510!8m2!3d1.4468546!4d103.8015922!16s%2Fg%2F11bbrj9zn1?entry=ttu",13,5
126,126,rivervale,Rivervale Primary School,https://sgschooling.com/img/logo/rivervale.jpg,Sengkang,80 Rivervale Drive S545092,545092,http://www.rivervalepri.moe.edu.sg/,,false,false,false,false,,Rivervale Primary School.jpg,https://www.moe.gov.sg/schoolfinder/schooldetail?schoolname=rivervale-primary-school,"https://www.google.com/maps/place/Rivervale+Primary+School/@1.3932451,103.901824,17z/data=!3m1!4b1!4m6!3m5!1s0x31da16050e51589d:0xca960026846e6cce!8m2!3d1.3932451!4d103.9043989!16s%2Fg%2F1tdkjqvz?entry=ttu",31,2.80645161290323
127,127,rulang,Rulang Primary School,https://sgschooling.com/img/logo/rulang.jpg,Jurong West,6 Jurong West Street 52 S649295,649295,http://www.rulangpri.moe.edu.sg/,Email the school,false,false,false,false,,Rulang Primary School.jpg,https://www.moe.gov.sg/schoolfinder/schooldetail?schoolname=rulang-primary-school,"https://www.google.com/maps/place/Rulang+Primary+School/@1.34694,103.7163851,17z/data=!3m2!4b1!5s0x31da0fdd69e2c78b:0xd5a9ab0b78b2f811!4m6!3m5!1s0x31da0fdd40bd56fd:0x17bdd47526011a75!8m2!3d1.34694!4d103.71896!16s%2Fm%2F02qzf3b?entry=ttu",41,4.4390243902439
128,128,sembawang,Sembawang Primary School,https://sgschooling.com/img/logo/sembawang.jpg,Sembawang,10 Sembawang Drive S757715,757715,http://www.sembawangpri.moe.edu.sg,,false,false,false,false,,Sembawang Primary School.jpg,https://www.moe.gov.sg/schoolfinder/schooldetail?schoolname=sembawang-primary-school,"https://www.google.com/maps/place/Sembawang+Primary+School/@1.4454114,103.8184172,17z/data=!3m1!4b1!4m6!3m5!1s0x31da136772c24f05:0x7bb65889e833f782!8m2!3d1.4454114!4d103.8209921!16s%2Fg%2F1hg4w34hr?entry=ttu",22,4.18181818181818
129,129,seng-kang,Seng Kang Primary School,https://sgschooling.com/img/logo/seng-kang.jpg,Sengkang,21 Compassvale Walk S545166,545166,http://www.sengkangpri.moe.edu.sg/,,false,false,false,false,,Seng Kang Primary School.jpg,https://www.moe.gov.sg/schoolfinder/schooldetail?schoolname=seng-kang-primary-school,"https://www.google.com/maps/place/Seng+Kang+Primary+School/@1.3895803,103.8970782,17z/data=!3m1!4b1!4m6!3m5!1s0x31da16110e372591:0x8f86168a91d49bc9!8m2!3d1.3895803!4d103.8996531!16zL20vMDY2dnhx?entry=ttu",26,3.92307692307692
130,130,sengkang-green,Sengkang Green Primary School,https://sgschooling.com/img/logo/sengkang-green.jpg,Sengkang,15 Fernvale Road S797636,797636,https://sengkanggreenpri.moe.edu.sg/,,false,false,false,false,,Sengkang Green Primary School.jpg,https://www.moe.gov.sg/schoolfinder/schooldetail?schoolname=sengkang-green-primary-school,"https://www.google.com/maps/place/Sengkang+Green+Primary+School/@1.3928321,103.8728995,17z/data=!3m1!4b1!4m6!3m5!1s0x31da167b487f1947:0xe74f99d81c987b7!8m2!3d1.3928321!4d103.8754744!16s%2Fg%2F11bbrj2bl5?entry=ttu",28,3.96428571428571
131,131,shuqun,Shuqun Primary School,https://sgschooling.com/img/logo/shuqun.jpg,Jurong West,8 Jurong West Street 51 S649332,649332,http://www.shuqunpri.moe.edu.sg,,false,false,false,false,,Shuqun Primary School.jpg,https://www.moe.gov.sg/schoolfinder/schooldetail?schoolname=shuqun-primary-school,"https://www.google.com/maps/place/Shuqun+Primary+School/@1.347546,103.7189768,17z/data=!3m1!4b1!4m6!3m5!1s0x31da0fdd96a6a9ab:0x6525a38552c59d25!8m2!3d1.347546!4d103.7215517!16s%2Fm%2F02z5dvx?entry=ttu",36,4
132,132,si-ling,Si Ling Primary School,https://sgschooling.com/img/logo/si-ling.jpg,Woodlands,61 Woodlands Avenue 1 S739067,739067,http://www.silingpri.moe.edu.sg,,false,false,false,false,,Si Ling Primary School.jpg,https://www.moe.gov.sg/schoolfinder/schooldetail?schoolname=si-ling-primary-school,"https://www.google.com/maps/place/Si+Ling+Primary+School/@1.432693,103.7831951,17z/data=!3m2!4b1!5s0x31da13af76bec563:0xb6f3dde83283f2de!4m6!3m5!1s0x31da13af6fffffff:0xd91776ab1d4e044a!8m2!3d1.432693!4d103.78577!16s%2Fg%2F1tp24snk?entry=ttu",23,4.73913043478261
133,133,singapore-chinese-girls,Singapore Chinese Girls' Primary School,https://sgschooling.com/img/logo/singapore-chinese-girls.jpg,Novena,190 Dunearn Road S309437,309437,http://www.scgs.moe.edu.sg,40h,false,false,true,false,Singapore Chinese Girls’ School,Singapore Chinese Girls' Primary School.jpg,https://www.moe.gov.sg/schoolfinder/schooldetail?schoolname=singapore-chinese-girls-primary-school,"https://www.google.com/maps/place/Singapore+Chinese+Girls'+School/@1.3212977,103.8263011,17z/data=!3m2!4b1!5s0x31da19fbedb146c3:0x7a458be1355c5676!4m6!3m5!1s0x31da19fbbc87694d:0xfa63003ee7a90291!8m2!3d1.3212977!4d103.828876!16zL20vMDdoaDQz?entry=ttu",30,3.53333333333333
134,134,south-view,South View Primary School,https://sgschooling.com/img/logo/south-view.jpg,Choa Chu Kang,6 Choa Chu Kang Central S689762,689762,http://www.southviewpri.moe.edu.sg,,false,false,false,false,,South View Primary School.jpg,https://www.moe.gov.sg/schoolfinder/schooldetail?schoolname=south-view-primary-school,"https://www.google.com/maps/place/South+View+Primary+School/@1.381324,103.7445702,17z/data=!3m1!4b1!4m6!3m5!1s0x31da11c18f5d9df1:0xb3b685f587791a28!8m2!3d1.381324!4d103.7471451!16s%2Fm%2F03hp8t8?entry=ttu",30,3.9
135,135,springdale,Springdale Primary School,https://sgschooling.com/img/logo/springdale.jpg,Sengkang,71 Anchorvale Link S544799,544799,http://springdalepri.moe.edu.sg/,40h,false,false,false,false,,Springdale Primary School.jpg,https://www.moe.gov.sg/schoolfinder/schooldetail?schoolname=springdale-primary-school,"https://www.google.com/maps/place/Springdale+Primary+School/@1.3949667,103.8871052,17z/data=!3m1!4b1!4m6!3m5!1s0x31da166ce2a74969:0xee086fca6014181a!8m2!3d1.3949667!4d103.8896801!16s%2Fg%2F11b620_lcj?entry=ttu",33,3.36363636363636
136,136,st-andrew-junior,St. Andrew's Junior School,https://sgschooling.com/img/logo/st-andrew-junior.jpg,Toa Payoh,2 Francis Thomas Drive S359337,359337,http://www.saintandrewsjunior.moe.edu.sg,,false,true,false,false,St. Andrew’s Secondary School,St. Andrew's Junior School.jpg,https://www.moe.gov.sg/schoolfinder/schooldetail?schoolname=st-andrews-junior-school,"https://www.google.com/maps/place/St.+Andrew's+Junior+School/@1.3309872,103.8627009,17z/data=!3m1!4b1!4m6!3m5!1s0x31da1778d5db5e25:0xb570960730b77a38!8m2!3d1.3309872!4d103.8652758!16zL20vMDRtd2Y1?entry=ttu",24,4.375
137,137,st-anthony-canossian,St. Anthony's Canossian Primary School,https://sgschooling.com/img/logo/st-anthony-canossian.jpg,Bedok,1602 Bedok North Ave 4 S469701,469701,http://www.stanthonyscanossianpri.moe.edu.sg,,false,false,true,false,St. Anthony’s Canossian Secondary School,St. Anthony's Canossian Primary School.jpg,https://www.moe.gov.sg/schoolfinder/schooldetail?schoolname=st-anthonys-canossian-primary-school,"https://www.google.com/maps/place/St+Anthony's+Canossian+Primary+School/@1.3348478,103.9390872,17z/data=!3m1!4b1!4m6!3m5!1s0x31da3d70ba999e07:0xc28f521218273c9a!8m2!3d1.3348478!4d103.9416621!16s%2Fg%2F11h75nfkbs?entry=ttu",5,5
138,138,st-anthony,St. Anthony's Primary School,https://sgschooling.com/img/logo/st-anthony.jpg,Bukit Batok,30 Bukit Batok St 32 S659401,659401,http://www.stanthonyspri.moe.edu.sg,,false,false,false,false,"St. Joseph’s Institution, St. Patrick’s School",St. Anthony's Primary School.jpg,https://www.moe.gov.sg/schoolfinder/schooldetail?schoolname=st-anthonys-primary-school,"https://www.google.com/maps/place/St.+Anthony's+Primary+School/@1.3641887,103.7463841,17z/data=!3m1!4b1!4m6!3m5!1s0x31da106e8108072b:0xf9953aef19ce7709!8m2!3d1.3641887!4d103.748959!16s%2Fg%2F1v_skrx2?entry=ttu",17,4.76470588235294
139,139,st-gabriel,St. Gabriel's Primary School,https://sgschooling.com/img/logo/st-gabriel.jpg,Serangoon,220 Lorong Chuan S556742,556742,http://www.stgabrielspri.moe.edu.sg,,false,true,false,false,St. Gabriel’s Secondary School,St. Gabriel's Primary School.jpg,https://www.moe.gov.sg/schoolfinder/schooldetail?schoolname=st-gabriels-primary-school,"https://www.google.com/maps/place/St.+Gabriel's+Primary+School/@1.3495667,103.859926,17z/data=!3m1!4b1!4m6!3m5!1s0x31da170c009f5ec1:0x54bbb4cbbba03c2e!8m2!3d1.3495667!4d103.8625009!16s%2Fg%2F11b7qtftt6?entry=ttu",29,4.79310344827586
140,140,rosyth,Rosyth School,https://sgschooling.com/img/logo/rosyth.jpg,Serangoon,21 Serangoon North Avenue 4 S555855,555855,https://www.rosyth.moe.edu.sg,"70h, interview",false,false,false,true,,Rosyth School.jpg,https://www.moe.gov.sg/schoolfinder/schooldetail?schoolname=rosyth-school,"https://www.google.com/maps/place/Rosyth+School/@1.3729086,103.8720682,17z/data=!3m1!4b1!4m6!3m5!1s0x31da1650a8f4dbe5:0x224ab23efc6c7bc5!8m2!3d1.3729086!4d103.8746431!16zL20vMDRicDU2?entry=ttu",46,4.28260869565217
141,141,st-joseph-institution-junior,St. Joseph's Institution Junior,https://sgschooling.com/img/logo/st-joseph-institution-junior.jpg,Novena,3 Essex Road S309331,309331,https://sjijunior.moe.edu.sg,,false,true,false,false,"St. Joseph’s Institution, St. Patrick’s School",St. Joseph's Institution Junior.jpg,https://www.moe.gov.sg/schoolfinder/schooldetail?schoolname=st-josephs-institution-junior,"https://www.google.com/maps/place/St.+Joseph's+Institution+Junior/@1.3173615,103.8429052,17z/data=!3m1!4b1!4m6!3m5!1s0x31da182afff9d795:0x4b8f123dfcebf3f3!8m2!3d1.3173615!4d103.8454801!16s%2Fg%2F1hf2v1vyc?entry=ttu",23,4.30434782608696
142,142,st-stephen,St. Stephen's School,https://sgschooling.com/img/logo/st-stephen.jpg,Bedok,20 Siglap View S455789,455789,http://www.ststephens.moe.edu.sg,,false,true,false,false,"St. Joseph’s Institution, St. Patrick’s School",St. Stephen's School.jpg,https://www.moe.gov.sg/schoolfinder/schooldetail?schoolname=st-stephens-school,"https://www.google.com/maps/place/St.+Stephen's+School/@1.3188293,103.9149936,17z/data=!3m2!4b1!5s0x31da22a8f96d66bd:0x5f2883b47ff31053!4m6!3m5!1s0x31da23c87b38efa3:0x73d3e5dd8a90597d!8m2!3d1.3188293!4d103.9175685!16zL20vMDdsZ3Nu?entry=ttu",27,4.03703703703704
143,143,stamford,Stamford Primary School,https://sgschooling.com/img/logo/stamford.jpg,Central,1 Victoria Lane S198423,198423,,,false,false,false,false,,,,"https://www.google.com/maps/place/Stamford+Primary+School/@1.3040142,103.8544702,17z/data=!3m2!4b1!5s0x31da19b7450752a5:0x288d971421b86b6d!4m6!3m5!1s0x31da19b75b752875:0x156a1e568a1ec0b6!8m2!3d1.3040142!4d103.8570451!16s%2Fg%2F1tf1lbj2?entry=ttu",17,4.47058823529412
144,144,tampines-north,Tampines North Primary School,https://sgschooling.com/img/logo/tampines-north.jpg,Tampines,30 Tampines Avenue 9 S529565,529565,http://www.tampinesnorthpri.moe.edu.sg,,false,false,false,false,,Tampines North Primary School.jpg,https://www.moe.gov.sg/schoolfinder/schooldetail?schoolname=tampines-north-primary-school,"https://www.google.com/maps/place/Tampines+North+Primary+School/@1.360298,103.9460061,17z/data=!3m2!4b1!5s0x31da3d088259a75d:0x61a0190d56bc38d8!4m6!3m5!1s0x31da3d0883716f01:0x6bdc24f1863107ad!8m2!3d1.360298!4d103.948581!16s%2Fg%2F11bc5b1br0?entry=ttu",26,4.65384615384615
145,145,tampines,Tampines Primary School,https://sgschooling.com/img/logo/tampines.jpg,Tampines,250 Tampines Street 12 S529426,529426,http://www.tampinespri.moe.edu.sg,,false,false,false,false,,Tampines Primary School.jpg,https://www.moe.gov.sg/schoolfinder/schooldetail?schoolname=tampines-primary-school,"https://www.google.com/maps/place/Tampines+Primary+School/@1.3497384,103.9416496,17z/data=!3m2!4b1!5s0x31da3d114fb418a9:0x5d2738442106c1f0!4m6!3m5!1s0x31da3db37e64f18b:0x5671a6dec505b4c2!8m2!3d1.3497384!4d103.9442245!16s%2Fg%2F11ghzfj79v?entry=ttu",8,3.25
146,146,tanjong-katong,Tanjong Katong Primary School,https://sgschooling.com/img/logo/tanjong-katong.jpg,Marine Parade,10 Seraya Road S437259,437259,http://www.tanjongkatongpri.moe.edu.sg/,,false,false,false,false,,Tanjong Katong Primary School.jpg,https://www.moe.gov.sg/schoolfinder/schooldetail?schoolname=tanjong-katong-primary-school,"https://www.google.com/maps/place/Tanjong+Katong+Primary+School/@1.3053798,103.8977609,17z/data=!3m1!4b1!4m6!3m5!1s0x31da186d06dc9725:0x311fb8b93296f4a6!8m2!3d1.3053798!4d103.9003358!16s%2Fm%2F03c3331?entry=ttu",26,4.30769230769231
147,147,teck-ghee,Teck Ghee Primary School,https://sgschooling.com/img/logo/teck-ghee.jpg,Ang Mo Kio,1 Ang Mo Kio Street 32 S569299,569299,http://www.teckgheepri.moe.edu.sg,"40h, apply by Apr",false,false,false,false,,Teck Ghee Primary School.jpg,https://www.moe.gov.sg/schoolfinder/schooldetail?schoolname=teck-ghee-primary-school,"https://www.google.com/maps/place/Teck+Ghee+Primary+School/@1.3654149,103.8480637,17z/data=!3m1!4b1!4m6!3m5!1s0x31da16e223ad1a6b:0xf1080dbbe227be50!8m2!3d1.3654149!4d103.8506386!16s%2Fg%2F1tp8xk6p?entry=ttu",17,4.82352941176471
148,148,teck-whye,Teck Whye Primary School,https://sgschooling.com/img/logo/teck-whye.jpg,Choa Chu Kang,11 Teck Whye Walk S688261,688261,http://www.teckwhyepri.moe.edu.sg,,false,false,false,false,,Teck Whye Primary School.jpg,https://www.moe.gov.sg/schoolfinder/schooldetail?schoolname=teck-whye-primary-school,"https://www.google.com/maps/place/Teck+Whye+Primary+School/@1.3837636,103.7511425,17z/data=!3m2!4b1!5s0x31da119566e6db97:0x70d7e771d9222c12!4m6!3m5!1s0x31da11955e24cbdd:0x788e8b17865f4f75!8m2!3d1.3837636!4d103.7537174!16s%2Fg%2F1tf4bjsy?entry=ttu",21,3.66666666666667
149,149,telok-kurau,Telok Kurau Primary School,https://sgschooling.com/img/logo/telok-kurau.jpg,Bedok,50 Bedok Reservoir Rd S479239,479239,http://www.telokkuraupri.moe.edu.sg,,false,false,false,false,,Telok Kurau Primary School.jpg,https://www.moe.gov.sg/schoolfinder/schooldetail?schoolname=telok-kurau-primary-school,"https://www.google.com/maps/place/Telok+Kurau+Primary+School/@1.3308237,103.9088311,17z/data=!3m2!4b1!5s0x31da17fe7f794d73:0x29c0bd445e890114!4m6!3m5!1s0x31da17fc2a4b143b:0x5e392d85530b0419!8m2!3d1.3308237!4d103.911406!16zL20vMDlkMDdz?entry=ttu",27,4.37037037037037
150,150,temasek,Temasek Primary School,https://sgschooling.com/img/logo/temasek.jpg,Bedok,501 Bedok South Ave 3 S469300,469300,http://www.temasekpri.moe.edu.sg,,false,false,false,false,,Temasek Primary School.jpg,https://www.moe.gov.sg/schoolfinder/schooldetail?schoolname=temasek-primary-school,"https://www.google.com/maps/place/Temasek+Primary+School/@1.3175255,103.9429772,17z/data=!3m1!4b1!4m6!3m5!1s0x31da22cf733d3793:0x815b0ed568b7b0db!8m2!3d1.3175255!4d103.9455521!16zL20vMDd6OGY1?entry=ttu",25,3.44
151,151,townsville,Townsville Primary School,https://sgschooling.com/img/logo/townsville.jpg,Ang Mo Kio,3 Ang Mo Kio Ave 10 S569730,569730,http://www.townsvillepri.moe.edu.sg/,,false,false,false,false,,Townsville Primary School.jpg,https://www.moe.gov.sg/schoolfinder/schooldetail?schoolname=townsville-primary-school,"https://www.google.com/maps/place/Townsville+Primary+School/@1.3601828,103.8515289,17z/data=!3m1!4b1!4m6!3m5!1s0x31da171c8d65960b:0x5839c015d0fa3395!8m2!3d1.3601828!4d103.8541038!16zL20vMDd3MGxy?entry=ttu",30,4.16666666666667
152,152,unity,Unity Primary School,https://sgschooling.com/img/logo/unity.jpg,Choa Chu Kang,21 Choa Chu Kang Crescent S688268,688268,http://www.unitypri.moe.edu.sg,,false,false,false,false,,Unity Primary School.jpg,https://www.moe.gov.sg/schoolfinder/schooldetail?schoolname=unity-primary-school,"https://www.google.com/maps/place/Unity+Primary+School/@1.403245,103.7447151,17z/data=!3m1!4b1!4m6!3m5!1s0x31da121de2369b27:0x74e5035d50e58a04!8m2!3d1.403245!4d103.74729!16s%2Fg%2F11bycyhgc3?entry=ttu",24,4.45833333333333
153,153,waterway,Waterway Primary School,https://sgschooling.com/img/logo/waterway.jpg,Punggol,70 Punggol Drive S828802,828802,https://waterwaypri.moe.edu.sg,,false,false,false,false,,Waterway Primary School.jpg,https://www.moe.gov.sg/schoolfinder/schooldetail?schoolname=waterway-primary-school,"https://www.google.com/maps/place/Waterway+Primary+School/@1.3992126,103.9160543,17z/data=!3m1!4b1!4m6!3m5!1s0x31da3dfe5d905a39:0xcbd95476d53bba!8m2!3d1.3992126!4d103.9186292!16s%2Fg%2F11b_3g8rpq?entry=ttu",50,4.76
154,154,wellington,Wellington Primary School,https://sgschooling.com/img/logo/wellington.jpg,Sembawang,10 Wellington Circle S757702,757702,http://www.wellingtonpri.moe.edu.sg,,false,false,false,false,,Wellington Primary School.jpg,https://www.moe.gov.sg/schoolfinder/schooldetail?schoolname=wellington-primary-school,"https://www.google.com/maps/place/Wellington+Primary+School/@1.4521597,103.819871,17z/data=!3m1!4b1!4m6!3m5!1s0x31da149d913f9e53:0xc716730919856518!8m2!3d1.4521597!4d103.8224459!16s%2Fg%2F11f3n9j727?entry=ttu",14,3.64285714285714
155,155,west-grove,West Grove Primary School,https://sgschooling.com/img/logo/west-grove.jpg,Jurong West,1 Jurong West St 72 S649223,649223,http://www.westgrovepri.moe.edu.sg/,,false,false,false,false,,West Grove Primary School.jpg,https://www.moe.gov.sg/schoolfinder/schooldetail?schoolname=west-grove-primary-school,"https://www.google.com/maps/place/West+Grove+Primary+School/@1.3445677,103.6964308,17z/data=!3m1!4b1!4m6!3m5!1s0x31da0f9655efb98f:0x17f8fd9c221a9cfb!8m2!3d1.3445677!4d103.6990057!16s%2Fg%2F11bbt8bttq?entry=ttu",36,4.27777777777778
156,156,west-spring,West Spring Primary School,https://sgschooling.com/img/logo/west-spring.jpg,Bukit Panjang,60 Bukit Panjang Ring Road S679946,679946,http://www.westspringpri.moe.edu.sg,,false,false,false,false,,West Spring Primary School.jpg,https://www.moe.gov.sg/schoolfinder/schooldetail?schoolname=west-spring-primary-school,"https://www.google.com/maps/place/West+Spring+Primary+School/@1.3896611,103.7639427,17z/data=!3m1!4b1!4m6!3m5!1s0x31da119a4ba614e1:0x642e410838242466!8m2!3d1.3896611!4d103.7665176!16s%2Fg%2F11b6hgdlff?entry=ttu",17,4.35294117647059
157,157,west-view,West View Primary School,https://sgschooling.com/img/logo/west-view.jpg,Bukit Panjang,31 Senja Road S677742,677742,http://www.westviewpri.moe.edu.sg,,false,false,false,false,,West View Primary School.jpg,https://www.moe.gov.sg/schoolfinder/schooldetail?schoolname=west-view-primary-school,"https://www.google.com/maps/place/West+View+Primary+School/@1.3837275,103.757567,17z/data=!3m1!4b1!4m6!3m5!1s0x31da11bd865166e7:0xc5c31911ae5bb2ce!8m2!3d1.3837275!4d103.7601419!16s%2Fg%2F1tdzchg1?entry=ttu",26,4.57692307692308
158,158,westwood,Westwood Primary School,https://sgschooling.com/img/logo/westwood.jpg,Jurong West,1 Jurong West Street 73 S649188,649188,http://www.westwoodpri.moe.edu.sg,,false,false,false,false,,Westwood Primary School.jpg,https://www.moe.gov.sg/schoolfinder/schooldetail?schoolname=westwood-primary-school,"https://www.google.com/maps/place/Westwood+Primary+School/@1.3472361,103.6978959,17z/data=!3m1!4b1!4m6!3m5!1s0x31da0fbe0d3c0bcd:0x2e8967c43cd3a1e!8m2!3d1.3472361!4d103.7004708!16s%2Fg%2F1yl46_vj3?entry=ttu",29,4.41379310344828
159,159,white-sands,White Sands Primary School,https://sgschooling.com/img/logo/white-sands.jpg,Pasir Ris,2 Pasir Ris St 11 S519075,519075,http://www.whitesandspri.moe.edu.sg,,false,false,false,false,,White Sands Primary School.jpg,https://www.moe.gov.sg/schoolfinder/schooldetail?schoolname=white-sands-primary-school,"https://www.google.com/maps/place/White+Sands+Primary+School/@1.3654493,103.9584965,17z/data=!3m2!4b1!5s0x31da3c552ec98247:0x41023e24967d1887!4m6!3m5!1s0x31da3c553be4b43d:0xaec80217e0455405!8m2!3d1.3654493!4d103.9610714!16s%2Fg%2F1tgb4wm8?entry=ttu",29,4.13793103448276
160,160,woodgrove,Woodgrove Primary School,https://sgschooling.com/img/logo/woodgrove.jpg,Woodlands,2 Woodlands Drive 14 S738079,738079,http://www.woodgrovepri.moe.edu.sg/,,false,false,false,false,,Woodgrove Primary School.jpg,https://www.moe.gov.sg/schoolfinder/schooldetail?schoolname=woodgrove-primary-school,"https://www.google.com/maps/place/Woodgrove+Primary+School/@1.4334662,103.7879555,17z/data=!3m2!4b1!5s0x31da13a44f0fa4e3:0xeff2885ee5a7ab83!4m6!3m5!1s0x31da13a448f29cb9:0xcc4607983950a3c!8m2!3d1.4334662!4d103.7905304!16s%2Fg%2F1hhwwfxl0?entry=ttu",21,3.33333333333333
161,161,woodlands,Woodlands Primary School,https://sgschooling.com/img/logo/woodlands.jpg,Woodlands,10 Woodlands Drive 50 S738853,738853,http://www.woodlandspri.moe.edu.sg,,false,false,false,false,,Woodlands Primary School.jpg,https://www.moe.gov.sg/schoolfinder/schooldetail?schoolname=woodlands-primary-school,"https://www.google.com/maps/place/Woodlands+Primary+School/@1.436771,103.7892191,17z/data=!3m2!4b1!5s0x31da13a6d92d05c7:0x1133ec72303b02a!4m6!3m5!1s0x31da13ad7fe28ee5:0x7fcae73321ef6465!8m2!3d1.436771!4d103.791794!16s%2Fg%2F1q5bkx3qt?entry=ttu",20,3.9
162,162,woodlands-ring,Woodlands Ring Primary School,https://sgschooling.com/img/logo/woodlands-ring.jpg,Woodlands,11 Woodlands Ring Road S738240,738240,http://www.woodlandsringpri.moe.edu.sg,,false,false,false,false,,Woodlands Ring Primary School.jpg,https://www.moe.gov.sg/schoolfinder/schooldetail?schoolname=woodlands-ring-primary-school,"https://www.google.com/maps/place/Woodlands+Ring+Primary+School/@1.4345519,103.7953245,17z/data=!3m2!4b1!5s0x31da13a1f8706feb:0xd5b689c94efd9d91!4m6!3m5!1s0x31da13a1f8fdb863:0x2714fdd32249a68f!8m2!3d1.4345519!4d103.7978994!16s%2Fm%2F0463krc?entry=ttu",20,3.75
163,163,xinghua,Xinghua Primary School,https://sgschooling.com/img/logo/xinghua.jpg,Hougang,45 Hougang Avenue 1 S538882,538882,http://www.xinghuapri.moe.edu.sg,,false,false,false,false,,Xinghua Primary School.jpg,https://www.moe.gov.sg/schoolfinder/schooldetail?schoolname=xinghua-primary-school,"https://www.google.com/maps/place/Xinghua+Primary+School/@1.357958,103.8875669,17z/data=!3m2!4b1!5s0x31da17b63e296d09:0x9c4c28a349c74728!4m6!3m5!1s0x31da1644cbb79f99:0x1cf10e3e2277f94d!8m2!3d1.357958!4d103.8901418!16s%2Fm%2F02vrbv9?entry=ttu",25,4.04
164,164,xingnan,Xingnan Primary School,https://sgschooling.com/img/logo/xingnan.jpg,Jurong West,5 Jurong West Street 91 S649036,649036,http://www.xingnanpri.moe.edu.sg,,false,false,false,false,,Xingnan Primary School.jpg,https://www.moe.gov.sg/schoolfinder/schooldetail?schoolname=xingnan-primary-school,"https://www.google.com/maps/place/Xingnan+Primary+School/@1.3425489,103.6845168,17z/data=!3m1!4b1!4m6!3m5!1s0x31da0f9ec45ccdd1:0x52573f11c7f49e89!8m2!3d1.3425489!4d103.6870917!16s%2Fm%2F0dgr22y?entry=ttu",32,4.34375
165,165,xinmin,Xinmin Primary School,https://sgschooling.com/img/logo/xinmin.jpg,Hougang,9 Hougang Avenue 8 S538784,538784,https://xinminpri.moe.edu.sg/,,false,false,false,false,,Xinmin Primary School.jpg,https://www.moe.gov.sg/schoolfinder/schooldetail?schoolname=xinmin-primary-school,"https://www.google.com/maps/place/Xinmin+Primary+School/@1.371371,103.8804991,17z/data=!3m1!4b1!4m6!3m5!1s0x31da164f067bc2c9:0x94ddd8e46f2b0e72!8m2!3d1.371371!4d103.883074!16s%2Fg%2F1tjclzqm?entry=ttu",16,3.625
166,166,xishan,Xishan Primary School,https://sgschooling.com/img/logo/xishan.jpg,Yishun,8 Yishun Street 21 S768611,768611,https://www.xishanpri.moe.edu.sg/,,false,false,false,false,,Xishan Primary School.jpg,https://www.moe.gov.sg/schoolfinder/schooldetail?schoolname=xishan-primary-school,"https://www.google.com/maps/place/Xishan+Primary+School/@1.4334915,103.8349089,17z/data=!3m1!4b1!4m6!3m5!1s0x31da146413d82e4d:0xe02fb11f123982a4!8m2!3d1.4334915!4d103.8374838!16s%2Fg%2F1tddppw0?entry=ttu",19,4.63157894736842
167,167,yangzheng,Yangzheng Primary School,https://sgschooling.com/img/logo/yangzheng.jpg,Serangoon,15 Serangoon Avenue 3 S556108,556108,http://www.yangzhengpri.moe.edu.sg/,,false,false,false,false,,Yangzheng Primary School.jpg,https://www.moe.gov.sg/schoolfinder/schooldetail?schoolname=yangzheng-primary-school,"https://www.google.com/maps/place/Yangzheng+Primary+School/@1.349218,103.8659796,17z/data=!3m2!4b1!5s0x31da17a0a1531c65:0x1db616841c25a253!4m6!3m5!1s0x31da17a0a25cefb1:0x7e686d856fef8661!8m2!3d1.349218!4d103.8685545!16s%2Fg%2F1tjdcp_0?entry=ttu",28,3.60714285714286
168,168,yew-tee,Yew Tee Primary School,https://sgschooling.com/img/logo/yew-tee.jpg,Choa Chu Kang,10 Choa Chu Kang St 64 S689100,689100,http://www.yewteepri.moe.edu.sg,,false,false,false,false,,Yew Tee Primary School.jpg,https://www.moe.gov.sg/schoolfinder/schooldetail?schoolname=yew-tee-primary-school,"https://www.google.com/maps/place/Yew+Tee+Primary+School/@1.396978,103.74861,17z/data=!3m1!4b1!4m6!3m5!1s0x31da11f35b5c24cb:0x5d55b27a03e519b7!8m2!3d1.396978!4d103.7511849!16s%2Fg%2F1tm8h2dg?entry=ttu",30,4.23333333333333
169,169,yio-chu-kang,Yio Chu Kang Primary School,https://sgschooling.com/img/logo/yio-chu-kang.jpg,Hougang,1 Hougang Street 51 S538720,538720,http://www.yiochukangpri.moe.edu.sg,,false,false,false,false,,Yio Chu Kang Primary School.jpg,https://www.moe.gov.sg/schoolfinder/schooldetail?schoolname=yio-chu-kang-primary-school,"https://www.google.com/maps/place/Yio+Chu+Kang+Primary+School/@1.377996,103.8830067,17z/data=!3m2!4b1!5s0x31da164d0342464f:0xbc71a40ddc7f98c3!4m6!3m5!1s0x31da164400192e39:0x27e3a5b64e84cc8d!8m2!3d1.377996!4d103.8855816!16s%2Fg%2F1tfd9zqc?entry=ttu",28,4.21428571428571
170,170,yishun,Yishun Primary School,https://sgschooling.com/img/logo/yishun.jpg,Yishun,500 Yishun Ring Road S768679,768679,http://www.yishunpri.moe.edu.sg,,false,false,false,false,,Yishun Primary School.jpg,https://www.moe.gov.sg/schoolfinder/schooldetail?schoolname=yishun-primary-school,"https://www.google.com/maps/place/Yishun+Primary+School/@1.4334926,103.8312378,17z/data=!3m1!4b1!4m6!3m5!1s0x31da1464ba4fb46b:0x252b1d78aa507588!8m2!3d1.4334926!4d103.8338127!16s%2Fg%2F1vmqzx9m?entry=ttu",24,4.29166666666667
171,171,yu-neng,Yu Neng Primary School,https://sgschooling.com/img/logo/yu-neng.jpg,Bedok,56 Bedok North St 3 S469623,469623,http://www.ynps.moe.edu.sg/,,false,false,false,false,,Yu Neng Primary School.jpg,https://www.moe.gov.sg/schoolfinder/schooldetail?schoolname=yu-neng-primary-school,"https://www.google.com/maps/place/Yu+Neng+Primary+School/@1.3338292,103.929322,17z/data=!3m2!4b1!5s0x31da3d48b80c796b:0x4a3ad84e125fb344!4m6!3m5!1s0x31da3d48c88f81b3:0x70554043c5b9d5f8!8m2!3d1.3338292!4d103.9318969!16s%2Fg%2F1tm2766_?entry=ttu",26,4.11538461538461
172,172,yuhua,Yuhua Primary School,https://sgschooling.com/img/logo/yuhua.jpg,Jurong East,158 Jurong East Street 24 S609558,609558,http://www.yuhuapri.moe.edu.sg,,false,false,false,false,,Yuhua Primary School.jpg,https://www.moe.gov.sg/schoolfinder/schooldetail?schoolname=yuhua-primary-school,"https://www.google.com/maps/place/Yuhua+Primary+School/@1.3429774,103.738336,17z/data=!3m1!4b1!4m6!3m5!1s0x31da101765b3b8b9:0xf19aa8496fb28764!8m2!3d1.3429774!4d103.7409109!16s%2Fm%2F09v5xhl?entry=ttu",17,4.52941176470588
173,173,yumin,Yumin Primary School,https://sgschooling.com/img/logo/yumin.jpg,Tampines,3 Tampines Street 21 S529393,529393,http://www.yuminpri.moe.edu.sg,,false,false,false,false,,Yumin Primary School.jpg,https://www.moe.gov.sg/schoolfinder/schooldetail?schoolname=yumin-primary-school,"https://www.google.com/maps/place/Yumin+Primary+School/@1.3516199,103.9485502,17z/data=!3m2!4b1!5s0x31da3d1a5b5f8277:0x510d10700c922d9c!4m6!3m5!1s0x31da3d1a5e070729:0xe46e668e1d3d1d67!8m2!3d1.3516199!4d103.9511251!16s%2Fg%2F1tf_dylx?entry=ttu",27,4.22222222222222
174,174,zhangde,Zhangde Primary School,https://sgschooling.com/img/logo/zhangde.jpg,Bukit Merah,51 Jalan Membina S169485,169485,http://www.zhangdepri.moe.edu.sg/,,false,false,false,false,,Zhangde Primary School.jpg,https://www.moe.gov.sg/schoolfinder/schooldetail?schoolname=zhangde-primary-school,"https://www.google.com/maps/place/Zhangde+Primary+School/@1.2842268,103.824131,17z/data=!3m1!4b1!4m6!3m5!1s0x31da197c1ee9c1ab:0x125c0f6153e36871!8m2!3d1.2842268!4d103.8267059!16s%2Fg%2F1tcz5vhg?entry=ttu",25,3.92
175,175,tao-nan,Tao Nan School,https://sgschooling.com/img/logo/tao-nan.jpg,Marine Parade,49 Marine Crescent S449761,449761,http://www.taonan.moe.edu.sg,"Singapore Hokkein Huay Kuan, 2y membership, 80h ",true,false,false,true,,Tao Nan School.jpg,https://www.moe.gov.sg/schoolfinder/schooldetail?schoolname=tao-nan-school,"https://www.google.com/maps/place/Tao+Nan+School/@1.3049059,103.9088591,17z/data=!3m1!4b1!4m6!3m5!1s0x31da187454c4babb:0xae796cadd2bae200!8m2!3d1.3049059!4d103.911434!16zL20vMDQydnBf?entry=ttu",43,4.2093023255814
176,176,zhenghua,Zhenghua Primary School,https://sgschooling.com/img/logo/zhenghua.jpg,Bukit Panjang,9 Fajar Road S679002,679002,http://www.zhenghuapri.moe.edu.sg,,false,false,false,false,,Zhenghua Primary School.jpg,https://www.moe.gov.sg/schoolfinder/schooldetail?schoolname=zhenghua-primary-school,"https://www.google.com/maps/place/Zhenghua+Primary+School/@1.3796697,103.7667069,17z/data=!3m1!4b1!4m6!3m5!1s0x31da11a3de6f1e25:0x613db526f67806f5!8m2!3d1.3796697!4d103.7692818!16zL20vMDc1azU1?entry=ttu",28,4.57142857142857
177,177,zhonghua,Zhonghua Primary School,https://sgschooling.com/img/logo/zhonghua.jpg,Serangoon,12 Serangoon Avenue 4 S556095,556095,http://www.zhonghuapri.moe.edu.sg,,false,false,false,false,,Zhonghua Primary School.jpg,https://www.moe.gov.sg/schoolfinder/schooldetail?schoolname=zhonghua-primary-school,"https://www.google.com/maps/place/Zhonghua+Primary+School/@1.3598531,103.8669992,17z/data=!3m2!4b1!5s0x31da17aa2967fb09:0xcf3121e3b5fa38f6!4m6!3m5!1s0x31da17aa39517ac9:0xec3925b798d00a36!8m2!3d1.3598531!4d103.8695741!16s%2Fg%2F1tg29_yk?entry=ttu",19,3.31578947368421
178,178,valour,Valour Primary School,https://sgschooling.com/img/logo/valour.jpg,Punggol,49 Punggol Central S828728,828728,http://valourpri.moe.edu.sg,,false,false,false,false,,Valour Primary School.jpg,https://www.moe.gov.sg/schoolfinder/schooldetail?schoolname=valour-primary-school,"https://www.google.com/maps/place/Valour+Primary+School/@1.4068022,103.8971378,17z/data=!3m1!4b1!4m6!3m5!1s0x31da15c557c423f7:0xf5139a2645b3c730!8m2!3d1.4068022!4d103.8997127!16s%2Fg%2F11h4dnydbz?entry=ttu",5,5
179,179,northshore,Northshore Primary School,https://sgschooling.com/img/logo/northshore.jpg,Punggol,30 Northshore Drive S828671,828671,https://northshorepri.moe.edu.sg/,,false,false,false,false,,Northshore Primary School.jpg,https://www.moe.gov.sg/schoolfinder/schooldetail?schoolname=northshore-primary-school,"https://www.google.com/maps/place/Northshore+Primary+School/@1.4185055,103.9022127,17z/data=!3m1!4b1!4m6!3m5!1s0x31da151672867559:0x3e7afd40f2835108!8m2!3d1.4185055!4d103.9047876!16s%2Fg%2F11jm9sf40c?entry=ttu",8,4.5
180,180,anglo-chinese-primary,Anglo-Chinese School (Primary),https://sgschooling.com/img/logo/anglo-chinese-primary.jpg,Novena,50 Barker Road S309918,309918,http://www.acspri.moe.edu.sg/,,false,true,false,true,"Anglo-Chinese School (Barker Road), Anglo-Chinese School (Independent)",Anglo-Chinese School (Primary).jpg,https://www.moe.gov.sg/schoolfinder/schooldetail?schoolname=anglochinese-school-primary,"https://www.google.com/maps/place/Anglo-Chinese+School+(Primary)/@1.3187555,103.8332573,17z/data=!3m2!4b1!5s0x31da19e513766b29:0xe69302c3b64033c9!4m6!3m5!1s0x31da19e511ef79d7:0xcb1b17478913ff6!8m2!3d1.3187555!4d103.8358322!16s%2Fg%2F11g6_17zy9?entry=ttu",,
181,181,henry-park,Henry Park Primary School,https://sgschooling.com/img/logo/henry-park.jpg,Bukit Timah,1 Holland Grove Road S278790,278790,http://www.henryparkpri.moe.edu.sg,"40h, apply in Nov",false,false,false,true,,Henry Park Primary School.jpg,https://www.moe.gov.sg/schoolfinder/schooldetail?schoolname=henry-park-primary-school,"https://www.google.com/maps/place/Henry+Park+Primary+School/@1.3167825,103.7815614,17z/data=!3m1!4b1!4m6!3m5!1s0x31da1a7ad360fdd1:0x84be576780039749!8m2!3d1.3167825!4d103.7841363!16s%2Fm%2F010nh4zm?entry=ttu",44,4.43181818181818
182,182,nan-hua,Nan Hua Primary School,https://sgschooling.com/img/logo/nan-hua.jpg,Clementi,30 Jalan Lempeng S128806,128806,http://www.nanhuapri.moe.edu.sg,"40h, requires interview, apply in Mar",true,false,false,true,,Nan Hua Primary School.jpg,https://www.moe.gov.sg/schoolfinder/schooldetail?schoolname=nan-hua-primary-school,"https://www.google.com/maps/place/Nan+Hua+Primary+School/@1.3197989,103.7593679,17z/data=!3m2!4b1!5s0x31da1af28d87b3f3:0xa47df18d807ae1d4!4m6!3m5!1s0x31da1a9aed932877:0x4de6449b4b56bf61!8m2!3d1.3197989!4d103.7619428!16zL20vMDZnYjA0?entry=ttu",25,4.24
183,183,raffles-girls,Raffles Girls' Primary School,https://sgschooling.com/img/logo/raffles-girls.jpg,Bukit Timah,21 Hillcrest Road S289072,289072,http://www.rafflesgirlspri.moe.edu.sg,"60h, requires interview, apply in Dec",false,false,true,true,,Raffles Girls' Primary School.jpg,https://www.moe.gov.sg/schoolfinder/schooldetail?schoolname=raffles-girls-primary-school,"https://www.google.com/maps/place/Raffles+Girls'+Primary+School/@1.3299574,103.8036487,17z/data=!3m1!4b1!4m6!3m5!1s0x31da10a6f4ab1be3:0x12a42b6236e5b095!8m2!3d1.3299574!4d103.8062236!16s%2Fg%2F11b6dp7r88?entry=ttu",13,4.69230769230769
184,184,st-hilda,St. Hilda's Primary School,https://sgschooling.com/img/logo/st-hilda.jpg,Tampines,2 Tampines Ave 3 S529706,529706,http://www.shps.moe.edu.sg,"Weekly for 2 years, apply by Aug",false,false,false,true,St. Hilda’s Secondary School,St. Hilda's Primary School.jpg,https://www.moe.gov.sg/schoolfinder/schooldetail?schoolname=st-hildas-primary-school,"https://www.google.com/maps/place/St+Hilda's+Primary+School/@1.3496843,103.9335296,17z/data=!3m1!4b1!4m6!3m5!1s0x10040541077537f7:0x1026eb161a7facf6!8m2!3d1.3496843!4d103.9361045!16s%2Fg%2F11b6hww8hk?entry=ttu",13,4.07692307692308
185,185,st-margaret,St. Margaret's School (Primary),https://sgschooling.com/img/logo/st-margaret.jpg,Central,99 Wilkie Road S228091,228091,https://stmargaretspri.moe.edu.sg,,false,false,true,false,St. Margaret’s Secondary School,St. Margaret's School (Primary).jpg,https://www.moe.gov.sg/schoolfinder/schooldetail?schoolname=st-margarets-school-primary,"https://www.google.com/maps/search/St.+Margaret%E2%80%99s+School+(Primary)+(99+Wilkie+Road+S228091)/@1.3144056,103.8433632,14z/data=!3m1!4b1?entry=ttu",,