index,school_id,n_review_user,id_review,rating,retrieval_date,url_user,caption,relative_date,timestamp,username
0,admiralty,0,ChZDSUhNMG9nS0VJQ0FnSUNsNDZ5YVdREAE,5,2023-12-31 09:29:28.15283+00,https://www.google.com/maps/contrib/110911098274700345666/reviews?hl=en,good school,a month ago,2023-12-01 09:29:28.636354+00,Jav
5,admiralty,0,ChdDSUhNMG9nS0VJQ0FnSUNKd2VIUHhnRRAB,5,2023-12-31 09:29:28.15583+00,https://www.google.com/maps/contrib/112695849199536858031/reviews?hl=en,Live laugh love Admiralty Primary💋 …,6 months ago,2023-07-04 09:29:28.930346+00,Isya
7,admiralty,0,ChdDSUhNMG9nS0VJQ0FnSURSeHQ3cjZRRRAB,5,2023-12-31 09:29:28.15683+00,https://www.google.com/maps/contrib/112568184135688234943/reviews?hl=en,excellent school where students learn how to persevere and upgrade their skills to a whole new level. Many kind and caring teachers and it is a place where you will make lots of friends. I know all these because i graduated from that school myself.,8 months ago,2023-05-05 09:29:29.019342+00,Vyden Wang Jiawen (Cchms)
8,admiralty,0,ChZDSUhNMG9nS0VJQ0FnSURoaTVQRkRBEAE,1,2023-12-31 09:29:28.15783+00,https://www.google.com/maps/contrib/112508921023180340656/reviews?hl=en,Very nice,9 months ago,2023-04-05 09:29:29.146749+00,zel
17,ai-tong,4,ChdDSUhNMG9nS0VJQ0FnSUNsc2N1bl9BRRAB,4,2023-12-31 09:34:42.419577+00,https://www.google.com/maps/contrib/117466204414430572855/reviews?hl=en,It is a nice place to be in,a month ago,2023-12-01 09:34:42.689585+00,Lucas Yeo
18,ai-tong,0,ChdDSUhNMG9nS0VJQ0FnSUNsdHJTTndRRRAB,5,2023-12-31 09:34:42.419577+00,https://www.google.com/maps/contrib/101752369651327945671/reviews?hl=en,"Don't take ats for granted, is the best",a month ago,2023-12-01 09:34:42.740576+00,Joelle
19,ai-tong,0,ChdDSUhNMG9nS0VJQ0FnSUNseHYyN2xRRRAB,5,2023-12-31 09:34:42.420576+00,https://www.google.com/maps/contrib/100509334756406712220/reviews?hl=en,"i’m from this school and it’s good. people there are cool and ai tong wins competitions a lot. good facilities too and while i can’t say the teachers there are all good, i can say that most are",a month ago,2023-12-01 09:34:42.784581+00,Ethan Chew
20,ai-tong,0,ChZDSUhNMG9nS0VJQ0FnSURaN3Ffa2VnEAE,5,2023-12-31 09:34:42.421576+00,https://www.google.com/maps/contrib/111383551435949464599/reviews?hl=en,OMG,2 months ago,2023-11-01 09:34:42.841302+00,Lee Ensheng
21,ai-tong,0,ChZDSUhNMG9nS0VJQ0FnSURwci1tMGRREAE,5,2023-12-31 09:34:42.421576+00,https://www.google.com/maps/contrib/105908982553664081520/reviews?hl=en,"school of rich heritage, and well maintained facilities",3 months ago,2023-10-02 09:34:42.885302+00,ovori
22,ai-tong,0,ChdDSUhNMG9nS0VJQ0FnSUNwc0w3UDVBRRAB,5,2023-12-31 09:34:42.422577+00,https://www.google.com/maps/contrib/113579896503055671861/reviews?hl=en,it is a school with very rich history and the kids in that school are very polite. their grades are also very good. 5 stars!,5 months ago,2023-08-03 09:34:42.927297+00,Jade Ng Gek Choo
25,ai-tong,27,ChZDSUhNMG9nS0VJQ0FnSUN4bGVITENREAE,4,2023-12-31 09:34:42.424577+00,https://www.google.com/maps/contrib/107771912072372927461/reviews?hl=en,Great school!,7 months ago,2023-06-04 09:34:43.106292+00,Xu Mingjie (Bsss)
26,ai-tong,0,ChdDSUhNMG9nS0VJQ0FnSUNKenRmel9RRRAB,5,2023-12-31 09:34:42.424577+00,https://www.google.com/maps/contrib/103216344454789434555/reviews?hl=en,Very nice school,6 months ago,2023-07-04 09:34:43.055292+00,Mai Thi Muon
27,ai-tong,1,ChdDSUhNMG9nS0VJQ0FnSUR1aEwzUGxRRRAB,5,2023-12-31 09:34:42.42558+00,https://www.google.com/maps/contrib/103469770283298516099/reviews?hl=en,"I was a student in that school last year but now I have graduated and went into a secondary school nearby which is called peirce secondary, I chose that school cause is convenient to came back to Ai Tong",8 months ago,2023-05-05 09:34:43.145292+00,Chong Yu Qi (Peircess)
28,ai-tong,370,ChdDSUhNMG9nS0VJQ0FnSURobnVMQy13RRAB,5,2023-12-31 09:34:42.426581+00,https://www.google.com/maps/contrib/115313509232072224675/reviews?hl=en,School with old tradition and good values,9 months ago,2023-04-05 09:34:43.183292+00,Yuanjing Li
33,ai-tong,4,ChdDSUhNMG9nS0VJQ0FnSUR1cDRMTzNRRRAB,5,2023-12-31 09:34:49.569013+00,https://www.google.com/maps/contrib/100778125872441325060/reviews?hl=en,I was an ex student of this school and yeah. I made alot of good friends there. Very nice school.,a year ago,2022-12-31 09:34:49.575016+00,Shawn Siah
35,ai-tong,34,ChZDSUhNMG9nS0VJQ0FnSUM2aDdQSUdREAE,1,2023-12-31 09:34:49.571015+00,https://www.google.com/maps/contrib/100854894487542216713/reviews?hl=en,the students are very rude  worst school ever,a year ago,2022-12-31 09:34:49.663894+00,Chloe [ -_- ]
36,ai-tong,0,ChdDSUhNMG9nS0VJQ0FnSUQybjZULTVBRRAB,5,2023-12-31 09:34:49.571015+00,https://www.google.com/maps/contrib/113431120362570281355/reviews?hl=en,Very encouraging school environment yet also focus well in moral education.👍🏻 …,a year ago,2022-12-31 09:34:49.698913+00,SLP SLP
37,ai-tong,0,ChdDSUhNMG9nS0VJQ0FnSUQyMnZXN3hRRRAB,5,2023-12-31 09:34:49.572015+00,https://www.google.com/maps/contrib/112300830911248692406/reviews?hl=en,This is awesome very nice!,a year ago,2022-12-31 09:34:49.737899+00,Joyce & Jayne
40,ai-tong,596,ChRDSUhNMG9nS0VJQ0FnSUQ2cm9ZZRAB,5,2023-12-31 09:34:49.574014+00,https://www.google.com/maps/contrib/114102534258190098998/reviews?hl=en,A good primary school,2 years ago,2021-12-31 09:34:49.883895+00,Mark Lee
43,ai-tong,13,ChZDSUhNMG9nS0VJQ0FnSUNxdy1tZlF3EAE,5,2023-12-31 09:34:56.1456+00,https://www.google.com/maps/contrib/102462668883916872886/reviews?hl=en,"The school has safe learning environment and focus on building kid’s character by teaching them to have growth mindset. Most of the Teachers there are kind, supportive and encouraging!",2 years ago,2021-12-31 09:34:56.151602+00,Happy Bellygood
47,ai-tong,68,ChdDSUhNMG9nS0VJQ0FnSURDcEpfQ19RRRAB,2,2023-12-31 09:34:56.1486+00,https://www.google.com/maps/contrib/106787195098854511949/reviews?hl=en,Audrey Cheng study at Alumni Ai Tong primary school,3 years ago,2020-12-31 09:34:56.3466+00,KiiKii L Belle
51,ai-tong,0,ChZDSUhNMG9nS0VJQ0FnSUQ4MmZqWURnEAE,5,2023-12-31 09:34:56.1506+00,https://www.google.com/maps/contrib/114402238868556990441/reviews?hl=en,This is my school lol,3 years ago,2020-12-31 09:34:56.465967+00,Lian kee Goh
54,ai-tong,144,ChZDSUhNMG9nS0VJQ0FnSUNjazUtdlVREAE,3,2023-12-31 09:35:02.830724+00,https://www.google.com/maps/contrib/104977248601937790401/reviews?hl=en,Nearby School for Industrial workplaces,3 years ago,2020-12-31 09:35:02.835724+00,Vijayaragavan Iyappan
57,ai-tong,223,ChdDSUhNMG9nS0VJQ0FnSUMwdWJyc3p3RRAB,4,2023-12-31 09:35:02.832726+00,https://www.google.com/maps/contrib/110421669761930187671/reviews?hl=en,I just visited this place and I can say that the children here are very polite and well mannered,4 years ago,2020-01-01 09:35:02.942725+00,Christian Dick Ignacio
60,ai-tong,277,ChdDSUhNMG9nS0VJQ0FnSURJczRhRWpBRRAB,5,2023-12-31 09:35:02.834724+00,https://www.google.com/maps/contrib/105981886206949760154/reviews?hl=en,"Wonderful place for a child’s formative development. Strong emphasis on moral values alongside academic excellence and discipline.  This school used to be directly managed by the Hokkien Association of Singapore till sometime in 2001, with the passing of the long-time School Principal. Thereafter it become a full fledged MOE school.",4 years ago,2020-01-01 09:35:03.089515+00,Hooke Wando
61,ai-tong,0,ChZDSUhNMG9nS0VJQ0FnSUNvMXJYZGZ3EAE,5,2023-12-31 09:35:02.835724+00,https://www.google.com/maps/contrib/103424198164840764884/reviews?hl=en,Great place for a child to study during the formative years. Strong emphasis not just on academic and physical excellence but also on values.,4 years ago,2020-01-01 09:35:03.124515+00,Jonathan Lee
66,ai-tong,480,ChdDSUhNMG9nS0VJQ0FnSUR3dUpQdHNBRRAB,5,2023-12-31 09:35:09.455693+00,https://www.google.com/maps/contrib/116945375216858901706/reviews?hl=en,Very impress with this school. It teach Chinese values.,5 years ago,2019-01-01 09:35:09.582691+00,Jessie Soon
67,ai-tong,0,ChdDSUhNMG9nS0VJQ0FnSURBeDZ5MXF3RRAB,5,2023-12-31 09:35:09.455693+00,https://www.google.com/maps/contrib/111280912230695706076/reviews?hl=en,Best school ever,5 years ago,2019-01-01 09:35:09.620691+00,ite malay retain
70,ai-tong,0,ChZDSUhNMG9nS0VJQ0FnSUN3OHJ5OExnEAE,5,2023-12-31 09:35:09.457691+00,https://www.google.com/maps/contrib/102819725842476567744/reviews?hl=en,I study in that school,5 years ago,2019-01-01 09:35:09.728705+00,y
73,ai-tong,0,ChZDSUhNMG9nS0VJQ0FnSUN3enJIaWV3EAE,5,2023-12-31 09:35:16.09669+00,https://www.google.com/maps/contrib/104607970218783476067/reviews?hl=en,This is my school.I love it as I have the most caring and patient teacher to guide me along.The conducive environment facilitate a holistic development not only in academic performance but also character and leadership building.Its a great honour to be in ATS( AI TONG SCH).,6 years ago,2018-01-01 09:35:16.102691+00,Wayne Ngian
75,ai-tong,10,ChZDSUhNMG9nS0VJQ0FnSUNBNjVqMUtREAE,5,2023-12-31 09:35:16.098691+00,https://www.google.com/maps/contrib/114568819994298728634/reviews?hl=en,Nice!!!!!😎 …,6 years ago,2018-01-01 09:35:16.195697+00,Vincent Lim
76,ai-tong,633,ChZDSUhNMG9nS0VJQ0FnSURnNk9tNWRREAE,4,2023-12-31 09:35:16.098691+00,https://www.google.com/maps/contrib/111687787553725960008/reviews?hl=en,Just a room for the Alumni members,6 years ago,2018-01-01 09:35:16.160694+00,Lionel Tan
78,ai-tong,12,ChdDSUhNMG9nS0VJQ0FnSUN3aGRQYzdnRRAB,5,2023-12-31 09:35:16.099691+00,https://www.google.com/maps/contrib/106539445540165976665/reviews?hl=en,It's a famous primary school,7 years ago,2017-01-01 09:35:16.234704+00,keo ying chin
81,ai-tong,0,ChdDSUhNMG9nS0VJQ0FnSURBakkyV3l3RRAB,3,2023-12-31 09:35:16.101691+00,https://www.google.com/maps/contrib/110319753363152519328/reviews?hl=en,ai tong is an okay school,7 years ago,2017-01-01 09:35:16.37969+00,Harry Mak
82,ai-tong,0,ChdDSUhNMG9nS0VJQ0FnSURRNnAtcjFRRRAB,5,2023-12-31 09:35:16.102691+00,https://www.google.com/maps/contrib/105983637569896534078/reviews?hl=en,Awsome,8 years ago,2016-01-02 09:35:16.417691+00,Angela Phua
85,alexandra,0,ChZDSUhNMG9nS0VJQ0FnSUNsdGJUNVlREAE,3,2023-12-31 15:24:49.098458+00,https://www.google.com/maps/contrib/101423046800363990063/reviews?hl=en,"Not bad the school field is artificial grass so all those football fans yall should go there , but the toilet bowls can be smelly and there us poop , the teachers are nice , for me i kinda dislike how bias they r sometimes and they always compare classes , BUT , the canteen food is so nice stall 3 hashbrowns with sambal is a must , having food from the school canteen is like having food from a five star restaurant , so nice i will miss this school alot",a month ago,2023-12-01 15:24:49.112461+00,darkblazer jx
86,alexandra,18,ChZDSUhNMG9nS0VJQ0FnSURoa1pycUhnEAE,4,2023-12-31 15:24:49.099459+00,https://www.google.com/maps/contrib/102237155074552778415/reviews?hl=en,have many good memories,a month ago,2023-12-01 15:24:49.196458+00,Skye Rules
87,alexandra,4,ChZDSUhNMG9nS0VJQ0FnSUNaNjlpV0F3EAE,5,2023-12-31 15:24:49.100458+00,https://www.google.com/maps/contrib/114099023514316324524/reviews?hl=en,The teachers are teaching very well they always make teaching fun and enjoyable,3 months ago,2023-10-02 15:24:49.347471+00,Zoey Lee
88,alexandra,0,ChdDSUhNMG9nS0VJQ0FnSUNseHFQNzR3RRAB,4,2023-12-31 15:24:49.100458+00,https://www.google.com/maps/contrib/109192686274325648652/reviews?hl=en,"just recently graduated from that place, most of the teachers there are nice and friendly (especially after psle) and i honestly dont like how mdm teo(principal) talks a lot everyday. but im definitely gonna miss my teachers, friends and schoolmates/classmates. this school is great and my (potential) juniors, if you are going to a primary school soon, go to this school. i assure you that this school has very less toxic people unlike the other primary schools.",a month ago,2023-12-01 15:24:49.29346+00,dan
89,alexandra,0,ChZDSUhNMG9nS0VJQ0FnSUN4cGJ1dVhnEAE,5,2023-12-31 15:24:49.101458+00,https://www.google.com/maps/contrib/103438356158516291239/reviews?hl=en,My daughter told me to give 5 starts as a P1 student in ALPS. She says there are alot of play area and good lessons and friendly teachers.,7 months ago,2023-06-04 15:24:49.401468+00,Dex Tew
91,alexandra,0,ChdDSUhNMG9nS0VJQ0FnSURCbFp1WV93RRAB,5,2023-12-31 15:24:49.10246+00,https://www.google.com/maps/contrib/103495915439274627829/reviews?hl=en,"Am Jonathan’s classmate, got a lotta good memories here!",11 months ago,2023-02-04 15:24:49.515468+00,SilverwindStrikes
92,alexandra,25,ChdDSUhNMG9nS0VJQ0FnSUN1bXVDWHJBRRAB,5,2023-12-31 15:24:49.103459+00,https://www.google.com/maps/contrib/102689218568385117662/reviews?hl=en,Best School in Bukit Merah - Lower Delta Area  Had a lot of memories there as an Alexandrian and also an alumni.,a year ago,2022-12-31 15:24:49.559468+00,thelevitator
94,alexandra,0,ChdDSUhNMG9nS0VJQ0FnSUQtZ0s3dzNnRRAB,5,2023-12-31 15:24:49.10446+00,https://www.google.com/maps/contrib/117662097095427486094/reviews?hl=en,Schooled there for 6 years lots of memories love the teachers especially ms Kua she has helped me with my math and I proved from my premlim exam love you guys ❤️,a year ago,2022-12-31 15:24:49.626468+00,Jayden Ong
96,alexandra,0,ChZDSUhNMG9nS0VJQ0FnSUN1Z3N5Q1h3EAE,5,2023-12-31 15:24:49.106459+00,https://www.google.com/maps/contrib/103804600044391698953/reviews?hl=en,I leart over here in 2021-2022 and i learn the 8vales,a year ago,2022-12-31 15:24:49.784461+00,Pyia Phyo
97,alexandra,277,ChdDSUhNMG9nS0VJQ0FnSUNlLXY2cjhRRRAB,5,2023-12-31 15:24:49.106459+00,https://www.google.com/maps/contrib/115092880506160654396/reviews?hl=en,Very good,a year ago,2022-12-31 15:24:49.750459+00,Sweta Das
100,alexandra,0,ChdDSUhNMG9nS0VJQ0FnSUNXdE1QSmp3RRAB,5,2023-12-31 15:24:49.109461+00,https://www.google.com/maps/contrib/101730921303289408368/reviews?hl=en,I am Rizwana from 2 Harmony and l like this school❤💛💙🤍 …,a year ago,2022-12-31 15:24:49.89546+00,RiZWANA
101,alexandra,0,ChdDSUhNMG9nS0VJQ0FnSURtOTd5TTFnRRAB,1,2023-12-31 15:24:49.109461+00,https://www.google.com/maps/contrib/105428212415059606963/reviews?hl=en,is not bad good neighbour hood school,a year ago,2022-12-31 15:24:49.932458+00,YeeT Flash
102,alexandra,0,ChdDSUhNMG9nS0VJQ0FnSURtaG95dGxRRRAB,5,2023-12-31 15:24:49.11046+00,https://www.google.com/maps/contrib/104288923475078965714/reviews?hl=en,"Its really amazing, the teachers might scold you but its because they want you to do well, the best few years of my life were spent there",a year ago,2022-12-31 15:24:50.009464+00,G r a s s
103,alexandra,0,ChZDSUhNMG9nS0VJQ0FnSUNtamVtOU5BEAE,5,2023-12-31 15:24:49.111461+00,https://www.google.com/maps/contrib/110645744835775915761/reviews?hl=en,"very good school, i made many good friends and the teachers are very nice and caring. the school environment is also very suitable for learning!",a year ago,2022-12-31 15:24:50.044471+00,Jonathan
106,alexandra,74,ChdDSUhNMG9nS0VJQ0FnSUNhZzZQLS1RRRAB,5,2023-12-31 15:24:56.285892+00,https://www.google.com/maps/contrib/104271666599188362337/reviews?hl=en,"Best school ever! Great and caring Teachers, and a fun environment to grow up too!",2 years ago,2021-12-31 15:24:56.291895+00,Lucas Ng
107,alexandra,0,ChZDSUhNMG9nS0VJQ0FnSURDcjY3RUNREAE,5,2023-12-31 15:24:56.286894+00,https://www.google.com/maps/contrib/107007550345960722270/reviews?hl=en,Best school ever. Teachers teach students to be kind and have good character values. Join this primary school!,3 years ago,2020-12-31 15:24:56.368894+00,sandice Tan
109,alexandra,0,ChZDSUhNMG9nS0VJQ0FnSURNMzVLSGVnEAE,5,2023-12-31 15:24:56.287893+00,https://www.google.com/maps/contrib/107268343434450150332/reviews?hl=en,"Cosy school, holistic education and genuinely caring teachers. Highly recommended!",3 years ago,2020-12-31 15:24:56.454893+00,Esther Y
113,alexandra,7,ChZDSUhNMG9nS0VJQ0FnSUNNMXEyY0h3EAE,5,2023-12-31 15:24:56.290894+00,https://www.google.com/maps/contrib/110133180665042207179/reviews?hl=en,I love this place! The school is excellent!👍 …,4 years ago,2020-01-01 15:24:56.654903+00,jov4n t
117,alexandra,21,ChdDSUhNMG9nS0VJQ0FnSUNZMk1lYWh3RRAB,2,2023-12-31 15:25:02.974371+00,https://www.google.com/maps/contrib/111349203377065427876/reviews?hl=en,"The only army camp in the vicinity. High expectations of parents. Parents having separate Whatsapp groups just to complain and whine about teachers. Lack of respect for teachers. Lack of welfare from SLs. Explains the high turnover rate. As a parent, I just hope other parents can learn to appreciate the hard work put in by teachers for our kids.",4 years ago,2020-01-01 15:25:03.105928+00,Alex Wong
124,alexandra,138,ChdDSUhNMG9nS0VJQ0FnSUNRM2NiLTFBRRAB,5,2023-12-31 15:25:02.978373+00,https://www.google.com/maps/contrib/107589541307881387563/reviews?hl=en,Best Primary School of Singapore City,5 years ago,2019-01-01 15:25:03.385932+00,Hashim Javed
126,alexandra,340,ChZDSUhNMG9nS0VJQ0FnSUN3aGQtZGVREAE,5,2023-12-31 15:25:09.663489+00,https://www.google.com/maps/contrib/105006445839795508024/reviews?hl=en,I'm happy with the school. My granddaughter is in p1 this year. Wonder if the school allow student to put on earrings? I saw one at bus stop along Alexander road.. name Choker Ju... (I cann't get the whole name),5 years ago,2019-01-01 15:25:09.708487+00,Philip Wong
129,alexandra,0,ChZDSUhNMG9nS0VJQ0FnSUN3MG83dEN3EAE,5,2023-12-31 15:25:09.665488+00,https://www.google.com/maps/contrib/106500976564490316010/reviews?hl=en,I like Alexandra Primary School as the teacher Form and co-form teacher as they were kine to,6 years ago,2018-01-01 15:25:09.885492+00,Mae Hu
131,alexandra,0,ChdDSUhNMG9nS0VJQ0FnSUNBbTg2YnJ3RRAB,5,2023-12-31 15:25:09.666488+00,https://www.google.com/maps/contrib/104877818327616398907/reviews?hl=en,Amazing,6 years ago,2018-01-01 15:25:09.923495+00,JG Y
132,anchor-green,0,ChdDSUhNMG9nS0VJQ0FnSUMxZ0tLTzB3RRAB,5,2023-12-31 15:25:35.822605+00,https://www.google.com/maps/contrib/109204618265633940646/reviews?hl=en,"I've graduated from this sch and the teachers are quite friendly if you aren't mischievious.Though they may be sometimes strict,they genuinely want the best.Like Mrs Vara,shes a good teacher.For those who are looking for a school,you should go here",a week ago,2023-12-24 15:25:35.835608+00,BlankMind
133,anchor-green,0,ChdDSUhNMG9nS0VJQ0FnSUNsZ19UU2lnRRAB,5,2023-12-31 15:25:35.823606+00,https://www.google.com/maps/contrib/113344664213716369115/reviews?hl=en,"My daughter just graduated from this school several days ago, and she says that one thing that sets this apart is the really good food, plus the very convenient bookshop in the school. Furthermore, she says that her teachers, Mdm Wani, Mdm Canny Wong, Mrs Thiro, Mdm Siti, Miss Yeow, and her Chinese teacher Mrs Chua (6.3) were all so nice and great teachers. If you want a good school, come here, its pretty good and there are a lot of learning journeys (PS : She would like to say thank you to Wu Laoshi from 1I)",a month ago,2023-12-01 15:25:35.880605+00,Ellyana Kumala
134,anchor-green,0,ChZDSUhNMG9nS0VJQ0FnSURaNEtPMldBEAE,5,2023-12-31 15:25:35.824605+00,https://www.google.com/maps/contrib/118071315366623410968/reviews?hl=en,"This school might be the best in Sengkang. The teachers were fun and engaging, and as class of 2021, I was so sad to leave the school. The food was good, especially the western stall, which has long queues every single day. The bookshop auntie was so cute and nice and I felt bad for her having to deal with our nonsense of not lining up 😓😓. I’ve had great teachers like Ms Ng, Mrs Vara, Ms Theresa Ng and Mdm Syakila. I’ve also had great friends, whom I still keep in touch with, and some even in the same class as me. AGPS is so fun and exciting!",3 months ago,2023-10-02 15:25:35.982605+00,William Procházková Smírnová (William Farquhar)
135,anchor-green,0,ChdDSUhNMG9nS0VJQ0FnSURaalpIOWdnRRAB,2,2023-12-31 15:25:35.824605+00,https://www.google.com/maps/contrib/105704497721918137617/reviews?hl=en,It's enormous,2 months ago,2023-11-01 15:25:35.931605+00,Ramanlal Patel
137,anchor-green,0,ChdDSUhNMG9nS0VJQ0FnSUNKNDhMZXF3RRAB,5,2023-12-31 15:25:35.826605+00,https://www.google.com/maps/contrib/103320311324430275662/reviews?hl=en,"I love this school so so much, the teachers are very great and love the school’s atmosphere 💗💗 people from this primary school have went to top elite schools in secondary 🙌 #ag15 this school very very nice all those ppl who put one star are just jealous 😭💗 …",5 months ago,2023-08-03 15:25:36.104605+00,Foo Ning En (Scgss)
138,anchor-green,0,ChdDSUhNMG9nS0VJQ0FnSUNwamJpSGl3RRAB,2,2023-12-31 15:25:35.826605+00,https://www.google.com/maps/contrib/106726511486272120441/reviews?hl=en,Decent.,4 months ago,2023-09-02 15:25:36.067606+00,Pooh TheBear
139,anchor-green,0,ChZDSUhNMG9nS0VJQ0FnSUNKalplZUx3EAE,5,2023-12-31 15:25:35.827605+00,https://www.google.com/maps/contrib/101642224224713603537/reviews?hl=en,"This school is great! The food is delicious, the teachers are great, and they host alot of activities! Definitely recommend this school.",5 months ago,2023-08-03 15:25:36.143605+00,Ben wan
140,anchor-green,0,ChZDSUhNMG9nS0VJQ0FnSURScDdPYkhnEAE,4,2023-12-31 15:25:35.828607+00,https://www.google.com/maps/contrib/108780576145451364403/reviews?hl=en,"I wont rate this school the best but it is pretty great and the teachers were really kind to me.The canteen food are really delicous!!!I would recomment the mac and cheese,the my favourate food out of all the food canteen.For my CCA Guzheng,I used to be so in loved with it as last year(2022)use to have snack break which is apropximately 10 mins.But now,has no snack break,only drinking water and/or going to toilet for 5 mins(max).But on the bright side,this school have lot of friends to make and we all are very and and helpful. Hope this info help!(●'◡'●)",7 months ago,2023-06-04 15:25:36.184605+00,Leong Lok Shuen (Anchorgreenps)
141,anchor-green,0,ChdDSUhNMG9nS0VJQ0FnSURoN3NxaHdnRRAB,5,2023-12-31 15:25:35.828607+00,https://www.google.com/maps/contrib/108609626751837608897/reviews?hl=en,"I studied here for 6 years and the food is delicious 😋 teachers are all very fair and kind, the way they teach is great and fun :) the cca are very fun , I recommend modern dance. You can meet many great people! I am proud to be a ex-student at anchor green primary school. 😁 …",9 months ago,2023-04-05 15:25:36.224605+00,Kaede Chua
142,anchor-green,8,ChdDSUhNMG9nS0VJQ0FnSUNoLXI2Vm5nRRAB,5,2023-12-31 15:25:35.829608+00,https://www.google.com/maps/contrib/104560462879372676213/reviews?hl=en,It has the best teacher and experience but... your class maybe noisy when you join,10 months ago,2023-03-06 15:25:36.258788+00,Vivarazzy Elisyam M A
145,anchor-green,0,ChZDSUhNMG9nS0VJQ0FnSURCMm9Qc1hnEAE,5,2023-12-31 15:25:35.831608+00,https://www.google.com/maps/contrib/103716796445692174131/reviews?hl=en,"Before next year in PSLE (I’m in 2023) I have to rate this, So people sometimes are really sus they always say cringe stuff. But on the bright side the strict teachers are teaching me well and recess is a little chaotic but nice food, I like the P1 Buddy program but my buddy keep running around.I also like ICT lessons I wish I can have more. And finally my grades are in a Ok status",11 months ago,2023-02-04 15:25:36.372792+00,Lau Shao Kang (Anchorgreenps)
147,anchor-green,0,ChdDSUhNMG9nS0VJQ0FnSURldzRfdTBnRRAB,5,2023-12-31 15:25:35.832608+00,https://www.google.com/maps/contrib/117235877793024001312/reviews?hl=en,Good school and the food is 👍🏼.  Best recommendation! …,a year ago,2022-12-31 15:25:36.455792+00,Angel Lim
148,anchor-green,0,ChZDSUhNMG9nS0VJQ0FnSUR1LUkzNGJREAE,1,2023-12-31 15:25:35.833608+00,https://www.google.com/maps/contrib/114548934528404744349/reviews?hl=en,"This school disciplinary is low in standards,i studied here for 6 years, discipline masters is way too unfair, the Teachers is great,principle Mdm norliza was great but their disciplinary is not there.would not recommend to parents",a year ago,2022-12-31 15:25:36.494033+00,Xavier Tan
150,anchor-green,4,ChZDSUhNMG9nS0VJQ0FnSURXajd5LU5BEAE,3,2023-12-31 15:25:35.834608+00,https://www.google.com/maps/contrib/114911078347223333467/reviews?hl=en,is anyone a friend of destin lau ven kit or a parent of him or IS him? I'm looking for him and I think he might be in this school. Pls email me if you are any of the following!,a year ago,2022-12-31 15:25:36.577082+00,julia
151,anchor-green,0,ChdDSUhNMG9nS0VJQ0FnSURXd2JLT21RRRAB,5,2023-12-31 15:25:35.835608+00,https://www.google.com/maps/contrib/102059324612141200664/reviews?hl=en,this school is very good very niice,a year ago,2022-12-31 15:25:36.618082+00,zxytz
154,anchor-green,0,ChdDSUhNMG9nS0VJQ0FnSUNLbmJLdDNnRRAB,5,2023-12-31 15:25:42.821611+00,https://www.google.com/maps/contrib/101809281982915578671/reviews?hl=en,This school is good. teachers very nice.,2 years ago,2021-12-31 15:25:42.906611+00,Josh Lee
156,anchor-green,0,ChZDSUhNMG9nS0VJQ0FnSUNDX01EZWR3EAE,5,2023-12-31 15:25:42.82361+00,https://www.google.com/maps/contrib/106940513375194381169/reviews?hl=en,This school is good but i'd say 5 stars for this school and i studied here for 3 years !,3 years ago,2020-12-31 15:25:43.019611+00,haryanto sinom
157,anchor-green,0,ChZDSUhNMG9nS0VJQ0FnSUNDb3ZPU0hnEAE,5,2023-12-31 15:25:42.82361+00,https://www.google.com/maps/contrib/105840333530942997129/reviews?hl=en,So far so good,3 years ago,2020-12-31 15:25:42.98861+00,May Mona Wong
159,anchor-green,1,ChZDSUhNMG9nS0VJQ0FnSURjNl83allnEAE,1,2023-12-31 15:25:42.82461+00,https://www.google.com/maps/contrib/110251931571510101074/reviews?hl=en,Bad school lol,3 years ago,2020-12-31 15:25:43.061611+00,Simon Voo
160,anchor-green,0,ChZDSUhNMG9nS0VJQ0FnSUNjM2RHTUJBEAE,1,2023-12-31 15:25:42.825612+00,https://www.google.com/maps/contrib/117969875022378982402/reviews?hl=en,"Horrible School, the general office people did not attend to my needs.",3 years ago,2020-12-31 15:25:43.149812+00,Coronavirus Coronavirus
163,anchor-green,0,ChdDSUhNMG9nS0VJQ0FnSUNNM3FQbDNnRRAB,3,2023-12-31 15:25:49.490052+00,https://www.google.com/maps/contrib/104465144198501654409/reviews?hl=en,After 6 years I can say that this school is ok not good not bad but in the middle the teachers can be biased but none the less I still reccommend this school to parents,4 years ago,2020-01-01 15:25:49.495052+00,Recolia Ng
166,anchor-green,4,ChdDSUhNMG9nS0VJQ0FnSUMwZ002NDBBRRAB,5,2023-12-31 15:25:49.492053+00,https://www.google.com/maps/contrib/106828303162312814272/reviews?hl=en,"Most of the bad reviews here are from students who hate school and studying,so don’t bother them.This is a great school with good facilities and teachers who always cater to our needs.Even though I am a student studying into this school,I have to admit that the students in this school have to be more disciplined.However,this school has been excelling in both academics and CCAs.I am extremely proud to be an Anchorlite.",4 years ago,2020-01-01 15:25:49.702052+00,laasya :D
167,anchor-green,0,ChdDSUhNMG9nS0VJQ0FnSUNVc19PUTVnRRAB,5,2023-12-31 15:25:49.493051+00,https://www.google.com/maps/contrib/112763127126420235161/reviews?hl=en,I love the school. It is filled with fun and education right at the same time. 👍👍👍 …,4 years ago,2020-01-01 15:25:49.785052+00,Jermaine
171,anchor-green,0,ChdDSUhNMG9nS0VJQ0FnSUM0cnBydzBBRRAB,5,2023-12-31 15:25:49.495052+00,https://www.google.com/maps/contrib/106554502272262824057/reviews?hl=en,My son studied here. The teachers were great and he scored academically well. Great school,4 years ago,2020-01-01 15:25:49.870051+00,Sachin Varshney
172,anchor-green,8,ChZDSUhNMG9nS0VJQ0FnSUNJdWZqQlpBEAE,5,2023-12-31 15:25:56.204595+00,https://www.google.com/maps/contrib/118258207397966411696/reviews?hl=en,Excellent,5 years ago,2019-01-01 15:25:56.210595+00,Vansh Sharma
175,anchor-green,78,ChZDSUhNMG9nS0VJQ0FnSUNBNXVhUFhREAE,3,2023-12-31 15:25:56.206596+00,https://www.google.com/maps/contrib/115475954573236976732/reviews?hl=en,Good place,6 years ago,2018-01-01 15:25:56.341594+00,Vincent Chua
178,anchor-green,44,ChdDSUhNMG9nS0VJQ0FnSUN3cTdiR2x3RRAB,5,2023-12-31 15:25:56.208595+00,https://www.google.com/maps/contrib/110687413343122651320/reviews?hl=en,Very good school,6 years ago,2018-01-01 15:25:56.519594+00,JB GG
180,anderson,0,ChdDSUhNMG9nS0VJQ0FnSUMxdHRXdHZBRRAB,4,2023-12-31 15:26:22.646905+00,https://www.google.com/maps/contrib/105847503645320438194/reviews?hl=en,"Hi, Kheng Xing Fei here. I graduated from here in 2023. This school is quite good, but there’s a lot of toxic and mean people that make it seem like a bad school. The counselors are actually quite empathetic! I highly recommend. Many teachers are nice too, especially the art teachers. I’ve acted a little bit childish but they’ve found it amusing and honestly, I like it when people are entertained.  The toxicity of some students have brought me in very bad mental shape. Ever since they’ve been friends with me, it has affected my personality and I was not aware of it until my friends outside of this school accused me of acting rude.  This school is quite clean! The food and beverages they sell is totally worth the price. The students get pretty good discipline when they do something wrong.(my personal experience that included myself getting disciplined.)  If you live somewhere near this school, do consider signing your child up for this school.",a day ago,2023-12-30 15:26:22.660908+00,HOLY MACARONI MAMMAMIA
181,anderson,0,ChdDSUhNMG9nS0VJQ0FnSUMxNXNXZDdnRRAB,1,2023-12-31 15:26:22.647907+00,https://www.google.com/maps/contrib/105377517305462937227/reviews?hl=en,"It freaking suck, the teachers there suck, everything suck and the teachers take aways thing and scolded us for no reason. IT SUCKS (save yourself everybody, don't go to school here)",2 days ago,2023-12-29 15:26:22.700905+00,Xiao Ying Li
182,anderson,14,ChZDSUhNMG9nS0VJQ0FnSUMxaUllalJREAE,5,2023-12-31 15:26:22.648906+00,https://www.google.com/maps/contrib/106431716201798874011/reviews?hl=en,I love wolves  best school ever! i remember vry clearly during class i was sound asleep when the fire alarm suddenly rang!! The teacher brought us to the field and there was a troll out there! The troll was happily munching on the P1 kids! So the canteen auntie dissolved it into thin air and we “L”Ed it as it left us! 😎  oh yeah and my crippling depression and mental health issues came from here but it's whatever😊,a week ago,2023-12-24 15:26:22.730905+00,Random Person
183,anderson,0,ChZDSUhNMG9nS0VJQ0FnSUMxeUlUcVF3EAE,5,2023-12-31 15:26:22.649906+00,https://www.google.com/maps/contrib/116527997054846017621/reviews?hl=en,"I was a student in this sch for 6 years. I graduated in 2023. I still remember the times when weird, but fun stuff happened. For one example, one time when we were running laps in the field, a bird with a human face swooped down and picked on a fight with one of my classmates. We were all very shocked upon seeing what was happening! Luckily, my cher quickly ate the bird and morphed into one! My classmate then evaporated into thin air and was last seen on a tiktok as a furry.",a week ago,2023-12-24 15:26:22.761906+00,Kai le
184,anderson,3,ChZDSUhNMG9nS0VJQ0FnSURGbnRINE13EAE,5,2023-12-31 15:26:22.649906+00,https://www.google.com/maps/contrib/100655581577235022168/reviews?hl=en,Very good government school and easy for working parents. Child care services after school hours 😁 …,a month ago,2023-12-01 15:26:22.792906+00,Singa Lion
186,anderson,0,ChZDSUhNMG9nS0VJQ0FnSUM1bmUtVVpREAE,5,2023-12-31 15:26:22.650905+00,https://www.google.com/maps/contrib/109077467874877598158/reviews?hl=en,My son learned more faster in his work and has good handwriting.,2 months ago,2023-11-01 15:26:22.838166+00,Suriyantie Kamsani
187,anderson,0,ChdDSUhNMG9nS0VJQ0FnSUNaNFozUXp3RRAB,1,2023-12-31 15:26:22.651906+00,https://www.google.com/maps/contrib/113585417572588384856/reviews?hl=en,no more magical toilet bowl 👎👎 …,3 months ago,2023-10-02 15:26:22.921206+00,bruh stars
189,anderson,0,ChdDSUhNMG9nS0VJQ0FnSUNKNlpuYXh3RRAB,5,2023-12-31 15:26:22.652907+00,https://www.google.com/maps/contrib/115608537043619091502/reviews?hl=en,Anderson primary is the best school that I been to,6 months ago,2023-07-04 15:26:23.001206+00,Carissa Goh
190,anderson,0,ChZDSUhNMG9nS0VJQ0FnSUNKMGJhOEZ3EAE,5,2023-12-31 15:26:22.653908+00,https://www.google.com/maps/contrib/109369717902487244466/reviews?hl=en,Goo goo ga ga,6 months ago,2023-07-04 15:26:23.052204+00,Itz Momonga
191,anderson,0,ChZDSUhNMG9nS0VJQ0FnSUNSdElPS01BEAE,5,2023-12-31 15:26:22.654906+00,https://www.google.com/maps/contrib/109915017717432178271/reviews?hl=en,It has a lot of good teachers and cleanners,9 months ago,2023-04-05 15:26:23.093205+00,HJ K
195,anderson,51,ChZDSUhNMG9nS0VJQ0FnSUM2c3JIRmFnEAE,5,2023-12-31 15:26:22.657908+00,https://www.google.com/maps/contrib/110067270282455233653/reviews?hl=en,im dying to see mr tan later,2 years ago,2021-12-31 15:26:23.303205+00,bb cadsf
197,anderson,0,ChZDSUhNMG9nS0VJQ0FnSUNxMkxXc09nEAE,5,2023-12-31 15:26:22.658908+00,https://www.google.com/maps/contrib/118096399503414004053/reviews?hl=en,The basketball team there is good peace,2 years ago,2021-12-31 15:26:23.344206+00,Noah Eliott Cheng (Andersonps)
198,anderson,15,ChZDSUhNMG9nS0VJQ0FnSUR5LWVha0NREAE,5,2023-12-31 15:26:22.659908+00,https://www.google.com/maps/contrib/115112152566469850420/reviews?hl=en,"I love the school, especially the teachers are kind and helpful",2 years ago,2021-12-31 15:26:23.377205+00,Jeryl Cheong
200,anderson,40,ChZDSUhNMG9nS0VJQ0FnSUNpcnVEM0RREAE,4,2023-12-31 15:26:29.755981+00,https://www.google.com/maps/contrib/106234807994625429195/reviews?hl=en,"A good school for children that loves music(Traditional Chinese instruments, Malay instrument   band and dance clubs. They even have Boys Brigade plus various other sports club like badminton, soccer, volleyball and basketball. Gymnastics was offered last time, i do not know whether it still has. Giod and motivating teachers and principal.",3 years ago,2020-12-31 15:26:29.792982+00,Andy Koh
201,anderson,0,ChdDSUhNMG9nS0VJQ0FnSURpNHZqQmhRRRAB,4,2023-12-31 15:26:29.755981+00,https://www.google.com/maps/contrib/105785036556182961466/reviews?hl=en,It is a nice school,3 years ago,2020-12-31 15:26:29.760983+00,Chua Mei Chien
203,anderson,0,ChZDSUhNMG9nS0VJQ0FnSUNjNmNYR1pnEAE,1,2023-12-31 15:26:29.757983+00,https://www.google.com/maps/contrib/109494871832514572811/reviews?hl=en,lovely school,3 years ago,2020-12-31 15:26:29.884981+00,Hamilton Lee
206,anderson,308,ChdDSUhNMG9nS0VJQ0FnSURVaDZuMXRnRRAB,5,2023-12-31 15:26:29.758981+00,https://www.google.com/maps/contrib/106961322139938680607/reviews?hl=en,S'pore science Festival 2019,4 years ago,2020-01-01 15:26:29.962981+00,Ben Mohd
208,anderson,19,ChdDSUhNMG9nS0VJQ0FnSUNZOTczQXBRRRAB,4,2023-12-31 15:26:29.759981+00,https://www.google.com/maps/contrib/100154790625795079908/reviews?hl=en,I was here and i liked the school environment. Not much homework as they want you to have a broader education.,4 years ago,2020-01-01 15:26:30.043982+00,Jason
212,anderson,0,ChdDSUhNMG9nS0VJQ0FnSURJMy1ucHRRRRAB,1,2023-12-31 15:26:36.425402+00,https://www.google.com/maps/contrib/116238185360798442260/reviews?hl=en,OM was problematic,4 years ago,2020-01-01 15:26:36.495727+00,Pastel blue Avenue
213,anderson,326,ChdDSUhNMG9nS0VJQ0FnSUNJeTRqSDhBRRAB,5,2023-12-31 15:26:36.426404+00,https://www.google.com/maps/contrib/111674103831778752169/reviews?hl=en,"understanding teachers.. making My kid feels more ease in learning.. keep it up...all her childhood friends are also in the same school so learning together,discussing together without problems.",5 years ago,2019-01-01 15:26:36.569728+00,Siambuddhas
217,anderson,0,ChZDSUhNMG9nS0VJQ0FnSURBOGIzMFBBEAE,5,2023-12-31 15:26:36.428404+00,https://www.google.com/maps/contrib/103856174647502936671/reviews?hl=en,Anderson primary school was recently renovated. The school environment is good. There are many fun activities. I love my class 6.3. All teacher are caring. Tidy and neat. Beautiful and clean. 35min recess. School ends at 1.05. Good facilities. I am sitting for PSLE this year.I am really going to miss my school.😢😭,5 years ago,2019-01-01 15:26:36.690727+00,Hema Latha
222,anderson,30,ChdDSUhNMG9nS0VJQ0FnSUNBdFlfRm9RRRAB,5,2023-12-31 15:26:43.029367+00,https://www.google.com/maps/contrib/109974921788280721711/reviews?hl=en,"Student in P6.3... Loved it! The teachers are caring, all classmates are nice and the new facilities are great!",6 years ago,2018-01-01 15:26:43.167366+00,sup kids
223,anderson,16,ChdDSUhNMG9nS0VJQ0FnSURBX2RTQW5nRRAB,4,2023-12-31 15:26:43.029367+00,https://www.google.com/maps/contrib/110360611041963322788/reviews?hl=en,good school with good facilities.,6 years ago,2018-01-01 15:26:43.126366+00,raj deva
225,ang-mo-kio,0,ChZDSUhNMG9nS0VJQ0FnSUNWdHB5YU1REAE,1,2023-12-31 15:27:09.065488+00,https://www.google.com/maps/contrib/117295301487009377777/reviews?hl=en,boo,3 weeks ago,2023-12-10 15:27:09.077492+00,Yum Yum
226,ang-mo-kio,0,ChZDSUhNMG9nS0VJQ0FnSUNsOXRxN2VREAE,2,2023-12-31 15:27:09.066497+00,https://www.google.com/maps/contrib/118427867911278175510/reviews?hl=en,I'm a kid from another school one of the p2 students show middle finger in public and says bad word but after all I don't have any experience with this school so I guess is fine,a month ago,2023-12-01 15:27:09.180489+00,Nur Qirah
228,ang-mo-kio,0,ChdDSUhNMG9nS0VJQ0FnSUNac3RHZGlRRRAB,1,2023-12-31 15:27:09.06749+00,https://www.google.com/maps/contrib/117251926678451929535/reviews?hl=en,"Some teachers are very rude, some are deaf and some are cunning who refuse to listen to anyone else. Waste of time",3 months ago,2023-10-02 15:27:09.242876+00,Samuel1992 Inexperience
230,ang-mo-kio,1,ChdDSUhNMG9nS0VJQ0FnSURwaE9UWWd3RRAB,1,2023-12-31 15:27:09.068489+00,https://www.google.com/maps/contrib/108467160536967526781/reviews?hl=en,students found making a disturbance and talking really loudly while playing music and singing,4 months ago,2023-09-02 15:27:09.315874+00,Lizzy Tay
231,ang-mo-kio,3,ChdDSUhNMG9nS0VJQ0FnSUN4OGZyOW5nRRAB,1,2023-12-31 15:27:09.069488+00,https://www.google.com/maps/contrib/105132056433857923463/reviews?hl=en,"My child studied in this school and it haunted me as one of the worst decisions I made as a parent. The bullies are protected because of their more unfortunate backgrounds so the others must learn to be empathetic towards them, this creates an unsafe environment. Profanities abound, you can easily hear them at the school bus stop. School is more focused on punctuality, wearing the school uniform despite hot weather, getting scolded for not turning up the stand-up collar, than academic and behaviour excellence. With the exception of 2 teachers who taught my child, the others were unsuitable to teach; They need more training in managing primary students. My child's P6 teacher told the class that they were doomed, useless and even said how disappointed she was at an ex-student now being a food deliverer. Overall an unhealthy environment for students.",7 months ago,2023-06-04 15:27:09.399885+00,S S
232,ang-mo-kio,0,ChdDSUhNMG9nS0VJQ0FnSUNKc3RhNmtRRRAB,3,2023-12-31 15:27:09.069488+00,https://www.google.com/maps/contrib/108248318812773830945/reviews?hl=en,"Great place for children to learn but slight problem some teachers are not punishing or even addressing the behavior I had heard one teacher said ""if there's no violence and vulgarities it's fine"" what if they name call or death stare at the student every day until they break down in tears and why do the school have the cleanliness grade it sets a bad example telling students to do something just for the prize or they can fight or even sabotage another class but i still love the school just address these two issues",6 months ago,2023-07-04 15:27:09.357879+00,Xin Xian Liew
233,ang-mo-kio,0,ChdDSUhNMG9nS0VJQ0FnSURSbHN5bmtBRRAB,5,2023-12-31 15:27:09.070489+00,https://www.google.com/maps/contrib/110973336703850005133/reviews?hl=en,good school,8 months ago,2023-05-05 15:27:09.435884+00,Kai Rong Nay
234,ang-mo-kio,0,ChZDSUhNMG9nS0VJQ0FnSURlanRIN0xREAE,5,2023-12-31 15:27:09.07149+00,https://www.google.com/maps/contrib/101613918144075005128/reviews?hl=en,Omg!I!I!I beat school ever 10/10 very good school recommend u go :D,a year ago,2022-12-31 15:27:09.513884+00,Oong Yokleng
235,ang-mo-kio,0,ChdDSUhNMG9nS0VJQ0FnSUNScklPS25nRRAB,5,2023-12-31 15:27:09.07149+00,https://www.google.com/maps/contrib/118226760502584980502/reviews?hl=en,Good,9 months ago,2023-04-05 15:27:09.477888+00,yun jie su
236,ang-mo-kio,755,ChZDSUhNMG9nS0VJQ0FnSUNXaTRpc1ZBEAE,5,2023-12-31 15:27:09.072491+00,https://www.google.com/maps/contrib/108373887818515575803/reviews?hl=en,Good play to play badminton with friends . Need to book in advance,a year ago,2022-12-31 15:27:09.553884+00,Minh Nguyen
237,ang-mo-kio,0,ChZDSUhNMG9nS0VJQ0FnSUNhOEl6Nkp3EAE,5,2023-12-31 15:27:09.072491+00,https://www.google.com/maps/contrib/106800310662057046668/reviews?hl=en,hi im a student at amkps i have been there for 6 years already i really love it there the teachers and friends i made are kind and caring to me I miss this school so much,2 years ago,2021-12-31 15:27:09.590884+00,Rickson Ong Sheng Li (Peircess)
240,ang-mo-kio,0,ChZDSUhNMG9nS0VJQ0FnSURpNHFiM0pBEAE,5,2023-12-31 15:27:09.074491+00,https://www.google.com/maps/contrib/106215523213294560816/reviews?hl=en,I have just graduated this year and I really loved my experience in this school! Btw I'll miss you Mr Chew.,3 years ago,2020-12-31 15:27:09.662884+00,Jamie Ow
241,ang-mo-kio,39,ChdDSUhNMG9nS0VJQ0FnSUNRaVBuWHBBRRAB,5,2023-12-31 15:27:09.07549+00,https://www.google.com/maps/contrib/104866629358400590504/reviews?hl=en,I love this school,3 years ago,2020-12-31 15:27:09.736884+00,Ayusees SB
246,ang-mo-kio,0,ChZDSUhNMG9nS0VJQ0FnSURJdXVuQUl3EAE,4,2023-12-31 15:27:16.09906+00,https://www.google.com/maps/contrib/104506027778496577095/reviews?hl=en,Was a former student here. It's quite nice.,4 years ago,2020-01-01 15:27:16.182059+00,X.
251,ang-mo-kio,0,ChZDSUhNMG9nS0VJQ0FnSUN3eDRpdkpREAE,5,2023-12-31 15:27:16.102061+00,https://www.google.com/maps/contrib/114701362686941961754/reviews?hl=en,"Its a nice school! Theres a canteen,hall,classes are nice! I have been studying for 2 years btw i am p2",5 years ago,2019-01-01 15:27:16.383705+00,taurus
255,anglo-chinese-junior,6,ChdDSUhNMG9nS0VJQ0FnSUMxM0lqSF9RRRAB,1,2023-12-31 15:27:48.494632+00,https://www.google.com/maps/contrib/103803582545880104742/reviews?hl=en,!*#^@*!((!*@%#$%#?@@&&@^@%@^!£!£!£!£@€^#%#&×¥×¥¥+_+%×%^×*@&#^#%##^&@£+??@+*%×^×&×,6 days ago,2023-12-25 15:27:48.506634+00,I'm a marshmallow marshmallow marshmallow
257,anglo-chinese-junior,0,ChZDSUhNMG9nS0VJQ0FnSUNGNmI2b0lBEAE,5,2023-12-31 15:27:48.496634+00,https://www.google.com/maps/contrib/108769948618590380293/reviews?hl=en,highly underrated,2 months ago,2023-11-01 15:27:48.657253+00,Isaac Moon
258,anglo-chinese-junior,0,ChZDSUhNMG9nS0VJQ0FnSURGeWJMRUV3EAE,1,2023-12-31 15:27:48.496634+00,https://www.google.com/maps/contrib/110159427358382609732/reviews?hl=en,Illegal stopping/parking of parents' cars should be addressed immediately. Stop feeling entitled.,a month ago,2023-12-01 15:27:48.610253+00,Tiger Records
259,anglo-chinese-junior,11,ChZDSUhNMG9nS0VJQ0FnSURwNnZIUlR3EAE,3,2023-12-31 15:27:48.497632+00,https://www.google.com/maps/contrib/102529965898813121481/reviews?hl=en,A traffic jam to get into the school. For example you want to paragon and turn it to that Road in the morning you will get the into the traffic jam.,4 months ago,2023-09-02 15:27:48.744254+00,Siew Min Mok
261,anglo-chinese-junior,1,ChZDSUhNMG9nS0VJQ0FnSUNKbXZtVk5REAE,5,2023-12-31 15:27:48.498632+00,https://www.google.com/maps/contrib/115222323309821971663/reviews?hl=en,"A school with very dedicated leadership and staff, and a strong emphasis on holistic education",6 months ago,2023-07-04 15:27:48.789252+00,Don Baey
262,anglo-chinese-junior,0,ChZDSUhNMG9nS0VJQ0FnSUR4OEttQmVBEAE,3,2023-12-31 15:27:48.498632+00,https://www.google.com/maps/contrib/115636092337580007879/reviews?hl=en,Good place to learn!,6 months ago,2023-07-04 15:27:48.822255+00,Iswandi SK
263,anglo-chinese-junior,0,ChZDSUhNMG9nS0VJQ0FnSURCeUl6WFRREAE,5,2023-12-31 15:27:48.499632+00,https://www.google.com/maps/contrib/106188778654886899445/reviews?hl=en,I love this school. It’s simply the best,11 months ago,2023-02-04 15:27:48.909252+00,HUMAN HUMAN
264,anglo-chinese-junior,17,ChdDSUhNMG9nS0VJQ0FnSUR4OFA3bm53RRAB,5,2023-12-31 15:27:48.499632+00,https://www.google.com/maps/contrib/110422913275451822128/reviews?hl=en,Nice school,6 months ago,2023-07-04 15:27:48.871253+00,Md Ibrahim Khalil
265,anglo-chinese-junior,2,ChdDSUhNMG9nS0VJQ0FnSUQtbXB5ZnRRRRAB,5,2023-12-31 15:27:48.500633+00,https://www.google.com/maps/contrib/113415836977458563795/reviews?hl=en,Great school with good economy teachers are nice canteen food is tasty,a year ago,2022-12-31 15:27:48.952666+00,Wyatt Ng
266,anglo-chinese-junior,0,ChZDSUhNMG9nS0VJQ0FnSUMteTRHN2ZnEAE,5,2023-12-31 15:27:48.501634+00,https://www.google.com/maps/contrib/113250730473775276484/reviews?hl=en,im p6 this year lol. good school but they made the playground worse 🥲 …,a year ago,2022-12-31 15:27:49.070678+00,Shadowed - Brawl Stars
268,anglo-chinese-junior,4,ChZDSUhNMG9nS0VJQ0FnSURXdTdTNkF3EAE,5,2023-12-31 15:27:48.502633+00,https://www.google.com/maps/contrib/100421245572253899420/reviews?hl=en,Very nice hotdogbun with cheese and chilli god combo,a year ago,2022-12-31 15:27:49.142673+00,Kieran Ho
269,anglo-chinese-junior,20,ChdDSUhNMG9nS0VJQ0FnSURXdk5tN3l3RRAB,5,2023-12-31 15:27:48.502633+00,https://www.google.com/maps/contrib/102846841276443860845/reviews?hl=en,Will want to stay near such popular school then don’t need to ballot for my boy 😊 …,a year ago,2022-12-31 15:27:49.178676+00,Darilene Low
270,anglo-chinese-junior,2,ChdDSUhNMG9nS0VJQ0FnSURtazRDbjVRRRAB,1,2023-12-31 15:27:48.503634+00,https://www.google.com/maps/contrib/118272392244275132544/reviews?hl=en,"Rude Security Guard  I found a ezlink card that belongs to the student from this school. I then used my 1 hour lunch time to make my way down all the way from Queenstown. When I reached the security gate house,  I told the security guard that I picked up an ezlink card that belongs to one of the student from this school and hence, I would like to hand it over to the General office. However, he told me in a rude manner that I can't drive in which I understand  but he told me to park my car at the Newton public carpark instead of offering me help to handover the ezlink card till I told him that it is impossible for me to do that as I am running out of time which leave him no choice but to take the card from me.I think the security brain lock in the safe box.  After handing it over to him, I contacted the school's General office to inform them that I have already handed over the ezlink card to the security guard. The staff that attended to me was very polite unlike the security guard.",a year ago,2022-12-31 15:27:49.215675+00,SW Wong
271,anglo-chinese-junior,0,ChZDSUhNMG9nS0VJQ0FnSURHb2ZmVEZnEAE,4,2023-12-31 15:27:48.504634+00,https://www.google.com/maps/contrib/112939355127406945585/reviews?hl=en,"1 star, cant find water coller so have to drink water in drain  Update: I found the water coller! 😃 …",2 years ago,2021-12-31 15:27:49.258666+00,Sean Lim
274,anglo-chinese-junior,30,ChdDSUhNMG9nS0VJQ0FnSURheElxMGhRRRAB,5,2023-12-31 15:27:48.505635+00,https://www.google.com/maps/contrib/106614767912272639984/reviews?hl=en,Amazing school the teachers are very nice(◍•ᴗ•◍),2 years ago,2021-12-31 15:27:49.327666+00,F1shcat
276,anglo-chinese-junior,0,ChZDSUhNMG9nS0VJQ0FnSUNLd0lXOVl3EAE,3,2023-12-31 15:27:55.631479+00,https://www.google.com/maps/contrib/104171605513136364006/reviews?hl=en,Good school but can i have my playground back soon,2 years ago,2021-12-31 15:27:55.686477+00,Russell Tan
277,anglo-chinese-junior,21,ChdDSUhNMG9nS0VJQ0FnSURDMzdybGtBRRAB,5,2023-12-31 15:27:55.632479+00,https://www.google.com/maps/contrib/109671235189321840926/reviews?hl=en,good,3 years ago,2020-12-31 15:27:55.726478+00,dino boy
278,anglo-chinese-junior,105,ChdDSUhNMG9nS0VJQ0FnSURDdVpqc2tnRRAB,5,2023-12-31 15:27:55.632479+00,https://www.google.com/maps/contrib/113578795771152465528/reviews?hl=en,The best Boys school in Singapore. The principal and Teachers are so dedicated to their work!,3 years ago,2020-12-31 15:27:55.767477+00,LIS
280,anglo-chinese-junior,207,ChZDSUhNMG9nS0VJQ0FnSURDb2R5QklBEAE,3,2023-12-31 15:27:55.633477+00,https://www.google.com/maps/contrib/110616769541836497653/reviews?hl=en,I love ❤️ India,3 years ago,2020-12-31 15:27:55.79848+00,Murugan sudheep
282,anglo-chinese-junior,15,ChdDSUhNMG9nS0VJQ0FnSUNDbVl6YzVBRRAB,5,2023-12-31 15:27:55.634478+00,https://www.google.com/maps/contrib/103196959598745113558/reviews?hl=en,Completed my pri sch education here. Very nice campus and has great facilities,3 years ago,2020-12-31 15:27:55.868488+00,Julian Chua
283,anglo-chinese-junior,45,ChdDSUhNMG9nS0VJQ0FnSUQwbmRIS3FRRRAB,5,2023-12-31 15:27:55.635477+00,https://www.google.com/maps/contrib/110066966164505174104/reviews?hl=en,Great school,4 years ago,2020-01-01 15:27:55.98205+00,Zachary Fun
284,anglo-chinese-junior,4,ChdDSUhNMG9nS0VJQ0FnSURBMnZXZTlBRRAB,5,2023-12-31 15:27:55.635477+00,https://www.google.com/maps/contrib/105315520499094054211/reviews?hl=en,Excellent school facilities,3 years ago,2020-12-31 15:27:55.947488+00,木恆
287,anglo-chinese-junior,0,ChZDSUhNMG9nS0VJQ0FnSURrejczX1FREAE,5,2023-12-31 15:28:02.202486+00,https://www.google.com/maps/contrib/108420267403390375492/reviews?hl=en,My school,4 years ago,2020-01-01 15:28:02.247484+00,JG
289,anglo-chinese-junior,99,ChdDSUhNMG9nS0VJQ0FnSUN3dDREN19RRRAB,5,2023-12-31 15:28:02.203484+00,https://www.google.com/maps/contrib/107323081602484674837/reviews?hl=en,"ACSJ is a school where boys can learn to become men and leaders in their community, ACSJ is a school where many precious memes and memories where made  ACSJ has taught me to study smart and how to think criticaly and fast. The Best Is Yet To Be.",5 years ago,2019-01-01 15:28:02.329484+00,Andrew Tan
290,anglo-chinese-junior,2,ChZDSUhNMG9nS0VJQ0FnSUNndnBPZU9BEAE,1,2023-12-31 15:28:02.204484+00,https://www.google.com/maps/contrib/108872041905778777748/reviews?hl=en,Supposed to be a lay-by only for picking up children. The cones denote that this is a no parking zone but this car was parked there for more than 10 minutes before 1.30pm and nobody bothered to do anything right by implementing the rules. Says alot about the moral values and religous influence on the morals,5 years ago,2019-01-01 15:28:02.410806+00,Noel Gwee
291,anglo-chinese-junior,0,ChZDSUhNMG9nS0VJQ0FnSURRdzVDVkpREAE,5,2023-12-31 15:28:02.204484+00,https://www.google.com/maps/contrib/113583240974847699992/reviews?hl=en,Clean area,5 years ago,2019-01-01 15:28:02.455809+00,Ethan Chiam
293,anglo-chinese-junior,0,ChZDSUhNMG9nS0VJQ0FnSUNnMnFTaUZREAE,5,2023-12-31 15:28:02.205484+00,https://www.google.com/maps/contrib/113624438251282839303/reviews?hl=en,i love it,6 years ago,2018-01-01 15:28:02.523815+00,Ch!cken
297,anglo-chinese-primary,13,ChZDSUhNMG9nS0VJQ0FnSURWdll2MmVBEAE,1,2023-12-31 15:28:34.101641+00,https://www.google.com/maps/contrib/108167300467133246861/reviews?hl=en,"School admin is very impatient and rude! Was checking on operating hours etc and admin can’t wait to hang up my call and spoke in very rude manner! without checking, every questions i asked is “I don’t know I don’t know”!",2 weeks ago,2023-12-17 15:28:34.112642+00,Harmony
298,anglo-chinese-primary,4,ChdDSUhNMG9nS0VJQ0FnSUNsc1l2b3V3RRAB,5,2023-12-31 15:28:34.102643+00,https://www.google.com/maps/contrib/117466204414430572855/reviews?hl=en,It is a fun environment to be in,a month ago,2023-12-01 15:28:34.162643+00,Lucas Yeo
299,anglo-chinese-primary,21,ChdDSUhNMG9nS0VJQ0FnSURwaE1qbzZnRRAB,5,2023-12-31 15:28:34.102643+00,https://www.google.com/maps/contrib/113609584787620463226/reviews?hl=en,"Well funded, holistic, special needs teachers are available, well organised.",4 months ago,2023-09-02 15:28:34.219644+00,Kent Tay
300,anglo-chinese-primary,3,ChdDSUhNMG9nS0VJQ0FnSUNwdHJqeXBnRRAB,5,2023-12-31 15:28:34.103644+00,https://www.google.com/maps/contrib/111046949232454235003/reviews?hl=en,Best school ever has many things to do and a lot of canteen stalls and food varieties to choose,4 months ago,2023-09-02 15:28:34.278641+00,The Marley show shorts
301,anglo-chinese-primary,3,ChZDSUhNMG9nS0VJQ0FnSURKd1pfNEJREAE,1,2023-12-31 15:28:34.104642+00,https://www.google.com/maps/contrib/112790176800979866499/reviews?hl=en,"this is the worst school ever, the students are so rude and annoying, they even talk bad about fernvale. I HATE this school so much",5 months ago,2023-08-03 15:28:34.318642+00,TaraTheBunny
302,anglo-chinese-primary,17,ChdDSUhNMG9nS0VJQ0FnSUR4OE5tVDV3RRAB,5,2023-12-31 15:28:34.104642+00,https://www.google.com/maps/contrib/110422913275451822128/reviews?hl=en,Nice,6 months ago,2023-07-04 15:28:34.358641+00,Md Ibrahim Khalil
303,anglo-chinese-primary,0,ChZDSUhNMG9nS0VJQ0FnSUR4OE9tUUt3EAE,4,2023-12-31 15:28:34.105642+00,https://www.google.com/maps/contrib/115636092337580007879/reviews?hl=en,Best to learn!,6 months ago,2023-07-04 15:28:34.398171+00,Iswandi SK
305,anglo-chinese-primary,328,ChdDSUhNMG9nS0VJQ0FnSURBaE9heXJBRRAB,5,2023-12-31 15:28:34.106642+00,https://www.google.com/maps/contrib/112769231451592409409/reviews?hl=en,World best,11 months ago,2023-02-04 15:28:34.485172+00,Jeremy Lim
306,anglo-chinese-primary,93,ChdDSUhNMG9nS0VJQ0FnSURPbE1PRDFnRRAB,5,2023-12-31 15:28:34.106642+00,https://www.google.com/maps/contrib/113896653593280451837/reviews?hl=en,Nice environment,a year ago,2022-12-31 15:28:34.531171+00,Alfred Lee
307,anglo-chinese-primary,0,ChZDSUhNMG9nS0VJQ0FnSURXdWNmS2NREAE,2,2023-12-31 15:28:34.107642+00,https://www.google.com/maps/contrib/117224835538057838918/reviews?hl=en,Bad place,a year ago,2022-12-31 15:28:34.638171+00,PsyTigerduck
308,anglo-chinese-primary,30,ChdDSUhNMG9nS0VJQ0FnSURXeTR6VzhnRRAB,5,2023-12-31 15:28:34.107642+00,https://www.google.com/maps/contrib/106614767912272639984/reviews?hl=en,After you graduate from here you can go to barker here has a very convenient location.After school you could walk to balmoral plaza to eat or drink there is also a bustop and mrt station near by recommend to send your son here don't need to move house after graduating can just go to barker same campus hope i helped someone choose the right school,a year ago,2022-12-31 15:28:34.588172+00,F1shcat
309,anglo-chinese-primary,0,ChdDSUhNMG9nS0VJQ0FnSUNXMEpxc25BRRAB,5,2023-12-31 15:28:34.108644+00,https://www.google.com/maps/contrib/111786181227792299733/reviews?hl=en,Totally did not give me heart attack when diana tried pronouncing percentage. I learnt very good english from her.,a year ago,2022-12-31 15:28:34.685172+00,Daniel Kwok
310,anglo-chinese-primary,0,ChdDSUhNMG9nS0VJQ0FnSURtcjlXQTNBRRAB,1,2023-12-31 15:28:34.108644+00,https://www.google.com/maps/contrib/105428212415059606963/reviews?hl=en,Whats with acs students and mops all my friends that went to acs had atleast 1 mop fight,a year ago,2022-12-31 15:28:34.725171+00,YeeT Flash
311,anglo-chinese-primary,0,ChZDSUhNMG9nS0VJQ0FnSUNhNHRtQkpREAE,5,2023-12-31 15:28:34.109646+00,https://www.google.com/maps/contrib/114909882648950627218/reviews?hl=en,Rly nice place and if you go in front of oldham hall you can do ice fights there. Buy ice in the large cup for 20 cents and just say that you want to put it in your water bottle. Go throw ice at your friends very fun rate 10/10,2 years ago,2021-12-31 15:28:34.763171+00,i amtrump
312,anglo-chinese-primary,0,ChZDSUhNMG9nS0VJQ0FnSUN5MU4ySWF3EAE,5,2023-12-31 15:28:34.110643+00,https://www.google.com/maps/contrib/116291101112797751280/reviews?hl=en,Excellent School. Highly recommended. Send your kids there.,2 years ago,2021-12-31 15:28:34.806172+00,Lucas Vong
313,anglo-chinese-primary,0,ChdDSUhNMG9nS0VJQ0FnSUN5MU8zUTF3RRAB,5,2023-12-31 15:28:34.110643+00,https://www.google.com/maps/contrib/113807610913047460632/reviews?hl=en,Made many friends here :D :),2 years ago,2021-12-31 15:28:34.846171+00,Zechariah Chew 5H26
314,anglo-chinese-primary,0,ChZDSUhNMG9nS0VJQ0FnSURpaGZENGZBEAE,5,2023-12-31 15:28:34.111643+00,https://www.google.com/maps/contrib/101563223255596942003/reviews?hl=en,amazing school made many friends there :D,3 years ago,2020-12-31 15:28:34.890173+00,dante tan
321,anglo-chinese-primary,0,ChZDSUhNMG9nS0VJQ0FnSURJNHJyU01nEAE,4,2023-12-31 15:28:41.175596+00,https://www.google.com/maps/contrib/103953054605171594626/reviews?hl=en,"Great place, skipped morning assembly multiple times by hiding around in places around the school. Jilliane Chew once punished me for standing up because I wanted to get a better look of the computer while doing a class project involving coding.",5 years ago,2019-01-01 15:28:41.368596+00,lad carolus
322,anglo-chinese-primary,0,ChdDSUhNMG9nS0VJQ0FnSURJdXNueWpnRRAB,4,2023-12-31 15:28:41.175596+00,https://www.google.com/maps/contrib/111397380726887833014/reviews?hl=en,kinda nice school. loved shoving mops into friends bags. did some pearl spitting war.,4 years ago,2020-01-01 15:28:41.328596+00,Turtlello RBLX
327,anglo-chinese-primary,0,ChZDSUhNMG9nS0VJQ0FnSUNRd2FqdFB3EAE,5,2023-12-31 15:28:47.798207+00,https://www.google.com/maps/contrib/107798719272886807043/reviews?hl=en,Great school :),5 years ago,2019-01-01 15:28:47.801208+00,ZacTheSword
333,angsana,0,ChZDSUhNMG9nS0VJQ0FnSURWMWRLV05REAE,5,2023-12-31 18:19:25.214689+00,https://www.google.com/maps/contrib/108599712729541895776/reviews?hl=en,I BEEN TO THE SCHOOL IM A GRADUATE FROM THE SCHOOL THEY ARE SO NICE THAT'S WHY I LIKE IT:333,2 weeks ago,2023-12-17 18:19:25.22469+00,Raiden Shogun
334,angsana,0,ChdDSUhNMG9nS0VJQ0FnSUQ1NDd2djlnRRAB,5,2023-12-31 18:19:25.21569+00,https://www.google.com/maps/contrib/112350005351487330787/reviews?hl=en,"The teachers would hold their students back at their own will despite the dismissal bell had rung.The teachers are not aware of the need of these pupils at home and do not care about there house needs.Therefore,I think that this school’s teachers should be more aware about the students personal lives",2 months ago,2023-11-01 18:19:25.35369+00,Ultra Doorstopper
335,angsana,26,ChdDSUhNMG9nS0VJQ0FnSUM1OHBuX293RRAB,5,2023-12-31 18:19:25.21669+00,https://www.google.com/maps/contrib/113081190402442451140/reviews?hl=en,"There is always a jam in the morning due to parents driving to drop the kids. Please be patient when turning in, as students are also crossing at the junction.",2 months ago,2023-11-01 18:19:25.434692+00,Muhammad Firdaus
336,angsana,0,ChdDSUhNMG9nS0VJQ0FnSUN4aWZLOHBnRRAB,5,2023-12-31 18:19:25.21669+00,https://www.google.com/maps/contrib/114993950579673571033/reviews?hl=en,"loved the teachers. many of them were encouraging, motivating and supportive. im glad my teachers pushed me to my fullest extent to get much better grades. im truly grateful that my teachers were caring and concerned for my well-being and safety. this school will forever hold a special place in my heart. thank you so much, angsana. ❤️",7 months ago,2023-06-04 18:19:25.500699+00,balding egg
337,angsana,0,ChZDSUhNMG9nS0VJQ0FnSURSdzZ2V1NREAE,5,2023-12-31 18:19:25.217691+00,https://www.google.com/maps/contrib/113810730175012495797/reviews?hl=en,The education here is very good and fun I love this school so much,7 months ago,2023-06-04 18:19:25.550699+00,Reaxxh Admira
338,beacon,0,ChZDSUhNMG9nS0VJQ0FnSUMxMnZUTk93EAE,1,2023-12-31 18:19:51.372624+00,https://www.google.com/maps/contrib/118331459843346003074/reviews?hl=en,bad,3 days ago,2023-12-28 18:19:51.383625+00,Tahmid Moydul (Beaconprisch)
339,bedok-green,0,ChdDSUhNMG9nS0VJQ0FnSUNsemYyOTh3RRAB,5,2023-12-31 18:20:16.737779+00,https://www.google.com/maps/contrib/111217340586705448728/reviews?hl=en,"Very nice school! Teachers are very kind and caring, shout out to Mr Wong, Miss June, Mrs Ong , Ms Liu Xiao Yun and Ms Neo, who had been very kind and caring to me in the past few years!!!",a month ago,2023-12-01 18:20:16.749781+00,Wang Qingsen (Ahs)
340,bendemeer,0,ChZDSUhNMG9nS0VJQ0FnSUNsamJuVlhnEAE,5,2023-12-31 18:20:43.254799+00,https://www.google.com/maps/contrib/116591258952453448771/reviews?hl=en,"Thank you is just a small word to express my gratitude to this school. My daughter got the school admission here after a long procedure of the MOE. They strongly advised us to put my daughter in P5 but after a long conversation they gave the admission to P6 at our own risk. As she is a foreign student she indeed not familiar with the Singapore education system. She studied in IB syllabus. But this school warmly welcomed her and gave their best. She got the admission in last week of April 2023. Mrs. Nodia from the administration guided us very nicely and gave us useful advice. Then I have to mention the home room teacher Mr. Chia and Madam Stella( Chong) really helped her a lot. I have to mention Mrs. Maha for her unconditional support .🙏. With their guidance I trained my daughter without any SINGLE TUTION . YES she got 4 in Math & Science and 5 in English in the PSLE 2023. The other subjects teachers also very kind and helpful to her achievement, even the Librarian. She can’t reach this success within 6 months without their tremendous support. Dear parents  my strong advice to you all put your children in this school for a strong foundation. My family really thankful to this school for ever. 🙏💐👍😘",a month ago,2023-12-01 18:20:43.3418+00,Rathiya Razee
341,bendemeer,0,ChZDSUhNMG9nS0VJQ0FnSURsajR1dFR3EAE,5,2023-12-31 18:20:43.254799+00,https://www.google.com/maps/contrib/111539137134808615544/reviews?hl=en,I really recommend this school to everyone it was the best school ever u will enjoy ur life as much as me in that school,3 weeks ago,2023-12-10 18:20:43.266801+00,SENTHILVELAN
342,bendemeer,0,ChZDSUhNMG9nS0VJQ0FnSUNsMHFmTVhREAE,1,2023-12-31 18:20:43.255801+00,https://www.google.com/maps/contrib/109893924834752576833/reviews?hl=en,The teachers are bias,a month ago,2023-12-01 18:20:43.389804+00,Joseph zhou
343,bendemeer,0,ChdDSUhNMG9nS0VJQ0FnSURaNllqSnF3RRAB,1,2023-12-31 18:20:43.256801+00,https://www.google.com/maps/contrib/110978570701420395945/reviews?hl=en,The teachers jaywalk,2 months ago,2023-11-01 18:20:43.444808+00,Lucerne Lok
344,bendemeer,0,ChdDSUhNMG9nS0VJQ0FnSURac2NDMTRRRRAB,1,2023-12-31 18:20:43.256801+00,https://www.google.com/maps/contrib/114433679817903866188/reviews?hl=en,traumatized.,2 months ago,2023-11-01 18:20:43.481809+00,Fifi The Hui Hui
345,bendemeer,0,ChZDSUhNMG9nS0VJQ0FnSURabG8tMEZnEAE,1,2023-12-31 18:20:43.2578+00,https://www.google.com/maps/contrib/112932591705984241590/reviews?hl=en,"Teacher jaywalks, don't let us to go toilet, always compare students with top schools students. My friends got molest by a boy and they told their form teacher but their teacher said that it's only a joke between friends. Is this how a normal teacher should act like??",2 months ago,2023-11-01 18:20:43.521811+00,ENNN.
346,bendemeer,0,ChdDSUhNMG9nS0VJQ0FnSURabHRYT3pBRRAB,5,2023-12-31 18:20:43.2588+00,https://www.google.com/maps/contrib/105677943387240607370/reviews?hl=en,"REALLY GREAT SCHOOL!! Graduated in 2021! The teachers are very nice! I visited them during the recent Teacher's Day event! I graduated from class 6A and it was a fun experience with my teachers such as Mr Lee, Ms Hon and Ms Tan. The Libarian there was SUPER SWEET!! I love her so much (Unfortunately she retired). I really loved the classes and curriculum it was a blast. I missed primary school so much! There are some bad influences but you have to stay away from them, visit the library, it's really relaxing! Some bad teachers didn't gave me the best time but really knocked some sense into me. I loved my Chinese teachers a lot! I was terrible at that subject but they kept encouraging me to keep moving forward and are very forgiving. 5 STARS!!!  Join the Concert Band too! THERE ARE AMAZING SENIORS AND YOU WILL NEVER NOT LOVE BAND!!!  I will visit again :3",2 months ago,2023-11-01 18:20:43.558804+00,Ho Weng Yan Nathalie (Bendemeerss)
347,blangah-rise,0,ChdDSUhNMG9nS0VJQ0FnSUNsdmVubzJBRRAB,5,2023-12-31 18:21:09.37074+00,https://www.google.com/maps/contrib/102362778809885001981/reviews?hl=en,It was a very fun experience there,a month ago,2023-12-01 18:21:09.38274+00,Amelia Sudha (Ntss)
348,blangah-rise,0,ChZDSUhNMG9nS0VJQ0FnSUNwaS1lM1RnEAE,5,2023-12-31 18:21:09.371741+00,https://www.google.com/maps/contrib/104664657506411400837/reviews?hl=en,Cher there damn nice. Either too funny or too strict Although you should join this primary school,4 months ago,2023-09-02 18:21:09.49474+00,Speed Fish
349,blangah-rise,65,ChZDSUhNMG9nS0VJQ0FnSURGMFAtTURnEAE,2,2023-12-31 18:21:09.371741+00,https://www.google.com/maps/contrib/105120873503387076398/reviews?hl=en,"2 years ago, when I was 9 y/O, I was playing with some balngsh rise students( they told me their sch), I don't know their name but we got along for awhile. After dinner, I wanted to play again but she was suddenly impulsive and wanted to attack me and my best friend. She looked like she was about to charge, but yeah after my parents arrived she ran away with her friends I still remember, not being racist but I think it was a malay girl that was 7 at the time.",a month ago,2023-12-01 18:21:09.44774+00,Gavlyn
350,boon-lay-garden,17,ChdDSUhNMG9nS0VJQ0FnSURWa0p2azB3RRAB,1,2023-12-31 18:21:34.969332+00,https://www.google.com/maps/contrib/111487929689178442012/reviews?hl=en,"Personally, i would not recommend this school. I can say half of the teachers here are absolutely selfish and are too self-absorbed to listen carefully to the students. Also, they are incredibly bias. If you’re unlucky and end up in this school, PLEASE do not join Art Club CCA. The teachers there are very rude and ignorant. The school food is super expensive for no reason and $3 a day for FAS is not enough. Some stalls do not even meet the standards. The western special stall served moldy pizza to my friend once. If you send your child here, they will be exposed to bad influences. I have witnessed many fights in my 6 years here. The school standard here is very low. Most of the students here don’t go to good schools.",2 weeks ago,2023-12-17 18:21:34.982335+00,angegaa
351,boon-lay-garden,0,ChZDSUhNMG9nS0VJQ0FnSUNsbWNfdk1BEAE,4,2023-12-31 18:21:34.970332+00,https://www.google.com/maps/contrib/108872178860288235002/reviews?hl=en,"Good stuff, lots of memories being detained and writing down hundreds of lines as punishment when I was there a little more than a decade ago. I even got a nice little palm strike with a cane once. But hey, the food was nice, and so was the layout at that time. Spent almost every recess in the library. The teachers (some) were pretty decent.",a month ago,2023-12-01 18:21:35.040332+00,Clyen Lee
352,boon-lay-garden,59,ChdDSUhNMG9nS0VJQ0FnSUM1cjZhQ3d3RRAB,5,2023-12-31 18:21:34.971333+00,https://www.google.com/maps/contrib/103939482298120382781/reviews?hl=en,"Congratulation to Boon Lay Garden Primary school. Under guidance of Mr Shazwan & Mr Loh, Junior floor-ball team won Singapore No1.",2 months ago,2023-11-01 18:21:35.088332+00,Rex Ng
353,boon-lay-garden,0,ChZDSUhNMG9nS0VJQ0FnSUM1dG91QlN3EAE,5,2023-12-31 18:21:34.972332+00,https://www.google.com/maps/contrib/103101950870778216214/reviews?hl=en,"PSLE is an important milestone to assess academic ability to progress to secondary school. My niece, Xin Ling was one of the P6 students in Boon Lay Garden Primary School taking PSLE this year. Unfortunately, she was down with high fever after her Day 1 exam. Despite medication, she was still feverish throughout the night. Thankfully I have the contact of Mrs. Hor who has taught Xin Ling in P3. I have asked a big favor from Mrs. Hor’s to monitor on Xin Ling’s condition on the next day.  Xin Ling continued to have mild fever and started to have sore throat on 2nd day of exam. She was very determined to complete her exam though she was unwell. Right after Mathematics paper 1, Xin Ling temperature has risen to close to 39 degree and she was shivering with cold. Mrs. Christine Low was in the sick bay to pat on her to have some sleep while Mrs. Hor and Mrs. Jasmine Ng making a trip to Xin Ling’s house to pick up medication. Mr. Yeo and Mrs. Hor have kept me updated via WhatsApp on her condition.  Not knowing that she was down with pneumonia, Xin Ling continued with her 3rd and 4th day of exam with fever running.  I would like thank and a big shout out to BLGPS especially to Mrs. Hor, Mr. Yeo, Mrs. Jasmine Ng and Mrs. Christine Low who have demonstrated the BLGPS’s value and given all the care, support to Xin Ling to help her crossing the PSLE finishing line.  Though exam is over and Xin Ling has fully recovered. I am sure Xin Ling feels the same as me, stand proud as one of the BLGians to learn and nurture under the caring teachers and environment.  Thank you, Boon Lay Garden Primary School.  Xin Ling's aunty - Karen Ng",2 months ago,2023-11-01 18:21:35.130332+00,Karen Ng
354,boon-lay-garden,0,ChZDSUhNMG9nS0VJQ0FnSUNadnJLX1V3EAE,5,2023-12-31 18:21:34.973332+00,https://www.google.com/maps/contrib/109795917567942650203/reviews?hl=en,👍👍 …,3 months ago,2023-10-02 18:21:35.186097+00,Hsu Mya
355,boon-lay-garden,0,ChdDSUhNMG9nS0VJQ0FnSURwc2Z1bDBRRRAB,3,2023-12-31 18:21:34.973332+00,https://www.google.com/maps/contrib/107767078273125193878/reviews?hl=en,"very mid school, theres a reason why so many people chose to tranfer out even when they r in middle primary. overall teachers are friendly and the school is nice, but theres  just nothing special about everything. lesson quality is not high.",4 months ago,2023-09-02 18:21:35.242098+00,marble
356,boon-lay-garden,0,ChZDSUhNMG9nS0VJQ0FnSURwbU1EUUx3EAE,5,2023-12-31 18:21:34.974334+00,https://www.google.com/maps/contrib/112328149291096133916/reviews?hl=en,"I am a student of BLGPS and I think is a great school for your child if your living close. if your child loves sport you can consider choosing floorball. I think it is a very good CCA and it's a good team sport. If not, there are many other CCA that you can choose. I also chose floorball and there are many people who can help you if your not sure what to do. The teachers are kind and the school is very clean. my classmates help me if I need any help, they are very kind. It is a very good school. by the way I am Harshan.",4 months ago,2023-09-02 18:21:35.274099+00,Raj Raj
357,boon-lay-garden,0,ChdDSUhNMG9nS0VJQ0FnSUNKX3BxVW5BRRAB,4,2023-12-31 18:21:34.975333+00,https://www.google.com/maps/contrib/105184769596283851594/reviews?hl=en,i am jia yuan!,6 months ago,2023-07-04 18:21:35.353096+00,Cher seng Chong
358,boon-lay-garden,0,ChdDSUhNMG9nS0VJQ0FnSUNocW9iWjdnRRAB,1,2023-12-31 18:21:34.975333+00,https://www.google.com/maps/contrib/102618835496551695250/reviews?hl=en,the school is the great school for your child whoever is living in boon lay or Jurong but what i am talking about is the floorball cca. Whenever they announce who is going to a competition i was shock as the players who were selected were slow in passing and some were just bosting that they were selected. And I wasn't selected but it was weird why was i not selected even  those who who were selected were asking me to come to their team. I showed sportsmanship by excepting others who weren't so good but i excepted them in my team.if some would have fallen down i would i ask and help them so that they are okay and i even watch the game and create strategies while thos who were selected were playing with their sticks.,5 months ago,2023-08-03 18:21:35.308096+00,Krrish Elangovan (Blgps)
359,bukit-panjang,0,ChdDSUhNMG9nS0VJQ0FnSURwOTdDdjRRRRAB,5,2023-12-31 18:22:01.406852+00,https://www.google.com/maps/contrib/111898880560742048608/reviews?hl=en,"as a student, very nice. but still could improve on the hall as its a bit plain, but generally ok. :)",4 months ago,2023-09-02 18:22:01.418854+00,Raydon Koh
360,bukit-panjang,6,ChdDSUhNMG9nS0VJQ0FnSUNSMVoydGtRRRAB,4,2023-12-31 18:22:01.407852+00,https://www.google.com/maps/contrib/108238067966528984922/reviews?hl=en,"I’ve been a student here for 6 years. The teachers and friends are very kind, nice and knowledgeable. But I think the interior and canteen could use some improvement. Canteen should be redone to cope with the number of students during recess and the canteen is very dirty and some of the student keep throwing rubbish and never clean up 💀 Also I dislike the new update where they try to paint everything white. It looks a bit like an asylum. But the class spirit is still there 🕺 (mr Pang is the best teacher in the school!)",6 months ago,2023-07-04 18:22:01.465853+00,Ashley
361,bukit-panjang,0,ChdDSUhNMG9nS0VJQ0FnSUNKbVByaWxRRRAB,3,2023-12-31 18:22:01.408854+00,https://www.google.com/maps/contrib/106815698552325347356/reviews?hl=en,"Overall, the school is great. Just, the new school redesign is all almost white. It’s so plain, seeing the school hall’s picture designs are gone. All green, it seems so boring.",6 months ago,2023-07-04 18:22:01.525852+00,YoimiyaMyBeloved
362,bukit-timah,5,ChdDSUhNMG9nS0VJQ0FnSUNWZ3VYVjl3RRAB,5,2023-12-31 18:22:26.8762+00,https://www.google.com/maps/contrib/116102212017506281122/reviews?hl=en,BTPS is an awesome school teachers are kind and interactive and they BB company there is the best . 56J BE YOUR BEST AND GRAB THE W,3 weeks ago,2023-12-10 18:22:26.888202+00,Chang En Shen Ian (Bbss)
363,bukit-timah,0,ChZDSUhNMG9nS0VJQ0FnSUNsd2RUUFVREAE,5,2023-12-31 18:22:26.877201+00,https://www.google.com/maps/contrib/103138403549807417384/reviews?hl=en,"Best memories in this school, over my 6 years, made many friends. Staff, teachers and students are very nice and good variety of food in canteen for reasonable prices",a month ago,2023-12-01 18:22:26.9222+00,Suren Maheswaran
364,bukit-timah,39,ChdDSUhNMG9nS0VJQ0FnSUNsNUpLdnBnRRAB,5,2023-12-31 18:22:26.8782+00,https://www.google.com/maps/contrib/110642637837080526982/reviews?hl=en,A good school. The teachers are nice and caring.,a month ago,2023-12-01 18:22:26.955201+00,Zhao
365,bukit-timah,1,ChdDSUhNMG9nS0VJQ0FnSUNscE1XZm93RRAB,5,2023-12-31 18:22:26.8782+00,https://www.google.com/maps/contrib/115722593450878299013/reviews?hl=en,Pretty good place,a month ago,2023-12-01 18:22:27.007206+00,Javier Chua
366,bukit-timah,0,ChdDSUhNMG9nS0VJQ0FnSURGNmQySWt3RRAB,5,2023-12-31 18:22:26.8792+00,https://www.google.com/maps/contrib/109062564907680791385/reviews?hl=en,Johnathan,a month ago,2023-12-01 18:22:27.051212+00,Skylar Sng
367,canberra,0,ChdDSUhNMG9nS0VJQ0FnSUMxdk9qenRBRRAB,4,2023-12-31 18:23:17.887864+00,https://www.google.com/maps/contrib/114423004627238070372/reviews?hl=en,"I LOVE IT even though some of the teachers are DAMN FIERCE.. the majority are AMAZINNN, and they organise alot of stuff for us and I HAVE THE SLAYEST FRIENDS ERE",5 days ago,2023-12-26 18:23:17.898866+00,Liliac Lim
368,canberra,5,ChZDSUhNMG9nS0VJQ0FnSUMxX05pM1p3EAE,5,2023-12-31 18:23:17.888865+00,https://www.google.com/maps/contrib/109410668736533208570/reviews?hl=en,My son has graduated from this school very good school,5 days ago,2023-12-26 18:23:17.952867+00,Chia sylvester Kok keng
369,canberra,1,ChdDSUhNMG9nS0VJQ0FnSUMxelA3Wl9BRRAB,3,2023-12-31 18:23:17.888865+00,https://www.google.com/maps/contrib/107221763430162782363/reviews?hl=en,i graduated from this place last year 🆙🆙 and the environment is not bad and i made very suh-lay besties here 💅🏻💅🏻💫 but why is there drama every year here omg y'all providing so much tea every year it burns omg other than that i hope every little kid has fun in this school and hope y'all leave this place happi YARRRR …,6 days ago,2023-12-25 18:23:18.019864+00,slaykuya
370,canossa-catholic,2,ChdDSUhNMG9nS0VJQ0FnSUMxeXNUZXN3RRAB,1,2023-12-31 18:23:43.592684+00,https://www.google.com/maps/contrib/104068693626200397742/reviews?hl=en,The two old women in the book shops had very bad attitudes.,3 days ago,2023-12-28 18:23:43.604687+00,TONG LEE
371,canossa-catholic,0,ChZDSUhNMG9nS0VJQ0FnSUMxbk5mYlhREAE,1,2023-12-31 18:23:43.593686+00,https://www.google.com/maps/contrib/116457076717050519126/reviews?hl=en,The food is soo expensive so in the end i just dont eat and the students keep cussing. There was also a p5 girl who was bullying my friend and made her cry real bad :(,6 days ago,2023-12-25 18:23:43.720685+00,ysr
372,canossa-catholic,0,ChdDSUhNMG9nS0VJQ0FnSUMxb3NuRHpRRRAB,3,2023-12-31 18:23:43.593686+00,https://www.google.com/maps/contrib/116799304810791547845/reviews?hl=en,"This School is quite nice,the teachers are very sweet and nice but not all,the students in this school are bad and the teachers could not really help to let them stop. Some students are really very annoying and naughty,they know things that they should not know in their age and talks a lot bad words behind of the teacher and lots of gossiping too. That's why I only give 3 stars but the teachers are good(not all but mostly )",5 days ago,2023-12-26 18:23:43.659686+00,Zhihan Zhang
373,canossa-catholic,0,ChZDSUhNMG9nS0VJQ0FnSUMxMk1IeUJnEAE,1,2023-12-31 18:23:43.594684+00,https://www.google.com/maps/contrib/110787047758365889347/reviews?hl=en,very good,a week ago,2023-12-24 18:23:43.768684+00,mitsuki kitano
374,canossa-catholic,0,ChdDSUhNMG9nS0VJQ0FnSURsbkxPSzZnRRAB,2,2023-12-31 18:23:43.594684+00,https://www.google.com/maps/contrib/114182660144311410132/reviews?hl=en,"went thru alot of pain,hardships and friendship probs in this sch",4 weeks ago,2023-12-03 18:23:43.824684+00,simi khan
375,canossa-catholic,1,ChZDSUhNMG9nS0VJQ0FnSUNsNDd1cFFREAE,5,2023-12-31 18:23:43.595686+00,https://www.google.com/maps/contrib/109850663670421837853/reviews?hl=en,Amazing School! Got to know Reuben who is an outstanding student 👍🔥 …,a month ago,2023-12-01 18:23:43.877684+00,Leow Yiqian
376,canossa-catholic,0,ChdDSUhNMG9nS0VJQ0FnSUNKOHJhRHhRRRAB,1,2023-12-31 18:23:43.596684+00,https://www.google.com/maps/contrib/105098276162016568368/reviews?hl=en,"student care was very unfair ,food was overpriced, teachers are also unfair, i remeber when i got in school suspension for something i didnt realy do",6 months ago,2023-07-04 18:23:44.005685+00,Kaylie Tan
377,canossa-catholic,0,ChdDSUhNMG9nS0VJQ0FnSUNKanZuVGx3RRAB,1,2023-12-31 18:23:43.596684+00,https://www.google.com/maps/contrib/114244211995453648035/reviews?hl=en,"As an alumni there, the previous principal was good, but when the current principal came. Everything must change one, report books ( A4 sized), name of the school previously was convent then changed to catholic just because it was co-ed, ( which dosen't make a diff and dont make sense) the good teachers also changed and also the food. There was this one time it was in the middle of saying the pledge, then this one p1 boy was talking with his friend ,and the principal scolded him infront of the whole school. And proceeded like nothing happened. Theres also this weird thing that alumini's cant visit due to the current principal (which is true)  10/10 experience if you want to feel like you're in prison",5 months ago,2023-08-03 18:23:43.943683+00,J
378,canossa-catholic,0,ChdDSUhNMG9nS0VJQ0FnSUR4c0xQdHh3RRAB,3,2023-12-31 18:23:43.597684+00,https://www.google.com/maps/contrib/115636092337580007879/reviews?hl=en,My friend school and home with loving teachers and friends.,7 months ago,2023-06-04 18:23:44.050684+00,Iswandi SK
379,cantonment,0,ChZDSUhNMG9nS0VJQ0FnSURWOGRHVFhBEAE,5,2023-12-31 18:24:09.809471+00,https://www.google.com/maps/contrib/106599252523660961499/reviews?hl=en,Love it I grew up in cps but a lot of gangsters and bullies,2 weeks ago,2023-12-17 18:24:09.820473+00,Sharmaine Chia
380,cantonment,0,ChdDSUhNMG9nS0VJQ0FnSUNsZ01EVzBBRRAB,5,2023-12-31 18:24:09.809471+00,https://www.google.com/maps/contrib/109432509423770384594/reviews?hl=en,Ohhhhh,a month ago,2023-12-01 18:24:09.849469+00,Raehan Deadskull
381,casuarina,7,ChdDSUhNMG9nS0VJQ0FnSUNscXZfYmxnRRAB,1,2023-12-31 18:24:35.925958+00,https://www.google.com/maps/contrib/101975096051819270527/reviews?hl=en,"Teachers behaved like hooligans toward students. Using inhuman & unreasonable words & actions on my child.  One of the teachers kept accusing my child & told her to shut up. And they tried to prevent my child from looking for us & asking for help!!  Didn't manage to stay till the end of the event as the teacher kept staring & glaring at her for a whole min!! I couldn't believe what I have seen...  Her emotion was totally ruined while others were happily cheering & enjoying themselves. Some teachers really do not care about their mental wellness/wellbeing at all.  And a note to those teachers:  ""Respect is earned, not given.""  Glad to catch former principal Ms Albuquerque Karen Anne's speeches & encouragements towards all the students...",a month ago,2023-12-01 18:24:35.93796+00,Lily
382,casuarina,0,ChZDSUhNMG9nS0VJQ0FnSUNsa2Rta0JnEAE,5,2023-12-31 18:24:35.92696+00,https://www.google.com/maps/contrib/112090699330667537364/reviews?hl=en,Students there all very welcoming and nice.teachers are helpful and patient with my questions!,a month ago,2023-12-01 18:24:35.998958+00,Den (Dyne)
383,casuarina,0,ChZDSUhNMG9nS0VJQ0FnSUNsa2Rtb0N3EAE,5,2023-12-31 18:24:35.92696+00,https://www.google.com/maps/contrib/103268231608958429338/reviews?hl=en,"this school is very good. the teachers there are very nice and polite. they work very hard to take care of the students and make sure they improve in each subject. as a student there, I respect the teachers hardwork and dedication to help us. recommend school!!!",a month ago,2023-12-01 18:24:36.046162+00,Richie Goh
384,catholic-high,0,ChdDSUhNMG9nS0VJQ0FnSUNWLVlxcTFBRRAB,1,2023-12-31 18:25:01.381066+00,https://www.google.com/maps/contrib/118096421761876431028/reviews?hl=en,you get a star for be good school,3 weeks ago,2023-12-10 18:25:01.392067+00,sgcoder1337
385,catholic-high,1,ChZDSUhNMG9nS0VJQ0FnSURKa09xY0t3EAE,3,2023-12-31 18:25:01.382067+00,https://www.google.com/maps/contrib/106426524703262979875/reviews?hl=en,Pls accept my DSA 🥺 …,a month ago,2023-12-01 18:25:01.435065+00,Rayneldeus Tan
386,catholic-high,12,ChdDSUhNMG9nS0VJQ0FnSUNGdzZIUzZnRRAB,5,2023-12-31 18:25:01.382067+00,https://www.google.com/maps/contrib/111780044310814716504/reviews?hl=en,"This place was a beautiful area of Bishan. I loved it here as a primary school student  the facilities were so nice and the teachers where kind and warm to me. I loved it as the library has an assortment of books and a myriad of genres to choose from. This was the best time I’ve had in a long time. The recess hours were too short I must emphasize. Since the students were released at the same time for recess, a lot of the students rush and line up at the same time just to get some food. In worse cases, the chance of getting food was minimal. But all in all, it was an amazing experience and opportunity for me to be here!",a month ago,2023-12-01 18:25:01.483066+00,Alex Chua
387,chij-kellock,0,ChZDSUhNMG9nS0VJQ0FnSUNGNWVlSlZBEAE,5,2023-12-31 18:27:19.542882+00,https://www.google.com/maps/contrib/108883365080466120259/reviews?hl=en,The teacher  were kind except mrs joyce Chua but pri 1 is so fun,2 months ago,2023-11-01 18:27:19.555883+00,Delima Jaffar
388,chij-kellock,65,ChZDSUhNMG9nS0VJQ0FnSURwN18yTVVREAE,5,2023-12-31 18:27:19.543884+00,https://www.google.com/maps/contrib/105120873503387076398/reviews?hl=en,"My teachers are strict since we're older, but they are very funny too. You have mass prayers before assembly in class on Fridays every first week of the month. My fav teacher is Mr Timothy Koh, Mdm Teo, and Miss Abi. Some may be strict but I don't hate any of them. My mom also chose this school because it's 10 mins away. Bus 3 uncle drive in the afternoon more funny. He sing in bus and will make jokes. HIGHLY RECOMMEND!!! 👏👏",2 months ago,2023-11-01 18:27:19.633882+00,Gavlyn
389,chij-our-lady-queen-of-peace,0,ChZDSUhNMG9nS0VJQ0FnSUNKblBXX0FREAE,1,2023-12-31 18:28:35.801127+00,https://www.google.com/maps/contrib/103581201052895775294/reviews?hl=en,So bad my daughter get so much homework everyday I cannot even spend time with here So many SDR,6 months ago,2023-07-04 18:28:35.893127+00,Genieve Lim
390,chij-our-lady-queen-of-peace,0,ChdDSUhNMG9nS0VJQ0FnSURsbU42STZnRRAB,5,2023-12-31 18:28:35.801127+00,https://www.google.com/maps/contrib/112603257064452876968/reviews?hl=en,I just graduated this year and I wish I could go back. The teachers are really the best in this school and the environment there is really good. They teach you good morals and what is good and bad for you. Thank you CHIJ OLQP for this journey.,a month ago,2023-12-01 18:28:35.811129+00,Halle Samudera
391,chij-our-lady-queen-of-peace,1,ChZDSUhNMG9nS0VJQ0FnSURScHRqallnEAE,5,2023-12-31 18:28:35.802128+00,https://www.google.com/maps/contrib/110662964259820056891/reviews?hl=en,"Congratulations CHIJ softball team for winning 1st place! It was a good time meeting you, I hope we can meet again next year! -SBPS (Sembawang primary school)",8 months ago,2023-05-05 18:28:35.960138+00,Alvina Hanis
392,chij-st-nicholas-girls,14,ChdDSUhNMG9nS0VJQ0FnSURWMTRicG5nRRAB,5,2023-12-31 18:30:03.216725+00,https://www.google.com/maps/contrib/106431716201798874011/reviews?hl=en,Chill,a week ago,2023-12-24 18:30:03.228727+00,Random Person
393,chij-st-nicholas-girls,0,ChdDSUhNMG9nS0VJQ0FnSUNWaGJYQzhRRRAB,5,2023-12-31 18:30:03.217728+00,https://www.google.com/maps/contrib/101530913252244653553/reviews?hl=en,"sngs best school! i remember vry clearly during class i was sound asleep when the fire alarm suddenly rang!!the teacher brought us on the long walk to the track when we saw what caused the fire...a huge fire breathing dragon1!1!1!1!!1!1it consumed some small innocent children before going back to committing arson!we were all screaming and running around.i was so scared!however, another teacher had a good idea.we all took off our shoes and socks and threw them at the dragon.upon smelling our disgusting shoes and socks,the dragon died.the whole school did the L emote on the dragon!can't wait to go back to sn secondary!❤️💗  oh yeah and my crippling depression and mental health issues came from here but it's whatever 😊",3 weeks ago,2023-12-10 18:30:03.289726+00,eee
394,chij-st-nicholas-girls,0,ChdDSUhNMG9nS0VJQ0FnSUNscDRyNXRBRRAB,5,2023-12-31 18:30:03.217728+00,https://www.google.com/maps/contrib/112292504337076567596/reviews?hl=en,"It was amazing! In English class, my friend once choked on a fishball. With a slip of her hands, her calculator was sent flying towards me! I summoned up a shield and deflected it. However, to my horror, the calculator hit my English teacher instead. She got a concussion and went into a coma. To my knowledge, she has not woken up to this day…",a month ago,2023-12-01 18:30:03.361725+00,Alexis Ong
395,chij-st-nicholas-girls,0,ChZDSUhNMG9nS0VJQ0FnSUNsbnFYT1BBEAE,5,2023-12-31 18:30:03.218725+00,https://www.google.com/maps/contrib/103135674038323604181/reviews?hl=en,"sngs is an amazing school! i remember the time so clearly, during lunar new year celebrations, the legendary monster swooped down upon our school and ate the decorations! then, before it consumed some innocent students, the father barré statue came to life and chased the monster away with the power of free education for girls!! even though my friends and i nearly had been eaten, that was one of the most memorable lunar new year celebrations in my life :D join sn secondary!!",a month ago,2023-12-01 18:30:03.422727+00,adele
396,chij-st-nicholas-girls,0,ChZDSUhNMG9nS0VJQ0FnSUNsNnU2dVhREAE,5,2023-12-31 18:30:03.219725+00,https://www.google.com/maps/contrib/103727308729240142214/reviews?hl=en,"other than the crippling depression and unnecessary stress, great school! It was really scary when my melody was suddenly on steriods and became muscular and nearly destroyed our school. We were shaking in our boots, fearful that she would get us. Luckily, batman came in time and lifted the school into the sky, letting my meoldy fly off, after which he then crushed her into ghe ground. 校长婆婆was cheering batman on and she controlled the school from her treehouse office in the sky and she let down her army of mr owls and they all flew in to peck my melodys eyes out. we are forever grateful to our beautiful 校长婆婆.",a month ago,2023-12-01 18:30:03.480725+00,nai nai
397,chij-st-nicholas-girls,0,ChdDSUhNMG9nS0VJQ0FnSUNsNnU2RDNnRRAB,5,2023-12-31 18:30:03.219725+00,https://www.google.com/maps/contrib/115174243214791945973/reviews?hl=en,"one spooky mysterious horrifying midnight, i was playing a very fun game of adopt me when suddenly i felt something grip onto my feet. there were cockroaches painting my toenails. i was awe stricken, terrified,my face was whiter than a sheet of paper! i immediately called for help and my amazing talented fantastic canteen stall aunty swooped all the cockroaches up and ate them for me!! i am truly thankful for this school and definitely approve of this! thank u:3",a month ago,2023-12-01 18:30:03.535726+00,a potato :0
398,chij-st-nicholas-girls,0,ChZDSUhNMG9nS0VJQ0FnSUNsNnJieUJ3EAE,3,2023-12-31 18:30:03.220725+00,https://www.google.com/maps/contrib/108839923064838323236/reviews?hl=en,Interesting school I must say it was very weird there but it was fun I remember once Voldemort suddenly spawned and started attacking students and cutting of their noses but luckily our slay 校长婆婆 stepped in in time and fought him in a duel to death which she eventually won protecting us all will forever remember her,a month ago,2023-12-01 18:30:03.580725+00,Twinkle Toes 435
399,chij-st-nicholas-girls,1,ChdDSUhNMG9nS0VJQ0FnSUNscXVuNXR3RRAB,1,2023-12-31 18:30:03.221727+00,https://www.google.com/maps/contrib/107251764810083840392/reviews?hl=en,After whole Singapore no more pandemic for more than a year. This school leader still uses pandemic as one of the reason to disallow school visit for p6 who wants to apply this School.  Another reason is no teacher resource around . The school must already have sufficient intake from affliction and dsa.  To drop it from the 6 choices.,a month ago,2023-12-01 18:30:03.621727+00,Sunshine Sunshine
400,chongfu,0,ChZDSUhNMG9nS0VJQ0FnSUMxcUpiRWVnEAE,2,2023-12-31 18:30:29.280616+00,https://www.google.com/maps/contrib/107918782034471022256/reviews?hl=en,"Not a very good school as people say , I just graduated from chongfu and I have to say that the teachers there can be very biased sometimes and aren’t supportive  But some teachers like Ms Elaine knows what they are doing and are very supportive  For the parents that want their children to study they I recommend you not to , the students there are very naughty , some even vape in toilet The teachers are okay but the students are really bad  I think the environment your students studies in is very important and they being surrounded by students who only know how to play would harm their academics  Canteen food is very bad School soccer field is so small Gangster students  I don’t recommend you come to this school",a week ago,2023-12-24 18:30:29.294616+00,Cheong Tynsen (Northlandss)
401,chongfu,0,ChZDSUhNMG9nS0VJQ0FnSUNGZy1XSlVnEAE,1,2023-12-31 18:30:29.281618+00,https://www.google.com/maps/contrib/114613766723455358378/reviews?hl=en,"The school is horrible I used to be a student there I have so many complaints this is not about hate the teachers there are very corrupt yet they charge a lot for money I remembered a photo will cost you over 2 dollars for a small piece yet the teachers still yell at you even if you did nothing wrong the embarrassing part is that it is a huay kan school and yet it is horrible they would give us cheap items and still yell at you even if you get into something you didn't do the will just judge you if you are being hated by one of the teachers they hate will just carry on to your next class until you graduate and they would lie to you so they can take advantage of your kids and money. And they love to do that they would just target the p1 students because they are young children I still remembered I had a body cam on my chest I saw multiple chairs and the prefects act very mature but on the 2nd day I found the schools dark secret they let you sit on the chairs the first day on the 2nd they will know your parents aren't with you anymore they make you sit on the floor. Sorry chongfu but there is no cutting corners.BTW Those wondering what the (charity funds) are spent on they will most likely be used on bills,teacher's  pay, used on trips,ipad. parents I promise you.DO NOT LET YOUR CHILD TOUCH ANYTHING OR DONATE TO THE SCHOOL",a week ago,2023-12-24 18:30:29.332617+00,Doge Gamer
402,chongzheng,0,ChdDSUhNMG9nS0VJQ0FnSUMxOE15NzN3RRAB,5,2023-12-31 18:30:54.964621+00,https://www.google.com/maps/contrib/114243019925435175627/reviews?hl=en,I LOVE THIS SCHOOL SO MUCH. ❤💝.The time I spent there was so good. It was the best experience in this school.I love the teachers there.💝💜Ms veni is the best teacher💜💝💜💖.🫶🫶🫶 …,a week ago,2023-12-24 18:30:54.976624+00,Kasthuri Balasubramani
403,chongzheng,0,ChdDSUhNMG9nS0VJQ0FnSURWNElUbHd3RRAB,5,2023-12-31 18:30:54.965623+00,https://www.google.com/maps/contrib/116483656543412662575/reviews?hl=en,IT WAS A WONDERFUL EXPERIENCE!!I love CZ and would never forget it and the teachers there!! ❤️,3 weeks ago,2023-12-10 18:30:55.026624+00,Thashi Santosh
404,chongzheng,0,ChZDSUhNMG9nS0VJQ0FnSUNsZzZyUFhnEAE,5,2023-12-31 18:30:54.966622+00,https://www.google.com/maps/contrib/113831515712183632803/reviews?hl=en,Love this school Ms veni is the best teacher ❤,a month ago,2023-12-01 18:30:55.069622+00,Krishna Moorthy
405,chongzheng,0,ChdDSUhNMG9nS0VJQ0FnSURGNXNiUzRBRRAB,1,2023-12-31 18:30:54.966622+00,https://www.google.com/maps/contrib/117803765053119995927/reviews?hl=en,Verybad school Mother tounge too short neeed more Classmust need more lessons Recess too long NO PE PE too boring lesser PE i hattteeeee exersize remove PE!!!!!!!!!!!!!!!!!!!!!!,a month ago,2023-12-01 18:30:55.116622+00,Nurin Arinah Maszlan (Meridianss)
406,chua-chu-kang,0,ChZDSUhNMG9nS0VJQ0FnSUNsdHJ5S2R3EAE,5,2023-12-31 18:31:20.554199+00,https://www.google.com/maps/contrib/108468406485611106019/reviews?hl=en,I will be graduating this year 2023 it a great school would recommend,a month ago,2023-12-01 18:31:20.618199+00,Tan
407,chua-chu-kang,0,ChdDSUhNMG9nS0VJQ0FnSUNRbVpxaDFnRRAB,5,2023-12-31 18:31:20.554199+00,https://www.google.com/maps/contrib/115866448386064639765/reviews?hl=en,My Friend studies here. She says it's beautiful. And I can see it too.,2 weeks ago,2023-12-17 18:31:20.565201+00,Faisal Talukder
408,compassvale,0,ChZDSUhNMG9nS0VJQ0FnSURsbXY3R2N3EAE,5,2023-12-31 18:32:14.553853+00,https://www.google.com/maps/contrib/104427743067926525030/reviews?hl=en,"It is a nice school, the teachers are kind.",4 weeks ago,2023-12-03 18:32:14.565853+00,Su Ling
409,compassvale,0,ChZDSUhNMG9nS0VJQ0FnSUM1OHZUR0ZnEAE,5,2023-12-31 18:32:14.554854+00,https://www.google.com/maps/contrib/110989141705089173622/reviews?hl=en,"Hi I am a student from cvps and I can say that mostly all the teachers are very kind toward students .Highly recommended if u are staying in Sengkang or Punggol , this school has a wide range of ccas and the netball is quite good as well.Highly recommended!!!!!:)",2 months ago,2023-11-01 18:32:14.625855+00,Rachel Squad
410,compassvale,14,ChZDSUhNMG9nS0VJQ0FnSURKaWZDREV3EAE,1,2023-12-31 18:32:14.555855+00,https://www.google.com/maps/contrib/112481513844794531019/reviews?hl=en,"Very worst teachers … no interest shown towards children.. they want all children to study good without their effort, otherwise they won't take care ..",5 months ago,2023-08-03 18:32:14.684865+00,imran nazim
411,corporation,0,ChdDSUhNMG9nS0VJQ0FnSUMxd3M2NjlBRRAB,1,2023-12-31 18:33:05.714098+00,https://www.google.com/maps/contrib/100592839107682910289/reviews?hl=en,"I used to be a student in this school till I transferred out , after going to a different school , I find things different, I don’t get bullied in my new school that much anymore, in cps , students would bully me for whatever reasons like my art , my Chinese, especially those students in my Chinese class I’ll never forget u guys who bullied me till I cry and hate myself for that, they body shame me , and honestly most of the students there is really mean or rude , in p1 people stole my pencil case my favorite pens and more stuff , even my buddy said nothing when her friend dropped chocolate ice cream on my wallet causing stains, and my Chinese teacher ever since p3 was the worst she herself bullied me and favors my bully (I won’t mention anyone names here) but I hope people in this school won’t bully others after my review, !",5 days ago,2023-12-26 18:33:05.7261+00,Amanda Yeo
412,de-la-salle,0,ChZDSUhNMG9nS0VJQ0FnSUMxbklfdmV3EAE,1,2023-12-31 18:34:22.588565+00,https://www.google.com/maps/contrib/102741803738508572392/reviews?hl=en,Too old,6 days ago,2023-12-25 18:34:22.601568+00,Rachel Sue Yeecsz
413,edgefield,105,ChZDSUhNMG9nS0VJQ0FnSUMxOHF1OGV3EAE,5,2023-12-31 18:35:13.733163+00,https://www.google.com/maps/contrib/118362911897126571757/reviews?hl=en,"We transferred our child from AMKPS to Edgefield primary school.  Mdm. Siti handled it very well and guided us promptly in each stage. She was very polite, professional and knowledgeable. The entire transfer process was very smooth and seamless. Thank you so much.",4 days ago,2023-12-27 18:35:13.745162+00,Anand S
414,edgefield,0,ChdDSUhNMG9nS0VJQ0FnSUQ1eWUzSnBRRRAB,5,2023-12-31 18:35:13.734164+00,https://www.google.com/maps/contrib/110926852243802858014/reviews?hl=en,I go to this school and I love it,2 months ago,2023-11-01 18:35:13.911161+00,julinah sabria
415,edgefield,0,ChdDSUhNMG9nS0VJQ0FnSURWbF9lLTZBRRAB,5,2023-12-31 18:35:13.734164+00,https://www.google.com/maps/contrib/100937282311702450024/reviews?hl=en,I love this place because I can play with my friends at recess.😄 …,a week ago,2023-12-24 18:35:13.826163+00,David Chong
416,elias-park,0,ChdDSUhNMG9nS0VJQ0FnSUNsMl9ENG53RRAB,5,2023-12-31 18:35:39.527195+00,https://www.google.com/maps/contrib/102303697501899848136/reviews?hl=en,"I just finished PSLE this year and so far this school had made me a pleasant and enjoyable 6 year journey. For my experience P1 and P2 there was no stress and fun but still teacher are strict but still very good. P3 to P5 stress get harder, teacher a bit more harsh but is for our own good. For p6, I want to thank my math teacher Mr Yusman for making me a more discipline student and I also learned the importance of resilience. I want to thank all my teachers for teaching me this past 6 years. The school food is very nice especially lemak corner fried rice. Overall the facilities are good and the CCA is very good too. If parents are going to send their child here I know you have made the right choice! Friends are nice and the school is very generous and kind too. So far best school in the world😄 I have to warn you that some students will go to McDonald's after school and cause a lot of trouble so you should always report! We have a lot of outings too.(ps I went to express.",a month ago,2023-12-01 18:35:39.540198+00,Ian Tergel Ho
417,elias-park,0,ChdDSUhNMG9nS0VJQ0FnSUNsNjhuMXNBRRAB,5,2023-12-31 18:35:39.528196+00,https://www.google.com/maps/contrib/105005379997498575483/reviews?hl=en,"A very great school, the food is nice here although we sometimes had to queue for 10 minutes or longer but was worth it. Teachers here are interactive and very friendly! The students are very friendly too, you just need to understand how they communicate. Lastly, the learning excursions are exciting and fun especially after the pandemic. Oh and one more thing, prepare for the worst (laughable) dad jokes of ur life (im sorry plz no backlash!!1!1!1!)",a month ago,2023-12-01 18:35:39.620197+00,Radio Tech
418,elias-park,0,ChZDSUhNMG9nS0VJQ0FnSUNsczZTZGF3EAE,5,2023-12-31 18:35:39.529197+00,https://www.google.com/maps/contrib/102343662757888003896/reviews?hl=en,"I just graduated from this school so imma write a review on this school. I have made so many wonderful memories in this school. I will never forget everyone I have met in this school as they were all so friendly, fun, caring and loving, including the teachers. This school always tries their best to give the students in the school a fun learning experience. The teachers always supported me and will never give up on me although I might cause a lot of trouble often. I rlly appreciate all of them for being my teachers. Although this school might not be popular, I think it should be cuz it's such an amazing school to all my school mates and I. This school's teachers, principals, staff and disapline master are all super fun but when it's time to get strict then yea, they are very strict but in a good way lah. So yea, join this school!",a month ago,2023-12-01 18:35:39.727195+00,Jerrxline Yixin
419,elias-park,0,ChdDSUhNMG9nS0VJQ0FnSUNscTVqLWlnRRAB,1,2023-12-31 18:35:39.529197+00,https://www.google.com/maps/contrib/116415761713660626963/reviews?hl=en,No hygiene,a month ago,2023-12-01 18:35:39.672195+00,Ryden
420,elias-park,0,ChZDSUhNMG9nS0VJQ0FnSUNsczlEd0tREAE,4,2023-12-31 18:35:39.530196+00,https://www.google.com/maps/contrib/110060513435366282119/reviews?hl=en,"I just finish PSLE, overall great school + unforgettable memories made. If your looking for a primary school to enroll your child in, here is my personal experience. P1-P2 no stress, made good friends and teachers were pretty nice. P3-P4 was a big jump, definitely more stress as there were exams but teachers still ok lah. Also the food stalls were decent I usually ate chicken rice but over time I also tried other stalls. Sanitary wise, I did not see any problems personally. Stall aunty and uncles were very kind. Ah now P5-P6 was a different beast cuz of PSLE and stuff like that. Class was brought towards mental health and SED n stuff like that as we were maturing. But these two years was the best of primary school life despite all the pressure. Alot of learning journeys in P5 and after PSLE too. I had a lot of fun with my class and to be honest I really enjoyed my time and even wanting to go to school more lol. Well that was only after PSLE lah. Fun outings and enjoyed bonding with my class. Teachers were nice but biased sometimes. But in the end I loved my primary school experience here. Would def visit again. (ps, toilet not bad, but not that sanitary as well) Love all my teachers too. Anyway, ex -eliasian signing off-",a month ago,2023-12-01 18:35:39.774196+00,amanda chan
421,elias-park,18,ChZDSUhNMG9nS0VJQ0FnSUNwM0xmUU93EAE,5,2023-12-31 18:35:39.531205+00,https://www.google.com/maps/contrib/109569922553726485406/reviews?hl=en,best time of my academic life. i am a boomer now lol and still have fond memories of this sch.,5 months ago,2023-08-03 18:35:39.804198+00,Chandler Lim
422,elias-park,0,ChdDSUhNMG9nS0VJQ0FnSURKeWZ6TThnRRAB,5,2023-12-31 18:35:39.532197+00,https://www.google.com/maps/contrib/106726511486272120441/reviews?hl=en,The best... THE BEST I SAY,5 months ago,2023-08-03 18:35:39.849197+00,Pooh TheBear
423,elias-park,0,ChdDSUhNMG9nS0VJQ0FnSURKekpLUGdRRRAB,1,2023-12-31 18:35:39.532197+00,https://www.google.com/maps/contrib/102722312724703743716/reviews?hl=en,kids from this place very rude at mcdonalds. terrible kids.,5 months ago,2023-08-03 18:35:39.897196+00,Derika Seow
424,elias-park,1,ChZDSUhNMG9nS0VJQ0FnSURob1pMRlRREAE,5,2023-12-31 18:35:39.533197+00,https://www.google.com/maps/contrib/102036901363509299513/reviews?hl=en,"Very good school with great teachers to support along the way . In my opinion, had fun during the last 6 years of my life but had some so called ""traumatic"" experience that happened last year. Until now I still have that hatred for that person. But, once PSLE was coming, I started focusing on studies and teachers were so supportive that I really appreciate them a lot . The CCA's are excellent! If you like singing strongly encourage you to join choir. But want to take up something else? You guys will have a lesson called PAL in P2. In that case you guys will have a chance in learning something and find out the things you like. After that, when you are P3 teachers will either recommend you to join a CCA or you can choose yourself. The best thing is join the CCA the teachers recommends you as it gives you better experience. The canteen food was nice from a stall named Makan sedap the vendors are very friendly. Along the years, many stalls closed down and that was kinda sad for me. If you are having hard time in the school I strongly encourage you to see your form teachers or the counselor because they are always ready to help you with studies or personal things you have been keeping away from teachers. I totally recommend students to join this school as you will have the best 6 years with many programmes to take up and awards to collect. Here is one of my P6 picture",9 months ago,2023-04-05 18:35:39.929195+00,Rika Lestario
425,elias-park,59,ChZDSUhNMG9nS0VJQ0FnSUNoZ0pySmFnEAE,5,2023-12-31 18:35:39.534198+00,https://www.google.com/maps/contrib/114180428045252189434/reviews?hl=en,Love this school many memories made in 6 years there miss it......... I oso miss the dance CCA I attended. Miss the cher there my sec school cher isn't really half as nice (no offence) ❣️❣️,9 months ago,2023-04-05 18:35:39.965196+00,Krystal Gamer
426,elias-park,0,ChZDSUhNMG9nS0VJQ0FnSUNobHY3ZlJnEAE,5,2023-12-31 18:35:39.535197+00,https://www.google.com/maps/contrib/118022463192239619526/reviews?hl=en,Has nice food…good stall vendors…if you go you’ll like it,10 months ago,2023-03-06 18:35:40.006195+00,Tien Xun Rui Javen (Epps)
427,endeavour,0,ChZDSUhNMG9nS0VJQ0FnSUNWM0lQREl3EAE,5,2023-12-31 18:36:05.833891+00,https://www.google.com/maps/contrib/112372373691414577263/reviews?hl=en,The teachers there are really kind. The canteen vendors are so kind. The school environment is really a good place to study even the library and the canteen. Endeavour really gives lots of activity for us.. My favourite teacher was (miss Pauline Teo) she really is a kind teacher and also other teacher. I was a student there my last year was 2023 really enjoyed it... Proud to be a student there. If U live at the sembawang side really should consider this school into Ur school list for Ur kid. Not only the teachers are kind but the security guards and the canteen vendors are kind. Really will miss all the memories made in endeavour...,3 weeks ago,2023-12-10 18:36:05.886889+00,Yu En Ang
428,endeavour,1,ChdDSUhNMG9nS0VJQ0FnSUMxc3EtRm5nRRAB,2,2023-12-31 18:36:05.833891+00,https://www.google.com/maps/contrib/105105591755260355172/reviews?hl=en,"I am a student of edp and first is the work i am on school holiday and  my father got a call from the school and there is a lady call siti and she said i had homework and today i received the homework and i look at it and on the first page  my name was on it and the second page it was my primary 2 friends works and the 3th page was another friend of my i think they. Put all the work in in one i don't think it is right to oh i forgot, this school is good but   my teacher is very forgetful,",4 days ago,2023-12-27 18:36:05.846889+00,Kadence Lee
429,endeavour,0,ChdDSUhNMG9nS0VJQ0FnSURsMWJEaHpnRRAB,1,2023-12-31 18:36:05.834891+00,https://www.google.com/maps/contrib/113235556048574147301/reviews?hl=en,"Just don't come,if you're a parent reading this about to choose a primary school,it's trash,like shout for what?walao,they set up a video to welcome the students,when most of the scenes are fake,like the general office staff smiling and giving a thumbs up when the student comes in,i regret coming here and should have chose other schools such as SP,and the students that come here are so unkind,canteen food also trash,except stall 7 &1 lah those ones ok! walao bad school! 🙄😞🤓",4 weeks ago,2023-12-03 18:36:05.929891+00,Yoshi Yoshi
430,endeavour,8,ChZDSUhNMG9nS0VJQ0FnSUNsbGI3aFl3EAE,5,2023-12-31 18:36:05.835891+00,https://www.google.com/maps/contrib/113500388740770420880/reviews?hl=en,"Review of Endeavour Primary School I don’t know about everyone else but I feel like this school was much more of a blessing than a detriment! The teachers here were AWESOME. They knew how to engage us in the lessons, and I could see my grades improving, especially my horrendous MT! (Kudos to U, Mrs Wong!) The students I met in this school were genuinely the nicest people I had ever met. Although some couldn’t stop yapping, some were the most caring people I had ever talked to. I have made many fond memories with my friends throughout the years, and I just wish MOE could allow us to stay as a class for just a few more weeks. I should be choosing my secondary school right now, but I just wanted to leave an honest review of how this school has changed my life for the better. If I could rate this school higher I definitely would.",a month ago,2023-12-01 18:36:05.97089+00,Jerry Kuang
431,endeavour,0,ChZDSUhNMG9nS0VJQ0FnSUQ1NXJlQ0VREAE,5,2023-12-31 18:36:05.836891+00,https://www.google.com/maps/contrib/102434698515731305131/reviews?hl=en,"Mr Jeremy Tan is legit the best teacher I have ever met. he teaches very good, and my other teachers are also good. Even though they scold a lot, the scolding is necessary for us to learn. very good school with good values, and fair choices made.",2 months ago,2023-11-01 18:36:06.013889+00,Wei Feng Xuan (Endeavourps)
432,endeavour,0,ChdDSUhNMG9nS0VJQ0FnSURackxhazNnRRAB,2,2023-12-31 18:36:05.836891+00,https://www.google.com/maps/contrib/111925801550371032484/reviews?hl=en,"First of all, the disciplinary conduct here is absolute trash. I am in my last year here and honestly, I wish it would be gone sooner. There were like 2 students vaping and they just got a simple and light scolding. What the heck? Outrageous, I tell you. Some of the teachers are coo-coo: A teacher who used to be my p3,p4 form teacher got fired for bringing a knife to school. Also some teachers just don't know how to freaking teach. Haiya also got laosai on the ground in the toilet. The boys toilet are literally trashed, even on the top level. Most students are vulgar, even in the ""smarter"" classes. Some teachers should get raises like Lo Zhi Hui Jonathan. He's the goat for real. I almost forgot to mention the bullying and teasing and hitting. I was a victim of bullying throughout these years and even in P6 I still got physically hit, in class too. Some of the teachers really do not care about our wellbeing and just make sure they taught us and not that we learnt. I only give 2 stars because 2/5 of the teachers are good, and some of the students quite ok la, some of them quite defiant also, so your child might get influenced by them, like me lor. Also like 3/4 of the students are not hardworking, I say this while I also am not as hardwrorking as I want to be.",2 months ago,2023-11-01 18:36:06.053889+00,me me
433,endeavour,0,ChZDSUhNMG9nS0VJQ0FnSURoNnZMQ0lBEAE,5,2023-12-31 18:36:05.837889+00,https://www.google.com/maps/contrib/109358531478925974082/reviews?hl=en,"Very good. I miss the place... I was a former student of endeavour primary and I was from 6compassion. Mr Jeremy Tan is an awesome teacher who is reasonable . There are obviously other kind teachers also and there are also strict teachers like MDM Reena(don't get me wrong, I enjoyed some of her lessons when it went smoothly).",4 months ago,2023-09-02 18:36:06.083889+00,Hong Zhi Ng
434,endeavour,0,ChZDSUhNMG9nS0VJQ0FnSURKOGJUOVNREAE,1,2023-12-31 18:36:05.838889+00,https://www.google.com/maps/contrib/107742077673920343583/reviews?hl=en,Teachers are irresponsible. Speak rudely to students. Not attentive to accidents that happen. Brush away and push blames around. Police report have been made. Reported to MOE as well. This school needs to is not a school i would recommend.,5 months ago,2023-08-03 18:36:06.14989+00,Eian Willis
435,endeavour,0,ChZDSUhNMG9nS0VJQ0FnSUNKam9qMEVREAE,1,2023-12-31 18:36:05.839891+00,https://www.google.com/maps/contrib/104729224055422492222/reviews?hl=en,My son comes here (shaun) and he turned out fantastic!,6 months ago,2023-07-04 18:36:06.18989+00,Z03MG Lol
436,endeavour,1,ChdDSUhNMG9nS0VJQ0FnSUNKNk8tZHVBRRAB,1,2023-12-31 18:36:05.839891+00,https://www.google.com/maps/contrib/106335279589358382977/reviews?hl=en,Good lift.,6 months ago,2023-07-04 18:36:06.23189+00,Roblox Legend
437,endeavour,0,ChdDSUhNMG9nS0VJQ0FnSUR4elBhN2lBRRAB,1,2023-12-31 18:36:05.840891+00,https://www.google.com/maps/contrib/118303981343760288624/reviews?hl=en,It's raining very heavily on this Saturday 3/6 @15.44 pm footballers continue to play despite of the lightning alert Pls do educate these footballers their Ives are in danger!,6 months ago,2023-07-04 18:36:06.27189+00,J J
438,eunos,0,ChZDSUhNMG9nS0VJQ0FnSUMxbExySWNBEAE,5,2023-12-31 18:36:31.912325+00,https://www.google.com/maps/contrib/100213578777307250527/reviews?hl=en,Best school in singapore sadly it merged with telok the worst school in singapore.,a week ago,2023-12-24 18:36:31.925326+00,balulg
439,eunos,0,ChdDSUhNMG9nS0VJQ0FnSUNSMHZlTG93RRAB,5,2023-12-31 18:36:31.913325+00,https://www.google.com/maps/contrib/105580699348146565911/reviews?hl=en,"This was a good yet friendly school and has a good education no bullies and helpful teachers, this place was a experience that I never ever counted before",9 months ago,2023-04-05 18:36:31.970325+00,Tan Pi boh
440,eunos,0,ChZDSUhNMG9nS0VJQ0FnSUNSX1BtUWR3EAE,5,2023-12-31 18:36:31.914327+00,https://www.google.com/maps/contrib/116333704117958627416/reviews?hl=en,very good school was a ex p5 student here before it merged with telok kurau primary school i miss the place a lot the canteen was also way bigger than tkps and the food was better too easily 5 stars,9 months ago,2023-04-05 18:36:32.016325+00,Tya2
441,eunos,0,ChZDSUhNMG9nS0VJQ0FnSURXbjRMTWRBEAE,5,2023-12-31 18:36:31.914327+00,https://www.google.com/maps/contrib/108490943249833814988/reviews?hl=en,Tremendous learning experience for children,a year ago,2022-12-31 18:36:32.046325+00,kowshik surya creations
442,eunos,79,ChdDSUhNMG9nS0VJQ0FnSUNXNlotQ29RRRAB,5,2023-12-31 18:36:31.915325+00,https://www.google.com/maps/contrib/102565216746206251023/reviews?hl=en,This school will merge with Telok Kurau Primary School in 2023. The location after the merger is the location of Telok Kurau Primary School.,a year ago,2022-12-31 18:36:32.091325+00,1000 subscribers in my channel challenge
443,fairfield-methodist,1,ChZDSUhNMG9nS0VJQ0FnSURKc052R09BEAE,4,2023-12-31 18:37:23.446915+00,https://www.google.com/maps/contrib/108214460557317153888/reviews?hl=en,"That’s is actually my alumni school. I’m currently in the secondary school under the same name. The Teachers can be friendly and strict at the same time. Also, the food there are quite cheap and so be prepared to let your child to have a lot of worksheets coming your way. The only concern is that it’s quite far and the hours are quite long. But very good school :)",5 months ago,2023-08-03 18:37:23.457917+00,Aryenne Sim Hyem Nga (Fmss)
444,farrer-park,0,ChZDSUhNMG9nS0VJQ0FnSUNsLS0ya0RREAE,5,2023-12-31 18:37:48.936+00,https://www.google.com/maps/contrib/110031278702832107935/reviews?hl=en,W school 😀👍🔥🔥 …,a month ago,2023-12-01 18:37:49.016999+00,Mango guy
445,farrer-park,0,ChZDSUhNMG9nS0VJQ0FnSURseElUT0dBEAE,1,2023-12-31 18:37:48.936+00,https://www.google.com/maps/contrib/118260249089702819064/reviews?hl=en,Horrible just horrible,a month ago,2023-12-01 18:37:48.948001+00,Lilly
446,farrer-park,0,ChdDSUhNMG9nS0VJQ0FnSURGM1ozNXlnRRAB,5,2023-12-31 18:37:48.937001+00,https://www.google.com/maps/contrib/105004206412293911733/reviews?hl=en,I am schooling there,a month ago,2023-12-01 18:37:49.090999+00,balkise shaik mohamed
447,farrer-park,0,ChZDSUhNMG9nS0VJQ0FnSUNaeWRYdllnEAE,5,2023-12-31 18:37:48.938003+00,https://www.google.com/maps/contrib/108218309947224631787/reviews?hl=en,"I’m currently a student in this school, but some teachers are bad and majority are good although the teachers taught us to not misbehave some of the students in this school still continue to do so even after they got punished a few times, it’s not the teacher fault that the students are bad, it’s the students attitude. If they followed what the teachers said, they wouldn’t be that bad. So it’s not their fault. If your child end up in foundation in p6 don’t worry because they will end up passing most likely. (If they do behave and pay attention in school.) He can explain very clearly and easy for students to understand. Some students do cut queue but teachers do take action if they see them. (If your thinking about putting your child in that school, here’s a advice, make sure to like buy two school uniforms and two PE attire.) I would recommend you to go to this school or place your child in this school. The teacher may give a lot of work during p6 but it’s because they care for your or your child’s academics. There are teachers in this school who worries or get stressed more than you or your child’s academics, Teachers do care for you or your child, it may not seem like it but they actually do. If your child is interested into DSA(direct school admission), tell them to ask their teachers about it, they will help them. The SYF(Singapore youth festival) is pretty good for certain talents. The CCA(Co-Curricular Activities) has became lesser, the previous principal, Ms Cheong, in my opinion she was absolutely the best principal but the principal now is a bit strict and bad, he didn’t tell students what we’re gonna do after psle or tell us what time we will end. But primary one students do still get to wonder and explore new interests, skills, talents which is quite fun for them, the teachers will help them improve their talent and help them develop their interest more. So once again I do recommend this school.",2 months ago,2023-11-01 18:37:49.147+00,Singapore
448,fengshan,0,ChZDSUhNMG9nS0VJQ0FnSURKeDZUX0lnEAE,5,2023-12-31 18:38:14.938638+00,https://www.google.com/maps/contrib/102236393493498048685/reviews?hl=en,Mdm Hayati is the best cher,5 months ago,2023-08-03 18:38:14.95064+00,Alvin Ang Kian Kok (Bsss)
449,fengshan,3,ChZDSUhNMG9nS0VJQ0FnSURKOE5PRElREAE,3,2023-12-31 18:38:14.939641+00,https://www.google.com/maps/contrib/114898802004289188165/reviews?hl=en,"6 students sprayed water at me using the cooling water near the parking lot. Atmosphere and looks inside 10/10, Students behaviour 2/10. P6's 0/10. Wouldnt Recommend. But very nice school to make core memories.",5 months ago,2023-08-03 18:38:15.004637+00,TacticalNoob4557
450,fengshan,0,ChdDSUhNMG9nS0VJQ0FnSURKOEpQRXpnRRAB,1,2023-12-31 18:38:14.939641+00,https://www.google.com/maps/contrib/101037012462092502650/reviews?hl=en,worst school,5 months ago,2023-08-03 18:38:15.045639+00,eat out of the PB jar u clown
451,fengshan,0,ChdDSUhNMG9nS0VJQ0FnSUN4ckt1dTlnRRAB,5,2023-12-31 18:38:14.940639+00,https://www.google.com/maps/contrib/105991768492759889530/reviews?hl=en,Very cool and fun,7 months ago,2023-06-04 18:38:15.103638+00,Muhammad Rayyan Zahid
452,fengshan,6,ChZDSUhNMG9nS0VJQ0FnSURSMzZQQlNREAE,1,2023-12-31 18:38:14.941639+00,https://www.google.com/maps/contrib/105128289366583178692/reviews?hl=en,Why no sheltered overhead bridge at this location for children and old folks ? Since there is a school. Strange.,7 months ago,2023-06-04 18:38:15.147639+00,Tj Lim
453,fern-green,15,ChZDSUhNMG9nS0VJQ0FnSURaNVpxZ2VBEAE,1,2023-12-31 18:38:40.968084+00,https://www.google.com/maps/contrib/110225133510449735981/reviews?hl=en,Don't go to this school reason: Math stands for:  M=Mental A=Abuse T=to H=humans  School stands for:  S=six C=curel H=hours O=of O=our L=lives  Homework stands for:  H=half O=of M=my E=energy W=wasted O=on R=random K=knowledge  Class stands for:  C=come L=late A=and S=start S=sleeping  PSLE stands for:  P=please S=stop L=learning E=English  Worst school ever!!!  Plus the store in the canteen called yummy noddles don't give enough food for $2 plus I think it is not called yummy noddles it's called disgusting noddles.,3 days ago,2023-12-28 18:38:40.981085+00,Serene Soh
454,fern-green,1,ChdDSUhNMG9nS0VJQ0FnSUNKenNiZWxBRRAB,3,2023-12-31 18:38:40.969085+00,https://www.google.com/maps/contrib/114932647309599545075/reviews?hl=en,Very good school. Canteen food very good. Teachers very good. Will recommend. BUT NO SWEET DRINKS BRING BACK THE SWEET DRINKS,a week ago,2023-12-24 18:38:41.026084+00,Lim Tristan (FGPS)
455,fernvale,0,ChZDSUhNMG9nS0VJQ0FnSUMxaU0tckt3EAE,4,2023-12-31 18:39:06.46219+00,https://www.google.com/maps/contrib/107936265190887588933/reviews?hl=en,"I am a former student. If you are looking for a primary school, I would recommend FVPS. The transportation is convenient. One thing that you should mind for the boys is that in some toilet cubicles, there isn't toilet rolls, so you have to get the amount of toilet paper you need outside of the boys' toilet before entering if you are having a big business. The teachers are approachable and nice. The environment is great and have great options of food there.",a week ago,2023-12-24 18:39:06.474191+00,Kaya Butter
456,fernvale,0,ChZDSUhNMG9nS0VJQ0FnSUMxaUpPV0ZBEAE,3,2023-12-31 18:39:06.463189+00,https://www.google.com/maps/contrib/113596393216896003811/reviews?hl=en,i used to be a student and this school gives me ptsd,a week ago,2023-12-24 18:39:06.52019+00,Cannon Ball
457,fernvale,0,ChdDSUhNMG9nS0VJQ0FnSUNtMk5qUmdnRRAB,5,2023-12-31 18:39:06.46419+00,https://www.google.com/maps/contrib/114441540148369127159/reviews?hl=en,I want to thank the school so much.And i just miss my form teachers which is mdm soh and especially the two superb best teacher which is mr Gavin and mrs Teo i know i never had a chance to thank u all but i will say now and cikgu yati thank u for teaching me malay and mr lau for teaching me history stuff and mdm siti for being my PE teacher I REALLY MISS U GUYS THANK U FOR EVERYTHING U THOUGHT AND GAVE ME .BTW IM D,2 weeks ago,2023-12-17 18:39:06.58619+00,WWD rocket
458,fernvale,0,ChdDSUhNMG9nS0VJQ0FnSURsc3Q2cDVRRRAB,5,2023-12-31 18:39:06.46419+00,https://www.google.com/maps/contrib/115621455832796647545/reviews?hl=en,I am a student at the school and it is very good with a conducive environment and good teachers,4 weeks ago,2023-12-03 18:39:06.638188+00,Chan Hong Kai
459,fuhua,0,ChZDSUhNMG9nS0VJQ0FnSURWeTU3dk5BEAE,1,2023-12-31 18:40:49.394028+00,https://www.google.com/maps/contrib/104803021250585138328/reviews?hl=en,"As I am a student from this school, I don’t recommend u to choose this school the teachers here are all biased and they only support girls. For example my English teacher dr Lee saw a boy homework and it is half way done and she scolded the boy and when she walked behind she saw a girls work and was completely not done and she didn’t scold the girl. Some more is that the cleaners are Soo rude if u accidentally spray water on the floor and the is a cleaner nearby he will put ur son/daughter shirt. I know as they have did this to me before and the teachers here are mostly bad and baised except some good teachers",2 weeks ago,2023-12-17 18:40:49.40503+00,Lim Jia An Zachary (Yuhuass)
460,gan-eng-seng,0,ChZDSUhNMG9nS0VJQ0FnSUNsOHZtVkpBEAE,5,2023-12-31 18:41:15.529219+00,https://www.google.com/maps/contrib/104542808000404377250/reviews?hl=en,"Vv fun n loving teachers. The principal n vice principals are very loving also, the students over there fun n kind",a month ago,2023-12-01 18:41:15.598221+00,Novia Auliany
461,gan-eng-seng,1,ChdDSUhNMG9nS0VJQ0FnSUMtMHRpSXVnRRAB,2,2023-12-31 18:41:15.529219+00,https://www.google.com/maps/contrib/111697965669750609694/reviews?hl=en,School I guess it’s fun but toilet scary 😭 …,a month ago,2023-12-01 18:41:15.540221+00,Lui Ruioen
462,geylang-methodist,0,ChZDSUhNMG9nS0VJQ0FnSUMxLXVESll3EAE,3,2023-12-31 18:41:41.31214+00,https://www.google.com/maps/contrib/114741823528391709922/reviews?hl=en,"it's a decent school. Has a lot of activities and programmes you can enjoy and look forward to ESPECIALLY at the end of the school year. Some of the teachers are very strict, and some are really nice. 50/50. I think the problem are just the students, some are already vry gangster and rebellious, the teachers should handle the situation more seriously and educate them.(Coming from an ex-student who just graduated)",3 days ago,2023-12-28 18:41:41.324141+00,シCupcake Gacha Betty
463,gongshang,0,ChZDSUhNMG9nS0VJQ0FnSURsNm83MEx3EAE,4,2023-12-31 18:42:06.879207+00,https://www.google.com/maps/contrib/113328333532834040690/reviews?hl=en,Some of the teachers there r nice,4 weeks ago,2023-12-03 18:42:06.891209+00,hui qi
464,gongshang,0,ChZDSUhNMG9nS0VJQ0FnSUQ1MGZpREdnEAE,1,2023-12-31 18:42:06.880207+00,https://www.google.com/maps/contrib/101209288448744143373/reviews?hl=en,"A poor neighbourhood school located in a poor neighbourhood area, with lots of problematic kids..cant blame the teachers thou...because most of the parents there are blue collar job holder, in other words, helpless.",2 months ago,2023-11-01 18:42:07.009207+00,san sannu
465,gongshang,0,ChdDSUhNMG9nS0VJQ0FnSUNscHBDZDBBRRAB,5,2023-12-31 18:42:06.880207+00,https://www.google.com/maps/contrib/106462684406897850059/reviews?hl=en,"If any one from 6p this year is reading this I'm sorry that u had to go thru all this and stuff. If ur a teacher, pls don't report me for this. I was a student and I graduated like 6 hours ago.  Best 6 years of my life honestly . The friends we have made  Wish the current p5s good",a month ago,2023-12-01 18:42:06.955208+00,Adrian Han
466,gongshang,0,ChZDSUhNMG9nS0VJQ0FnSUQtaHYzSEtREAE,5,2023-12-31 18:42:06.881207+00,https://www.google.com/maps/contrib/106637516093066753089/reviews?hl=en,"Best 6 years of my life. The teachers there are very motivating and helpful. They really put in a lot of effort to help their students in succeeding. Choose this school and, trust me, you’ll never regret it.",a year ago,2022-12-31 18:42:07.056207+00,Pusapati Srinidhi
467,gongshang,0,ChdDSUhNMG9nS0VJQ0FnSUMteWZDdG1BRRAB,5,2023-12-31 18:42:06.881207+00,https://www.google.com/maps/contrib/105684866649777698232/reviews?hl=en,good,a year ago,2022-12-31 18:42:07.108251+00,Tan Keh Heng
468,gongshang,0,ChZDSUhNMG9nS0VJQ0FnSUNleGIzeWVREAE,5,2023-12-31 18:42:06.882208+00,https://www.google.com/maps/contrib/100932901849238311437/reviews?hl=en,Very good school.,a year ago,2022-12-31 18:42:07.147249+00,Kino Yak
469,gongshang,0,ChdDSUhNMG9nS0VJQ0FnSURPNGZEWm9RRRAB,1,2023-12-31 18:42:06.882208+00,https://www.google.com/maps/contrib/109824179308079151111/reviews?hl=en,its hell and the teachers are bias the students get into fights everyday and the teachers just watch,a year ago,2022-12-31 18:42:07.184251+00,Illuminati Lim
470,gongshang,0,ChZDSUhNMG9nS0VJQ0FnSUNPenNYOGNREAE,5,2023-12-31 18:42:06.883208+00,https://www.google.com/maps/contrib/117058855013831903362/reviews?hl=en,Best 6 years of my life wish i could go back,a year ago,2022-12-31 18:42:07.22125+00,Paimon emergencyfood
471,gongshang,0,ChZDSUhNMG9nS0VJQ0FnSUNPeVBlLVdnEAE,5,2023-12-31 18:42:06.884208+00,https://www.google.com/maps/contrib/112734905279054704599/reviews?hl=en,Go,a year ago,2022-12-31 18:42:07.26225+00,kids zer gaming
472,gongshang,0,ChZDSUhNMG9nS0VJQ0FnSURtNXRqLU5REAE,1,2023-12-31 18:42:06.884208+00,https://www.google.com/maps/contrib/106131694782445321648/reviews?hl=en,is very bad,a year ago,2022-12-31 18:42:07.31225+00,Chloe Leu (Esss)
473,gongshang,0,ChdDSUhNMG9nS0VJQ0FnSUNLeTltc25RRRAB,5,2023-12-31 18:42:06.885208+00,https://www.google.com/maps/contrib/108183985991068947951/reviews?hl=en,"This was an excellent private  school conducted in Chinese .  I only attended one year in Primary 1 on 1951 but was taken out by my parents and moved to an English school. The quality  of education was so high and we even have Moral Studies , a subject unheard of even now. Teachers were strict , disciplined and committed. The setting and environment was excellent for our early formative years. And there was even a mini zoo which made the recess period so interesting with the animals.. The school was on a hill and had a big land with plenty of trees and foliage . We had to go back on non schooling days to sweep and clean up the school. I still reminiscing those hard , but fruitful and joyful days. The level of Chinese language  was so high that I could excel throughout my primary and secondary education without any problem.",2 years ago,2021-12-31 18:42:07.353249+00,yeo cheow chye
474,greendale,0,ChZDSUhNMG9nS0VJQ0FnSUMxNUlpWUN3EAE,5,2023-12-31 18:42:32.987601+00,https://www.google.com/maps/contrib/100647357516357869497/reviews?hl=en,"As a student who just graduated  from Greendale primary school, I am proud  to be in this school . Parents that is thinking of sending your children to this school you can rest assure that he/ she will be well taken care. The school share a lot of good values and the teacher here are friendly, especially my form teacher Mdm Sabrina and Mdm Dong, they are both fantastic teachers always assuring me that I’m good and very encouraging . Thank You  Principal, Teachers and Cleaners in making my primary school journey a wonderful one.This will truly be a memory that I will never forget.",a week ago,2023-12-24 18:42:32.997603+00,Kayden Pro Gaming
475,greendale,0,ChdDSUhNMG9nS0VJQ0FnSURsNXVMLXN3RRAB,2,2023-12-31 18:42:32.988603+00,https://www.google.com/maps/contrib/116014274257305612606/reviews?hl=en,"I have graduated from this school and I js want to tell u my experience. so the teachers here are kind (some of them). some are js bias, there was once i did a quite dumb thing and from then on I could tell they were targeting me. I felt like they tried their best to make me look like a bad student. everytime I tried to be kind to them, they would still be rude to me. but there are very good teachers too! they let me hv the opportunity to go to competitions and learning journeys. some teachers here are really understanding and supportive. in my opinion, the friends I've made here are really good and supportive friends. I feel like the morning assembly helps the students alot by not bullying and littering etc. other than that, I rly love the school and how colourful it is. the bright colours make the school look very cheerful. the school staffs are also very kind! they usually make conversations with us about school. also, the school is really clean. overall, this school is good but the teachers could be abit nicer :)",4 weeks ago,2023-12-03 18:42:33.041602+00,Samara
476,greendale,0,ChdDSUhNMG9nS0VJQ0FnSURsLXEzRXlnRRAB,5,2023-12-31 18:42:32.989602+00,https://www.google.com/maps/contrib/100695807525878114789/reviews?hl=en,"Love the sch. I miss the sch and the teachers who are very nice and understanding. The canteen food was also the best. I miss the Japanese stall's omelette rice and mushroom soup:( the drink stall has a ton of drinks. And the bookshop always had many things to buy. I was from the Class of 2020, so I don't know how the school has changed since then.",4 weeks ago,2023-12-03 18:42:33.074603+00,Kalxy (Kalx)
477,greenridge,0,ChZDSUhNMG9nS0VJQ0FnSUMxakkzSEZREAE,1,2023-12-31 18:42:58.644533+00,https://www.google.com/maps/contrib/110561976590817755680/reviews?hl=en,if u hate ur kids send them here.,a week ago,2023-12-24 18:42:58.656534+00,Izamemes 1
478,greenridge,0,ChdDSUhNMG9nS0VJQ0FnSURwb0o2VW5RRRAB,4,2023-12-31 18:42:58.645535+00,https://www.google.com/maps/contrib/118433148077983936753/reviews?hl=en,It was kinda fun,4 months ago,2023-09-02 18:42:58.699533+00,Sharvin
479,greenwood,0,ChdDSUhNMG9nS0VJQ0FnSURaMXB5V2lnRRAB,4,2023-12-31 18:43:24.575531+00,https://www.google.com/maps/contrib/102063947446482045535/reviews?hl=en,I have gone to this school and the toilet was dirty before but now is very clean.I like to say that a lot of teachers here are very fierce.,2 months ago,2023-11-01 18:43:24.587589+00,Fazli Muhammad
480,greenwood,0,ChZDSUhNMG9nS0VJQ0FnSUNabi02UEVREAE,3,2023-12-31 18:43:24.576035+00,https://www.google.com/maps/contrib/112653392601082730186/reviews?hl=en,"As a student who graduated from this school a year ago, my experience in this school is that the toilets are dirty and 60% of the teachers are pretty fierce, I miss the school only for the good memories I have in there.",3 months ago,2023-10-02 18:43:24.653588+00,Putri Dian (Yuslan&Dian_family)
481,greenwood,0,ChZDSUhNMG9nS0VJQ0FnSUNwM282RWNnEAE,5,2023-12-31 18:43:24.576539+00,https://www.google.com/maps/contrib/101848059375490405577/reviews?hl=en,My son when to this school (primary 4 harmony) and I can say that he likes this school very much,4 months ago,2023-09-02 18:43:24.697587+00,Vulcan SgResidential
482,greenwood,0,ChdDSUhNMG9nS0VJQ0FnSUNKOWZHUWhRRRAB,5,2023-12-31 18:43:24.577544+00,https://www.google.com/maps/contrib/106425277111926527753/reviews?hl=en,This place is so good!! I literally am in this school right now!!😍😍😍🥳🥰🥰 …,5 months ago,2023-08-03 18:43:24.752587+00,Gamer girl Gamer girl
483,greenwood,0,ChdDSUhNMG9nS0VJQ0FnSUNoLU9tWTFRRRAB,3,2023-12-31 18:43:24.578048+00,https://www.google.com/maps/contrib/100808966686263201457/reviews?hl=en,"I graduated from this school in 2019 (currently Sec 4) and I have to say this school has a lot of memories I can't keep quiet about. Firstly, the teachers, some are okay, others scold for no reason but 60% okay they are likable. Secondly, toilets. Thank you to the cleaners for trying to clean it but due to some students there making it dirty, never going in ever. Thirdly, I have a little sister in the school, primary 2 and I have to say the homework is getting harder than I expected. Come on man, their primary 2 and you giving primary 4 work? Wth.. at least I give three stars because I'm nice enough otherwise two.",10 months ago,2023-03-06 18:43:24.803587+00,Kaeya's safeplace
484,guangyang,0,ChZDSUhNMG9nS0VJQ0FnSURKdWRQZ0hnEAE,5,2023-12-31 18:43:50.470296+00,https://www.google.com/maps/contrib/109313640637470897078/reviews?hl=en,"The teachers are amazing. they have helped me soooo much in studies and helping me become the person i am today. sadly, the school closed down but some teachers have moved over!! The teachers are so funny and make us laugh ( my math cher..) anyway gyps will forever be slay in my memory. ILY GYPS!!!",5 months ago,2023-08-03 18:43:50.516297+00,Kate Murphy
485,guangyang,0,ChZDSUhNMG9nS0VJQ0FnSURwbW91X1lBEAE,5,2023-12-31 18:43:50.470296+00,https://www.google.com/maps/contrib/100233274437553853980/reviews?hl=en,school very nice but there was this one teacher who hated me so much bro. she pinched me for a stupid reason sai i hate her to this day sm,4 months ago,2023-09-02 18:43:50.481298+00,Anusha Thapa
486,guangyang,0,ChZDSUhNMG9nS0VJQ0FnSURKdWEySFZBEAE,5,2023-12-31 18:43:50.471298+00,https://www.google.com/maps/contrib/111578859664256854722/reviews?hl=en,GYPS BEST FORREAL GIVE ME GYPS BACK I LOVE GYPS PLZ,5 months ago,2023-08-03 18:43:50.556296+00,Clara Kwek
487,guangyang,17,ChdDSUhNMG9nS0VJQ0FnSUR4OE42SXNBRRAB,5,2023-12-31 18:43:50.472297+00,https://www.google.com/maps/contrib/110422913275451822128/reviews?hl=en,Nice place,7 months ago,2023-06-04 18:43:50.603296+00,Md Ibrahim Khalil
488,guangyang,0,ChdDSUhNMG9nS0VJQ0FnSUR4OE5hY3NnRRAB,4,2023-12-31 18:43:50.472297+00,https://www.google.com/maps/contrib/115636092337580007879/reviews?hl=en,Great memories growing up. Great and caring teachers.,7 months ago,2023-06-04 18:43:50.645297+00,Iswandi SK
489,guangyang,0,ChZDSUhNMG9nS0VJQ0FnSUN4dWUyYllBEAE,5,2023-12-31 18:43:50.473298+00,https://www.google.com/maps/contrib/112618401373092723289/reviews?hl=en,It an amazing school the teacher are kind and helpful but sadly will be moving to Townsville primary and I will still be a student there,7 months ago,2023-06-04 18:43:50.686296+00,Namsang Ingnam
490,haig-girls,0,ChdDSUhNMG9nS0VJQ0FnSUMxdnVTenJBRRAB,5,2023-12-31 18:44:16.525992+00,https://www.google.com/maps/contrib/104764448302388643518/reviews?hl=en,From P1 to P4 I still love the school forever❤🧡 …,17 hours ago,2023-12-31 01:44:16.537993+00,Damia Batrisyia
491,haig-girls,0,ChZDSUhNMG9nS0VJQ0FnSURsdnF6Q1NREAE,1,2023-12-31 18:44:16.526994+00,https://www.google.com/maps/contrib/112561525853417230018/reviews?hl=en,Traumatising,4 weeks ago,2023-12-03 18:44:16.624993+00,Extra Aqua
492,haig-girls,0,ChdDSUhNMG9nS0VJQ0FnSURWNi0tdTFBRRAB,1,2023-12-31 18:44:16.526994+00,https://www.google.com/maps/contrib/110578497531738184101/reviews?hl=en,cried when i first came cried when i left (negatively for both),2 weeks ago,2023-12-17 18:44:16.578993+00,smootie rxs
493,henry-park,0,ChdDSUhNMG9nS0VJQ0FnSUMxNHZHYjFRRRAB,5,2023-12-31 18:44:41.97112+00,https://www.google.com/maps/contrib/111844518762934426122/reviews?hl=en,"very nice teachers and staff, very nice fish ball noodle soup and the uncle👍🏻, very nice basketball court and very nice memories …",4 days ago,2023-12-27 18:44:41.983122+00,jowyn
494,henry-park,0,ChZDSUhNMG9nS0VJQ0FnSUM1Z1plSUF3EAE,5,2023-12-31 18:44:41.972122+00,https://www.google.com/maps/contrib/109103982642821991515/reviews?hl=en,There was a snake at one point in the toilet :) very cool good. Good school,2 months ago,2023-11-01 18:44:42.077119+00,Remy Ng
495,henry-park,0,ChdDSUhNMG9nS0VJQ0FnSUMxd05IMl9BRRAB,4,2023-12-31 18:44:41.972122+00,https://www.google.com/maps/contrib/112987134591218693653/reviews?hl=en,"It was OK, I was bullied in P1 but wtv, kinda just hate school in general or I would give a higher rating",a week ago,2023-12-24 18:44:42.033122+00,lira Jinon
496,henry-park,0,ChZDSUhNMG9nS0VJQ0FnSURacGJxY0xREAE,4,2023-12-31 18:44:41.973122+00,https://www.google.com/maps/contrib/113311773035667438674/reviews?hl=en,Great school but there used to be so much more vibrancy now its only brown or white!,2 months ago,2023-11-01 18:44:42.12012+00,Cariyn
497,hong-wen,0,ChdDSUhNMG9nS0VJQ0FnSUNsbmV6MXRRRRAB,4,2023-12-31 18:45:32.62471+00,https://www.google.com/maps/contrib/103990252002682391548/reviews?hl=en,"good school in general but please there’s this one kid named Dylan he will always bully and when in public he will harass strangers and dance while making others uncomfortable. Dylan’s mother, please control your son. (He was also caught smoking??)",a month ago,2023-12-01 18:45:32.635711+00,reece elijah
498,hong-wen,4,ChdDSUhNMG9nS0VJQ0FnSUQ1NmVIU25nRRAB,5,2023-12-31 18:45:32.62471+00,https://www.google.com/maps/contrib/104790429688868432888/reviews?hl=en,I love study there.,2 months ago,2023-11-01 18:45:32.68671+00,Eddy Cham
499,hong-wen,0,ChdDSUhNMG9nS0VJQ0FnSURKdkxUd2tnRRAB,5,2023-12-31 18:45:32.625711+00,https://www.google.com/maps/contrib/108227319498019655400/reviews?hl=en,It’s an amazing school! Since I graduated last year I’ve missed this school so much :) especially my friends and teachers! I miss the food more cause..it’s better then my secondary school food.. i’m going to visit hws during teachers day if I can :),5 months ago,2023-08-03 18:45:32.75971+00,Sam notfound
500,hong-wen,0,ChdDSUhNMG9nS0VJQ0FnSUNKN29xTWtRRRAB,5,2023-12-31 18:45:32.62671+00,https://www.google.com/maps/contrib/108242969637758796364/reviews?hl=en,Very good,6 months ago,2023-07-04 18:45:32.80272+00,JESPER HING
501,hong-wen,46,ChdDSUhNMG9nS0VJQ0FnSUNPM3U3QWlnRRAB,5,2023-12-31 18:45:32.62671+00,https://www.google.com/maps/contrib/106600051113906364707/reviews?hl=en,"Was my school. Its a primary school unless you live nearby it can be hard to find. It's also a SAP school nd a Chinese school, so it can be hard to enter your child into.",7 months ago,2023-06-04 18:45:32.84172+00,Sir “Yuyu” Cy
502,hougang,0,ChdDSUhNMG9nS0VJQ0FnSURsd0tXSXRRRRAB,5,2023-12-31 18:46:23.653951+00,https://www.google.com/maps/contrib/117584959595816229015/reviews?hl=en,Best sch ever siol,a month ago,2023-12-01 18:46:23.664952+00,Hykel
503,hougang,0,ChRDSUhNMG9nS0VJQ0FnSUNadXQ4YxAB,5,2023-12-31 18:46:23.654952+00,https://www.google.com/maps/contrib/114597893269399316085/reviews?hl=en,"Great school!Prob cause of Mrs Nathan,Mr Tan,Cikgu Arlita,Cikgu Zarina,Cikgu Yati!!!",3 months ago,2023-10-02 18:46:23.764952+00,samyang_milktea
504,hougang,9,ChdDSUhNMG9nS0VJQ0FnSUNsN2JTVTB3RRAB,5,2023-12-31 18:46:23.654952+00,https://www.google.com/maps/contrib/105035581358150458788/reviews?hl=en,Sooooooooooooooooooooo good education,a month ago,2023-12-01 18:46:23.708951+00,Kumar T
505,hougang,0,ChZDSUhNMG9nS0VJQ0FnSURKOG9MNk1BEAE,5,2023-12-31 18:46:23.655951+00,https://www.google.com/maps/contrib/100342339731950302895/reviews?hl=en,Based on experience I had with this sch  Best sch ever Nicest teachers + reasonable ( Mdm chia n Mr toh best cher) Activities were so fun Gave a lot of events Bookshop nice The food in canteen damn nice!!! The noodle and chicken rice stall 11/10 Principle nice also Makes all the special days so fun FRIENDLY environment Good friends Very big Love this sch,5 months ago,2023-08-03 18:46:23.812951+00,Emu lin
506,hougang,12,ChdDSUhNMG9nS0VJQ0FnSUNKbUlTdC13RRAB,1,2023-12-31 18:46:23.655951+00,https://www.google.com/maps/contrib/111567430532031057524/reviews?hl=en,Ah,6 months ago,2023-07-04 18:46:23.870952+00,Kai Me
507,huamin,11,ChZDSUhNMG9nS0VJQ0FnSUNCcWFuR2VBEAE,5,2023-12-31 18:46:49.796877+00,https://www.google.com/maps/contrib/115503611787733667560/reviews?hl=en,"Graduated from here to get into RI, just saying that this school ain’t as bad as the reviews say. People say food is bad here, Rasa Istimewa with the carry. Staff is bad here, get to know the older teachers cuz they’re way nicer. This school has all you need like an indoor sports hall yeah that’s it lmao but it’s very spacious in here. They even have a kindergarten in the school. One of the MK kindergartens here.",a month ago,2023-12-01 18:46:49.808881+00,Rifqy Raihan
508,huamin,0,ChdDSUhNMG9nS0VJQ0FnSUNsOHNfS3p3RRAB,5,2023-12-31 18:46:49.796877+00,https://www.google.com/maps/contrib/117890989216331000039/reviews?hl=en,The teachers their are so respectful and kind they will try to teach us the basics and prepare us for PSLE and Mrs wong choo lat is helpful to students and she is always determined to make the students pass the PSLE,a month ago,2023-12-01 18:46:49.868878+00,Arsyad Erfyy
509,innova,0,ChdDSUhNMG9nS0VJQ0FnSURWOC1qTm1RRRAB,4,2023-12-31 18:47:16.143515+00,https://www.google.com/maps/contrib/105351835273680022408/reviews?hl=en,"I like the school and the food is quite good. The teachers are quiet are very nice and caring (most of them). Though the food and drinks are quite expensive sometimes. The uniform also super uncomfortable and hot. The PE really is just a polo shirt and not a PE T-shirt. Also, my experience with my classmates quite bad as they didn’t really like me , due to me being very weird and stuff like that at the time. All in all it’s an above average primary school. A better school in the north for Primary School students.",2 weeks ago,2023-12-17 18:47:16.155516+00,Tycoon
510,jiemin,0,ChdDSUhNMG9nS0VJQ0FnSURWLS1MZDFBRRAB,5,2023-12-31 18:47:41.963386+00,https://www.google.com/maps/contrib/115325742540541787989/reviews?hl=en,this school is great!,2 weeks ago,2023-12-17 18:47:41.975388+00,Yi Kai Lee
511,jiemin,0,ChZDSUhNMG9nS0VJQ0FnSUNGZy1hR09BEAE,1,2023-12-31 18:47:41.964387+00,https://www.google.com/maps/contrib/115288447975739477595/reviews?hl=en,"Here is an advice for the teachers, don't keep shouting into the mic like I was busy preparing for my EYE then right you keep shouting into the damn mic which made me lose focus and I failed my math and got a freaking U grade. I even put in extra effort into my math studies but hey how can it pay off when the teachers keep shouting into the mic so carelessly?? Are the teachers aware of nearby houses? So inconsiderate with your actions and yet you still you teach students not to be inconsiderate, what nonsense is this? Better hire a sec school teacher, they know best, that primary school teachers don't even sound strict unlike my primary school teachers. Don't even know if that school is a childcare centre or a primary school. Those puny little kids in your school are literal rats, yk? Scattering here and there and eating food when they're not supposed to, what does this show? Who is it to blame? Teachers obv, dude, I am begging you on my knees, get a better teacher like a sec school teacher or what 'cause like the teachers in Jiemin Primary are literal trash bro, not a single strict teacher and expect the students to co-operate? Get good bro, the teachers in that school sound like they're having their menses with that grumpy attitude like get out of here, nobody wants to know about you being on your menses, because it sounds very evident 😭. Just get a better strict teacher from a sec school or just a very strict teacher, don't hire those teachers that are constantly having their menses and having a grumpy attitude PLEASE 😭. It sounds so embarrassing to hear that the students aren't listening, you know? I want to file a complaint to the teachers who shouted into the mic so carelessly, I'm assuming it's all the teachers. If the school doesn't acknowledge this complaint, I'm going to spread this message all over the sm, at least parents and family members will know that the school is a literal trashbin that contained rats scattering here and there and squeaking so loud and carelessly like a nearby cat can't even hear, and like I said, hire a better strict teacher, please, nobody is willing to hear your grumpy frail teachers shouting into the mic and interrupting other school's PSLE, EYE, Olvl and Nlvl because there is a literal effect whenever you shout into the mic during other school's PSLE, EYE, Nlvl and Olvl. Learn to be considerate with your actions, don't teach your students that when the teachers can't even master the meaning of being considerate with their actions.",a month ago,2023-12-01 18:47:42.038387+00,Drag_ n
512,jing-shan,18,ChZDSUhNMG9nS0VJQ0FnSUMxNHYzM0tREAE,1,2023-12-31 18:48:07.869541+00,https://www.google.com/maps/contrib/117955632598033164280/reviews?hl=en,Hella bad school teacher dam bad all dont know how teach student only 3 stall THIS SCHOOL IS THE WORST NO MATTER WHAT DONT COME,4 days ago,2023-12-27 18:48:07.881542+00,Thomas Sim
513,jing-shan,0,ChdDSUhNMG9nS0VJQ0FnSUNWbW9mTTdnRRAB,5,2023-12-31 18:48:07.870541+00,https://www.google.com/maps/contrib/115143915080024533304/reviews?hl=en,Hi I from this school is nice and all but I understand about the manners and all but the principal???,3 weeks ago,2023-12-10 18:48:07.948541+00,No_onetoyou No_onetoyou
514,junyuan,0,ChdDSUhNMG9nS0VJQ0FnSURsd0t1NXdBRRAB,5,2023-12-31 18:48:33.468487+00,https://www.google.com/maps/contrib/112831242377194111485/reviews?hl=en,"Ended up here as a result of the mergers and had fun learning and staying here , surprised they made so many changes and upgrades over the course of my graduation and secondary education, i can be said to the first merger cohort to graduate . Teachers were great and had lots of emphasis on character development besides academics wise. I will always look fondly of this place =D",a month ago,2023-12-01 18:48:33.480489+00,Junru Lin
515,junyuan,0,ChZDSUhNMG9nS0VJQ0FnSUNscHNIdkRnEAE,5,2023-12-31 18:48:33.469489+00,https://www.google.com/maps/contrib/103014716054255037604/reviews?hl=en,Amazing I would recommend the parents to this school if it’s convenient for you of course but the teachers are amazing and very care in some may show those type of tough love and other students may look at it as hatred but it’s showing that it’s care the teachers are amazing I would truly recommend and after graduating I missed the teachers there awfully same for my classmates we still still contact each other and visited the teachers for Teacher’s Day and you can do that to after u graduate but anyways really recommend I would rate this school more than 5 stars if I could but sadly 5 is the maximum already…Thank you for teaching my classmates and I!❤️❤️❤️,a month ago,2023-12-01 18:48:33.574796+00,Rachel Yan
516,junyuan,13,ChZDSUhNMG9nS0VJQ0FnSUNseDVhY1B3EAE,5,2023-12-31 18:48:33.469489+00,https://www.google.com/maps/contrib/116136608794805696425/reviews?hl=en,"Amazing neighbourhood school, good teachers producing good students!",a month ago,2023-12-01 18:48:33.534791+00,ador gor
517,jurong,3,ChdDSUhNMG9nS0VJQ0FnSUMxOHNlODlBRRAB,5,2023-12-31 18:48:58.716525+00,https://www.google.com/maps/contrib/107226426841259518051/reviews?hl=en,"Hi, school indoor basketball court have open to booking in Saturday or sunday?",4 days ago,2023-12-27 18:48:58.727527+00,Aaron Ng Shaw Chyi
518,jurong,0,ChdDSUhNMG9nS0VJQ0FnSURWc01lUS1BRRAB,5,2023-12-31 18:48:58.717526+00,https://www.google.com/maps/contrib/101758380774892218096/reviews?hl=en,"very good school but they need to do something about Mr Yeong, he always uses his phone in class and very bad at teaching, when student give right answer he's so unfocused that he say its wrong and scold them. He's not suited to be a teacher.",2 weeks ago,2023-12-17 18:48:58.783525+00,austin
519,jurong-west,0,ChdDSUhNMG9nS0VJQ0FnSUMxM3VtcnFnRRAB,5,2023-12-31 18:49:24.555733+00,https://www.google.com/maps/contrib/104030623767618792243/reviews?hl=en,"If u are a child just put ur hands together and pray u dont get Mr kong (else ur guna learn things pretty quickly, the awkward type)",19 hours ago,2023-12-30 23:49:24.566734+00,Materialgworl
520,jurong-west,0,ChdDSUhNMG9nS0VJQ0FnSUMxM3FtN19nRRAB,5,2023-12-31 18:49:24.556734+00,https://www.google.com/maps/contrib/104008633261539335563/reviews?hl=en,"If you are a parent trying to find a school for your child, you have GYAT to come here! It is really close to pioneer mrt station aswell! I have learned alot! I have also gotten alot of friends! (nah i am lying)",19 hours ago,2023-12-30 23:49:24.638735+00,:D LianaisaSama
521,jurong-west,0,ChdDSUhNMG9nS0VJQ0FnSUMxc3BlVWdBRRAB,3,2023-12-31 18:49:24.557733+00,https://www.google.com/maps/contrib/113384797655504637822/reviews?hl=en,It's not bad,4 days ago,2023-12-27 18:49:24.672522+00,JUnwEi
522,jurong-west,0,ChdDSUhNMG9nS0VJQ0FnSURKdjVPVXZ3RRAB,3,2023-12-31 18:49:24.557733+00,https://www.google.com/maps/contrib/105541680021890158933/reviews?hl=en,not bad,5 months ago,2023-08-03 18:49:24.735521+00,Jaywin Chen Xin (Jwss)
523,jurong-west,0,ChZDSUhNMG9nS0VJQ0FnSURKdk8tZERREAE,3,2023-12-31 18:49:24.558733+00,https://www.google.com/maps/contrib/107656019444814442672/reviews?hl=en,give mrs tong and zhong lao shi a raise i love them very patient and kind,5 months ago,2023-08-03 18:49:24.767523+00,LEE YU XUAN DEMI Student S2I5
524,juying,0,ChdDSUhNMG9nS0VJQ0FnSURwbjdPSTJRRRAB,1,2023-12-31 18:49:50.039841+00,https://www.google.com/maps/contrib/100370907482480223007/reviews?hl=en,It is so bad mdm norly and mr tan made my child cry last night,3 months ago,2023-10-02 18:49:50.050841+00,Belinds lok
525,juying,0,ChZDSUhNMG9nS0VJQ0FnSUNSMUxpVVJREAE,5,2023-12-31 18:49:50.040842+00,https://www.google.com/maps/contrib/108260552440625070553/reviews?hl=en,Best school EVER I really miss it :(((,9 months ago,2023-04-05 18:49:50.14484+00,weiyan moe
526,juying,0,ChdDSUhNMG9nS0VJQ0FnSUN4dVBHUDNRRRAB,5,2023-12-31 18:49:50.040842+00,https://www.google.com/maps/contrib/108035548329666885974/reviews?hl=en,this school the best,7 months ago,2023-06-04 18:49:50.093841+00,Mohamad Ariel
527,juying,0,ChZDSUhNMG9nS0VJQ0FnSUNCZ1pEMEZREAE,5,2023-12-31 18:49:50.04184+00,https://www.google.com/maps/contrib/118238857961359012201/reviews?hl=en,It was a great school tho it had merging stuff going on,a year ago,2022-12-31 18:49:50.23584+00,Liew Shan Keat
528,juying,2,ChZDSUhNMG9nS0VJQ0FnSUNoaFB5clBnEAE,5,2023-12-31 18:49:50.04184+00,https://www.google.com/maps/contrib/111861762847727480109/reviews?hl=en,Nice,10 months ago,2023-03-06 18:49:50.18884+00,JOGINA Ng
529,keming,0,ChZDSUhNMG9nS0VJQ0FnSURaN0l5YURnEAE,5,2023-12-31 18:50:16.194939+00,https://www.google.com/maps/contrib/116287137209522975950/reviews?hl=en,Love the canteen food and the people there has my best memeories. Makes me miss keming alot,3 months ago,2023-10-02 18:50:16.243939+00,Jiaqi
530,keming,0,ChZDSUhNMG9nS0VJQ0FnSURaOHB6clhREAE,1,2023-12-31 18:50:16.194939+00,https://www.google.com/maps/contrib/117889766502132764948/reviews?hl=en,"The general office, there one auntie , if you use the phone too much she tell you to not use it anymore. I had this experience twice,truly disappointed. (I keep this until the school fix this issue note that I already reported this issue to the vice principal)",a week ago,2023-12-24 18:50:16.205941+00,XinYu Lim
531,keming,24,ChdDSUhNMG9nS0VJQ0FnSURwcWFUUm9nRRAB,5,2023-12-31 18:50:16.195941+00,https://www.google.com/maps/contrib/111785837644282743824/reviews?hl=en,My teacher is mrs low and mdm ning i hate that my teacher doesn't answer my mom say how many girl and boys she don't answer that what i hate Name:Alissa Class:2 onyx Eng Teacher:mrs low Chinese teacher:mdm ning cce teacher:mdm ning Age:8 Birthday:1 august 2015 Number:28 Year now:2023,4 months ago,2023-09-02 18:50:16.32694+00,Pauline Quek
532,keming,33,ChZDSUhNMG9nS0VJQ0FnSUNoc3RqVFNREAE,3,2023-12-31 18:50:16.19694+00,https://www.google.com/maps/contrib/105557702015461661212/reviews?hl=en,bias,10 months ago,2023-03-06 18:50:16.376954+00,SGguy
533,kheng-cheng,0,ChZDSUhNMG9nS0VJQ0FnSUMxNkpqc1BnEAE,1,2023-12-31 18:50:42.098364+00,https://www.google.com/maps/contrib/114672843599193346503/reviews?hl=en,"i graduated from this school in 2020 and i didn’t have a good experience. the fact i still think about this school often and how much it had impacted me after 3 years is insane. i’m not sure if things have changed since i graduated but speaking from personal experience as a former student from this school, i really wanna give my younger self a big hug.  i went through quite a lot of bullying from kids in my classes, maybe because of how i looked? i had crooked teeth back then. i tried telling teachers in P3 but nothing changed,the bullying continued and i gave up the subsequent years. i grew really insecure.  i was anxious and scared to go to school because of my CCA(i had no friends and felt really lonely,kids in my cca weren’t the nicest either). i was also often anxious in P4 because my PE teacher would repeatedly pick on me because i didn’t know how to hit the volleyball correctly. if you think i am exaggerating, well he threw the ball onto my face in front of everyone. i remember feeling humiliated but i was 10 so i had no idea what to do. and that same exact teacher was my PE teacher for my remaining years of primary school so imagine how frightened i was.  it is quite useless to ramble about things that happened quite a while ago but i can’t keep it in any longer. i hope the school has gotten better and that no other student went through what i did.",a week ago,2023-12-24 18:50:42.111366+00,lea
534,kheng-cheng,0,ChdDSUhNMG9nS0VJQ0FnSUNaLWRDaHN3RRAB,4,2023-12-31 18:50:42.099367+00,https://www.google.com/maps/contrib/100513386876588896844/reviews?hl=en,meh,3 months ago,2023-10-02 18:50:42.156364+00,Ena's Swag
535,kheng-cheng,0,ChdDSUhNMG9nS0VJQ0FnSUNad3ZHZzVnRRAB,4,2023-12-31 18:50:42.099367+00,https://www.google.com/maps/contrib/105682877160738639447/reviews?hl=en,The teachers teach perfectly especially mdm peh although she shouts at us we learn alot from her and I pass my math prelim btw I'm p6 rn,3 months ago,2023-10-02 18:50:42.205364+00,Alson Goh
536,kheng-cheng,17,ChZDSUhNMG9nS0VJQ0FnSURKOHRMWVNBEAE,5,2023-12-31 18:50:42.100367+00,https://www.google.com/maps/contrib/112895014148698439702/reviews?hl=en,I graduated in 2021 it has been a great experience of 6 years there is the teachers are kind and helpful and i loved the western stall auntie he always jokes with students. Overall is would say that its a great school with no doubts.,5 months ago,2023-08-03 18:50:42.245365+00,Lim Jia Cheng
537,kheng-cheng,0,ChZDSUhNMG9nS0VJQ0FnSUNKMnJTUkRBEAE,5,2023-12-31 18:50:42.101365+00,https://www.google.com/maps/contrib/113905950035456150644/reviews?hl=en,this school is amazing i graduated in 2021 and overall most teachers and students are 👍🏻 and school campus is generally a nice environment to be in (especially indoor school hall) …,6 months ago,2023-07-04 18:50:42.284364+00,kai wen gaming
538,kheng-cheng,0,ChdDSUhNMG9nS0VJQ0FnSUR4aUk2WTJRRRAB,5,2023-12-31 18:50:42.101365+00,https://www.google.com/maps/contrib/100502474929688158796/reviews?hl=en,A very good neighborhood school for our fellow citizens.,6 months ago,2023-07-04 18:50:42.313364+00,Colin Mok
539,kheng-cheng,17,ChZDSUhNMG9nS0VJQ0FnSUR4aU9yWktnEAE,5,2023-12-31 18:50:42.102365+00,https://www.google.com/maps/contrib/110422913275451822128/reviews?hl=en,Nice,6 months ago,2023-07-04 18:50:42.364365+00,Md Ibrahim Khalil
540,kuo-chuan-presbyterian,0,ChZDSUhNMG9nS0VJQ0FnSURWbExIS0x3EAE,5,2023-12-31 18:52:01.06128+00,https://www.google.com/maps/contrib/110788201154696459456/reviews?hl=en,Toilet bowl dam dirty sia,2 weeks ago,2023-12-17 18:52:01.06528+00,Micheal Jackson
541,maris-stella-high,1,ChZDSUhNMG9nS0VJQ0FnSUNsamRmbEZREAE,1,2023-12-31 18:53:43.363646+00,https://www.google.com/maps/contrib/110036715039804983614/reviews?hl=en,Wery autistic,a month ago,2023-12-01 18:53:43.488648+00,Shanen Thow
542,maris-stella-high,0,ChdDSUhNMG9nS0VJQ0FnSURWMy1yeGtnRRAB,4,2023-12-31 18:53:43.363646+00,https://www.google.com/maps/contrib/102928161142227960366/reviews?hl=en,The school okay lah but why only sec 4 class got aircon also right why renovate primary school after I go to secondary school also right why keep cleaning and renovate primary school toilet when they always miss (you know what I mean) Some of the teachers are really nice( Paul seah),a week ago,2023-12-24 18:53:43.374647+00,Gerrard Lee
543,marymount-convent,0,ChZDSUhNMG9nS0VJQ0FnSUNsaXZhWWJnEAE,5,2023-12-31 18:54:35.429479+00,https://www.google.com/maps/contrib/100332388739461042395/reviews?hl=en,"Parent of current P3 student.  It wasn't my first choice of school because I had wanted my girl to attend my alma mater.  But she ended in MCS and it is a true blessing.  She has great and dedicated teachers who truly care for the girls; they genuinely want the best for the students.  The current principal is new, but she is already seen putting in efforts to make the school even better.  The school emphasises a lot on an all rounded education, character building on top of academic achievements.   A huge amount of thoughts and care are being put into organising meaningful activities throughout the school year. Many opportunities are given to students to development in many aspects.  It is a hidden gem that more people should know about.  You will not regret sending your child there.  I can't say enough of how blessed my girl is to be attending this school.",a month ago,2023-12-01 18:54:35.44148+00,Michel Le
544,mayflower,0,ChZDSUhNMG9nS0VJQ0FnSUNWanFHUFp3EAE,2,2023-12-31 18:55:01.623093+00,https://www.google.com/maps/contrib/101983079358257289719/reviews?hl=en,I loved this school but the students sometimes are not it.,3 weeks ago,2023-12-10 18:55:01.630095+00,tetchou
545,mee-toh,0,ChdDSUhNMG9nS0VJQ0FnSUMxLU8tTGxnRRAB,2,2023-12-31 18:55:27.678018+00,https://www.google.com/maps/contrib/103633317564493316447/reviews?hl=en,"Have been a student there for 6 years now and the school is uh, no offence but it’s ok? There are some very strict teachers that scolds their student everytime everyday. The school lets the student wear pe attire almost a week which is nice because the sun is literally so hot outside. There were students hating on a game which they don’t like or find it boring and also a lot of body shamers. The teachers made the students perform on their own graduation day like why, they even forcing us to be happy and stuff and do all those childish chair dance in P6. P6 students also had to climb 5 - 6 floors just to get to their class while the teachers just take the lift. It’s kinda unfair, the lower primary were always the favourite that they keep letting them go off first whenever there’s heavy rain. Those upper primary especially P6, had to wait for a long time just to get dismissed.",a week ago,2023-12-24 18:55:27.691061+00,Yap Rui En
546,meridian,0,ChZDSUhNMG9nS0VJQ0FnSUMxc3Iyb0lBEAE,1,2023-12-31 18:55:53.254811+00,https://www.google.com/maps/contrib/110767525871682070100/reviews?hl=en,"School front desk lady not helpful. We were not clear on what document to photocopy. So we went there with the document we have, and proceed to collect our FAS books. Then the bookshop and uniform needs 2 copies of the same document. My husband asked the office lady nicely, she just told to my husband rudely, why u don’t bring extra copy? And CONTINUE playing with her hp. Then an Indian  admin lady helped my hubby to do it instead. If we need to pay, pls say so. But don’t treat us like a dog just because we are FAS parents. It’s not ur money we ask for. Thank you.",4 days ago,2023-12-27 18:55:53.267811+00,Ana Johan
547,meridian,1,ChZDSUhNMG9nS0VJQ0FnSUNGbGRtZlB3EAE,5,2023-12-31 18:55:53.255812+00,https://www.google.com/maps/contrib/111367190908691048457/reviews?hl=en,School is very fun and silly. Took some photos in the school.,2 months ago,2023-11-01 18:55:53.374811+00,Skyler Su
548,meridian,0,ChZDSUhNMG9nS0VJQ0FnSURWek1tWEJnEAE,1,2023-12-31 18:55:53.255812+00,https://www.google.com/maps/contrib/110136363522155849465/reviews?hl=en,Most horrendous school ever.,2 weeks ago,2023-12-17 18:55:53.317811+00,Chow Wei Yi
549,meridian,0,ChdDSUhNMG9nS0VJQ0FnSUNKeHY2Zy1BRRAB,1,2023-12-31 18:55:53.256813+00,https://www.google.com/maps/contrib/111792659724132481498/reviews?hl=en,"I know this school because of my sister studying there but everytime after school dismissal, its too noisy especially at the surrounding areas near the bus stops. Lack of discipline, always causing a ruckus.",6 months ago,2023-07-04 18:55:53.42481+00,jerard suarez
550,meridian,1,ChdDSUhNMG9nS0VJQ0FnSUN4MUxfSDVRRRAB,5,2023-12-31 18:55:53.257811+00,https://www.google.com/maps/contrib/109842257650523875363/reviews?hl=en,Good,7 months ago,2023-06-04 18:55:53.467811+00,Terry Chan
551,meridian,0,ChdDSUhNMG9nS0VJQ0FnSUNCdXBUUjV3RRAB,1,2023-12-31 18:55:53.257811+00,https://www.google.com/maps/contrib/117264817634485656649/reviews?hl=en,WORST SCHOOL EVER,a year ago,2022-12-31 18:55:53.513811+00,wen xi
552,meridian,0,ChZDSUhNMG9nS0VJQ0FnSUR1MGVYcFBBEAE,1,2023-12-31 18:55:53.258811+00,https://www.google.com/maps/contrib/113685760953512576305/reviews?hl=en,"i stay by near the area for more then 7 years and i need to say the students in this school are unbelievably noisy after school hours. they are constantly screaming and making a ruckus. they have absolutely no discipline when it comes to getting on public transport and in fact they stand and JUMP on the bus seats. they don’t behave properly even when playing or being around the neighbourhood such as near the mini mart. additionally, they leave their litter around the bus stop area even when there is a bin nearby. it’s been like this as long as i remember and i have no more patience for it.",a year ago,2022-12-31 18:55:53.56881+00,zhrxk
553,methodist-girls,1,ChdDSUhNMG9nS0VJQ0FnSURaeVlUbXZ3RRAB,1,2023-12-31 18:56:18.914445+00,https://www.google.com/maps/contrib/104299983257898396610/reviews?hl=en,"Staff are poorly equipped to deal with neurodivergent and/or mentally ill kids. This might be excusable as they are just there to teach, but they even go out of their way to make it unimaginably worse.  Maybe the school would be better enabled if they invested the money they spent building their school museum into hiring competent counsellors.",2 months ago,2023-11-01 18:56:18.926447+00,tsumu don
554,nan-chiau,0,ChdDSUhNMG9nS0VJQ0FnSUNWay1mYm5BRRAB,4,2023-12-31 18:57:09.97565+00,https://www.google.com/maps/contrib/113828105880471806878/reviews?hl=en,"props to mrs ang, ms lim, mdm nur and my p1 teachers!!! i also wanna complain about mdm chee she scold people for no reason to be honest we dont greet her for a few minutes and then she will scold us she also forcefully takes stuff from students and also she scold people for not doing the art theme or whatever even though what people drew looked really good my p6 teachers actually quite decent because i improved A LOT in my studies especially english (thanks mdm nur) can the school plan more activities like the only competition not cca related or any activity might just be spelling bee which was very new so maybe add more and dont give us so many peactice papers starting from p5, can even out the work load pleass?? And give learning review for p1/p2 not exam based but to gauge their skills cause for p1 p2 right now they can only look at the spelling or math practices thanks also wanna complain about um mrs chew she is my p6 ss teacher and she just teaches values and the six habits she will literally do that for the whole lesson i mean yeah teach us values but like the whole lesson??? Did you know my ss activity book only completed 3 pages??? i got the whole semester 2 and only 3 pages??? she didnt even make us do it it was miss pooja dont waste time teaching values because we will never listen, just get on with the lesson i mean that was harsh of me but yea and can the p6 stop being mentally unstable you know who but main point pls plan more activities its so boring i know yall learning journey have a lot but like activities in school its not just about learning tbh gotta add some fun to it but it always depends on teachers effort to teach oh and mr adam pls allow card game everyone is dying for card game and why is uno banned its a number game doesnt mean everyone will gamble also PLLEASSEEE arrange a space whede wushu ppl csn put their weapons like we always have to bring it home its very inconvenient especially people with the spear and the stick and they have to take public transport like i almost banged someone on the head the other day please allocate space",3 weeks ago,2023-12-10 18:57:09.988653+00,Lecia Kok
555,nan-chiau,0,ChZDSUhNMG9nS0VJQ0FnSURscThIZVNREAE,1,2023-12-31 18:57:09.976652+00,https://www.google.com/maps/contrib/104587560828067413977/reviews?hl=en,"So i left the school a couple of years ago but i only ever had bad experiences. This school is not multicultural and is biased, the teachers (especially chinese) look down on students. I was a different race taking chinese and most of the chinese teachers were really rude to me ever since primary 2. Teachers are rude and i even had a science teacher that bullied students and had the worse attitude. She traumatized me as she targetted me the most because i was the most timid in my class. she used to throw tables and empty your bags aggressively and ask you to put your books back in your bag yourself. The students are okay, most of them are bullies. The teachers do not do anything about bullies and they favour the prefects. I was bullied from P1 to P6! The prefects are the biggest bullies in this school. DO NOT put your child here if you want you child to have a happy childhood because this school really geniuenly gave me trauma. Students have bad behaviour and teachers are useless. i know PSLE is stressful but they force you and push you to do well so that THEY can get a BETTER NAME FOR THEMSELVES. please please please do not put your children in this school if you and your child want to be happy and not stressed every single day.",3 weeks ago,2023-12-10 18:57:10.063602+00,Namratha T
556,nan-chiau,0,ChZDSUhNMG9nS0VJQ0FnSURGeV9hSlVBEAE,4,2023-12-31 18:57:09.977652+00,https://www.google.com/maps/contrib/109151600501947475694/reviews?hl=en,"as a former student of this school, i find it pretty solid. the only problems i had with it are the strange lack of non CCA competitions and the high focus on chinese, which is increasingly becoming less relavant. that aside, this is a good school.",a month ago,2023-12-01 18:57:10.161618+00,jan Ewan Kowo
557,nan-chiau,0,ChZDSUhNMG9nS0VJQ0FnSURaMW9UVEFREAE,5,2023-12-31 18:57:09.978652+00,https://www.google.com/maps/contrib/117050056695798859744/reviews?hl=en,This school has fulfilled my dreams of being a hawker centre cleaner! 10/10 Would recommend,2 months ago,2023-11-01 18:57:10.263641+00,Vocne Kerka
558,nan-chiau,0,ChZDSUhNMG9nS0VJQ0FnSURadzYyTVVnEAE,5,2023-12-31 18:57:09.978652+00,https://www.google.com/maps/contrib/115350179499469472349/reviews?hl=en,The garden is nice and eco friendly and the teachers are nice,2 months ago,2023-11-01 18:57:10.219631+00,haris haziq
559,nan-chiau,0,ChZDSUhNMG9nS0VJQ0FnSURaMXBTbGZBEAE,4,2023-12-31 18:57:09.979651+00,https://www.google.com/maps/contrib/116471073341132099585/reviews?hl=en,"ok school but beware of this xmm baddie grr girl  from p6 also got too many autistic people in the p6 level, must be psle stress",2 months ago,2023-11-01 18:57:10.300702+00,danzelsiew73
560,nan-chiau,0,ChZDSUhNMG9nS0VJQ0FnSURaLU5fWmF3EAE,5,2023-12-31 18:57:09.980652+00,https://www.google.com/maps/contrib/114133965959021255432/reviews?hl=en,so much fun ! i am primary two in 2023 and its septmber 24 and i am moving on to primary 3 next year !the teachers are nice and not that mean too ! but the thing too worry about is when you have to perform for primary one when is p2  on the last day on november 14 is this useful?,3 months ago,2023-10-02 18:57:10.338702+00,Ming Chiang Chua
561,nan-chiau,0,ChdDSUhNMG9nS0VJQ0FnSURKZ2NxRTJnRRAB,4,2023-12-31 18:57:09.980652+00,https://www.google.com/maps/contrib/100529988963601656206/reviews?hl=en,Most teachers are chill,5 months ago,2023-08-03 18:57:10.380459+00,Haziq Harith
562,nan-chiau,34,ChdDSUhNMG9nS0VJQ0FnSURKekxlTXFBRRAB,4,2023-12-31 18:57:09.981651+00,https://www.google.com/maps/contrib/107118721127765817243/reviews?hl=en,Not bad school with good facilities and teachers.,5 months ago,2023-08-03 18:57:10.414463+00,Kaleb Er
563,nanyang,0,ChZDSUhNMG9nS0VJQ0FnSUMxNXZHZFJ3EAE,1,2023-12-31 18:58:01.06366+00,https://www.google.com/maps/contrib/117273368502847968444/reviews?hl=en,I cannot get books from the bookstore,2 days ago,2023-12-29 18:58:01.075662+00,clyde
564,new-town,0,ChZDSUhNMG9nS0VJQ0FnSUNsdUpDN1pnEAE,4,2023-12-31 18:58:52.45005+00,https://www.google.com/maps/contrib/104935720341552486821/reviews?hl=en,very cool school and nice teachers!! saw childe from genshin in there though. not cooollll,a month ago,2023-12-01 18:58:52.461053+00,Kunwara laicharoenkiat
565,ngee-ann,0,ChdDSUhNMG9nS0VJQ0FnSURWNFlDXzh3RRAB,4,2023-12-31 18:59:17.881416+00,https://www.google.com/maps/contrib/100353998353824815418/reviews?hl=en,Kids' school yippee!,2 weeks ago,2023-12-17 18:59:17.892418+00,Emily Tan
566,ngee-ann,0,ChdDSUhNMG9nS0VJQ0FnSUNsdWVEZTNBRRAB,5,2023-12-31 18:59:17.882418+00,https://www.google.com/maps/contrib/103765491865984690064/reviews?hl=en,"I am a graduate of Ngee Ann. I love the teachers, they are so thoughtful and kind also supportive. When I had my ups and downs teachers would give Pep talks…amazing! I miss Ngee Ann  -Choo Kady 2023",a month ago,2023-12-01 18:59:17.960419+00,Choo Kady
567,north-vista,0,ChdDSUhNMG9nS0VJQ0FnSURwa0luNmtRRRAB,4,2023-12-31 19:00:34.964964+00,https://www.google.com/maps/contrib/104827644497848747075/reviews?hl=en,"This school is decent, I guess. It has many facilities and activities for the students to participate in. The food here is really nice and the stall aunties/uncles are very polite. There are also many good and supportive teachers here but at the same time there are also teachers with no common sense. The students are…okay, friendly but not too respectful. The toilets are very clean and well kept, the classrooms are also spacious and decent. The PE attires are comfortable and nice. I have made many amazing friendships and memories here, I’m grateful for spending my primary school years in this school. Overall, it’s a normal and decent primary school. I recommend joining this school! -2023 P6 student edit: since I’ve gotten my PSLE results, I can fully express my opinions on the education ive gotten throughout my pri sch life. The education here may not be perfect but if you have the right goals and motivation, im sure you’ll be able to achieve your goals and will be able to ace your exams easily. Every teacher has a different way to teach their students and it might not help some students but they really do try their best to help their students understand the topics. They are always happy to explain or answer your questions and will try their best to ensure you understand the basics. So please ask your Teachers about anything you don’t fully understand. Overall, I give the education here an 8/10. All the best Vistalites!",a month ago,2023-12-01 19:00:34.976967+00,rara
568,north-vista,"1,234",ChZDSUhNMG9nS0VJQ0FnSUNsanRfNmZnEAE,5,2023-12-31 19:00:34.965966+00,https://www.google.com/maps/contrib/115969486686664081306/reviews?hl=en,My kid grows educationally and emotionally fine in this school. I think they teaching method is good to nurture the students.  Kudos to the teachers here 👍👍  Morning traffic wasn't bad to reach school. Afternoon one was also ok.,a month ago,2023-12-01 19:00:35.072965+00,William Lu
569,northland,0,ChZDSUhNMG9nS0VJQ0FnSURWbTY2SVJ3EAE,3,2023-12-31 19:01:00.331755+00,https://www.google.com/maps/contrib/113248009372781734261/reviews?hl=en,"Students and staff were amazing, sadly bullying was something that have to be dealt with during my period of time, kids were Soo mean",2 weeks ago,2023-12-17 19:01:00.413755+00,the simp
570,northland,0,ChdDSUhNMG9nS0VJQ0FnSUMxdUwyYWpRRRAB,5,2023-12-31 19:01:00.331755+00,https://www.google.com/maps/contrib/105739123885309765851/reviews?hl=en,stan mrs g for life,a week ago,2023-12-24 19:01:00.342757+00,melissa wong
571,northoaks,35,ChdDSUhNMG9nS0VJQ0FnSURWeDRPMGdRRRAB,1,2023-12-31 19:01:25.939738+00,https://www.google.com/maps/contrib/101801466387690965765/reviews?hl=en,Juan wu ask oh lim family to get out of sembawang,a week ago,2023-12-24 19:01:25.950739+00,Kii Kii L and Choo Hour Video L
572,oasis,0,ChdDSUhNMG9nS0VJQ0FnSURsOGJqZHRRRRAB,5,2023-12-31 19:01:51.173659+00,https://www.google.com/maps/contrib/112662193161223479092/reviews?hl=en,"I’m from the 2nd batch students, food was great, some teacher vv strict until they change one of my old classmate to a “gangster”. Cleanliness is not bad, overall the school is ok.",3 weeks ago,2023-12-10 19:01:51.185729+00,Shanice
573,oasis,0,ChZDSUhNMG9nS0VJQ0FnSUNsdHBpekd3EAE,1,2023-12-31 19:01:51.174664+00,https://www.google.com/maps/contrib/102749663210804463148/reviews?hl=en,This school is utter garbage.,a month ago,2023-12-01 19:01:51.25373+00,Aiiai
574,opera-estate,0,ChdDSUhNMG9nS0VJQ0FnSUMxdU1YUy1BRRAB,5,2023-12-31 19:02:17.409256+00,https://www.google.com/maps/contrib/112061713346759812589/reviews?hl=en,at least got me a secondary school,a week ago,2023-12-24 19:02:17.420257+00,ghost
575,palm-view,14,ChdDSUhNMG9nS0VJQ0FnSURWMTRiN293RRAB,5,2023-12-31 19:02:42.950218+00,https://www.google.com/maps/contrib/106431716201798874011/reviews?hl=en,"Very good school, graduated this year",a week ago,2023-12-24 19:02:42.963219+00,Random Person
576,park-view,0,ChdDSUhNMG9nS0VJQ0FnSURWek9PZmxnRRAB,5,2023-12-31 19:03:08.184057+00,https://www.google.com/maps/contrib/107317494453442494908/reviews?hl=en,Tis is my primary school next year I'm p4 and it has cool staff and it is awesome I TOTALLY RECOMMEND THIS SCHOOL,2 weeks ago,2023-12-17 19:03:08.19506+00,Elliana
577,park-view,1,ChdDSUhNMG9nS0VJQ0FnSURaeEwyMV93RRAB,5,2023-12-31 19:03:08.184057+00,https://www.google.com/maps/contrib/117779361421019957086/reviews?hl=en,"I miss the noodle stall aunties. One of them v nice always give me a little extra egg the other auntie also okay but I js think that it’s because one auntie is so good that the one that’s normal gets hated on for not being so good, I genuinely think that aunties prob a nice person. On the other hand the teachers were okay ig… i was always scared of getting Mrs ang as my p6 teacher but I got Mrs or ms chew i forgot bro. Anyway Mrs or Ms Chew is arguably stricter but at least I the teacher changed after a while. why did they paint the school again it’s kinda meh. IM SO PISSED WHY GATE C THE BIG GATE NEVER OPEN ONE ONLY CAN USE THE TURNSTILE GATE!!!! It was probably for the kids safety BUT IM STILL MAD. I honestly would not want to live through this experience again. Unrelated but WHY AM I MORE STRESSED FOR MY EOYS RN THAN PSLE bye  Go away why u read this entire review sia annoying",3 months ago,2023-10-02 19:03:08.241057+00,Walnut Ren
578,park-view,0,ChZDSUhNMG9nS0VJQ0FnSUNaMFlLYmN3EAE,5,2023-12-31 19:03:08.185058+00,https://www.google.com/maps/contrib/100003401679085106965/reviews?hl=en,"As of writing this, I am P4. This is a very open school and the staff are very friendly. Especially Ms Emily Ambrose. Many events like PVPS Olympics.. so on and so forth. Highly recommend this school",3 months ago,2023-10-02 19:03:08.299057+00,Amira Ridjal
579,park-view,0,ChZDSUhNMG9nS0VJQ0FnSUNCbGJqUWNBEAE,5,2023-12-31 19:03:08.186057+00,https://www.google.com/maps/contrib/111260926809262578931/reviews?hl=en,"I'm a P5 student here. My school is excellent. All the teachers are very caring, especially Mrs Helen Chong. To all parents of future P1 students, please select this school. 😃 …",a year ago,2022-12-31 19:03:08.409058+00,•Hydrogen•
580,park-view,0,ChZDSUhNMG9nS0VJQ0FnSUNoLS1QdUNnEAE,4,2023-12-31 19:03:08.186057+00,https://www.google.com/maps/contrib/110342977484276270873/reviews?hl=en,"As of writing this revie, I am P4. Good school and nice teachers, only complain are the TOILETS, BECAUSE OF THE CHANGING ROOM NEXT TO THE HALL STAGE, ITS VERY CREEPY AND IF YOU EVER ASKED A STUDENT WHO HAS BEEN TO THAT CHANGING ROOM, THEN THEY WILL MOST LIKELY HAVE A STORY. Apart from that, good school.",10 months ago,2023-03-06 19:03:08.344058+00,John Chong
581,pasir-ris,0,ChZDSUhNMG9nS0VJQ0FnSURsLXU2Wk9REAE,2,2023-12-31 19:03:33.72447+00,https://www.google.com/maps/contrib/116551543561346934813/reviews?hl=en,"I dont like this school. The teachers are very mean especially the discipline teacher and the English teachers. If you are reading this, I'm not sorry",4 weeks ago,2023-12-03 19:03:33.736473+00,Not kasey
582,paya-lebar-methodist-girls,0,ChdDSUhNMG9nS0VJQ0FnSUMxeUpUSnh3RRAB,5,2023-12-31 19:03:59.117278+00,https://www.google.com/maps/contrib/115823622017607543536/reviews?hl=en,Best school ever,a week ago,2023-12-24 19:03:59.13028+00,Jxjz Dkdnxxn
583,paya-lebar-methodist-girls,25,ChZDSUhNMG9nS0VJQ0FnSUNscVpULU5nEAE,5,2023-12-31 19:03:59.11828+00,https://www.google.com/maps/contrib/114932316373537624509/reviews?hl=en,A good Christian primary school with dedicated principals during their terms of serving. The school activities are fun and safe for the pupils. And the environment is simple and pure for the young minds. Definitely recommended for your daughter to be enrolled here for her 6 years of primary education. I did for all my girls.,a month ago,2023-12-01 19:03:59.203278+00,Rich C.
584,paya-lebar-methodist-girls,0,ChZDSUhNMG9nS0VJQ0FnSURGaUlHcVNnEAE,1,2023-12-31 19:03:59.119279+00,https://www.google.com/maps/contrib/115501094748547358588/reviews?hl=en,everyday block my way😡😡 i just want to go home man …,a month ago,2023-12-01 19:03:59.31754+00,hdjsjsks
585,paya-lebar-methodist-girls,0,ChdDSUhNMG9nS0VJQ0FnSURGMTg2M3ZnRRAB,5,2023-12-31 19:03:59.119279+00,https://www.google.com/maps/contrib/116159544618068106577/reviews?hl=en,"I graduated from PL almost 7 years ago and I always strongly recommend my relatives/ colleagues/ etc to send their daughters there. PL impart good values to all their students, and they have very caring and dedicated teachers. Up till today, I still meet up with my secondary school friends frequently and we never fail to talk about the good old days!  One of the best girls school in Singapore :)",a month ago,2023-12-01 19:03:59.272279+00,Wen Ning
586,paya-lebar-methodist-girls,17,ChdDSUhNMG9nS0VJQ0FnSUR4aVBpSXNBRRAB,5,2023-12-31 19:03:59.120279+00,https://www.google.com/maps/contrib/110422913275451822128/reviews?hl=en,Nice,6 months ago,2023-07-04 19:03:59.359613+00,Md Ibrahim Khalil
587,pei-tong,14,ChZDSUhNMG9nS0VJQ0FnSUM1OWZQUlp3EAE,5,2023-12-31 19:05:15.808592+00,https://www.google.com/maps/contrib/118094760095949864226/reviews?hl=en,"As a parent, this school well exceeded my expectations. Have to admit this wasn't my choice school but there was a vacancy, transfer case as we moved to the area. Firstly the uniform is brilliantly designed as no ironing is needed, the polo tee is wrinke-free. Shoes are black, no cleaning needed unless muddy which is almost never happening. Few schools have a board of directors and this has and board members have strong creed to foster good character in all students. My child turned from unruly, traumatised from previous (popular) school, scatterbrained, irresponsible, to a focused, independent, hardworking, reliable student. The school staff train all students to be independent from primary 1. By primary 2 they are already able to orientate new P1 students unsupervised (other sch use older P4 or P5 students). P1 students are taught how to write down instructions and homework just like other schools but by P3 they are already memorising what they need for the next days. Every school has enrichment courses that change yearly, normally 2 or 3 while Pei Tong offers 10-15 per year, no kidding. Bullying is not allowed and strict discipline protocol is in place that tackles the problem within 24h (other schools either don't care or procrastinate because overwhelmed with cases). Students after school are orderly, well behaved, and calm. Students of other schools are by contrast, running everywhere, unruly, swearing and screaming. You can really see the difference. Academic ability depends on the individual not the school but character building is best built from young and Pei Tong does a marvellous job. My child already graduated and is attending one of the top sec schools, scores A1 A2 in several subjects even without tuition there, doesn't take notes, everything memorised naturally in class, cool attitude no stress, thanks to training from Pei Tong, it saves us money!",2 months ago,2023-11-01 19:05:15.910591+00,Sue Nummy
588,pei-tong,14,ChZDSUhNMG9nS0VJQ0FnSURGOWR1N2RREAE,5,2023-12-31 19:05:15.808592+00,https://www.google.com/maps/contrib/102809653257711395589/reviews?hl=en,I was a former student at this school. Very good teachers especially my former maths cher MR LEOW!! He is da GOAT because he helped me get AL one in maths and made alot of fun memories in my last year of studying in ptps. Hope you have a nice life Mr LEOW😃 …,a month ago,2023-12-01 19:05:15.820592+00,Akul
589,pei-tong,0,ChZDSUhNMG9nS0VJQ0FnSUNaX2ZTaE93EAE,5,2023-12-31 19:05:15.809593+00,https://www.google.com/maps/contrib/106707070988759979270/reviews?hl=en,good school,3 months ago,2023-10-02 19:05:15.969591+00,Edrick
590,pei-tong,46,ChZDSUhNMG9nS0VJQ0FnSUNKaUl5OEJBEAE,1,2023-12-31 19:05:15.810592+00,https://www.google.com/maps/contrib/116507551553664278286/reviews?hl=en,"My place of trauma. My autism went undiagnosed and my teachers always scolded me or asked me to stand outside the classroom just because I was too quiet and not responsive to their questions. From a low income family, the teachers also despise you. That’s my experience from 20yrs ago not sure how the school is now but I know one of the teachers who always looked down on me is still in the school. Glad my sec sch teachers did their job and they spotted telltale signs and got me help from psychiatrists and counsellors.",3 months ago,2023-10-02 19:05:16.017592+00,Dawn L
591,peiying,0,ChdDSUhNMG9nS0VJQ0FnSUNGN3FmQXVnRRAB,5,2023-12-31 19:05:43.844785+00,https://www.google.com/maps/contrib/102897647214091645508/reviews?hl=en,I had a joy going to this school,2 months ago,2023-11-01 19:05:43.856787+00,Kaythi Winhlaing
592,peiying,0,ChdDSUhNMG9nS0VJQ0FnSURaNTl5eHNRRRAB,3,2023-12-31 19:05:43.844785+00,https://www.google.com/maps/contrib/115169885286126031954/reviews?hl=en,It’s good I’m 5P this year and its not bad yeah go to this school,2 months ago,2023-11-01 19:05:43.901784+00,Felisya Nur
593,peiying,0,ChZDSUhNMG9nS0VJQ0FnSUNaeVl1Y1BnEAE,1,2023-12-31 19:05:43.845786+00,https://www.google.com/maps/contrib/101294943863632416481/reviews?hl=en,Say sorry when people beat hei,3 months ago,2023-10-02 19:05:43.962785+00,Jeze Belle
594,pioneer,0,ChdDSUhNMG9nS0VJQ0FnSURwbjdPSTJRRRAB,1,2023-12-31 19:06:09.282087+00,https://www.google.com/maps/contrib/100370907482480223007/reviews?hl=en,It is so bad mdm norly and mr tan made my child cry last night,3 months ago,2023-10-02 19:06:09.294087+00,Belinds lok
595,pioneer,0,ChdDSUhNMG9nS0VJQ0FnSUN4dVBHUDNRRRAB,5,2023-12-31 19:06:09.283087+00,https://www.google.com/maps/contrib/108035548329666885974/reviews?hl=en,this school the best,7 months ago,2023-06-04 19:06:09.356085+00,Mohamad Ariel
596,pioneer,0,ChZDSUhNMG9nS0VJQ0FnSUNSMUxpVVJREAE,5,2023-12-31 19:06:09.284086+00,https://www.google.com/maps/contrib/108260552440625070553/reviews?hl=en,Best school EVER I really miss it :(((,9 months ago,2023-04-05 19:06:09.409086+00,weiyan moe
597,pioneer,2,ChZDSUhNMG9nS0VJQ0FnSUNoaFB5clBnEAE,5,2023-12-31 19:06:09.284086+00,https://www.google.com/maps/contrib/111861762847727480109/reviews?hl=en,Nice,10 months ago,2023-03-06 19:06:09.448087+00,JOGINA Ng
598,pioneer,0,ChZDSUhNMG9nS0VJQ0FnSUNCZ1pEMEZREAE,5,2023-12-31 19:06:09.285089+00,https://www.google.com/maps/contrib/118238857961359012201/reviews?hl=en,It was a great school tho it had merging stuff going on,a year ago,2022-12-31 19:06:09.507085+00,Liew Shan Keat
599,poi-ching,0,ChZDSUhNMG9nS0VJQ0FnSUQ1b0pLbFN3EAE,5,2023-12-31 19:06:34.845399+00,https://www.google.com/maps/contrib/112478153397794612335/reviews?hl=en,good school good education and learn alot even if you have teachers that scolds alotヾ(≧▽≦*)o,2 months ago,2023-11-01 19:06:34.8564+00,Lawrence Ng
600,princess-elizabeth,0,ChdDSUhNMG9nS0VJQ0FnSUNGMmVMRWdnRRAB,2,2023-12-31 19:07:00.678199+00,https://www.google.com/maps/contrib/110050216588424700783/reviews?hl=en,Hi I’m from Princess Elizabeth primary sch the toilets in level 4 is the dirtiest it has black paint in the 2 cubicles and the smell of the toilet is very smelly and when i was doing my. Business the lights suddenly off by itself so I quickly ran out of the toilet😜 …,2 months ago,2023-11-01 19:07:00.691206+00,Jocelyn Ang
601,punggol-green,0,ChZDSUhNMG9nS0VJQ0FnSUMxOEk2RFJBEAE,5,2023-12-31 19:07:51.659609+00,https://www.google.com/maps/contrib/117904031994719342047/reviews?hl=en,Teachers are nice and the school arranges many activities for you BEST SCHOOL EVER 😍😍🙏🙏 …,a week ago,2023-12-24 19:07:51.671611+00,daphpark
602,punggol-view,0,ChdDSUhNMG9nS0VJQ0FnSUMxNXJhNnh3RRAB,5,2023-12-31 19:08:42.820924+00,https://www.google.com/maps/contrib/102665508219486511158/reviews?hl=en,Wassup! Just wanted to say loved Punggol view I made lots of friends and the principal and teachers and nice. Though classes can be naughty sometimes we all just want to have fun and we don’t mean to hurt anyone. I have pgvp pride! Though one of my friends out of pgvp said that the school is haunted. ANF I DIDN’T KNOW OK. The stairs aren’t haunted that’s for sure,2 days ago,2023-12-29 19:08:42.832925+00,Kate Lee
603,punggol-view,0,ChdDSUhNMG9nS0VJQ0FnSURsejZuSl93RRAB,5,2023-12-31 19:08:42.820924+00,https://www.google.com/maps/contrib/112497937691939819683/reviews?hl=en,live laugh love mr lim wei cheng!! best math teacher + amazing therapist!! caring n genuine to all of his students wooo❗️y’all need to give him an award yea !! anyways besides that pls fix the toilet door locks,3 weeks ago,2023-12-10 19:08:42.896227+00,bea
604,punggol-view,0,ChdDSUhNMG9nS0VJQ0FnSURabHZiV3BRRRAB,5,2023-12-31 19:08:42.821926+00,https://www.google.com/maps/contrib/107732969331544033444/reviews?hl=en,Damm Good man my Cher LIM WEI CHENG And MS MADELINE TAN so chill of course for upper pri keep making jokes to keep use entertained,3 months ago,2023-10-02 19:08:42.972228+00,Kakai
605,punggol-view,0,ChdDSUhNMG9nS0VJQ0FnSURabFAzbHZ3RRAB,1,2023-12-31 19:08:42.822926+00,https://www.google.com/maps/contrib/113461117397984424507/reviews?hl=en,The children in the bus were shouting and the students name is (Jayvion Yew,3 months ago,2023-10-02 19:08:43.079227+00,Samantha Neo
606,punggol-view,0,ChdDSUhNMG9nS0VJQ0FnSURackxyaXp3RRAB,5,2023-12-31 19:08:42.822926+00,https://www.google.com/maps/contrib/107150319464462001639/reviews?hl=en,teachers are kind especially the Chinese teachers from p3 to p6,3 months ago,2023-10-02 19:08:43.030227+00,Lennon Kwok Bing Yuan (Msh)
607,qihua,0,ChdDSUhNMG9nS0VJQ0FnSUQ1OGFlUmpBRRAB,1,2023-12-31 19:09:34.67789+00,https://www.google.com/maps/contrib/105809941474425629058/reviews?hl=en,"Students are as noisy as heck and they always shout for no reason. After school, always loiter and misbehaving. Whenever i walk past the north plaza, there would always be the students there like cockroavh.",2 months ago,2023-11-01 19:09:34.690891+00,Mohd Hassan
608,queenstown,0,ChdDSUhNMG9nS0VJQ0FnSURwdkllbG5BRRAB,5,2023-12-31 19:10:00.043116+00,https://www.google.com/maps/contrib/115185218642471017504/reviews?hl=en,"It was the best primary school I went to teacher are caring and patient. Canteen food hit next level. Principle was super kind and amazing.dd on when I was primary 1 (mid year)and I only just move to singapore and unable to speak English with he teacher patiencei  was able to speak Englishso well by end of primary 1, and cause of queenstownI was able to have a good personality and made the person I am now and in 1 of the top school in Singapore.  But everything got an end to it, unfortunately i move place and changed school teacher there is alright but they do not care about our struggles. Was there from Primary 1 to 4 was the best time of my life enjoyed every moment.",a week ago,2023-12-24 19:10:00.056119+00,Tran Ghost
609,radin-mas,46,ChZDSUhNMG9nS0VJQ0FnSURWMWZqYkV3EAE,5,2023-12-31 19:10:25.927114+00,https://www.google.com/maps/contrib/105223893774165215809/reviews?hl=en,The school is very big and it's neat and tidy but the toilet is very dirty,2 weeks ago,2023-12-17 19:10:25.939115+00,Sam Lim
610,radin-mas,0,ChZDSUhNMG9nS0VJQ0FnSUNWX3JHZFJ3EAE,5,2023-12-31 19:10:25.928114+00,https://www.google.com/maps/contrib/105772357878890788323/reviews?hl=en,This is my school. There are a lot of nice Chers and students but some chers students just can’t stop being mean. The chers are trying their best to teach us so we should all just appreciate this school. I like the celebrations and booths my school puts up. The best thing is that on Friday we have this thing called Friyay. We get to bring educational games to school and play with them. I hope everyone appreciates my school!😀 (I think it should not get rated as 5 but 10001),3 weeks ago,2023-12-10 19:10:25.986114+00,Vincent Ng
611,radin-mas,7,ChZDSUhNMG9nS0VJQ0FnSUQ1d2QzeVh3EAE,5,2023-12-31 19:10:25.929114+00,https://www.google.com/maps/contrib/102561808066982393415/reviews?hl=en,my primary school.,2 months ago,2023-11-01 19:10:26.037114+00,Balasridhar Dhevasakayam (Rmps)
612,raffles-girls,244,ChdDSUhNMG9nS0VJQ0FnSUN4emMtdXFBRRAB,5,2023-12-31 19:10:51.396214+00,https://www.google.com/maps/contrib/110405930017936179870/reviews?hl=en,Excellent primary school. Friendly staff and excellent service. Friendly teachers and efficient Principal. The most I really like the school is the garden. It's very beautiful and makes one peaceful and very friendly whenever I visit the area,a month ago,2023-12-01 19:10:51.408217+00,syed Ibrahim yusoff
613,raffles-girls,0,ChdDSUhNMG9nS0VJQ0FnSUNsMWN5VzNBRRAB,5,2023-12-31 19:10:51.397215+00,https://www.google.com/maps/contrib/103779873498368894658/reviews?hl=en,love it just graduated this year gonna miss the school:[,a month ago,2023-12-01 19:10:51.454216+00,Agnes z
614,raffles-girls,0,ChZDSUhNMG9nS0VJQ0FnSUM1akk3Qk9nEAE,4,2023-12-31 19:10:51.398217+00,https://www.google.com/maps/contrib/102239310745621706213/reviews?hl=en,bad jam in the morning,2 months ago,2023-11-01 19:10:51.498217+00,Yu
615,river-valley,0,ChZDSUhNMG9nS0VJQ0FnSUNsNVlhWFdREAE,1,2023-12-31 19:11:42.234554+00,https://www.google.com/maps/contrib/109269231362384073914/reviews?hl=en,skool pizza overpriced at $1.30 for a small slice,a month ago,2023-12-01 19:11:42.247616+00,Zach Tang
616,river-valley,0,ChZDSUhNMG9nS0VJQ0FnSUNseUlYMVRREAE,4,2023-12-31 19:11:42.234554+00,https://www.google.com/maps/contrib/117465635236647962527/reviews?hl=en,Food kinda overpriced teacher scold us for wasting her time but she wast her on time and the Chinese teacher school scold us for no reason,a month ago,2023-12-01 19:11:42.306613+00,Theresa Ling
617,river-valley,6,ChZDSUhNMG9nS0VJQ0FnSUQ1bHJYdVB3EAE,5,2023-12-31 19:11:42.236063+00,https://www.google.com/maps/contrib/100327172399005681150/reviews?hl=en,"As a student, this school is great. No air-conditioning next year as is for the construction site next to the school will finish since 2022 February. The studying environment is close to perfect, and many friends talk and engage. There's many progammes that take place in the school hall as they celebrate almost every event, and you'll receive custom-made school supplies, and the teachers are TOP TIER besides a few. The school bus, though, is quite inconvenient as you have to wake up early and school starts at 7:30. The canteen sells a variety of food ranging from Chinese noodles to Western burgers to Muslim, pork-free delights. The school also includes a garden and a fish pond to explore during recess and the perfect ratio of play to study time. The syllabus is above average than some schools, and the homework, although much, is informational and educative. On the contrary, you need to be smart in kindergarten and be fast to sign up for this school. This school has many subjects, English, Chinese, math, science, music, art, and teacher guidance period. This schchcool also has a discipline master and a school counselor, which is similar to a therapist. I look further into more pupils to enter this school.",2 months ago,2023-11-01 19:11:42.356614+00,Notthat oneguy
618,river-valley,0,ChdDSUhNMG9nS0VJQ0FnSUNaaFAydnBnRRAB,4,2023-12-31 19:11:42.236567+00,https://www.google.com/maps/contrib/101244749683131026793/reviews?hl=en,"The food is getting better, way better than last time. The teachers are a bit strict as they shout very loud if one student does something naughty",3 months ago,2023-10-02 19:11:42.405613+00,Tan Ashley
619,river-valley,0,ChZDSUhNMG9nS0VJQ0FnSURScEx2SEtREAE,5,2023-12-31 19:11:42.237572+00,https://www.google.com/maps/contrib/100181182055627484061/reviews?hl=en,The pizza is delicious ❤️❤️❤️,8 months ago,2023-05-05 19:11:42.472613+00,Evelyn Lau
620,river-valley,32,ChZDSUhNMG9nS0VJQ0FnSUNSNlBMYUxREAE,5,2023-12-31 19:11:42.238077+00,https://www.google.com/maps/contrib/116389346709374850507/reviews?hl=en,Very good school with wonderful teachers and staffs. Only setback is the food.😁 Feedback from my Son. …,9 months ago,2023-04-05 19:11:42.515614+00,Adrian Rodrigues
621,rivervale,12,ChZDSUhNMG9nS0VJQ0FnSUMxOXFTM2FnEAE,2,2023-12-31 19:12:34.018249+00,https://www.google.com/maps/contrib/118107980537442143398/reviews?hl=en,DISGUSTING TOLIETS LIKE PLEASE CLAN YOUR TOLIETS I FOUND A COCKROACH IN ONE OF THE BATHROOM BEFORE I AM SCARED OF COCKROACHS THE WORST PART IS IT WAS COMING OUT OF THE DRAIN AND OUT OF THE BATHROOM STALL AND I AND WISHING MY HAND BUT THEY HAVE VERY NICE SOAP IS SMELL SO GOOD. GOOD LUCK IF YOU GO SCHOOL THERE BUT I ALSO GO SCHOOL THERE LOL.😂😂😂,a day ago,2023-12-30 19:12:34.032248+00,Joline kasumi
622,rivervale,0,ChZDSUhNMG9nS0VJQ0FnSUMxZ0xld0F3EAE,3,2023-12-31 19:12:34.019248+00,https://www.google.com/maps/contrib/105245343031935862702/reviews?hl=en,Not gona lie why the school canteen remove the drink store and replace to an Japanese store I prefer drink store  is more better and why is all the toilet is so dirty that’s why I don’t go to their toilet is very disgusting  plus some teachers are kinda rude  to be honest  for me  but no matter what we still need to treat this school with care,a week ago,2023-12-24 19:12:34.106248+00,Zza Zza
623,rivervale,0,ChZDSUhNMG9nS0VJQ0FnSUMxakxYb1pBEAE,5,2023-12-31 19:12:34.019248+00,https://www.google.com/maps/contrib/117440894191278428896/reviews?hl=en,It's good that's all,a week ago,2023-12-24 19:12:34.064249+00,itsnight437
624,rivervale,0,ChdDSUhNMG9nS0VJQ0FnSURWOV8taTlBRRAB,1,2023-12-31 19:12:34.020249+00,https://www.google.com/maps/contrib/114626698481970334249/reviews?hl=en,"rubbish school haha. pls for the parents out there that is planning to register ur child in here, I beg you not to. they removed all the snacks and there is no sweet drinks. the rice is also brown rice. the toilets are horrible and disgusting. teachers only care about the school reputation. we barely get to actually enjoy. (graduated this year) --> so the situation is recent.",a week ago,2023-12-24 19:12:34.141248+00,Raihanah Sukirman
625,rivervale,0,ChZDSUhNMG9nS0VJQ0FnSURsLWZLc0dBEAE,5,2023-12-31 19:12:34.021248+00,https://www.google.com/maps/contrib/110478683644678365922/reviews?hl=en,I like the school but not madam Samaria she always scold me,4 weeks ago,2023-12-03 19:12:34.187248+00,Sarah Fatt
626,rivervale,0,ChdDSUhNMG9nS0VJQ0FnSUNGLTU2amlBRRAB,1,2023-12-31 19:12:34.021248+00,https://www.google.com/maps/contrib/107338345968433040422/reviews?hl=en,"the teachers are super biased, when im doing nothing the teachers will always find an excuse to scold me but when the teachers’ favorites do a bad thing the teachers act blind and do nothing, also during recess it is one period and one period is 30 minutes but they make you go to the hall which is where the students assembly after only 20 minutes of recess and the teachers often dismiss you late for recess which basically means the recess is half of what they say, the canteen floor is also very dirty and oily, the school toilets are also very dirt, unhygienic and smelly with some toilets not being flushed and pee stains on the floor, the school events they come up with are also horrible and sometimes they make the whole school go hall and sit down for 1 to 2 hours just to watch a skit or a celebration or a speech, if you are a primary 5 or 6 student you will sit at the back where it’s very stuffy and no space for your legs as the teachers make you squeeze and it will be very uncomfortable, other than that, there are kind and good teachers like Ms Tang who taught me Social Studies when i was primary 3-5 and would give stars whenever the class completed a task and would give rewards at the end of each term based on the number of stars we have, in the future, i hope that the students who study here do not have to suffer under the school horrible facilities and have a good teacher like Ms Tang that can teach them.",a month ago,2023-12-01 19:12:34.231248+00,Pay Nelson
627,rivervale,0,ChZDSUhNMG9nS0VJQ0FnSUNGeTl1UGNREAE,1,2023-12-31 19:12:34.022249+00,https://www.google.com/maps/contrib/114863896302799525224/reviews?hl=en,the school is literally falling apart. the classrooms are chaotic and some teachers are biased (but not all). the recess is shortened by half the expected time. (Especially p5’s) the toilets are hideous and have an absence of toilet paper. Idk about yours but my classmates are especially annoying and will never leave you alone. at least the food is somewhat okay. Hope the school will see better days.,a month ago,2023-12-01 19:12:34.269247+00,Yu Zhirui (Rivervaleps)
628,rosyth,1,ChdDSUhNMG9nS0VJQ0FnSUNscmJYMnNnRRAB,5,2023-12-31 19:12:59.928888+00,https://www.google.com/maps/contrib/116214638735353446011/reviews?hl=en,A fun school. Helped me make many friends that im still in contact with today.  I was the lego beyblade grandmaster of my class back in my day. I would win every opponent that dared to challenge the almighty grandmaster.,a month ago,2023-12-01 19:12:59.942889+00,ClappyBlappy
629,rosyth,0,ChZDSUhNMG9nS0VJQ0FnSUNsdnBubFRnEAE,5,2023-12-31 19:12:59.929888+00,https://www.google.com/maps/contrib/113520782462928529551/reviews?hl=en,"I am part of Rosyth’s graduating class this year, and I am eternally grateful to my teachers and friends I met along the way. some people are complaining about bullies, i personally think bullying happens in every school and sometimes the bully makes themselves look like the victim, so the “biasness” may be just the teachers teaching the bullies not to do such things to their classmates. I think the people that are complaint about getting scolded are the ones that are always lazy to do their work and slack off, giving the teachers a hard time. The teachers try to give students the best possible experience in the school, but as normal humans the teachers have stress thresholds too. Back to the part about bullying, in the process of making friends you’ll sometimes find a few rotten people, so just discard them from your life like you’ll discard mouldy food. Bullies these days try to act as the victim( I have witnessed it first hand), so make sure not to fall for their tricks, and accidentally getting trapped in a fake friendship with them. I think this school in itself is amazing, I have met friends that will be there with me for the rest of my life. If having a bad day, I recommend my comfort food of nuggets from stall 5 to make the day feel a little bit better. I HIGHLY RECOMMEND COMING HERE. a few rotten apples in a harvest doesn’t mean that the whole harvest was bad. Don’t be deterred from enrolling your children to this school, you’ll not regret it",a month ago,2023-12-01 19:12:59.981888+00,Amber Koh
630,rosyth,55,ChZDSUhNMG9nS0VJQ0FnSURKNWNIeEF3EAE,1,2023-12-31 19:12:59.930889+00,https://www.google.com/maps/contrib/114113380336150237218/reviews?hl=en,overworked teachers. rude admins. negative vibes. new principal needs to look into improving culture overall.,5 months ago,2023-08-03 19:13:00.067738+00,Gold Paper
631,rosyth,0,ChdDSUhNMG9nS0VJQ0FnSUNaNy1xSTF3RRAB,1,2023-12-31 19:12:59.930889+00,https://www.google.com/maps/contrib/113049037179623401737/reviews?hl=en,I just hope my new condo faster completion due to no choice staying near school super lucky noisy plus noisy all people in the school teacher teaching I can heard very clear . Lol Security early morning shouting talking can heard super good was the students super noisy n shouting all time until afternoon 1.30 pm then the school quiet like ghost place . Lol I just dun understand still got people want to buy the house here just because near the school suck good luck to people stay near the school your life will short 🤣bye bye 2 more months my house ready bye bye noisy non stop everyday 😡😡😡😡😡,3 months ago,2023-10-02 19:13:00.024738+00,Lynn Lim
632,rosyth,3,ChZDSUhNMG9nS0VJQ0FnSUNKMjhtRVl3EAE,5,2023-12-31 19:12:59.931888+00,https://www.google.com/maps/contrib/111584109272079374665/reviews?hl=en,"My daughter is in this school and she really enjoys learning, she is a student counselor and the teachers are not strict but they are firm. The teachers are kind and patient with the students. There are also a lot of fun learning journeys where the students have lots of fun exploring the place. My eldest son had just graduated with flying colours from this school, Thank you rosyth school.",5 months ago,2023-08-03 19:13:00.109738+00,Ahzv Bsbbnn
633,rosyth,0,ChZDSUhNMG9nS0VJQ0FnSUNKN3RqYVR3EAE,1,2023-12-31 19:12:59.932889+00,https://www.google.com/maps/contrib/115895201344649415898/reviews?hl=en,"2005 - 2010 . When I was studying in primary school in rosyth, the teachers were very harsh and biased . They would physically abuse me such as hitting my hand with a ruler and calling me names. The teachers was not understanding over my condition because I had learning difficulties. To find a solution to this, they would make me stay back during my RECESS TIME which I was always HUNGRY AND MADE ME STARVE TO DEATH and embarrassed me infront of the whole class for setting my examination paper in A3 size paper, thinking that I was blind.I had to call my parents on this because they cross the line. Also insulted my mother by telling her that I should be studying in a special needs school like pathlight. I also faced bullying by the boys in my school because I didn't fit in. I had anxiety issue and I was blamed and got scolded for being soft spoken. Please do not put your kids in rosyth school. I know that the system in the school has changed but my gut feelings tells me otherwise. Fight for your kids because they won't be responsible for it.",5 months ago,2023-08-03 19:13:00.137738+00,Rakky Rakshana
634,rosyth,9,ChZDSUhNMG9nS0VJQ0FnSUNKZ3FtNFB3EAE,5,2023-12-31 19:12:59.933888+00,https://www.google.com/maps/contrib/113848418593184504960/reviews?hl=en,Son is having a great time learning. He enjoys going to school. He likes his form teacher and PE teacher the most. That to me = 5 stars.,6 months ago,2023-07-04 19:13:00.172738+00,Derrick Chen
635,rulang,0,ChdDSUhNMG9nS0VJQ0FnSUMxZ1AyQTVRRRAB,5,2023-12-31 19:13:25.986953+00,https://www.google.com/maps/contrib/104742330158114642767/reviews?hl=en,"I loved this school. Although the students there might be rowdy sometimes, they're still not bad and can be nice. I was in 6G of 2023 and my form teacher was the absolute best, he's very helpful and understanding. Even though I didn't really like him at the start of the year, now I see him as a father figure. It's hard to accept the fact that I have to forget about everyone here and just move on. 6 years, 6 whole years of making friends and meeting new teachers. Overall, I'm really thankful for my form teacher this year. Thank you, Mr Loo. Your the best! 😉❗",a week ago,2023-12-24 19:13:25.999952+00,Claire Ang
636,rulang,0,ChdDSUhNMG9nS0VJQ0FnSUNWNC0tdS1BRRAB,5,2023-12-31 19:13:25.987953+00,https://www.google.com/maps/contrib/117980693045598524911/reviews?hl=en,Very kind teachers,3 weeks ago,2023-12-10 19:13:26.383952+00,Linus Kwek
637,rulang,0,ChdDSUhNMG9nS0VJQ0FnSUNCdmZxNXpnRRAB,5,2023-12-31 19:13:25.988953+00,https://www.google.com/maps/contrib/105329720027483051310/reviews?hl=en,Teachers that are good although there is a lot of homeowrk,a month ago,2023-12-01 19:13:26.448268+00,D S
638,sembawang,0,ChdDSUhNMG9nS0VJQ0FnSURaek5xeTdnRRAB,1,2023-12-31 19:13:52.317605+00,https://www.google.com/maps/contrib/113773858011305954459/reviews?hl=en,"This school would be better if certain teachers would care for the student, instead of forcing a child to face a bully by themselves. It seems that the teacher is incapable of handling a bully. How could students learn properly if the environment is not conducive?  This is disappointing and upsetting.",3 months ago,2023-10-02 19:13:52.330605+00,Wen G
639,seng-kang,0,ChdDSUhNMG9nS0VJQ0FnSURsLXRuaDFRRRAB,2,2023-12-31 19:14:18.146659+00,https://www.google.com/maps/contrib/118329921455933269490/reviews?hl=en,"As a former student from this school, I'd rate it a 2. 1) (From my experience) teachers aren't exactly that helpful when it comes to upper primary education, or at least that's what I can say about the teachers I've had. I went from scoring al5 in math and science to scoring al 2 this year and I hate to say that it is no thanks to my school teachers. However, I can say that my English teacher genuinely helped me especially in story-writing. What I have to say about my math and science teachers is that they are genuinely nice people, they just didn't do that great of a job when it came to helping me with my confusions about a certain topic. the one teacher that I would praise is Mrs Ee. she was my p3-4 teacher and the thing I loved is that she would always listen to our questions and try to teach us in a way we would understand. she also made lessons enjoyable by engaging with the students. Nice teachers that know how to actually help students are rare. The teachers are either mean and helpful or nice and unhelpful. Other than that, most teachers are biased.  2) Saying this as a prefect myself, the discipline is unfair when it comes to the prefectorial department. My classmate (a prefect) told the prefect level master about my friend(also a prefect) cussing ONE TIME. The PLM was fully aware of my friend getting bullied by said classmate and did absolutely nothing about it. He then proceeded to scold my friend more about the cussing thing even if it was ONLINE in a PRIVATE CHAT. The cussing thing didn't even affect anyone, the PLM should've talked about the bullying thing more than that. The other reviews are right when they say teachers don't care if you're bullied. Also, teachers can get biased towards prefects.  3) Students. Homophobia, sexism, racism is not uncommon especially in the upper block. If I heard someone shout any slur, I wouldn't be surprised. The fact that this has happened yet teachers didn't do anything about it, disappoints me.  4) Teachers care waaaay too much about students' hair. The ""flaws"" in our hair aren't even noticeable and it doesn't even affect our studies or grades. Its not like we colour our hair with bright neon colours. Usually its just our fringe sticking out. teachers will be breathing down our necks if we don't clip our fringe back. Calm down. My curtain bangs wont make me fail a subject.  5) School food. I know inflation is taking place but at this point id say the food is overpriced. most of the time its cold. Especially the western food stall. The only food I genuinely enjoy is the curry mee which is only available on Fridays.  6) Toilets from level 1-4 are absolutely disgusting. Most of the time there's no toilet paper and the toilets aren't even flushed. There's vandalism on the walls and sometimes its kind of dirty. I'm glad the toilet at level 5 are cleaner and can actually function as a toilet.  7) one more thing about the prefectorial department, the efforts of the EXCO team are barely even recognised. most of the time, the credit is given to the head prefect even if most of the contributions came from the EXCO team. i just think this is unfair to the people who actually put in their effort. again, teachers get biased towards head prefects.  Finally, I wanna talk about the teachers who scold people for the littlest things. Once, one of the students were acting stupid and my PE teacher scolded the other students for looking at the said student?? which was really unnecessary.  Once again, this is all from my personal experience and this school is not entirely bad. Of course, I will miss some teachers and friends. If any of the teachers are reading this, I just hope that the school could try to do something about my concerns to make the juniors' primary school experience journey.",4 weeks ago,2023-12-03 19:14:18.158661+00,Chloe Bancod
640,seng-kang,0,ChZDSUhNMG9nS0VJQ0FnSUNsaFpEaWRBEAE,5,2023-12-31 19:14:18.147661+00,https://www.google.com/maps/contrib/107123719750735886306/reviews?hl=en,my daughters school here and my mid one just graduated. She created a SKPS memory if being a top scorer in Higher Mother Toungue and Malay Language. Want to thank all the teachers for supporting and caring for my daughters!!! recommend this sch 100 percent,a month ago,2023-12-01 19:14:18.234944+00,Lyn nur
641,sengkang-green,0,ChZDSUhNMG9nS0VJQ0FnSUMxaW8zX1Z3EAE,4,2023-12-31 19:14:43.620406+00,https://www.google.com/maps/contrib/112428334495825959992/reviews?hl=en,"as a graduate of this school (just this year!) i think i’m decently qualified to say it’s pretty good—not the best, but decent. although if you’re looking to enrol your child in a primary school and are looking at google maps reviews to do so… honestly just search on kiasuparents or something, i don’t know  anyway!  pros are that there are some decent teachers! there’s miss diane chua, trained to teach SS, EL, MA and SCI—and does so really well !! (she does put discipline very highly however, so tread carefully if you’re studying with her as a form teacher.)  extra kudos to miss yue si wei, who always puts in extra effort to make sure her students understand every little bit of her lessons—although she’s recently left alongside a few really good teachers mentioned in another review here—and miss liu xiaoyu (刘老师), who teaches either primary 4, 5 or 6 HCL classes with tools like classcraft, motivational rewards and other prizes, all to make sure you look forward and pay attention to lessons every single day.  she was the one who sparked my interest in chinese, in fact! getting into her classes isn’t easy, but the marginally more rigorous curriculum sure is worth it under her guidance.  of course, there are many other great teachers…  but there are also the less popular ones. i won’t provide any names, but there are a handful of teachers that have done rather atrocious things to their students, and others that just… don’t care. the former are mostly elderly substitute teachers, though, so here’s to hoping they go easier on the students from now on, haha.  the facilities are decently clean as well, with cleaning robots stationed in the 2 sport halls and elderly janitors helping to mop the floors and sweep the cabinets, et cetera—there’s also a treasure trove worth of drama between two of them… don’t take this an excuse to sit in the toilets and skip lessons, future students. i can’t say much about the students themselves as they do change, after all, but my experience was that they’re reasonably friendly once you hit primary 5 and 6, since at least half will have matured and found it boring to bully people (read: me. yes, i did get bullied—but i did befriend some of them in the last two years of my time at SKGPS, so that’s a plus, i guess?)  all in all, this school’s rank as the 22nd primary school with best academics is … pretty deserved, i’d say, but it all boils down to the kid and the teachers he/she/they get to meet! :)  - a boy that got al 9 for his psle (i’m pretty sure some parents here won’t believe my qualifications to say all this … not sure if my psle results help?? anyway have my results anyway. EL & SCL - 1 • CL - 2 • MA - 5… blame my immune system for that last one.)",4 days ago,2023-12-27 19:14:43.633406+00,pog
642,sengkang-green,0,ChdDSUhNMG9nS0VJQ0FnSUNsMllmX25RRRAB,3,2023-12-31 19:14:43.621407+00,https://www.google.com/maps/contrib/108498247125077694100/reviews?hl=en,"Most school teachers are hardworking and responsible. Mdm Catherine, Ms Beh, Ms Hayati, Mrs Loh are great teachers. But many good teachers have left.  Previous P was excellent!  Would appreciate current P keep his speech short and succinct and keep to timing. Parents and children's time is precious. Would be good if he goes for presentation courses to improvehis presentation skills.",a month ago,2023-12-01 19:14:43.684406+00,Zue Jayt
643,sengkang-green,0,ChdDSUhNMG9nS0VJQ0FnSURGNS1iRHJ3RRAB,5,2023-12-31 19:14:43.622408+00,https://www.google.com/maps/contrib/109483245706156291816/reviews?hl=en,It is good to learn in it,a month ago,2023-12-01 19:14:43.752408+00,Norris Mok
644,shuqun,0,ChdDSUhNMG9nS0VJQ0FnSUNsaFl6Q3hBRRAB,5,2023-12-31 19:15:09.49921+00,https://www.google.com/maps/contrib/102674748626880529275/reviews?hl=en,being taught by a teacher in there called ms nava is the best thing,a month ago,2023-12-01 19:15:09.511212+00,Kai.x
645,si-ling,0,ChdDSUhNMG9nS0VJQ0FnSURsOUxyU3pRRRAB,5,2023-12-31 19:15:35.183115+00,https://www.google.com/maps/contrib/104157800632274817502/reviews?hl=en,"When my son was P1, i enrolled him to SLPS caused we stay near the school. When he was P1, SLPS is not consider a good school and PSLE passing rate is low. Initially, i was worried for him. But year by year, i see the changes in school getting better and teachers are approachable and committed to teach the student, especially his P1 front teacher, Mr Lim Kim Tze. This year, he passed his PSLE with flying color with total AL8 and top 7 in school. The school also have 100 percent passing mark for PSLE. Well done to both my son and the school !!  Lastly, i hope the school can have the exchange book corner back in school. I used to recycle my boy used text book and put his book in school's book exchange corner. In return, i will collect the recycle book from the book exchange corner and for my son used for next year. This has stop during cov period and i hope the school will consider to put it back. This can allow we all to recycle the book and can benefit the unprivileged family. Awareness has to be communicate to the parent and kids if this book exchange corner has reinstate.",4 weeks ago,2023-12-03 19:15:35.195117+00,Bounsong Benoit (Sji)
646,si-ling,0,ChZDSUhNMG9nS0VJQ0FnSUNseThuWE5REAE,5,2023-12-31 19:15:35.184116+00,https://www.google.com/maps/contrib/111554212441327132433/reviews?hl=en,very good school！Teachers are responsible and helpful！My daughter passed her PSLE with flying colour！！A big thank u to all the teachers effort！！！,a month ago,2023-12-01 19:15:35.255115+00,shuxuan wu
647,si-ling,0,ChdDSUhNMG9nS0VJQ0FnSUNsemZIdnBBRRAB,4,2023-12-31 19:15:35.184116+00,https://www.google.com/maps/contrib/111056349028380930001/reviews?hl=en,I am writing this to express my sincere appreciation for the exceptional educational experience my child has going through. The dedication from teachers are remarkable as not only bring positive impact to child's academic but also personal growth. Congrats for achieving 100% PLSE passing rate!,a month ago,2023-12-01 19:15:35.299115+00,ABK
648,si-ling,0,ChdDSUhNMG9nS0VJQ0FnSUNHM3I3V3RRRRAB,5,2023-12-31 19:15:35.185116+00,https://www.google.com/maps/contrib/110895108639445541455/reviews?hl=en,"I am a Malaysian. My parents brought me to study here. I don’t understand English, but the teacher will arrange for a primary school student who can teach me English. It is a really great school. I have graduated. ❤️❤️❤️❤️❤️❤️",2 years ago,2021-12-31 19:15:35.385116+00,keamgooon wong
649,si-ling,132,ChdDSUhNMG9nS0VJQ0FnSURtLWJPUTh3RRAB,1,2023-12-31 19:15:35.185116+00,https://www.google.com/maps/contrib/115030599581870756800/reviews?hl=en,The security is very professionally rude.,a year ago,2022-12-31 19:15:35.341115+00,Seowwei Yeo
650,si-ling,6,ChdDSUhNMG9nS0VJQ0FnSUQ2NGN2VGtnRRAB,5,2023-12-31 19:15:35.186115+00,https://www.google.com/maps/contrib/115925616203674916943/reviews?hl=en,Wonderful School.Good and Caring Teachers.My children love going to school.,2 years ago,2021-12-31 19:15:35.449116+00,王安強
651,si-ling,0,ChdDSUhNMG9nS0VJQ0FnSUNpaXRiMDJ3RRAB,5,2023-12-31 19:15:35.187115+00,https://www.google.com/maps/contrib/110278712779103973352/reviews?hl=en,"Hi I am a 2020 P6 student in my 6 years of studying in this school I have learnt solidarity, perseverance, innovation, respect, integrity teamwork, and care all of the students are king and loving I don't think there is any school better than this also there is not much stress of hw or anything if your looking for s school this is where you should go and if child falls in  Mr Koh Chin Seng class he is very kind and strict in work submission he is also a discipline master who improves your behaviour very much I hope many children are lucky like me to land in a school like this school",2 years ago,2021-12-31 19:15:35.494115+00,Vishali Natica D/O Prakash
652,st-andrew-junior,35,ChZDSUhNMG9nS0VJQ0FnSURWeDhQSUtnEAE,2,2023-12-31 19:17:18.276445+00,https://www.google.com/maps/contrib/101801466387690965765/reviews?hl=en,Saj student ask eli to kick off out boon keng,a week ago,2023-12-24 19:17:18.288447+00,Kii Kii L and Choo Hour Video L
653,st-andrew-junior,0,ChZDSUhNMG9nS0VJQ0FnSUNsaE5IdkpREAE,5,2023-12-31 19:17:18.277447+00,https://www.google.com/maps/contrib/117889105392143207618/reviews?hl=en,This school is a top quality school literally everything you need is here Good teachers good facilities well mantained feild CCA selection BET,a month ago,2023-12-01 19:17:18.371447+00,Saki
654,st-anthony-canossian,0,ChdDSUhNMG9nS0VJQ0FnSUNwc01PTHF3RRAB,5,2023-12-31 19:17:44.48373+00,https://www.google.com/maps/contrib/107781712593414598830/reviews?hl=en,"As an alumni of this school (I graduated not long ago), I still vividly remember the first day of school even though it was about six to seven years ago. The six years had went by quickly but the smiles and joy experienced here would never be forgotten by me. Graduation was especially memorable, who would have thought that I would have grown up so fast? Though I told myself not to cry, as soon as my friends hugged me, they were inevitable. Those six years had been long and tough, but at that moment, They felt like the shortest six years of my life and I knew coming to this school was definitely the right decision. Thank you to all my teachers for being with me through my six years journey, I love you all and I won’t forget you!",5 months ago,2023-08-03 19:17:44.490733+00,Belle Tan
655,st-anthony-canossian,4,ChdDSUhNMG9nS0VJQ0FnSUQyNWVyVTF3RRAB,5,2023-12-31 19:17:44.484732+00,https://www.google.com/maps/contrib/100472115521586478510/reviews?hl=en,"Love the school’s art gallery, cosy library and garden for the girls. Their classrooms also provide a positive learning environment.  The P1 orientation tour and info talk were very helpful for us to find out more about the school.",a year ago,2022-12-31 19:17:44.55673+00,Lu Fam
656,st-anthony-canossian,0,ChdDSUhNMG9nS0VJQ0FnSUQydGVLY25RRRAB,5,2023-12-31 19:17:44.485732+00,https://www.google.com/maps/contrib/100742140547080879568/reviews?hl=en,"My daughters went to this school and they grew to have a strong catholic foundation. They love the teachers, the activities and the roaming nuns whom they can always approach.",a year ago,2022-12-31 19:17:44.617731+00,Katrina Barzaga
657,st-gabriel,12,ChZDSUhNMG9nS0VJQ0FnSUQwNnFPdE1BEAE,5,2023-12-31 19:18:35.941204+00,https://www.google.com/maps/contrib/116411027557545533399/reviews?hl=en,Finally my son graduate from this school. Good and bad memories! But still it’s a nice experience putting my son in this school.,2 weeks ago,2023-12-17 19:18:35.953205+00,M Nad
658,st-gabriel,14,ChZDSUhNMG9nS0VJQ0FnSUNsazczYlVnEAE,5,2023-12-31 19:18:35.942206+00,https://www.google.com/maps/contrib/116086288387346801303/reviews?hl=en,One of the best primary school with great facilities and activities for the students. It's a really positive environment for study and learning. Also there's a bus stop nearby which goes to nex and a MRT station nearby which is really convenient for travel. Really recomend this school,a month ago,2023-12-01 19:18:36.099205+00,Koah Ho
659,st-gabriel,1,ChZDSUhNMG9nS0VJQ0FnSURWOFlIVkl3EAE,5,2023-12-31 19:18:35.942206+00,https://www.google.com/maps/contrib/102345022047633195406/reviews?hl=en,"I am a student there and I have recently graduated PSLE from this school,I must say, there were many funny moments and times in this school but it is surely one I remember the most! Everyone is friendly in this school and the school canteen food is absolutely delicious! 11/10 would recommend people to come here",2 weeks ago,2023-12-17 19:18:36.016204+00,Lim Gkeow
660,st-gabriel,0,ChZDSUhNMG9nS0VJQ0FnSURGbjdQQVJBEAE,5,2023-12-31 19:18:35.943204+00,https://www.google.com/maps/contrib/113868453425299897081/reviews?hl=en,Good,a month ago,2023-12-01 19:18:36.149214+00,Dawson Goh
661,st-gabriel,0,ChZDSUhNMG9nS0VJQ0FnSURwaWYzMkJ3EAE,5,2023-12-31 19:18:35.944206+00,https://www.google.com/maps/contrib/116928791205969497235/reviews?hl=en,Nice school,4 months ago,2023-09-02 19:18:36.229214+00,Jonas Quek
662,st-gabriel,1,ChdDSUhNMG9nS0VJQ0FnSUQ1d1lUVXlnRRAB,2,2023-12-31 19:18:35.944206+00,https://www.google.com/maps/contrib/106549181679557336718/reviews?hl=en,"As a former alumni of the school, I feel that most of the students and teachers are terrible and it was not worth attending this school. Not to mention that there is rampant bullying in this school. There were a couple of teachers that were really nice and do give their heart for the students, but unfortunately they are the few good ones among the rest. Wouldn't recommend this school.",2 months ago,2023-11-01 19:18:36.194215+00,Its Not Your Fault
663,st-gabriel,0,ChdDSUhNMG9nS0VJQ0FnSURwNlBDTHlBRRAB,5,2023-12-31 19:18:35.945206+00,https://www.google.com/maps/contrib/108179610719215849200/reviews?hl=en,Nice place around. Was visiting for my son mother tongue exam. Walking distance from mrt.,4 months ago,2023-09-02 19:18:36.266214+00,Shahid Mohd
664,st-gabriel,17,ChZDSUhNMG9nS0VJQ0FnSUR4OE8yVVNnEAE,5,2023-12-31 19:18:35.946206+00,https://www.google.com/maps/contrib/110422913275451822128/reviews?hl=en,Wow,7 months ago,2023-06-04 19:18:36.367216+00,Md Ibrahim Khalil
665,st-gabriel,0,ChdDSUhNMG9nS0VJQ0FnSUR4eS1lVF93RRAB,4,2023-12-31 19:18:35.946206+00,https://www.google.com/maps/contrib/114181482700953210120/reviews?hl=en,Execellent school!!! Just that the buses are a bit in flexible and if you come from the Lorong Chuan direction there  is only 1 bus but all in all is great!!!👍👍👍 …,6 months ago,2023-07-04 19:18:36.30821+00,Quoc Anh Hoang
666,st-gabriel,0,ChZDSUhNMG9nS0VJQ0FnSUR4OE0ycEpBEAE,4,2023-12-31 19:18:35.947205+00,https://www.google.com/maps/contrib/115636092337580007879/reviews?hl=en,Nice environment and caring teachers.,7 months ago,2023-06-04 19:18:36.401214+00,Iswandi SK
667,st-hilda,0,ChZDSUhNMG9nS0VJQ0FnSUNWZzh6TFl3EAE,1,2023-12-31 19:19:01.596312+00,https://www.google.com/maps/contrib/107133696193457156869/reviews?hl=en,Bias teachers screw this place,3 weeks ago,2023-12-10 19:19:01.607314+00,Phoebe Bleh
668,st-hilda,66,ChdDSUhNMG9nS0VJQ0FnSURwME1MajJRRRAB,5,2023-12-31 19:19:01.596312+00,https://www.google.com/maps/contrib/105615091983939999175/reviews?hl=en,As an ex-student I feel that SHPS is a very good school with kind teachers and helpful friends,4 months ago,2023-09-02 19:19:01.649312+00,John Kwok
669,st-hilda,3,ChdDSUhNMG9nS0VJQ0FnSUNSbHRxczd3RRAB,5,2023-12-31 19:19:01.597314+00,https://www.google.com/maps/contrib/114952344565240757723/reviews?hl=en,best teachers EVER just beware of the boy's toilet on the second floor,8 months ago,2023-05-05 19:19:01.702313+00,jorim
670,st-hilda,2,ChdDSUhNMG9nS0VJQ0FnSURoN3NlMDZnRRAB,5,2023-12-31 19:19:01.598312+00,https://www.google.com/maps/contrib/110940846668728765730/reviews?hl=en,i like school,9 months ago,2023-04-05 19:19:01.765606+00,Jared Lee
671,st-stephen,2,ChZDSUhNMG9nS0VJQ0FnSUQ1dXEzMVNREAE,5,2023-12-31 19:20:54.852986+00,https://www.google.com/maps/contrib/114930665930548699554/reviews?hl=en,"Good school, the teachers are hardworking and dedicated.",2 months ago,2023-11-01 19:20:54.863988+00,Shep Yesan
672,st-stephen,0,ChdDSUhNMG9nS0VJQ0FnSUQ1c0p6Y3N3RRAB,5,2023-12-31 19:20:54.852986+00,https://www.google.com/maps/contrib/101820697313134078602/reviews?hl=en,"Educational institution with a distinguished heritage. A great school dedicated to cultivating discipline, kindness, and leadership. Shaping boys into future officers, scholars, and gentlemen.",2 months ago,2023-11-01 19:20:54.947282+00,Shaun San
673,st-stephen,50,ChZDSUhNMG9nS0VJQ0FnSURaNHBXM0NnEAE,5,2023-12-31 19:20:54.853988+00,https://www.google.com/maps/contrib/113819620937923156703/reviews?hl=en,Good school..why? Great teachers!,3 months ago,2023-10-02 19:20:55.030364+00,Jemme Teo
674,st-stephen,11,ChZDSUhNMG9nS0VJQ0FnSUNaOWQzaEhBEAE,4,2023-12-31 19:20:54.854986+00,https://www.google.com/maps/contrib/106698295442216438830/reviews?hl=en,Good,3 months ago,2023-10-02 19:20:55.089372+00,RANJITH M “சோழ தேசம்”
675,st-stephen,0,ChdDSUhNMG9nS0VJQ0FnSUNadGJqTG53RRAB,2,2023-12-31 19:20:54.854986+00,https://www.google.com/maps/contrib/117433248671887474157/reviews?hl=en,I would like for recesses around 30 minutes not 5 to 20 minute recess,3 months ago,2023-10-02 19:20:55.186365+00,Toh Wei Xiang Avan (Ststephensch)
676,st-stephen,0,ChZDSUhNMG9nS0VJQ0FnSUNwZ3RMaVNnEAE,3,2023-12-31 19:20:54.855986+00,https://www.google.com/maps/contrib/108965349315049543336/reviews?hl=en,I am in this school,5 months ago,2023-08-03 19:20:55.249364+00,CC Home
677,stamford,2,ChdDSUhNMG9nS0VJQ0FnSURKMU1MVndnRRAB,5,2023-12-31 19:21:20.975366+00,https://www.google.com/maps/contrib/100018725849594301839/reviews?hl=en,Such a good sch filled with lots of great memories,5 months ago,2023-08-03 19:21:20.986368+00,Cano
678,tampines-north,0,ChZDSUhNMG9nS0VJQ0FnSUMxMXVIMFV3EAE,5,2023-12-31 19:21:46.681335+00,https://www.google.com/maps/contrib/100554018365528712191/reviews?hl=en,Only thing idl is that they cannot fix the toulet and tiles tehre but is mty school so 5 star forusre,2 days ago,2023-12-29 19:21:46.692399+00,Janson Chua
679,tampines-north,0,ChdDSUhNMG9nS0VJQ0FnSUMxMXFHYTlRRRAB,5,2023-12-31 19:21:46.681335+00,https://www.google.com/maps/contrib/106425531128328688775/reviews?hl=en,i love it,2 days ago,2023-12-29 19:21:46.727396+00,assaasasd asdasdadsasdd
680,tampines,0,ChZDSUhNMG9nS0VJQ0FnSUMxek5uZktnEAE,4,2023-12-31 19:22:12.01736+00,https://www.google.com/maps/contrib/110385771741669494261/reviews?hl=en,"saw the current principal while on a trip to the clinic, super nice lady! On another note, the fact that they had those toilet paper roll containers inside the stalls but no toilet paper is kind of sad. The teachers are cool, one caught me using my phone in school and let me off. Pretty good facilities, but they should fix the digital clock screens. The new eco garden is nice, the fact that the amphitheater is right beside it is great too, love how they host events there.",a week ago,2023-12-24 19:22:12.02836+00,kylie maggots
681,tampines,0,ChZDSUhNMG9nS0VJQ0FnSURaaEp2c0NnEAE,3,2023-12-31 19:22:12.018362+00,https://www.google.com/maps/contrib/116841388419806780935/reviews?hl=en,It was aight. Teachers were cool except for some. But never ever fire the uncle and aunty at the drink stall. They the real Gs.,3 months ago,2023-10-02 19:22:12.10436+00,Aiman Ismail (Temasekss)
682,tanjong-katong,1,ChZDSUhNMG9nS0VJQ0FnSUNsemFmeldREAE,5,2023-12-31 19:22:37.501599+00,https://www.google.com/maps/contrib/112547617409225539595/reviews?hl=en,"It's been a long time since I graduated from school here. Principal, I have so much respect for all my teachers. I attended St. Joseph Middle School and graduated from Raffles. He is currently attending university in another country. I would like to once again give this opportunity to the teachers who helped my child while he was studying in Singapore. Thank you My son is Kim Do-gyeom.",a month ago,2023-12-01 19:22:37.512601+00,우미숙
683,teck-ghee,0,ChdDSUhNMG9nS0VJQ0FnSUM1NlBpMnNRRRAB,5,2023-12-31 19:23:27.837215+00,https://www.google.com/maps/contrib/103660718715176576565/reviews?hl=en,"Very good school , good teacher my son happy to go school everyday",2 months ago,2023-11-01 19:23:27.848217+00,Ittiz Lovemamii
684,teck-whye,0,ChdDSUhNMG9nS0VJQ0FnSUNWenFHSnNnRRAB,4,2023-12-31 19:23:53.578861+00,https://www.google.com/maps/contrib/113823739844864545323/reviews?hl=en,I love it but my ss teacher scolded me just for having a tiktok account at P3. I cried in the classroom throwing my stuff on the floor. I can have a tiktok account because my mother lets me have a tiktok account. Another I dont like is THE KIDS. Some of them bully me for fun. A kid came up to me and showed the middle finger and said “This is your food!” Like what. But I still love the school!:),3 weeks ago,2023-12-10 19:23:53.590863+00,Nur Layla
685,telok-kurau,0,ChdDSUhNMG9nS0VJQ0FnSUMxbE5xZXFRRRAB,1,2023-12-31 19:24:19.859336+00,https://www.google.com/maps/contrib/100213578777307250527/reviews?hl=en,worst school,a week ago,2023-12-24 19:24:19.871337+00,balulg
686,temasek,0,ChdDSUhNMG9nS0VJQ0FnSUNsLWNlbThnRRAB,4,2023-12-31 19:24:45.520301+00,https://www.google.com/maps/contrib/105187550609318471716/reviews?hl=en,"TPS has good staff by and large. Our son just completed P6.  Right from Mdm Has, Mrs Ho, Mr Goh(maths), Ms Soon(science), Mdm Low(chinese) to the vast majority are thoroughly professionally and exhibit palpable intent to uplift children.However, an unrepentant English teacher was largely demotivating and repetitively negative towards the students - the leadership knows and hope they address this.  We chose this school because of their track record of partnership with parent groups, parents, etc. And they definitely kept their reputation in this regard.  Thank you.TPS team and leadership.",a month ago,2023-12-01 19:24:45.532303+00,Jason Donovah
687,temasek,49,ChdDSUhNMG9nS0VJQ0FnSUNsMmNiQzVnRRAB,5,2023-12-31 19:24:45.521303+00,https://www.google.com/maps/contrib/113267163889759226736/reviews?hl=en,Collecting PSLE results with my boy.,a month ago,2023-12-01 19:24:45.590302+00,Bryant Poh
688,townsville,0,ChZDSUhNMG9nS0VJQ0FnSUMxM3YtREx3EAE,4,2023-12-31 19:25:10.846051+00,https://www.google.com/maps/contrib/103696208407493185305/reviews?hl=en,"okay school. teachers are alright, students sometimes are noisy stall number 1 auntie sometimes rude for no reason",18 hours ago,2023-12-31 01:25:10.858053+00,ツVaz
689,townsville,13,ChdDSUhNMG9nS0VJQ0FnSUMxZ0l2U2tBRRAB,2,2023-12-31 19:25:10.847053+00,https://www.google.com/maps/contrib/117627402674827134377/reviews?hl=en,"It’s a nice school but the people there are very very rude and toxic, I’m in p6 and the cohort just throws out swear words every time",a week ago,2023-12-24 19:25:10.901051+00,Charleen Chua
690,unity,0,ChdDSUhNMG9nS0VJQ0FnSUNWNHFfWmp3RRAB,5,2023-12-31 19:25:36.435936+00,https://www.google.com/maps/contrib/104975928284386602825/reviews?hl=en,It is a really good place for me to gain really fun experience Tru activities.. And the teachers are all very kind in terms of assisting me.. I really love the sch,3 weeks ago,2023-12-10 19:25:36.446937+00,KeQing
691,waterway,0,ChdDSUhNMG9nS0VJQ0FnSUMxNnZEU3hBRRAB,5,2023-12-31 19:26:02.191916+00,https://www.google.com/maps/contrib/116592228679599673801/reviews?hl=en,"I was A waterway student 2022 P6 , I really love this school a lot The teachers are great students are nice and polite recommend you to come to this school. ~Jogen P6D 2022",3 days ago,2023-12-28 19:26:02.197918+00,Jogen
692,waterway,0,ChZDSUhNMG9nS0VJQ0FnSUMxakxXWFFnEAE,4,2023-12-31 19:26:02.192917+00,https://www.google.com/maps/contrib/107613484747893155062/reviews?hl=en,"I was a student here and I had witnessed some of the incidents that have been said by the past reviewers. I think that this school gave me a good education and I am really proud to be a student in it. I am a prefect in this school and I remember when I just started people were not listening to me when I told them not to run at the wet areas. Unsurprisingly he fell and hurt his knee. I think that students from waterway really need to know how to listen to people. My year head/English teacher/co-form teacher,Mr Wong had reprimanded the students a lot but some people just ignored what he said. I think that this is is very Good bud the bad thing about it is the behavior of the student -Marvel (6A) 2023",a week ago,2023-12-24 19:26:02.274917+00,Marvel Andy
693,waterway,0,ChdDSUhNMG9nS0VJQ0FnSUMxNU11N3BRRRAB,5,2023-12-31 19:26:02.192917+00,https://www.google.com/maps/contrib/113541424129460559221/reviews?hl=en,"This school is the best , even though I sometimes I don't like it , but it is the best , ppl saying that this school is bad , but WATERWAY NEVER GIVE UP ily so much waterway Primary School they are my family and they always treated me well , hope that it will have a sec school, wish u all the best seniors and juniors 😭😝🗣️‼️🫶🏻 waterway pride ‼️🫶🏻",a week ago,2023-12-24 19:26:02.341926+00,Princeton Chua
694,waterway,0,ChZDSUhNMG9nS0VJQ0FnSUMxb016c1BnEAE,1,2023-12-31 19:26:02.193918+00,https://www.google.com/maps/contrib/100083619344446252824/reviews?hl=en,"to be fair, this school is good. However, when it comes it information giving, this school is absolutely terrible at it. Why are they giving us false information about secondary schools when they knoe that it is a big checkpoint in our lives? they give us a website that was based on last year’s AL rather than this year! How are we suppose to know what requirements you have to meet? With this false information the school gave me, it led me to wasting my first 5 choices(schools i really want to go) . This is really unexceptable. come on waterway.💀💀",a week ago,2023-12-24 19:26:02.389926+00,gameaccount
695,wellington,7,ChdDSUhNMG9nS0VJQ0FnSUMxaU5xV3NRRRAB,1,2023-12-31 19:26:28.153729+00,https://www.google.com/maps/contrib/109297606527900899614/reviews?hl=en,"if you hate you’re kids, enroll them here",a week ago,2023-12-24 19:26:28.165729+00,urmathercb -
696,wellington,0,ChdDSUhNMG9nS0VJQ0FnSUNaNmFteDJnRRAB,5,2023-12-31 19:26:28.153729+00,https://www.google.com/maps/contrib/110464088791251336197/reviews?hl=en,"Graduating as a 2023 cohort student, the school is honestly a great place. The mother tongue teachers are very determined and prepared. But of course there are defects to the place and so. The principal banned the strawberry and chocolate milk drinks so the variety has decreased. You might see one to three students secretly vaping, but the school has suspended them. However they usually vape even after getting punished. There's no half days except for teachers day and mostly it just consist of you sitting on the floor at the school hall watching cringy performances. The CCAS are great, unless you have a terrible student instructor. But overall, this school is a great school. I give my praise to Ms.Anna, she is a very determined and caring teacher.",a month ago,2023-12-01 19:26:28.197917+00,『Lucifer』
697,wellington,0,ChdDSUhNMG9nS0VJQ0FnSUQ1cWVYZDVBRRAB,5,2023-12-31 19:26:28.15473+00,https://www.google.com/maps/contrib/113175471017789760171/reviews?hl=en,Good school.,2 months ago,2023-11-01 19:26:28.261932+00,chin ying loong
698,west-grove,0,ChZDSUhNMG9nS0VJQ0FnSUMxbHNpdmRBEAE,2,2023-12-31 19:26:53.759272+00,https://www.google.com/maps/contrib/111221735557106739577/reviews?hl=en,"+ helpful and responsive office staff  - poor management of carpark. I understand staff and teachers now pay for season parking but there's no reason not to allow parents to park inside while purchasing books and uniforms during the holidays when the lots are empty and teachers are all away. Also, lot markings are white. And some buses can park overnight inside?  - my child had only one year (that's P1) I felt that she had very responsible teachers who wanted her to do better and tried to push her to higher grounds. Subsequent years I even have worksheets not marked for two units right before SA2.",2 days ago,2023-12-29 19:26:53.771272+00,R L
699,west-grove,16,ChZDSUhNMG9nS0VJQ0FnSUMxLVBYTlp3EAE,5,2023-12-31 19:26:53.760273+00,https://www.google.com/maps/contrib/105261166984477636246/reviews?hl=en,"graduated in 2021. after i graduated, the school's facilities improved alot. teachers/staff members here are incredibly supportive and kind towards students. however the canteen can have more food choices and the toilets can be cleaned a little more la cuz abit smelly lol. other than that, this neighbourhood school is highly recommended:)",a week ago,2023-12-24 19:26:53.807272+00,angel
700,west-grove,0,ChZDSUhNMG9nS0VJQ0FnSUNGcFpDSFN3EAE,1,2023-12-31 19:26:53.761274+00,https://www.google.com/maps/contrib/114365043068324646422/reviews?hl=en,very boring. The food choices in the canteen are very limited. and the toilets are damm smelly should do something about it. The uniforms are also very hot might get heatstroke.,2 months ago,2023-11-01 19:26:53.912272+00,Ea Ruo Qi
701,west-grove,0,ChdDSUhNMG9nS0VJQ0FnSUNsaDl1Y25RRRAB,5,2023-12-31 19:26:53.761274+00,https://www.google.com/maps/contrib/105165140753864557119/reviews?hl=en,If u ask me right I would say that there is nothing wrong about this school it's just that the teachers are vry nice esp Mdm Lin but I have nothing to say about Mr spoon I'm going back next yr,a month ago,2023-12-01 19:26:53.871273+00,Angelina Au
702,west-grove,0,ChZDSUhNMG9nS0VJQ0FnSURaN0tuTVFREAE,1,2023-12-31 19:26:53.762272+00,https://www.google.com/maps/contrib/111925801550371032484/reviews?hl=en,From what i see in the reviews the kids are kinda cringe,3 months ago,2023-10-02 19:26:53.987273+00,me me
703,west-grove,0,ChdDSUhNMG9nS0VJQ0FnSUM1c2Z1eDZnRRAB,1,2023-12-31 19:26:53.762272+00,https://www.google.com/maps/contrib/103224596734611715327/reviews?hl=en,#Stupid teachers,2 months ago,2023-11-01 19:26:53.957272+00,Tung Hao Xuan
704,west-grove,10,ChZDSUhNMG9nS0VJQ0FnSUNabnBxN0p3EAE,5,2023-12-31 19:26:53.763272+00,https://www.google.com/maps/contrib/110053585223778823604/reviews?hl=en,I not I at Xingnan Primary School,3 months ago,2023-10-02 19:26:54.016278+00,Vitha Mani
705,west-spring,1,ChdDSUhNMG9nS0VJQ0FnSURsal96Z25RRRAB,5,2023-12-31 19:27:19.624484+00,https://www.google.com/maps/contrib/113128411709999272423/reviews?hl=en,♡,3 weeks ago,2023-12-10 19:27:19.635488+00,veann chan
706,west-view,1,ChZDSUhNMG9nS0VJQ0FnSUNobHVtSU5REAE,5,2023-12-31 19:27:45.277919+00,https://www.google.com/maps/contrib/106200628994074148442/reviews?hl=en,best school ever. the teachers there are very kind and caring. will miss this school.,a month ago,2023-12-01 19:27:45.288921+00,heng jing wen
707,west-view,0,ChZDSUhNMG9nS0VJQ0FnSUNGdWZIOFFnEAE,4,2023-12-31 19:27:45.278921+00,https://www.google.com/maps/contrib/110911078555556395850/reviews?hl=en,The teachers here are amazing,2 months ago,2023-11-01 19:27:45.333919+00,Josef Tan
708,woodgrove,0,ChdDSUhNMG9nS0VJQ0FnSUNsX2Q2RW1RRRAB,1,2023-12-31 19:29:02.25823+00,https://www.google.com/maps/contrib/108505366246269973817/reviews?hl=en,"Most of the teachers are biased, the students keep talking about skibidi toilet 24/7, most of the girls are kpop stans (which are too many and kept bothering me) and it’s an alright school for people who are not brainwashed or influenced badly.",a month ago,2023-12-01 19:29:02.271232+00,jake paul
709,woodgrove,0,ChdDSUhNMG9nS0VJQ0FnSUNwdFplMjVnRRAB,5,2023-12-31 19:29:02.259232+00,https://www.google.com/maps/contrib/100128973730523857528/reviews?hl=en,"Wonderful school. Caring and passionate teachers. The school plans fun events for the students that other schools don't have, like the Learning Festival and the Level Mascots. 👍👍👍 …",a month ago,2023-12-01 19:29:02.371241+00,Jenny Lee
710,woodgrove,15,ChZDSUhNMG9nS0VJQ0FnSUN4ck8zWUlREAE,1,2023-12-31 19:29:02.260231+00,https://www.google.com/maps/contrib/104483751038769802769/reviews?hl=en,"I am speaking from personal experience about this school, I will try to keep things short.  I graduated here 4 years ago and all I have to say about this school is: The teachers are biased as hell there, don't get me wrong, there are some teachers in the school that are genuinely nice people but it's just a large majority of them that are heavily biased, they don't even give good learning advice there and won't even extend a helping hand to students who perform poorly, there was one instance where my math teacher scolded me in front of my whole class for failing an exam, I was so embarrassed I wanted to cry on the spot.  There's barely any action done to bullying, the most they will do is just either tell the bully to stop or will just tell you to ignore them.  All my academic achievements are from my secondary school that actually has teaching staff who will try to extend a helping hand to those who aren't doing to well and also try taking serious action against bullying.  Edit: almost forgot to mention about the time back then when a student stole a keychain from me and when I tried to report it to the general office they just told me to tell a teacher instead.. like come on lah, at least contact the discipline master/mistress to help me out..",3 months ago,2023-10-02 19:29:02.523231+00,just a normal bird
711,woodgrove,2,ChZDSUhNMG9nS0VJQ0FnSURBeGJmZ2V3EAE,3,2023-12-31 19:29:02.260231+00,https://www.google.com/maps/contrib/112452444355955943014/reviews?hl=en,Well. It's ok.,3 months ago,2023-10-02 19:29:02.446233+00,Rashaad Khan (K. B.)
712,woodgrove,2,ChdDSUhNMG9nS0VJQ0FnSUNabDZ6bG1BRRAB,3,2023-12-31 19:29:02.261231+00,https://www.google.com/maps/contrib/111651814915207857799/reviews?hl=en,Not a bad school to got to. :),3 months ago,2023-10-02 19:29:02.58723+00,Agga Phyo
713,woodgrove,0,ChdDSUhNMG9nS0VJQ0FnSUN4bzZPUDZRRRAB,2,2023-12-31 19:29:02.26223+00,https://www.google.com/maps/contrib/111275539861861374729/reviews?hl=en,"As a ex student of this school, the teachers are so bias and only care for smart students. Every year during awards and recognition day they always reward the smart people it's to a point we don't even have the guess who got the awards and yet still say they recognise every students effort and offer other awards other then having good results. Most students that receive the award does indeed has good results but actually very bad personality. Students who doesn't do that well or average students does not get any recognition for their efforts at all. Only a few teachers are actually good and supportive which made me improve. Not to mention when students are being bullied or having personal issues the teachers doesn't really help they just brush it off. No action is taken for students inappropriate acts like bringing sharp objects to school or cheating in exam most of the time. If students were caught cheating on spot the teachers would punish them but when another student report it the teachers would just tell them maybe is just a misunderstanding etc and again no action is taken for further investigation. Overall this school is very disappointing and most students are happy to graduate and get out of the school.",4 months ago,2023-09-02 19:29:02.63723+00,not confused (confused-_-)
714,woodlands,1,ChdDSUhNMG9nS0VJQ0FnSUQ1OUpmLTZnRRAB,4,2023-12-31 19:29:28.246819+00,https://www.google.com/maps/contrib/100480200834673211897/reviews?hl=en,"The teachers in wdp are very nice and caring. They will check in on you even if they don't teach you anymore. Alot of events that we can come back and help out as alumni. Overall I love wdp, the teachers, the environment, the juniors there also.❤️❤️",2 months ago,2023-11-01 19:29:28.258823+00,Yeong Jia Hui Jolene (Ccss)
715,woodlands,0,ChdDSUhNMG9nS0VJQ0FnSUM1N2RMZnR3RRAB,1,2023-12-31 19:29:28.247823+00,https://www.google.com/maps/contrib/103131225158285620218/reviews?hl=en,Some of your teachers have awesome teaching skills. I love your art teachers so much i could sleep in their classes can someone teach me how i can give 0 stars?,2 months ago,2023-11-01 19:29:28.316822+00,Art is an explosion
716,xinghua,0,ChdDSUhNMG9nS0VJQ0FnSUMxNE5Ud3VnRRAB,4,2023-12-31 19:30:20.452108+00,https://www.google.com/maps/contrib/102034935788705839064/reviews?hl=en,"Xinghua is a very nice school! All the teachers give their best and it helps me learn better. Although some teachers are a bit, eh, the rest are very kind, helpful and fun. The students are quite friendly and can be chaotic and loud, but very funny and fun. I have learnt so much from this school and hope to see others learn the best. There may be students who are bad here and there who also need to be taught manners but overall,it been wonderful. Thank you Xinghua for the best experience 🩷",a week ago,2023-12-24 19:30:20.465109+00,Wolf Girl
717,xinghua,0,ChZDSUhNMG9nS0VJQ0FnSUNsaHYyeE1BEAE,5,2023-12-31 19:30:20.453109+00,https://www.google.com/maps/contrib/109899986765198855146/reviews?hl=en,So good 👍 …,a month ago,2023-12-01 19:30:20.594286+00,Dana Cheung
718,xinghua,0,ChdDSUhNMG9nS0VJQ0FnSURWMzV1ZWxBRRAB,5,2023-12-31 19:30:20.453109+00,https://www.google.com/maps/contrib/100056136531196003585/reviews?hl=en,The teachers are good,a week ago,2023-12-24 19:30:20.540277+00,Sanjit Singh
719,xinghua,2,ChZDSUhNMG9nS0VJQ0FnSUNoMlpIRUlnEAE,1,2023-12-31 19:30:20.454108+00,https://www.google.com/maps/contrib/100324705613862134412/reviews?hl=en,"My boy just turn P1 this year. Today just got the chance to meet Principal Mr Chew when I asked for Zero Food Waste program. He's a nice and helpful gentlemen. Office staff like Mdm Wan, Mdm Seri & Mrs Aw Yong are nice too. Teachers are nice as well. Only one ""financial staff"" name of Mdm Hariani isn't that fantastic. She always shown me black face when I ask her questions(if I can I won't ask her as form teacher always ask me to ask office staff) I don't know why she do that to me or she did this to everyone, I'm not sure! But what I want to said is. As a mum that need help by school, especially a brand new school, isn't a SIN!!! Hope my boy primary school journey will goes smooth!!!  Edit: On 23/02/2023, class of 1R1 music teacher name of Mdm Wee is indeed a DEMON!!! She heck care my child when he voice out CLEARLY that he is unwell on 21/02/2023 during music lesson having heavy head + wanted to throw out!!! She didn't even inform the general office or me about it until I fetch him from school & first look I knew something is not right as my boy is active kind. FYI my boy is having high fever & until now none of the heads of the school call me at all regarding this issue neither do the teacher apologise to me!!! If you're not meant to be a teacher pls don't be one & make others kid suffer in school. This is a serious issue as high fever of 39.5 can cause brain damage!!! Pls have a brain before you be a teacher. Damn it!!!!!!",a month ago,2023-12-01 19:30:20.64329+00,Ivy Pang
720,xinghua,2,ChdDSUhNMG9nS0VJQ0FnSUNGZy0yRTNRRRAB,1,2023-12-31 19:30:20.45511+00,https://www.google.com/maps/contrib/107763179933952137931/reviews?hl=en,"there’s this male kid in yellow Pe shirt, blue school bag and blue shorts, look into photos to see the picture of the kid. while I was walking the pedestrian crossing to go for my N levels proceeded to yell the “N word” at my face before walking off with his group of friends, I wonder how the students are being taught and their social circle? This kid seems to be at least 7-8 years old, the group of kids were with a singular teacher yet there were so many students sprawled everywhere with no vigilance with the students at the back… safety and manners???",a month ago,2023-12-01 19:30:20.685286+00,Delhesion
721,xinghua,0,ChdDSUhNMG9nS0VJQ0FnSUNKa0pHdXV3RRAB,5,2023-12-31 19:30:20.45611+00,https://www.google.com/maps/contrib/107140366845130142354/reviews?hl=en,"ABSOLUTELY LOVED THIS SCHOOL !! The teachers are so kind and show affection and care for Xinghuarians mental being. When I was in Xinghua, there was this programme called ""Hope United"" and it was for Xinghuarians who have counciling or some problems anything like that of the sort.. It was first introduced just last year when my friends and I were Primary 6. Teachers gathered together to plan this and even the Principal! Hope United teaches a lot of things and let the kids have fun and use their creativity and let them release their emotions. My personal favourite was the drums as you could hit the drums as hard as you want without it getting broken or anything. The drumming teacher was real nice and fun. He even helped us find a way through passing fake apples non-stop round and round to each other and if one drops, just leave it. He told us it meant to let go of our problems. The teaching in Xinghua is excellent. The Xinghuarian teachers make us feel at home and at peace. They make teaching fun as well. Even with all sorts of fun, the teachers never forget the importance of education. Most of the teachers even, like to tell storytimes to the Xinghuarians. Not just any story but they always stick to the topic and have a life learning lesson quote at the end as Xinghuarians listen attentively with all eyes at the teacher and all ears. Class being so quiet to hear the story. The story is usually short so no worries to get back on lesson on time. Xinghua strives forward with every step into the school, everyday. :))",6 months ago,2023-07-04 19:30:20.778286+00,Catherine Fernandez
722,xinghua,0,ChdDSUhNMG9nS0VJQ0FnSURwbHVmeDJBRRAB,4,2023-12-31 19:30:20.45611+00,https://www.google.com/maps/contrib/106230366976072580167/reviews?hl=en,Not bad,4 months ago,2023-09-02 19:30:20.729287+00,Venom
723,xinghua,0,ChZDSUhNMG9nS0VJQ0FnSUNSaHAyalpREAE,5,2023-12-31 19:30:20.457109+00,https://www.google.com/maps/contrib/112698065092214316814/reviews?hl=en,A great school,8 months ago,2023-05-05 19:30:20.821287+00,Tan Seow Kwang
724,xinghua,0,ChRDSUhNMG9nS0VJQ0FnSURCX1BoVxAB,5,2023-12-31 19:30:20.458111+00,https://www.google.com/maps/contrib/104481389225931814307/reviews?hl=en,Wonderful school and teachers. Highly recommended if you are looking for a school for your to-be Primary One child!,11 months ago,2023-02-04 19:30:20.873286+00,Low Xinyi
725,xinghua,89,ChZDSUhNMG9nS0VJQ0FnSUQtcWZ5aFNREAE,1,2023-12-31 19:30:20.458111+00,https://www.google.com/maps/contrib/113967637154360996081/reviews?hl=en,"Worst badminton court ever.  Extremely dusty and hence SLIPPERY, as if nobody cleans the place.  There must have been many injuries here.  It is a HAZARD and should be rectified ASAP.  Toilets are dirty.  There is draft affecting badminton game.",a year ago,2022-12-31 19:30:20.928277+00,Aaron Yi Rui Low
726,xingnan,10,ChdDSUhNMG9nS0VJQ0FnSURGNTk3SW13RRAB,5,2023-12-31 19:30:46.536802+00,https://www.google.com/maps/contrib/110053585223778823604/reviews?hl=en,I like to come to school,a month ago,2023-12-01 19:30:46.547804+00,Vitha Mani
727,xinmin,0,ChZDSUhNMG9nS0VJQ0FnSUM1amZqQ1NREAE,5,2023-12-31 19:31:12.427865+00,https://www.google.com/maps/contrib/102526415972780610661/reviews?hl=en,Great school,2 months ago,2023-11-01 19:31:12.490865+00,Freda Chiow
728,xinmin,0,ChZDSUhNMG9nS0VJQ0FnSURGajRYVmNBEAE,1,2023-12-31 19:31:12.427865+00,https://www.google.com/maps/contrib/101100311813553706659/reviews?hl=en,Don't allow kids to bring their phone. What if something happens to them otw home?? Do you expect the kids to U-turn back to the school and call the parents to let them know?? Let the kids bring their phone. Just take their phone at the start of the day and let them have it when their going home,a month ago,2023-12-01 19:31:12.438865+00,Eva Ng
729,xishan,0,ChdDSUhNMG9nS0VJQ0FnSURWcTdqWjR3RRAB,4,2023-12-31 19:31:37.848231+00,https://www.google.com/maps/contrib/101369657343940103303/reviews?hl=en,The parking kinda small and most of the parking lot it's reserved from staff members in the school,2 weeks ago,2023-12-17 19:31:37.860232+00,Tan
730,yangzheng,0,ChdDSUhNMG9nS0VJQ0FnSUNWOHFDMjl3RRAB,3,2023-12-31 19:32:03.175729+00,https://www.google.com/maps/contrib/104603353512260369622/reviews?hl=en,"This school has a lot of great teachers and many nice students, and facilities are decent, hence the 3 stars. However, the upper primary students are quite naughty. Some can’t keep any secrets. One star gone. To add on, many dirty minded people. One more star gone. Other than that, this school is great.",3 weeks ago,2023-12-10 19:32:03.187731+00,Naomi Miyase (Neko_chan)
731,yangzheng,1,ChZDSUhNMG9nS0VJQ0FnSUM1bl9hbGZREAE,1,2023-12-31 19:32:03.176731+00,https://www.google.com/maps/contrib/112402321249535615119/reviews?hl=en,GARBAGEEGUSWGISCW RU T YF TJEFETUEVEGJERBREIEGG G RIIRURHRG Ugh so unslay :(,2 months ago,2023-11-01 19:32:03.266731+00,AynLav YT
732,yangzheng,0,ChdDSUhNMG9nS0VJQ0FnSUNGaTc2b25BRRAB,1,2023-12-31 19:32:03.176731+00,https://www.google.com/maps/contrib/103265341008015932275/reviews?hl=en,the students there are so rude and daring especially primary 5s or 6s there was one p6 kid screaming at my ear when I was calling my friend beside the 7-11 near yangzheng primary. they even tried to pour buckets of water on my friend,a month ago,2023-12-01 19:32:03.22773+00,Soup lol
733,yangzheng,0,ChZDSUhNMG9nS0VJQ0FnSURacGVHcFdBEAE,1,2023-12-31 19:32:03.17773+00,https://www.google.com/maps/contrib/104223703394661649563/reviews?hl=en,"As a p6 student here in 2023, this school is truly horrible.Firstly, every Monday they make u sit in a hall for about 45minutes.The small hall is very cramped and stuffy.Not only that, the ventilation system makes me feel nauseous, and make me sweat a ton.Secondly, majority of teaches here are extremely biased to girls.I would not recommend this school.There are better schools nearby.",2 months ago,2023-11-01 19:32:03.322734+00,Xavier Chua
734,yew-tee,0,ChdDSUhNMG9nS0VJQ0FnSURWbTVhaDJnRRAB,1,2023-12-31 19:32:28.671716+00,https://www.google.com/maps/contrib/102021193899325587296/reviews?hl=en,Very unhygienic toilet. Please do something for the pupils.,2 weeks ago,2023-12-17 19:32:28.684717+00,LJ LJ
735,yew-tee,0,ChdDSUhNMG9nS0VJQ0FnSUNWMzZuVXd3RRAB,2,2023-12-31 19:32:28.672717+00,https://www.google.com/maps/contrib/101619353140792223251/reviews?hl=en,"Most of the teachers there a quite biased. And they don’t take bullying seriously.  One of my teachers used to traumatise me in Primary 1, like throwing my assignments on the floor, or dumping all my stuff out of my bag into the floor and make me pick it up in-front of my classmates.  Toilets are really unhygienic and dirty.  Studies is fine, teachers like to target unfocused students and embarrass them.  Multiple embarrassing moments there, mostly because of my teachers. They really should learn respect too instead of just the students.",3 weeks ago,2023-12-10 19:32:28.726463+00,Sandy Ng
736,yio-chu-kang,0,ChZDSUhNMG9nS0VJQ0FnSUQ1cWZlak5nEAE,1,2023-12-31 19:32:54.01399+00,https://www.google.com/maps/contrib/115159741911216069209/reviews?hl=en,PE teacher Mr Tan kicked a P2 girl's water bottle at level 1 out of anger,2 months ago,2023-11-01 19:32:54.02599+00,P H
737,yio-chu-kang,0,ChRDSUhNMG9nS0VJQ0FnSUM1a01FeBAB,5,2023-12-31 19:32:54.014991+00,https://www.google.com/maps/contrib/103842144601780396845/reviews?hl=en,"I loved this school, so sad I had to change schools because I moved houses, I missed all my friends there though I didn't have much friends but it was ok since I had my teachers encourage me.  I was disappointed when I found out I was going to be a prefect but had to change schools.  My teachers were encouraging so I hope this school continues the great values and treatment to the student just like how they did with me!",2 months ago,2023-11-01 19:32:54.06599+00,• sOpHie •
738,yu-neng,0,ChZDSUhNMG9nS0VJQ0FnSUNabDZUUUVnEAE,5,2023-12-31 19:33:45.65102+00,https://www.google.com/maps/contrib/110447088978309727015/reviews?hl=en,Yu neng were my childhood school As simple as that,3 months ago,2023-10-02 19:33:45.663021+00,Edwin JL
739,yu-neng,0,ChZDSUhNMG9nS0VJQ0FnSUNaLWM2RVVREAE,2,2023-12-31 19:33:45.652021+00,https://www.google.com/maps/contrib/109216830783270660819/reviews?hl=en,"Teachers so scary bro esp that one malay math cher whom i forgot name, graduated 2years ago and got sm trauma experience there. People literally get bullied and they do nothing. Stupid.",3 months ago,2023-10-02 19:33:45.72802+00,anna tan
740,yu-neng,27,ChZDSUhNMG9nS0VJQ0FnSUNobDZIZFZREAE,1,2023-12-31 19:33:45.652021+00,https://www.google.com/maps/contrib/107771912072372927461/reviews?hl=en,"The school is so lousy The teachers are so strict and rude no great activities plan  And than when the school came back at the night, the make sooooooo much noise !! How can a night shift person rest?  Their food is so bad I don't want to give 1 star. I almost puke out the food!!!!!!! They don't know how to make egg fried rice.  Another time the vice principal was shouting at a elderly woman!!!!! they were chasing the elderly woman out!!!  there is traffic jam there also and no buses take us there . This so inconvienience  The waiter is so rude!!!! Eat there if you want to get scolded  I woulden't want to let my son go to this school  Accroding to google review, Bedok green primary school is probaly the best.",10 months ago,2023-03-06 19:33:45.795021+00,Xu Mingjie (Bsss)
741,yuhua,0,ChdDSUhNMG9nS0VJQ0FnSUNabVpEQTVRRRAB,5,2023-12-31 19:34:11.337362+00,https://www.google.com/maps/contrib/107629095535625540377/reviews?hl=en,"Great school, good experiences",3 months ago,2023-10-02 19:34:11.351364+00,Lsm
742,yuhua,0,ChZDSUhNMG9nS0VJQ0FnSUNKbUxmbUl3EAE,2,2023-12-31 19:34:11.338364+00,https://www.google.com/maps/contrib/104856230237852972319/reviews?hl=en,"Schooling here for 6 years was alright. I had made alot of memories and friends. But one thing i dislike from the school was the staff. There was this time a teacher cursed during her class. And once- i had a classmate who was screamed at by the teacher for not having a Science Wb because it was sold out everywhere. Honestly, i dont think that was her fault that it was sold out. Once, i got called “Useless” and “Horrible” by a teacher for not bringing my HandBook. I felt very uncomfortable and sad. I dont think its fair that my parents paid $500 every month and i get treated miserably. There was alot of bad stuff that teachers did. One of the teachers Threw my classmates book out of the class after she reprimanded her to not read it, but the problem was that my classmate couldn’t speak english. The only thing that’s bringing me to school was the friends there, they were incredible! The food selection there was very limited, especially for muslim students. Most of the food there were not Halal. During recess, After Covid-19 Struck, Where it wasnt serious anymore, we were allowed to play sports like soccer, Basketball etc. But you had to bring your own sports ball even through they had plenty of it. When i was in Primary 3, I saw my friend getting slapped by a teacher for washing his hand at the water refiller, i know washing your hand there is a very silly thing to do, but slapping a child isnt. One of the teachers threw a basketball at a student as a “punishment” during physical education . Overall, the school isn’t really bad. Its the staff who are. This school really made me sad, stressed and other things due to the pressure the teachers gave. But what can i say? maybe it has changed, cause it was in the past. Hopefully they hire better teachers!",6 months ago,2023-07-04 19:34:11.381363+00,Ashlyn Ayhen
743,zhangde,3,ChZDSUhNMG9nS0VJQ0FnSUNsN2FlOFNREAE,5,2023-12-31 19:35:02.752872+00,https://www.google.com/maps/contrib/103046315459197814958/reviews?hl=en,I graduated a 1 week ago and I just got my PSLE result back. I was in Sincerity 1 and the teachers in Zhangde are extremely helpful and extremely good. I would miss zhangde a lot and I would definitely come back if I got a chance. Zhangde Primary School help me a lot I will really miss all my teachers in Zhangde that taught me.  From: Chang En,a month ago,2023-12-01 19:35:02.763873+00,Nicole
744,zhangde,0,ChdDSUhNMG9nS0VJQ0FnSUNsNFliM25nRRAB,5,2023-12-31 19:35:02.752872+00,https://www.google.com/maps/contrib/113985056962181761156/reviews?hl=en,best school!! the teachers are so kind and funny,a month ago,2023-12-01 19:35:02.825171+00,samyang
745,zhangde,0,ChdDSUhNMG9nS0VJQ0FnSUQ1MnNHWXF3RRAB,3,2023-12-31 19:35:02.753873+00,https://www.google.com/maps/contrib/101384551682787593996/reviews?hl=en,Zhangde Primary School is not bad at all. Some Teachers are strict but really interested of teacher us. My form Teacher is okay. Mid-,2 months ago,2023-11-01 19:35:02.884171+00,jerine lim
746,zhangde,0,ChdDSUhNMG9nS0VJQ0FnSUM1djZ1Sl93RRAB,5,2023-12-31 19:35:02.754873+00,https://www.google.com/maps/contrib/100792022539577393014/reviews?hl=en,The teachers are the best one and they let us do activities after PSLE and they always said try their best to teach us the things we don't know in time before the PSLE,2 months ago,2023-11-01 19:35:02.97717+00,Airis Alisha
747,zhangde,0,ChdDSUhNMG9nS0VJQ0FnSURaMUlMRjVBRRAB,1,2023-12-31 19:35:02.754873+00,https://www.google.com/maps/contrib/100153379786157835094/reviews?hl=en,"My form teacher is ok,this is my first primary school,I still it P4",2 months ago,2023-11-01 19:35:02.93117+00,Snow Panda
748,zhenghua,0,ChdDSUhNMG9nS0VJQ0FnSUMxcXJLUjFRRRAB,5,2023-12-31 19:35:28.464292+00,https://www.google.com/maps/contrib/104877838701232027957/reviews?hl=en,I used to study in zhenghua primary school upto primary 4 and I still regret that I left the school,3 days ago,2023-12-28 19:35:28.476293+00,Cabreena
749,zhenghua,0,ChZDSUhNMG9nS0VJQ0FnSUNGcFpPYkxBEAE,5,2023-12-31 19:35:28.465293+00,https://www.google.com/maps/contrib/114804166432149664951/reviews?hl=en,ISTG BEST PRI SCHOOL EVER. GRAD CLASS OF P6CN 2022😍😍😍 😋 …,2 months ago,2023-11-01 19:35:28.52529+00,cheong zercie
750,zhenghua,6,ChdDSUhNMG9nS0VJQ0FnSUM1enRuT2pnRRAB,1,2023-12-31 19:35:28.466291+00,https://www.google.com/maps/contrib/115230164406677759617/reviews?hl=en,"Not sure of the school but 1 particular teacher Mr Sulaiman causing some problems, using harsh words in class affecting my nephew's confidence. Probably need to be re-trained before more potential complains.",2 months ago,2023-11-01 19:35:28.56052+00,Hasan Azhari
751,zhenghua,0,ChdDSUhNMG9nS0VJQ0FnSUNadmM3R25BRRAB,5,2023-12-31 19:35:28.466291+00,https://www.google.com/maps/contrib/113323560992302993577/reviews?hl=en,same I'm a student in this school until primary 4 and the teachers are great!,3 months ago,2023-10-02 19:35:28.626555+00,Rakshan Sivashankar
752,zhenghua,0,ChZDSUhNMG9nS0VJQ0FnSURScE1XN2FBEAE,5,2023-12-31 19:35:28.467292+00,https://www.google.com/maps/contrib/116816402749475755378/reviews?hl=en,Im in this school until today im a P5 student and i am happy to be in thie school i made friends with the whole class!,8 months ago,2023-05-05 19:35:28.662554+00,Tan Poh Heng
753,zhenghua,0,ChdDSUhNMG9nS0VJQ0FnSUNSbmR2RDR3RRAB,5,2023-12-31 19:35:28.467292+00,https://www.google.com/maps/contrib/103826447397444716416/reviews?hl=en,Although I only attended  Zheng Hua for a year i love the school environment,8 months ago,2023-05-05 19:35:28.716555+00,Gwenn Tan
754,zhenghua,0,ChZDSUhNMG9nS0VJQ0FnSURCX2JQdkpBEAE,5,2023-12-31 19:35:28.468291+00,https://www.google.com/maps/contrib/116121215503311061476/reviews?hl=en,Nice,11 months ago,2023-02-04 19:35:28.758557+00,MARINAH BTE MOHDAR
755,zhenghua,149,ChZDSUhNMG9nS0VJQ0FnSUQyb1puSUJnEAE,5,2023-12-31 19:35:28.469292+00,https://www.google.com/maps/contrib/100847334632152370261/reviews?hl=en,Send kid to school. Feel it's a well managed school.thumbs up!,a year ago,2022-12-31 19:35:28.830555+00,kelvin koh
756,zhenghua,0,ChdDSUhNMG9nS0VJQ0FnSURCdU5URGxBRRAB,5,2023-12-31 19:35:28.469292+00,https://www.google.com/maps/contrib/108927317650651766765/reviews?hl=en,ZHENGHUA IS THE BEST ZHPS FAMILY REPRESENT!!! LIN LAO SHI IS THE BEST MDM LIM PUI YEE!!!!!!! LOVE HERRRR!!!!!!!!!!!!! EXCELLENT SCHOOL ENVIRONMENT I IMPROVED SO MUCH GOING TO ZHPS FRIENDLY STAFF NEVER ENCOUNTERED BULLIES AMAZING!!!!,11 months ago,2023-02-04 19:35:28.797554+00,Gsnshin
757,zhonghua,0,ChZDSUhNMG9nS0VJQ0FnSUNsMHBLSk9REAE,1,2023-12-31 19:35:54.555036+00,https://www.google.com/maps/contrib/104677194950157324992/reviews?hl=en,Almak got one XS girl at McDonald's ah cause public nuisance so more point gang sign and self claim apk so more never Angkat paiseh,a month ago,2023-12-01 19:35:54.567034+00,Papaz Kakaz
758,zhonghua,0,ChdDSUhNMG9nS0VJQ0FnSUM1aDdxMjF3RRAB,5,2023-12-31 19:35:54.556034+00,https://www.google.com/maps/contrib/113991026738702081924/reviews?hl=en,Its a nice school 🏫 😌 🙂 …,2 months ago,2023-11-01 19:35:54.61034+00,Nathan Wiranata
759,valour,1,ChdDSUhNMG9nS0VJQ0FnSUNsNC1taW13RRAB,5,2023-12-31 19:36:19.899118+00,https://www.google.com/maps/contrib/118028378768023885696/reviews?hl=en,Home of the Valourians,a month ago,2023-12-01 19:36:19.908117+00,Zakirah Yusni
760,northshore,0,ChZDSUhNMG9nS0VJQ0FnSUMtbjZxS1NnEAE,5,2023-12-31 19:36:45.371031+00,https://www.google.com/maps/contrib/108443491222737055899/reviews?hl=en,"Teachers are fun, engaging, caring and inspiring. The school has a warm family vibe and their focus is on enjoyment of learning. Many leadership opportunities were carefully created for the students. My child truly enjoys learning in this school. The school has an interesting jazzy school bell music for dismissal which brings a smile to the face.",a month ago,2023-12-01 19:36:45.377033+00,Josephine Ong
761,northshore,0,ChZDSUhNMG9nS0VJQ0FnSURab3VpRlpBEAE,5,2023-12-31 19:36:45.371031+00,https://www.google.com/maps/contrib/103433577923326657770/reviews?hl=en,"This primary school is the best! Its pretty, the learning is excellent and the teachers are fun! There are no bully's and everyone gets along well!",3 months ago,2023-10-02 19:36:45.431034+00,wei xing
762,northshore,2,ChZDSUhNMG9nS0VJQ0FnSURwOVAzaGRREAE,5,2023-12-31 19:36:45.372031+00,https://www.google.com/maps/contrib/111002835891029121672/reviews?hl=en,Teachers use fun teaching methods the students are kind and friendly.,4 months ago,2023-09-02 19:36:45.467033+00,Wong Jing Xuan
763,northshore,0,ChdDSUhNMG9nS0VJQ0FnSURKcEtTUHdBRRAB,5,2023-12-31 19:36:45.372031+00,https://www.google.com/maps/contrib/115704378146656387319/reviews?hl=en,Very good school teacher are so nice,5 months ago,2023-08-03 19:36:45.523031+00,Sala 2020